[
    {
        "id": 0,
        "mode": "FFT",
        "subtasks": [
            {
                "id": 0,
                "type": "HARD",
                "executionCost": 2994,
                "memory": 43396
            },
            {
                "id": 1,
                "type": "HARD",
                "executionCost": 1321,
                "memory": 22866
            },
            {
                "id": 2,
                "type": "HARD",
                "executionCost": 3549,
                "memory": 32416
            },
            {
                "id": 3,
                "type": "HARD",
                "executionCost": 1662,
                "memory": 80638
            },
            {
                "id": 4,
                "type": "HARD",
                "executionCost": 3829,
                "memory": 40411
            },
            {
                "id": 5,
                "type": "HARD",
                "executionCost": 4617,
                "memory": 94721
            },
            {
                "id": 6,
                "type": "HARD",
                "executionCost": 4491,
                "memory": 38022
            },
            {
                "id": 7,
                "type": "HARD",
                "executionCost": 3428,
                "memory": 57834
            },
            {
                "id": 8,
                "type": "HARD",
                "executionCost": 2657,
                "memory": 30736
            },
            {
                "id": 9,
                "type": "HARD",
                "executionCost": 2969,
                "memory": 29938
            },
            {
                "id": 10,
                "type": "HARD",
                "executionCost": 3636,
                "memory": 87470
            },
            {
                "id": 11,
                "type": "HARD",
                "executionCost": 4488,
                "memory": 86827
            },
            {
                "id": 12,
                "type": "HARD",
                "executionCost": 1475,
                "memory": 31840
            },
            {
                "id": 13,
                "type": "HARD",
                "executionCost": 2338,
                "memory": 28201
            },
            {
                "id": 14,
                "type": "HARD",
                "executionCost": 2905,
                "memory": 58732
            },
            {
                "id": 15,
                "type": "HARD",
                "executionCost": 1146,
                "memory": 99845
            },
            {
                "id": 16,
                "type": "HARD",
                "executionCost": 4247,
                "memory": 63271
            },
            {
                "id": 17,
                "type": "HARD",
                "executionCost": 2540,
                "memory": 47743
            },
            {
                "id": 18,
                "type": "HARD",
                "executionCost": 4561,
                "memory": 78333
            },
            {
                "id": 19,
                "type": "HARD",
                "executionCost": 3871,
                "memory": 20433
            },
            {
                "id": 20,
                "type": "HARD",
                "executionCost": 1982,
                "memory": 39563
            },
            {
                "id": 21,
                "type": "HARD",
                "executionCost": 4791,
                "memory": 22790
            },
            {
                "id": 22,
                "type": "HARD",
                "executionCost": 2876,
                "memory": 77559
            },
            {
                "id": 23,
                "type": "HARD",
                "executionCost": 4790,
                "memory": 53628
            },
            {
                "id": 24,
                "type": "HARD",
                "executionCost": 4610,
                "memory": 49611
            },
            {
                "id": 25,
                "type": "HARD",
                "executionCost": 2434,
                "memory": 75614
            },
            {
                "id": 26,
                "type": "HARD",
                "executionCost": 3784,
                "memory": 53531
            },
            {
                "id": 27,
                "type": "HARD",
                "executionCost": 2134,
                "memory": 54402
            },
            {
                "id": 28,
                "type": "HARD",
                "executionCost": 4824,
                "memory": 29125
            },
            {
                "id": 29,
                "type": "HARD",
                "executionCost": 1114,
                "memory": 59193
            },
            {
                "id": 30,
                "type": "HARD",
                "executionCost": 3603,
                "memory": 34840
            },
            {
                "id": 31,
                "type": "HARD",
                "executionCost": 4953,
                "memory": 83473
            },
            {
                "id": 32,
                "type": "HARD",
                "executionCost": 4476,
                "memory": 59927
            },
            {
                "id": 33,
                "type": "HARD",
                "executionCost": 2306,
                "memory": 52778
            },
            {
                "id": 34,
                "type": "HARD",
                "executionCost": 2461,
                "memory": 45033
            },
            {
                "id": 35,
                "type": "HARD",
                "executionCost": 1191,
                "memory": 81390
            },
            {
                "id": 36,
                "type": "HARD",
                "executionCost": 3748,
                "memory": 61501
            },
            {
                "id": 37,
                "type": "HARD",
                "executionCost": 3922,
                "memory": 49139
            },
            {
                "id": 38,
                "type": "HARD",
                "executionCost": 4272,
                "memory": 38475
            },
            {
                "id": 39,
                "type": "HARD",
                "executionCost": 1606,
                "memory": 41694
            }
        ],
        "edges": [
            [
                0,
                1,
                16
            ],
            [
                0,
                2,
                6
            ],
            [
                1,
                3,
                14
            ],
            [
                1,
                4,
                8
            ],
            [
                2,
                5,
                16
            ],
            [
                2,
                6,
                4
            ],
            [
                3,
                7,
                14
            ],
            [
                3,
                8,
                3
            ],
            [
                4,
                9,
                9
            ],
            [
                4,
                10,
                14
            ],
            [
                5,
                11,
                8
            ],
            [
                5,
                12,
                12
            ],
            [
                6,
                13,
                14
            ],
            [
                6,
                14,
                18
            ],
            [
                7,
                15,
                5
            ],
            [
                7,
                16,
                16
            ],
            [
                8,
                17,
                6
            ],
            [
                8,
                18,
                2
            ],
            [
                9,
                19,
                16
            ],
            [
                9,
                20,
                7
            ],
            [
                10,
                21,
                19
            ],
            [
                10,
                22,
                5
            ],
            [
                11,
                23,
                17
            ],
            [
                11,
                24,
                2
            ],
            [
                12,
                25,
                13
            ],
            [
                12,
                26,
                15
            ],
            [
                13,
                27,
                10
            ],
            [
                13,
                28,
                3
            ],
            [
                14,
                29,
                18
            ],
            [
                14,
                30,
                3
            ],
            [
                15,
                31,
                16
            ],
            [
                16,
                31,
                14
            ],
            [
                16,
                32,
                14
            ],
            [
                15,
                32,
                4
            ],
            [
                17,
                33,
                18
            ],
            [
                18,
                33,
                7
            ],
            [
                18,
                34,
                5
            ],
            [
                17,
                34,
                6
            ],
            [
                19,
                35,
                10
            ],
            [
                20,
                35,
                18
            ],
            [
                20,
                36,
                4
            ],
            [
                19,
                36,
                13
            ],
            [
                21,
                37,
                18
            ],
            [
                22,
                37,
                2
            ],
            [
                22,
                38,
                16
            ],
            [
                21,
                38,
                14
            ],
            [
                23,
                39,
                17
            ],
            [
                24,
                39,
                19
            ]
        ],
        "deadline": 162764,
        "arrivalTime": 91241
    },
    {
        "id": 1,
        "mode": "FullyTopology",
        "subtasks": [
            {
                "id": 0,
                "type": "FIRM",
                "executionCost": 0,
                "memory": 0
            },
            {
                "id": 1,
                "type": "FIRM",
                "executionCost": 4203,
                "memory": 84861
            },
            {
                "id": 2,
                "type": "FIRM",
                "executionCost": 4083,
                "memory": 41356
            },
            {
                "id": 3,
                "type": "FIRM",
                "executionCost": 1417,
                "memory": 43805
            },
            {
                "id": 4,
                "type": "FIRM",
                "executionCost": 3530,
                "memory": 60563
            },
            {
                "id": 5,
                "type": "FIRM",
                "executionCost": 2673,
                "memory": 75472
            },
            {
                "id": 6,
                "type": "FIRM",
                "executionCost": 1976,
                "memory": 80342
            },
            {
                "id": 7,
                "type": "FIRM",
                "executionCost": 2324,
                "memory": 38699
            },
            {
                "id": 8,
                "type": "FIRM",
                "executionCost": 3520,
                "memory": 64603
            },
            {
                "id": 9,
                "type": "FIRM",
                "executionCost": 1968,
                "memory": 93809
            },
            {
                "id": 10,
                "type": "FIRM",
                "executionCost": 1629,
                "memory": 58123
            },
            {
                "id": 11,
                "type": "FIRM",
                "executionCost": 4533,
                "memory": 54866
            },
            {
                "id": 12,
                "type": "FIRM",
                "executionCost": 4058,
                "memory": 53707
            },
            {
                "id": 13,
                "type": "FIRM",
                "executionCost": 2241,
                "memory": 48746
            },
            {
                "id": 14,
                "type": "FIRM",
                "executionCost": 1866,
                "memory": 57684
            },
            {
                "id": 15,
                "type": "FIRM",
                "executionCost": 4363,
                "memory": 41431
            },
            {
                "id": 16,
                "type": "FIRM",
                "executionCost": 1851,
                "memory": 93162
            },
            {
                "id": 17,
                "type": "FIRM",
                "executionCost": 4717,
                "memory": 62665
            },
            {
                "id": 18,
                "type": "FIRM",
                "executionCost": 4371,
                "memory": 50120
            },
            {
                "id": 19,
                "type": "FIRM",
                "executionCost": 4456,
                "memory": 82510
            },
            {
                "id": 20,
                "type": "FIRM",
                "executionCost": 3642,
                "memory": 57711
            },
            {
                "id": 21,
                "type": "FIRM",
                "executionCost": 2022,
                "memory": 54194
            },
            {
                "id": 22,
                "type": "FIRM",
                "executionCost": 2474,
                "memory": 52471
            },
            {
                "id": 23,
                "type": "FIRM",
                "executionCost": 2442,
                "memory": 40720
            },
            {
                "id": 24,
                "type": "FIRM",
                "executionCost": 1520,
                "memory": 29341
            },
            {
                "id": 25,
                "type": "FIRM",
                "executionCost": 1210,
                "memory": 22777
            },
            {
                "id": 26,
                "type": "FIRM",
                "executionCost": 4874,
                "memory": 53933
            },
            {
                "id": 27,
                "type": "FIRM",
                "executionCost": 4267,
                "memory": 67903
            },
            {
                "id": 28,
                "type": "FIRM",
                "executionCost": 3527,
                "memory": 58905
            },
            {
                "id": 29,
                "type": "FIRM",
                "executionCost": 3093,
                "memory": 31777
            },
            {
                "id": 30,
                "type": "FIRM",
                "executionCost": 3155,
                "memory": 80301
            },
            {
                "id": 31,
                "type": "FIRM",
                "executionCost": 2315,
                "memory": 73554
            },
            {
                "id": 32,
                "type": "FIRM",
                "executionCost": 4107,
                "memory": 91403
            },
            {
                "id": 33,
                "type": "FIRM",
                "executionCost": 4453,
                "memory": 71810
            },
            {
                "id": 34,
                "type": "FIRM",
                "executionCost": 3820,
                "memory": 99787
            },
            {
                "id": 35,
                "type": "FIRM",
                "executionCost": 3585,
                "memory": 25650
            },
            {
                "id": 36,
                "type": "FIRM",
                "executionCost": 2245,
                "memory": 82800
            },
            {
                "id": 37,
                "type": "FIRM",
                "executionCost": 3924,
                "memory": 61258
            },
            {
                "id": 38,
                "type": "FIRM",
                "executionCost": 1539,
                "memory": 81460
            },
            {
                "id": 39,
                "type": "FIRM",
                "executionCost": 2898,
                "memory": 72566
            },
            {
                "id": 40,
                "type": "FIRM",
                "executionCost": 4403,
                "memory": 51656
            }
        ],
        "edges": [
            [
                0,
                11,
                0
            ],
            [
                0,
                10,
                0
            ],
            [
                0,
                9,
                0
            ],
            [
                0,
                8,
                0
            ],
            [
                0,
                7,
                0
            ],
            [
                0,
                6,
                0
            ],
            [
                0,
                5,
                0
            ],
            [
                0,
                4,
                0
            ],
            [
                0,
                3,
                0
            ],
            [
                0,
                2,
                0
            ],
            [
                0,
                1,
                0
            ],
            [
                1,
                13,
                6
            ],
            [
                9,
                12,
                13
            ],
            [
                12,
                14,
                2
            ],
            [
                12,
                15,
                9
            ],
            [
                12,
                16,
                3
            ],
            [
                12,
                17,
                2
            ],
            [
                13,
                14,
                16
            ],
            [
                13,
                15,
                5
            ],
            [
                13,
                16,
                3
            ],
            [
                13,
                17,
                8
            ],
            [
                14,
                18,
                15
            ],
            [
                14,
                19,
                10
            ],
            [
                14,
                20,
                19
            ],
            [
                14,
                21,
                15
            ],
            [
                14,
                23,
                17
            ],
            [
                15,
                18,
                8
            ],
            [
                15,
                19,
                10
            ],
            [
                15,
                20,
                6
            ],
            [
                16,
                19,
                9
            ],
            [
                16,
                21,
                15
            ],
            [
                16,
                22,
                10
            ],
            [
                17,
                20,
                13
            ],
            [
                17,
                22,
                1
            ],
            [
                17,
                23,
                4
            ],
            [
                18,
                24,
                4
            ],
            [
                18,
                25,
                5
            ],
            [
                19,
                26,
                10
            ],
            [
                20,
                24,
                15
            ],
            [
                20,
                25,
                8
            ],
            [
                21,
                24,
                1
            ],
            [
                22,
                25,
                13
            ],
            [
                23,
                26,
                17
            ],
            [
                24,
                27,
                14
            ],
            [
                24,
                28,
                12
            ],
            [
                24,
                34,
                19
            ],
            [
                25,
                30,
                6
            ],
            [
                25,
                31,
                11
            ],
            [
                25,
                32,
                7
            ],
            [
                26,
                29,
                9
            ],
            [
                26,
                33,
                10
            ],
            [
                27,
                38,
                3
            ],
            [
                28,
                39,
                13
            ],
            [
                30,
                35,
                6
            ],
            [
                32,
                36,
                18
            ],
            [
                32,
                37,
                8
            ],
            [
                33,
                40,
                17
            ]
        ],
        "deadline": 161689,
        "arrivalTime": 115813
    },
    {
        "id": 2,
        "mode": "GE",
        "subtasks": [
            {
                "id": 0,
                "type": "FIRM",
                "executionCost": 2242,
                "memory": 26566
            },
            {
                "id": 1,
                "type": "FIRM",
                "executionCost": 4637,
                "memory": 99294
            },
            {
                "id": 2,
                "type": "FIRM",
                "executionCost": 4701,
                "memory": 21811
            },
            {
                "id": 3,
                "type": "FIRM",
                "executionCost": 2053,
                "memory": 94016
            },
            {
                "id": 4,
                "type": "FIRM",
                "executionCost": 4363,
                "memory": 20877
            },
            {
                "id": 5,
                "type": "FIRM",
                "executionCost": 1436,
                "memory": 49324
            },
            {
                "id": 6,
                "type": "FIRM",
                "executionCost": 2677,
                "memory": 40060
            },
            {
                "id": 7,
                "type": "FIRM",
                "executionCost": 3045,
                "memory": 26381
            },
            {
                "id": 8,
                "type": "FIRM",
                "executionCost": 3067,
                "memory": 25434
            },
            {
                "id": 9,
                "type": "FIRM",
                "executionCost": 1375,
                "memory": 70530
            },
            {
                "id": 10,
                "type": "FIRM",
                "executionCost": 3391,
                "memory": 74805
            },
            {
                "id": 11,
                "type": "FIRM",
                "executionCost": 3556,
                "memory": 24206
            },
            {
                "id": 12,
                "type": "FIRM",
                "executionCost": 4900,
                "memory": 80984
            },
            {
                "id": 13,
                "type": "FIRM",
                "executionCost": 3264,
                "memory": 78476
            },
            {
                "id": 14,
                "type": "FIRM",
                "executionCost": 1595,
                "memory": 97978
            },
            {
                "id": 15,
                "type": "FIRM",
                "executionCost": 3425,
                "memory": 88067
            },
            {
                "id": 16,
                "type": "FIRM",
                "executionCost": 4008,
                "memory": 86440
            },
            {
                "id": 17,
                "type": "FIRM",
                "executionCost": 3371,
                "memory": 76164
            },
            {
                "id": 18,
                "type": "FIRM",
                "executionCost": 1828,
                "memory": 37378
            },
            {
                "id": 19,
                "type": "FIRM",
                "executionCost": 2231,
                "memory": 25202
            },
            {
                "id": 20,
                "type": "FIRM",
                "executionCost": 4065,
                "memory": 98756
            },
            {
                "id": 21,
                "type": "FIRM",
                "executionCost": 1793,
                "memory": 48393
            },
            {
                "id": 22,
                "type": "FIRM",
                "executionCost": 4095,
                "memory": 83403
            },
            {
                "id": 23,
                "type": "FIRM",
                "executionCost": 1780,
                "memory": 69493
            },
            {
                "id": 24,
                "type": "FIRM",
                "executionCost": 1719,
                "memory": 67229
            },
            {
                "id": 25,
                "type": "FIRM",
                "executionCost": 4080,
                "memory": 80086
            },
            {
                "id": 26,
                "type": "FIRM",
                "executionCost": 1503,
                "memory": 71269
            },
            {
                "id": 27,
                "type": "FIRM",
                "executionCost": 3734,
                "memory": 78291
            },
            {
                "id": 28,
                "type": "FIRM",
                "executionCost": 3583,
                "memory": 77453
            },
            {
                "id": 29,
                "type": "FIRM",
                "executionCost": 2656,
                "memory": 86275
            },
            {
                "id": 30,
                "type": "FIRM",
                "executionCost": 2511,
                "memory": 70589
            },
            {
                "id": 31,
                "type": "FIRM",
                "executionCost": 4660,
                "memory": 21498
            },
            {
                "id": 32,
                "type": "FIRM",
                "executionCost": 1503,
                "memory": 75231
            },
            {
                "id": 33,
                "type": "FIRM",
                "executionCost": 2253,
                "memory": 93126
            },
            {
                "id": 34,
                "type": "FIRM",
                "executionCost": 4628,
                "memory": 66299
            },
            {
                "id": 35,
                "type": "FIRM",
                "executionCost": 4189,
                "memory": 81634
            },
            {
                "id": 36,
                "type": "FIRM",
                "executionCost": 3678,
                "memory": 69362
            },
            {
                "id": 37,
                "type": "FIRM",
                "executionCost": 1263,
                "memory": 83071
            },
            {
                "id": 38,
                "type": "FIRM",
                "executionCost": 2123,
                "memory": 31592
            },
            {
                "id": 39,
                "type": "FIRM",
                "executionCost": 4707,
                "memory": 48006
            }
        ],
        "edges": [
            [
                0,
                1,
                10
            ],
            [
                1,
                9,
                14
            ],
            [
                0,
                2,
                9
            ],
            [
                2,
                10,
                17
            ],
            [
                0,
                3,
                15
            ],
            [
                3,
                11,
                5
            ],
            [
                0,
                4,
                16
            ],
            [
                4,
                12,
                16
            ],
            [
                0,
                5,
                19
            ],
            [
                5,
                13,
                15
            ],
            [
                0,
                6,
                1
            ],
            [
                6,
                14,
                6
            ],
            [
                0,
                7,
                17
            ],
            [
                7,
                15,
                15
            ],
            [
                0,
                8,
                2
            ],
            [
                8,
                16,
                6
            ],
            [
                9,
                10,
                11
            ],
            [
                10,
                17,
                13
            ],
            [
                9,
                11,
                9
            ],
            [
                11,
                18,
                15
            ],
            [
                9,
                12,
                4
            ],
            [
                12,
                19,
                15
            ],
            [
                9,
                13,
                18
            ],
            [
                13,
                20,
                2
            ],
            [
                9,
                14,
                16
            ],
            [
                14,
                21,
                11
            ],
            [
                9,
                15,
                13
            ],
            [
                15,
                22,
                3
            ],
            [
                9,
                16,
                17
            ],
            [
                16,
                23,
                9
            ],
            [
                17,
                18,
                12
            ],
            [
                18,
                24,
                10
            ],
            [
                17,
                19,
                18
            ],
            [
                19,
                25,
                17
            ],
            [
                17,
                20,
                10
            ],
            [
                20,
                26,
                5
            ],
            [
                17,
                21,
                15
            ],
            [
                21,
                27,
                3
            ],
            [
                17,
                22,
                10
            ],
            [
                22,
                28,
                7
            ],
            [
                17,
                23,
                14
            ],
            [
                23,
                29,
                17
            ],
            [
                24,
                25,
                19
            ],
            [
                25,
                30,
                12
            ],
            [
                24,
                26,
                11
            ],
            [
                26,
                31,
                6
            ],
            [
                24,
                27,
                19
            ],
            [
                27,
                32,
                7
            ],
            [
                24,
                28,
                15
            ],
            [
                28,
                33,
                8
            ],
            [
                24,
                29,
                6
            ],
            [
                29,
                34,
                11
            ],
            [
                30,
                31,
                5
            ],
            [
                31,
                35,
                14
            ],
            [
                30,
                32,
                1
            ],
            [
                32,
                36,
                2
            ],
            [
                30,
                33,
                3
            ],
            [
                33,
                37,
                6
            ],
            [
                30,
                34,
                15
            ],
            [
                34,
                38,
                10
            ],
            [
                35,
                36,
                14
            ],
            [
                36,
                39,
                10
            ],
            [
                35,
                37,
                12
            ],
            [
                35,
                38,
                12
            ]
        ],
        "deadline": 170446,
        "arrivalTime": 32571
    },
    {
        "id": 3,
        "mode": "FullyTopology",
        "subtasks": [
            {
                "id": 0,
                "type": "SOFT",
                "executionCost": 0,
                "memory": 0
            },
            {
                "id": 1,
                "type": "SOFT",
                "executionCost": 1361,
                "memory": 56931
            },
            {
                "id": 2,
                "type": "SOFT",
                "executionCost": 3764,
                "memory": 37386
            },
            {
                "id": 3,
                "type": "SOFT",
                "executionCost": 4224,
                "memory": 38805
            },
            {
                "id": 4,
                "type": "SOFT",
                "executionCost": 2404,
                "memory": 30991
            },
            {
                "id": 5,
                "type": "SOFT",
                "executionCost": 1455,
                "memory": 58712
            },
            {
                "id": 6,
                "type": "SOFT",
                "executionCost": 4871,
                "memory": 44970
            },
            {
                "id": 7,
                "type": "SOFT",
                "executionCost": 1150,
                "memory": 35820
            },
            {
                "id": 8,
                "type": "SOFT",
                "executionCost": 4857,
                "memory": 99404
            },
            {
                "id": 9,
                "type": "SOFT",
                "executionCost": 3316,
                "memory": 43060
            },
            {
                "id": 10,
                "type": "SOFT",
                "executionCost": 3708,
                "memory": 69601
            },
            {
                "id": 11,
                "type": "SOFT",
                "executionCost": 3493,
                "memory": 47068
            },
            {
                "id": 12,
                "type": "SOFT",
                "executionCost": 2639,
                "memory": 33951
            },
            {
                "id": 13,
                "type": "SOFT",
                "executionCost": 1824,
                "memory": 54665
            },
            {
                "id": 14,
                "type": "SOFT",
                "executionCost": 3981,
                "memory": 83238
            },
            {
                "id": 15,
                "type": "SOFT",
                "executionCost": 2797,
                "memory": 56786
            },
            {
                "id": 16,
                "type": "SOFT",
                "executionCost": 4017,
                "memory": 31782
            },
            {
                "id": 17,
                "type": "SOFT",
                "executionCost": 1545,
                "memory": 48943
            },
            {
                "id": 18,
                "type": "SOFT",
                "executionCost": 2892,
                "memory": 78693
            },
            {
                "id": 19,
                "type": "SOFT",
                "executionCost": 4605,
                "memory": 27156
            },
            {
                "id": 20,
                "type": "SOFT",
                "executionCost": 3878,
                "memory": 32687
            },
            {
                "id": 21,
                "type": "SOFT",
                "executionCost": 2911,
                "memory": 26198
            },
            {
                "id": 22,
                "type": "SOFT",
                "executionCost": 4326,
                "memory": 46820
            },
            {
                "id": 23,
                "type": "SOFT",
                "executionCost": 4238,
                "memory": 22798
            },
            {
                "id": 24,
                "type": "SOFT",
                "executionCost": 1235,
                "memory": 71823
            },
            {
                "id": 25,
                "type": "SOFT",
                "executionCost": 2394,
                "memory": 25635
            },
            {
                "id": 26,
                "type": "SOFT",
                "executionCost": 4116,
                "memory": 47234
            },
            {
                "id": 27,
                "type": "SOFT",
                "executionCost": 4623,
                "memory": 93270
            },
            {
                "id": 28,
                "type": "SOFT",
                "executionCost": 1515,
                "memory": 93169
            },
            {
                "id": 29,
                "type": "SOFT",
                "executionCost": 1349,
                "memory": 54780
            },
            {
                "id": 30,
                "type": "SOFT",
                "executionCost": 3320,
                "memory": 22198
            },
            {
                "id": 31,
                "type": "SOFT",
                "executionCost": 2624,
                "memory": 68560
            },
            {
                "id": 32,
                "type": "SOFT",
                "executionCost": 1582,
                "memory": 50947
            },
            {
                "id": 33,
                "type": "SOFT",
                "executionCost": 3553,
                "memory": 81932
            },
            {
                "id": 34,
                "type": "SOFT",
                "executionCost": 4017,
                "memory": 30202
            },
            {
                "id": 35,
                "type": "SOFT",
                "executionCost": 2379,
                "memory": 57005
            },
            {
                "id": 36,
                "type": "SOFT",
                "executionCost": 2302,
                "memory": 25479
            },
            {
                "id": 37,
                "type": "SOFT",
                "executionCost": 1740,
                "memory": 26576
            },
            {
                "id": 38,
                "type": "SOFT",
                "executionCost": 2231,
                "memory": 96496
            },
            {
                "id": 39,
                "type": "SOFT",
                "executionCost": 4500,
                "memory": 96120
            },
            {
                "id": 40,
                "type": "SOFT",
                "executionCost": 2161,
                "memory": 62685
            }
        ],
        "edges": [
            [
                0,
                11,
                0
            ],
            [
                0,
                10,
                0
            ],
            [
                0,
                9,
                0
            ],
            [
                0,
                8,
                0
            ],
            [
                0,
                7,
                0
            ],
            [
                0,
                6,
                0
            ],
            [
                0,
                5,
                0
            ],
            [
                0,
                4,
                0
            ],
            [
                0,
                3,
                0
            ],
            [
                0,
                2,
                0
            ],
            [
                0,
                1,
                0
            ],
            [
                1,
                13,
                12
            ],
            [
                9,
                12,
                11
            ],
            [
                12,
                14,
                10
            ],
            [
                12,
                15,
                13
            ],
            [
                12,
                16,
                10
            ],
            [
                12,
                17,
                13
            ],
            [
                13,
                14,
                17
            ],
            [
                13,
                15,
                7
            ],
            [
                13,
                16,
                16
            ],
            [
                13,
                17,
                8
            ],
            [
                14,
                18,
                18
            ],
            [
                14,
                19,
                7
            ],
            [
                14,
                20,
                16
            ],
            [
                14,
                21,
                17
            ],
            [
                14,
                23,
                18
            ],
            [
                15,
                18,
                6
            ],
            [
                15,
                19,
                2
            ],
            [
                15,
                20,
                12
            ],
            [
                16,
                19,
                19
            ],
            [
                16,
                21,
                12
            ],
            [
                16,
                22,
                18
            ],
            [
                17,
                20,
                13
            ],
            [
                17,
                22,
                10
            ],
            [
                17,
                23,
                11
            ],
            [
                18,
                24,
                16
            ],
            [
                18,
                25,
                9
            ],
            [
                19,
                26,
                10
            ],
            [
                20,
                24,
                15
            ],
            [
                20,
                25,
                13
            ],
            [
                21,
                24,
                5
            ],
            [
                22,
                25,
                10
            ],
            [
                23,
                26,
                1
            ],
            [
                24,
                27,
                9
            ],
            [
                24,
                28,
                4
            ],
            [
                24,
                34,
                3
            ],
            [
                25,
                30,
                17
            ],
            [
                25,
                31,
                11
            ],
            [
                25,
                32,
                7
            ],
            [
                26,
                29,
                5
            ],
            [
                26,
                33,
                3
            ],
            [
                27,
                38,
                7
            ],
            [
                28,
                39,
                18
            ],
            [
                30,
                35,
                5
            ],
            [
                32,
                36,
                12
            ],
            [
                32,
                37,
                13
            ],
            [
                33,
                40,
                11
            ]
        ],
        "deadline": 198303,
        "arrivalTime": 57162
    }
]