[{"frequency": 2.0, "activePower": 563.0, "idlePower": 120.0, "memory": 33554432, "allocations": [{"index": 4, "startTime": 58025, "endTime": 69818, "taskId": 8, "workflowId": -1, "jobId": 0}, {"index": 36, "startTime": 159495, "endTime": 169359, "taskId": 14, "workflowId": -1, "jobId": 3}, {"index": 37, "startTime": 173779, "endTime": 174958, "taskId": 26, "workflowId": 3, "jobId": -1}, {"index": 38, "startTime": 180043, "endTime": 187035, "taskId": 12, "workflowId": -1, "jobId": 2}, {"index": 58, "startTime": 238175, "endTime": 248039, "taskId": 14, "workflowId": -1, "jobId": 6}, {"index": 61, "startTime": 259110, "endTime": 268974, "taskId": 14, "workflowId": -1, "jobId": 7}, {"index": 64, "startTime": 281882, "endTime": 291746, "taskId": 14, "workflowId": -1, "jobId": 7}, {"index": 77, "startTime": 375571, "endTime": 385380, "taskId": 13, "workflowId": -1, "jobId": 6}, {"index": 97, "startTime": 461697, "endTime": 471561, "taskId": 14, "workflowId": -1, "jobId": 13}, {"index": 98, "startTime": 471561, "endTime": 481425, "taskId": 14, "workflowId": -1, "jobId": 14}]}, {"frequency": 2.0, "activePower": 563.0, "idlePower": 120.0, "memory": 33554432, "allocations": [{"index": 7, "startTime": 75209, "endTime": 76372, "taskId": 2, "workflowId": 3, "jobId": -1}, {"index": 16, "startTime": 93923, "endTime": 96193, "taskId": 1, "workflowId": 3, "jobId": -1}, {"index": 95, "startTime": 432340, "endTime": 442204, "taskId": 14, "workflowId": -1, "jobId": 13}]}, {"frequency": 2.0, "activePower": 563.0, "idlePower": 120.0, "memory": 33554432, "allocations": [{"index": 6, "startTime": 75146, "endTime": 76309, "taskId": 2, "workflowId": 3, "jobId": -1}]}, {"frequency": 2.0, "activePower": 563.0, "idlePower": 120.0, "memory": 33554432, "allocations": [{"index": 13, "startTime": 80500, "endTime": 90309, "taskId": 13, "workflowId": -1, "jobId": 0}]}, {"frequency": 2.0, "activePower": 563.0, "idlePower": 120.0, "memory": 33554432, "allocations": [{"index": 93, "startTime": 430100, "endTime": 437092, "taskId": 12, "workflowId": -1, "jobId": 7}]}, {"frequency": 2.0, "activePower": 563.0, "idlePower": 120.0, "memory": 33554432, "allocations": [{"index": 2, "startTime": 42145, "endTime": 52009, "taskId": 14, "workflowId": -1, "jobId": 0}, {"index": 12, "startTime": 80285, "endTime": 90094, "taskId": 13, "workflowId": -1, "jobId": 0}, {"index": 68, "startTime": 305697, "endTime": 315561, "taskId": 14, "workflowId": -1, "jobId": 9}, {"index": 71, "startTime": 319272, "endTime": 326264, "taskId": 12, "workflowId": -1, "jobId": 5}]}, {"frequency": 2.0, "activePower": 563.0, "idlePower": 120.0, "memory": 33554432, "allocations": [{"index": 5, "startTime": 62446, "endTime": 72310, "taskId": 14, "workflowId": -1, "jobId": 0}, {"index": 22, "startTime": 97268, "endTime": 104260, "taskId": 12, "workflowId": -1, "jobId": 0}, {"index": 26, "startTime": 104260, "endTime": 114069, "taskId": 13, "workflowId": -1, "jobId": 0}, {"index": 60, "startTime": 250250, "endTime": 258597, "taskId": 4, "workflowId": -1, "jobId": 4}]}, {"frequency": 2.0, "activePower": 563.0, "idlePower": 120.0, "memory": 33554432, "allocations": [{"index": 47, "startTime": 195373, "endTime": 202365, "taskId": 12, "workflowId": -1, "jobId": 2}, {"index": 48, "startTime": 208274, "endTime": 219369, "taskId": 7, "workflowId": -1, "jobId": 5}, {"index": 92, "startTime": 429117, "endTime": 438926, "taskId": 13, "workflowId": -1, "jobId": 7}]}, {"frequency": 2.0, "activePower": 563.0, "idlePower": 120.0, "memory": 33554432, "allocations": [{"index": 53, "startTime": 208405, "endTime": 219500, "taskId": 7, "workflowId": -1, "jobId": 5}, {"index": 76, "startTime": 349887, "endTime": 361680, "taskId": 8, "workflowId": -1, "jobId": 11}]}, {"frequency": 2.0, "activePower": 563.0, "idlePower": 120.0, "memory": 33554432, "allocations": [{"index": 11, "startTime": 80268, "endTime": 90884, "taskId": 11, "workflowId": -1, "jobId": 0}, {"index": 50, "startTime": 208352, "endTime": 219447, "taskId": 7, "workflowId": -1, "jobId": 5}, {"index": 54, "startTime": 219447, "endTime": 230542, "taskId": 7, "workflowId": -1, "jobId": 5}]}, {"frequency": 2.0, "activePower": 563.0, "idlePower": 120.0, "memory": 33554432, "allocations": [{"index": 14, "startTime": 84167, "endTime": 86437, "taskId": 1, "workflowId": 3, "jobId": -1}, {"index": 21, "startTime": 96194, "endTime": 106058, "taskId": 14, "workflowId": -1, "jobId": 0}, {"index": 41, "startTime": 186815, "endTime": 188311, "taskId": 27, "workflowId": 3, "jobId": -1}]}, {"frequency": 2.0, "activePower": 563.0, "idlePower": 120.0, "memory": 33554432, "allocations": [{"index": 35, "startTime": 139184, "endTime": 148993, "taskId": 13, "workflowId": -1, "jobId": 1}, {"index": 49, "startTime": 208352, "endTime": 219447, "taskId": 7, "workflowId": -1, "jobId": 5}, {"index": 73, "startTime": 341674, "endTime": 351538, "taskId": 14, "workflowId": -1, "jobId": 9}]}, {"frequency": 2.0, "activePower": 563.0, "idlePower": 120.0, "memory": 33554432, "allocations": [{"index": 24, "startTime": 102362, "endTime": 112226, "taskId": 14, "workflowId": -1, "jobId": 1}, {"index": 30, "startTime": 120655, "endTime": 129002, "taskId": 4, "workflowId": -1, "jobId": 1}, {"index": 65, "startTime": 288587, "endTime": 297255, "taskId": 5, "workflowId": -1, "jobId": 8}, {"index": 67, "startTime": 298463, "endTime": 306810, "taskId": 4, "workflowId": -1, "jobId": 5}, {"index": 86, "startTime": 413363, "endTime": 420355, "taskId": 12, "workflowId": -1, "jobId": 7}]}, {"frequency": 2.0, "activePower": 563.0, "idlePower": 120.0, "memory": 33554432, "allocations": [{"index": 27, "startTime": 102599, "endTime": 113215, "taskId": 11, "workflowId": -1, "jobId": 0}, {"index": 46, "startTime": 195031, "endTime": 197037, "taskId": 30, "workflowId": 3, "jobId": -1}, {"index": 83, "startTime": 407989, "endTime": 417853, "taskId": 14, "workflowId": -1, "jobId": 12}, {"index": 85, "startTime": 417853, "endTime": 427662, "taskId": 13, "workflowId": -1, "jobId": 7}, {"index": 89, "startTime": 427662, "endTime": 437471, "taskId": 13, "workflowId": -1, "jobId": 7}, {"index": 90, "startTime": 437471, "endTime": 447335, "taskId": 14, "workflowId": -1, "jobId": 13}, {"index": 91, "startTime": 447335, "endTime": 454477, "taskId": 15, "workflowId": -1, "jobId": 4}]}, {"frequency": 2.0, "activePower": 563.0, "idlePower": 120.0, "memory": 33554432, "allocations": [{"index": 15, "startTime": 93920, "endTime": 105713, "taskId": 8, "workflowId": -1, "jobId": 1}, {"index": 52, "startTime": 208402, "endTime": 219497, "taskId": 7, "workflowId": -1, "jobId": 5}, {"index": 96, "startTime": 433227, "endTime": 440219, "taskId": 12, "workflowId": -1, "jobId": 7}]}, {"frequency": 2.0, "activePower": 563.0, "idlePower": 120.0, "memory": 33554432, "allocations": [{"index": 23, "startTime": 97518, "endTime": 104510, "taskId": 12, "workflowId": -1, "jobId": 0}, {"index": 29, "startTime": 120514, "endTime": 121905, "taskId": 10, "workflowId": 3, "jobId": -1}, {"index": 34, "startTime": 139137, "endTime": 149001, "taskId": 14, "workflowId": -1, "jobId": 3}, {"index": 43, "startTime": 194609, "endTime": 204473, "taskId": 14, "workflowId": -1, "jobId": 5}, {"index": 57, "startTime": 221550, "endTime": 231359, "taskId": 13, "workflowId": -1, "jobId": 3}, {"index": 69, "startTime": 312995, "endTime": 319987, "taskId": 12, "workflowId": -1, "jobId": 5}, {"index": 70, "startTime": 319987, "endTime": 329851, "taskId": 14, "workflowId": -1, "jobId": 9}, {"index": 74, "startTime": 347064, "endTime": 356928, "taskId": 14, "workflowId": -1, "jobId": 10}, {"index": 80, "startTime": 393715, "endTime": 403579, "taskId": 14, "workflowId": -1, "jobId": 12}]}, {"frequency": 2.0, "activePower": 563.0, "idlePower": 120.0, "memory": 33554432, "allocations": [{"index": 39, "startTime": 183144, "endTime": 193008, "taskId": 14, "workflowId": -1, "jobId": 4}, {"index": 72, "startTime": 319319, "endTime": 326311, "taskId": 12, "workflowId": -1, "jobId": 5}]}, {"frequency": 2.0, "activePower": 563.0, "idlePower": 120.0, "memory": 33554432, "allocations": [{"index": 8, "startTime": 75256, "endTime": 82248, "taskId": 12, "workflowId": -1, "jobId": 0}]}, {"frequency": 2.0, "activePower": 563.0, "idlePower": 120.0, "memory": 33554432, "allocations": [{"index": 18, "startTime": 93929, "endTime": 96210, "taskId": 4, "workflowId": 3, "jobId": -1}, {"index": 33, "startTime": 131542, "endTime": 141406, "taskId": 14, "workflowId": -1, "jobId": 2}, {"index": 51, "startTime": 208399, "endTime": 219494, "taskId": 7, "workflowId": -1, "jobId": 5}, {"index": 62, "startTime": 259312, "endTime": 266454, "taskId": 15, "workflowId": -1, "jobId": 2}]}, {"frequency": 2.0, "activePower": 563.0, "idlePower": 120.0, "memory": 33554432, "allocations": [{"index": 75, "startTime": 349810, "endTime": 361603, "taskId": 8, "workflowId": -1, "jobId": 11}]}, {"frequency": 2.0, "activePower": 563.0, "idlePower": 120.0, "memory": 33554432, "allocations": [{"index": 3, "startTime": 42175, "endTime": 53968, "taskId": 8, "workflowId": -1, "jobId": 0}, {"index": 10, "startTime": 78229, "endTime": 80499, "taskId": 1, "workflowId": 3, "jobId": -1}, {"index": 20, "startTime": 94014, "endTime": 95772, "taskId": 6, "workflowId": 3, "jobId": -1}, {"index": 32, "startTime": 125582, "endTime": 135391, "taskId": 13, "workflowId": -1, "jobId": 1}, {"index": 78, "startTime": 375759, "endTime": 385568, "taskId": 13, "workflowId": -1, "jobId": 6}]}, {"frequency": 2.0, "activePower": 563.0, "idlePower": 120.0, "memory": 33554432, "allocations": []}, {"frequency": 2.0, "activePower": 563.0, "idlePower": 120.0, "memory": 33554432, "allocations": [{"index": 9, "startTime": 75257, "endTime": 76420, "taskId": 2, "workflowId": 3, "jobId": -1}, {"index": 59, "startTime": 241150, "endTime": 250959, "taskId": 13, "workflowId": -1, "jobId": 3}]}, {"frequency": 2.0, "activePower": 563.0, "idlePower": 120.0, "memory": 33554432, "allocations": [{"index": 17, "startTime": 93925, "endTime": 96206, "taskId": 4, "workflowId": 3, "jobId": -1}, {"index": 63, "startTime": 268231, "endTime": 278095, "taskId": 14, "workflowId": -1, "jobId": 7}]}, {"frequency": 2.0, "activePower": 563.0, "idlePower": 120.0, "memory": 33554432, "allocations": [{"index": 25, "startTime": 102408, "endTime": 104166, "taskId": 6, "workflowId": 3, "jobId": -1}]}, {"frequency": 2.0, "activePower": 563.0, "idlePower": 120.0, "memory": 33554432, "allocations": []}, {"frequency": 2.0, "activePower": 563.0, "idlePower": 120.0, "memory": 33554432, "allocations": [{"index": 0, "startTime": 33744, "endTime": 45537, "taskId": 8, "workflowId": -1, "jobId": 0}, {"index": 55, "startTime": 208411, "endTime": 219506, "taskId": 7, "workflowId": -1, "jobId": 5}, {"index": 66, "startTime": 298325, "endTime": 306672, "taskId": 4, "workflowId": -1, "jobId": 5}]}, {"frequency": 2.0, "activePower": 563.0, "idlePower": 120.0, "memory": 33554432, "allocations": [{"index": 28, "startTime": 114146, "endTime": 125939, "taskId": 8, "workflowId": -1, "jobId": 3}]}, {"frequency": 2.0, "activePower": 563.0, "idlePower": 120.0, "memory": 33554432, "allocations": [{"index": 1, "startTime": 33789, "endTime": 43653, "taskId": 14, "workflowId": -1, "jobId": 0}, {"index": 31, "startTime": 125457, "endTime": 135266, "taskId": 13, "workflowId": -1, "jobId": 1}, {"index": 45, "startTime": 194812, "endTime": 204621, "taskId": 13, "workflowId": -1, "jobId": 2}, {"index": 81, "startTime": 399113, "endTime": 406255, "taskId": 15, "workflowId": -1, "jobId": 4}, {"index": 84, "startTime": 408144, "endTime": 415286, "taskId": 15, "workflowId": -1, "jobId": 4}, {"index": 87, "startTime": 418137, "endTime": 428001, "taskId": 14, "workflowId": -1, "jobId": 12}, {"index": 88, "startTime": 428001, "endTime": 434993, "taskId": 12, "workflowId": -1, "jobId": 7}]}, {"frequency": 2.0, "activePower": 563.0, "idlePower": 120.0, "memory": 33554432, "allocations": [{"index": 94, "startTime": 431688, "endTime": 441552, "taskId": 14, "workflowId": -1, "jobId": 12}]}, {"frequency": 2.0, "activePower": 563.0, "idlePower": 120.0, "memory": 33554432, "allocations": [{"index": 19, "startTime": 93935, "endTime": 95693, "taskId": 6, "workflowId": 3, "jobId": -1}, {"index": 40, "startTime": 183253, "endTime": 193117, "taskId": 14, "workflowId": -1, "jobId": 4}, {"index": 42, "startTime": 193117, "endTime": 194613, "taskId": 27, "workflowId": 3, "jobId": -1}, {"index": 44, "startTime": 194701, "endTime": 204510, "taskId": 13, "workflowId": -1, "jobId": 2}]}, {"frequency": 2.0, "activePower": 563.0, "idlePower": 120.0, "memory": 33554432, "allocations": [{"index": 56, "startTime": 208445, "endTime": 219540, "taskId": 7, "workflowId": -1, "jobId": 5}, {"index": 79, "startTime": 390880, "endTime": 401496, "taskId": 11, "workflowId": -1, "jobId": 5}, {"index": 82, "startTime": 406682, "endTime": 417298, "taskId": 11, "workflowId": -1, "jobId": 5}]}]