[{"frequency": 2.0, "activePower": 563.0, "idlePower": 120.0, "memory": 33554432, "allocations": []}, {"frequency": 2.0, "activePower": 563.0, "idlePower": 120.0, "memory": 33554432, "allocations": []}, {"frequency": 2.0, "activePower": 563.0, "idlePower": 120.0, "memory": 33554432, "allocations": []}, {"frequency": 2.0, "activePower": 563.0, "idlePower": 120.0, "memory": 33554432, "allocations": []}, {"frequency": 2.0, "activePower": 563.0, "idlePower": 120.0, "memory": 33554432, "allocations": []}, {"frequency": 2.0, "activePower": 563.0, "idlePower": 120.0, "memory": 33554432, "allocations": []}, {"frequency": 2.0, "activePower": 563.0, "idlePower": 120.0, "memory": 33554432, "allocations": []}, {"frequency": 2.0, "activePower": 563.0, "idlePower": 120.0, "memory": 33554432, "allocations": [{"index": 2, "startTime": 80822, "endTime": 92590, "taskId": 7, "workflowId": -1, "jobId": 1}]}, {"frequency": 2.0, "activePower": 563.0, "idlePower": 120.0, "memory": 33554432, "allocations": []}, {"frequency": 2.0, "activePower": 563.0, "idlePower": 120.0, "memory": 33554432, "allocations": []}, {"frequency": 2.0, "activePower": 563.0, "idlePower": 120.0, "memory": 33554432, "allocations": []}, {"frequency": 2.0, "activePower": 563.0, "idlePower": 120.0, "memory": 33554432, "allocations": []}, {"frequency": 2.0, "activePower": 563.0, "idlePower": 120.0, "memory": 33554432, "allocations": []}, {"frequency": 2.0, "activePower": 563.0, "idlePower": 120.0, "memory": 33554432, "allocations": []}, {"frequency": 2.0, "activePower": 563.0, "idlePower": 120.0, "memory": 33554432, "allocations": []}, {"frequency": 2.0, "activePower": 563.0, "idlePower": 120.0, "memory": 33554432, "allocations": []}, {"frequency": 2.0, "activePower": 563.0, "idlePower": 120.0, "memory": 33554432, "allocations": []}, {"frequency": 2.0, "activePower": 563.0, "idlePower": 120.0, "memory": 33554432, "allocations": []}, {"frequency": 2.0, "activePower": 563.0, "idlePower": 120.0, "memory": 33554432, "allocations": []}, {"frequency": 2.0, "activePower": 563.0, "idlePower": 120.0, "memory": 33554432, "allocations": []}, {"frequency": 2.0, "activePower": 563.0, "idlePower": 120.0, "memory": 33554432, "allocations": [{"index": 3, "startTime": 80899, "endTime": 92667, "taskId": 7, "workflowId": -1, "jobId": 1}]}, {"frequency": 2.0, "activePower": 563.0, "idlePower": 120.0, "memory": 33554432, "allocations": []}, {"frequency": 2.0, "activePower": 563.0, "idlePower": 120.0, "memory": 33554432, "allocations": []}, {"frequency": 2.0, "activePower": 563.0, "idlePower": 120.0, "memory": 33554432, "allocations": []}, {"frequency": 2.0, "activePower": 563.0, "idlePower": 120.0, "memory": 33554432, "allocations": []}, {"frequency": 2.0, "activePower": 563.0, "idlePower": 120.0, "memory": 33554432, "allocations": []}, {"frequency": 2.0, "activePower": 563.0, "idlePower": 120.0, "memory": 33554432, "allocations": []}, {"frequency": 2.0, "activePower": 563.0, "idlePower": 120.0, "memory": 33554432, "allocations": []}, {"frequency": 2.0, "activePower": 563.0, "idlePower": 120.0, "memory": 33554432, "allocations": [{"index": 4, "startTime": 86179, "endTime": 97947, "taskId": 7, "workflowId": -1, "jobId": 1}]}, {"frequency": 2.0, "activePower": 563.0, "idlePower": 120.0, "memory": 33554432, "allocations": []}, {"frequency": 2.0, "activePower": 563.0, "idlePower": 120.0, "memory": 33554432, "allocations": [{"index": 0, "startTime": 42160, "endTime": 53928, "taskId": 7, "workflowId": -1, "jobId": 0}]}, {"frequency": 2.0, "activePower": 563.0, "idlePower": 120.0, "memory": 33554432, "allocations": [{"index": 1, "startTime": 79480, "endTime": 89653, "taskId": 6, "workflowId": -1, "jobId": 1}]}]