[{"frequency": 2.0, "activePower": 563.0, "idlePower": 120.0, "memory": 33554432, "allocations": []}, {"frequency": 2.0, "activePower": 563.0, "idlePower": 120.0, "memory": 33554432, "allocations": []}, {"frequency": 2.0, "activePower": 563.0, "idlePower": 120.0, "memory": 33554432, "allocations": []}, {"frequency": 2.0, "activePower": 563.0, "idlePower": 120.0, "memory": 33554432, "allocations": []}, {"frequency": 2.0, "activePower": 563.0, "idlePower": 120.0, "memory": 33554432, "allocations": []}, {"frequency": 2.0, "activePower": 563.0, "idlePower": 120.0, "memory": 33554432, "allocations": []}, {"frequency": 2.0, "activePower": 563.0, "idlePower": 120.0, "memory": 33554432, "allocations": []}, {"frequency": 2.0, "activePower": 563.0, "idlePower": 120.0, "memory": 33554432, "allocations": []}, {"frequency": 2.0, "activePower": 563.0, "idlePower": 120.0, "memory": 33554432, "allocations": []}, {"frequency": 2.0, "activePower": 563.0, "idlePower": 120.0, "memory": 33554432, "allocations": []}, {"frequency": 2.0, "activePower": 563.0, "idlePower": 120.0, "memory": 33554432, "allocations": []}, {"frequency": 2.0, "activePower": 563.0, "idlePower": 120.0, "memory": 33554432, "allocations": []}, {"frequency": 2.0, "activePower": 563.0, "idlePower": 120.0, "memory": 33554432, "allocations": []}, {"frequency": 2.0, "activePower": 563.0, "idlePower": 120.0, "memory": 33554432, "allocations": []}, {"frequency": 2.0, "activePower": 563.0, "idlePower": 120.0, "memory": 33554432, "allocations": []}, {"frequency": 2.0, "activePower": 563.0, "idlePower": 120.0, "memory": 33554432, "allocations": []}, {"frequency": 2.0, "activePower": 563.0, "idlePower": 120.0, "memory": 33554432, "allocations": []}, {"frequency": 2.0, "activePower": 563.0, "idlePower": 120.0, "memory": 33554432, "allocations": []}, {"frequency": 2.0, "activePower": 563.0, "idlePower": 120.0, "memory": 33554432, "allocations": []}, {"frequency": 2.0, "activePower": 563.0, "idlePower": 120.0, "memory": 33554432, "allocations": []}, {"frequency": 2.0, "activePower": 563.0, "idlePower": 120.0, "memory": 33554432, "allocations": []}, {"frequency": 2.0, "activePower": 563.0, "idlePower": 120.0, "memory": 33554432, "allocations": []}, {"frequency": 2.0, "activePower": 563.0, "idlePower": 120.0, "memory": 33554432, "allocations": []}, {"frequency": 2.0, "activePower": 563.0, "idlePower": 120.0, "memory": 33554432, "allocations": []}, {"frequency": 2.0, "activePower": 563.0, "idlePower": 120.0, "memory": 33554432, "allocations": []}, {"frequency": 2.0, "activePower": 563.0, "idlePower": 120.0, "memory": 33554432, "allocations": [{"index": 0, "startTime": 68333, "endTime": 79587, "taskId": 4, "workflowId": -1, "jobId": 0}]}, {"frequency": 2.0, "activePower": 563.0, "idlePower": 120.0, "memory": 33554432, "allocations": []}, {"frequency": 2.0, "activePower": 563.0, "idlePower": 120.0, "memory": 33554432, "allocations": []}, {"frequency": 2.0, "activePower": 563.0, "idlePower": 120.0, "memory": 33554432, "allocations": []}, {"frequency": 2.0, "activePower": 563.0, "idlePower": 120.0, "memory": 33554432, "allocations": []}, {"frequency": 2.0, "activePower": 563.0, "idlePower": 120.0, "memory": 33554432, "allocations": []}, {"frequency": 2.0, "activePower": 563.0, "idlePower": 120.0, "memory": 33554432, "allocations": []}]