[{"frequency": 2.0, "activePower": 563.0, "idlePower": 120.0, "memory": 33554432, "allocations": [{"index": 0, "startTime": 33041, "endTime": 36261, "taskId": 7, "workflowId": -1, "jobId": 0}, {"index": 5, "startTime": 37503, "endTime": 42285, "taskId": 9, "workflowId": -1, "jobId": 0}, {"index": 13, "startTime": 44069, "endTime": 47584, "taskId": 10, "workflowId": -1, "jobId": 0}, {"index": 20, "startTime": 50960, "endTime": 55742, "taskId": 9, "workflowId": -1, "jobId": 0}, {"index": 25, "startTime": 57724, "endTime": 69969, "taskId": 8, "workflowId": -1, "jobId": 0}, {"index": 37, "startTime": 71368, "endTime": 81270, "taskId": 6, "workflowId": -1, "jobId": 0}, {"index": 49, "startTime": 81953, "endTime": 86735, "taskId": 9, "workflowId": -1, "jobId": 1}, {"index": 52, "startTime": 86736, "endTime": 96638, "taskId": 6, "workflowId": -1, "jobId": 1}, {"index": 57, "startTime": 97228, "endTime": 100743, "taskId": 10, "workflowId": -1, "jobId": 1}, {"index": 66, "startTime": 101825, "endTime": 105340, "taskId": 10, "workflowId": -1, "jobId": 1}, {"index": 75, "startTime": 105341, "endTime": 106115, "taskId": 0, "workflowId": 3, "jobId": -1}, {"index": 77, "startTime": 106161, "endTime": 107563, "taskId": 2, "workflowId": 3, "jobId": -1}, {"index": 82, "startTime": 108479, "endTime": 109504, "taskId": 3, "workflowId": 3, "jobId": -1}, {"index": 86, "startTime": 110406, "endTime": 110961, "taskId": 7, "workflowId": 3, "jobId": -1}, {"index": 91, "startTime": 110964, "endTime": 123209, "taskId": 8, "workflowId": -1, "jobId": 1}, {"index": 148, "startTime": 123230, "endTime": 124204, "taskId": 4, "workflowId": 3, "jobId": -1}, {"index": 156, "startTime": 124535, "endTime": 126162, "taskId": 13, "workflowId": 3, "jobId": -1}, {"index": 163, "startTime": 126447, "endTime": 127611, "taskId": 8, "workflowId": 3, "jobId": -1}, {"index": 172, "startTime": 127707, "endTime": 128974, "taskId": 17, "workflowId": 3, "jobId": -1}, {"index": 174, "startTime": 129081, "endTime": 141326, "taskId": 8, "workflowId": -1, "jobId": 1}, {"index": 230, "startTime": 141832, "endTime": 144225, "taskId": 15, "workflowId": 3, "jobId": -1}, {"index": 239, "startTime": 144415, "endTime": 145729, "taskId": 18, "workflowId": 3, "jobId": -1}, {"index": 245, "startTime": 145951, "endTime": 148364, "taskId": 14, "workflowId": 3, "jobId": -1}, {"index": 253, "startTime": 148487, "endTime": 152002, "taskId": 10, "workflowId": -1, "jobId": 3}, {"index": 259, "startTime": 152214, "endTime": 154243, "taskId": 23, "workflowId": 3, "jobId": -1}, {"index": 267, "startTime": 154830, "endTime": 155922, "taskId": 24, "workflowId": 3, "jobId": -1}, {"index": 271, "startTime": 157575, "endTime": 161090, "taskId": 10, "workflowId": -1, "jobId": 3}, {"index": 283, "startTime": 161535, "endTime": 173780, "taskId": 8, "workflowId": -1, "jobId": 2}, {"index": 304, "startTime": 174158, "endTime": 175250, "taskId": 24, "workflowId": 3, "jobId": -1}, {"index": 307, "startTime": 175310, "endTime": 187555, "taskId": 8, "workflowId": -1, "jobId": 2}, {"index": 338, "startTime": 188215, "endTime": 189424, "taskId": 2, "workflowId": 2, "jobId": -1}, {"index": 348, "startTime": 189958, "endTime": 190916, "taskId": 3, "workflowId": 2, "jobId": -1}, {"index": 356, "startTime": 190997, "endTime": 195779, "taskId": 9, "workflowId": -1, "jobId": 3}, {"index": 385, "startTime": 196102, "endTime": 197857, "taskId": 23, "workflowId": 2, "jobId": -1}, {"index": 397, "startTime": 198148, "endTime": 200462, "taskId": 7, "workflowId": 2, "jobId": -1}, {"index": 422, "startTime": 200586, "endTime": 201545, "taskId": 16, "workflowId": 2, "jobId": -1}, {"index": 428, "startTime": 201693, "endTime": 204913, "taskId": 7, "workflowId": -1, "jobId": 2}, {"index": 450, "startTime": 205014, "endTime": 206458, "taskId": 8, "workflowId": 2, "jobId": -1}, {"index": 471, "startTime": 206658, "endTime": 208413, "taskId": 23, "workflowId": 2, "jobId": -1}, {"index": 480, "startTime": 208692, "endTime": 211912, "taskId": 7, "workflowId": -1, "jobId": 2}, {"index": 508, "startTime": 212030, "endTime": 213383, "taskId": 17, "workflowId": 2, "jobId": -1}, {"index": 512, "startTime": 214583, "endTime": 215434, "taskId": 15, "workflowId": 2, "jobId": -1}, {"index": 515, "startTime": 215643, "endTime": 217515, "taskId": 24, "workflowId": 2, "jobId": -1}, {"index": 521, "startTime": 217516, "endTime": 219388, "taskId": 24, "workflowId": 2, "jobId": -1}, {"index": 525, "startTime": 219888, "endTime": 221643, "taskId": 23, "workflowId": 2, "jobId": -1}, {"index": 528, "startTime": 223856, "endTime": 227371, "taskId": 10, "workflowId": -1, "jobId": 5}, {"index": 532, "startTime": 227740, "endTime": 237642, "taskId": 6, "workflowId": -1, "jobId": 4}, {"index": 545, "startTime": 238982, "endTime": 248884, "taskId": 6, "workflowId": -1, "jobId": 4}, {"index": 557, "startTime": 250509, "endTime": 254024, "taskId": 10, "workflowId": -1, "jobId": 6}, {"index": 561, "startTime": 255092, "endTime": 258607, "taskId": 10, "workflowId": -1, "jobId": 6}, {"index": 564, "startTime": 258962, "endTime": 269347, "taskId": 11, "workflowId": -1, "jobId": 3}, {"index": 578, "startTime": 269348, "endTime": 272863, "taskId": 10, "workflowId": -1, "jobId": 7}, {"index": 581, "startTime": 274458, "endTime": 284360, "taskId": 6, "workflowId": -1, "jobId": 6}, {"index": 590, "startTime": 285671, "endTime": 295573, "taskId": 6, "workflowId": -1, "jobId": 6}, {"index": 601, "startTime": 298037, "endTime": 302819, "taskId": 9, "workflowId": -1, "jobId": 5}, {"index": 608, "startTime": 304665, "endTime": 309447, "taskId": 9, "workflowId": -1, "jobId": 5}, {"index": 615, "startTime": 311689, "endTime": 322074, "taskId": 11, "workflowId": -1, "jobId": 4}, {"index": 624, "startTime": 324507, "endTime": 328022, "taskId": 10, "workflowId": -1, "jobId": 8}, {"index": 628, "startTime": 329530, "endTime": 341775, "taskId": 8, "workflowId": -1, "jobId": 5}, {"index": 642, "startTime": 347891, "endTime": 351406, "taskId": 10, "workflowId": -1, "jobId": 9}, {"index": 647, "startTime": 352501, "endTime": 356016, "taskId": 10, "workflowId": -1, "jobId": 9}, {"index": 650, "startTime": 357923, "endTime": 361438, "taskId": 10, "workflowId": -1, "jobId": 10}, {"index": 654, "startTime": 361584, "endTime": 365099, "taskId": 10, "workflowId": -1, "jobId": 9}, {"index": 658, "startTime": 366860, "endTime": 370375, "taskId": 10, "workflowId": -1, "jobId": 10}, {"index": 661, "startTime": 371107, "endTime": 381009, "taskId": 6, "workflowId": -1, "jobId": 7}, {"index": 672, "startTime": 381453, "endTime": 391838, "taskId": 11, "workflowId": -1, "jobId": 5}, {"index": 683, "startTime": 392812, "endTime": 396032, "taskId": 7, "workflowId": -1, "jobId": 5}, {"index": 688, "startTime": 396147, "endTime": 399367, "taskId": 7, "workflowId": -1, "jobId": 5}, {"index": 693, "startTime": 399837, "endTime": 412082, "taskId": 8, "workflowId": -1, "jobId": 6}, {"index": 706, "startTime": 414430, "endTime": 426675, "taskId": 8, "workflowId": -1, "jobId": 6}, {"index": 717, "startTime": 426855, "endTime": 436757, "taskId": 6, "workflowId": -1, "jobId": 9}, {"index": 726, "startTime": 437515, "endTime": 442297, "taskId": 9, "workflowId": -1, "jobId": 8}, {"index": 730, "startTime": 443123, "endTime": 446638, "taskId": 10, "workflowId": -1, "jobId": 12}, {"index": 734, "startTime": 447809, "endTime": 457711, "taskId": 6, "workflowId": -1, "jobId": 9}, {"index": 747, "startTime": 460560, "endTime": 472805, "taskId": 8, "workflowId": -1, "jobId": 7}, {"index": 754, "startTime": 473390, "endTime": 476905, "taskId": 10, "workflowId": -1, "jobId": 13}, {"index": 757, "startTime": 477781, "endTime": 481296, "taskId": 10, "workflowId": -1, "jobId": 13}, {"index": 758, "startTime": 482371, "endTime": 485886, "taskId": 10, "workflowId": -1, "jobId": 13}, {"index": 759, "startTime": 493795, "endTime": 497310, "taskId": 10, "workflowId": -1, "jobId": 13}]}, {"frequency": 2.0, "activePower": 563.0, "idlePower": 120.0, "memory": 33554432, "allocations": [{"index": 1, "startTime": 33120, "endTime": 37902, "taskId": 9, "workflowId": -1, "jobId": 0}, {"index": 8, "startTime": 39809, "endTime": 49711, "taskId": 6, "workflowId": -1, "jobId": 0}, {"index": 21, "startTime": 53296, "endTime": 63198, "taskId": 6, "workflowId": -1, "jobId": 0}, {"index": 31, "startTime": 64639, "endTime": 67859, "taskId": 7, "workflowId": -1, "jobId": 0}, {"index": 35, "startTime": 68205, "endTime": 71720, "taskId": 10, "workflowId": -1, "jobId": 1}, {"index": 41, "startTime": 72614, "endTime": 76129, "taskId": 10, "workflowId": -1, "jobId": 1}, {"index": 46, "startTime": 76652, "endTime": 80167, "taskId": 10, "workflowId": -1, "jobId": 1}, {"index": 50, "startTime": 82185, "endTime": 92087, "taskId": 6, "workflowId": -1, "jobId": 1}, {"index": 54, "startTime": 92988, "endTime": 96503, "taskId": 10, "workflowId": -1, "jobId": 1}, {"index": 58, "startTime": 97431, "endTime": 109676, "taskId": 8, "workflowId": -1, "jobId": 1}, {"index": 87, "startTime": 110625, "endTime": 112156, "taskId": 1, "workflowId": 3, "jobId": -1}, {"index": 98, "startTime": 113084, "endTime": 125329, "taskId": 8, "workflowId": -1, "jobId": 1}, {"index": 161, "startTime": 125393, "endTime": 135778, "taskId": 11, "workflowId": -1, "jobId": 1}, {"index": 212, "startTime": 136014, "endTime": 137457, "taskId": 21, "workflowId": 3, "jobId": -1}, {"index": 215, "startTime": 137744, "endTime": 140964, "taskId": 7, "workflowId": -1, "jobId": 1}, {"index": 226, "startTime": 140989, "endTime": 143382, "taskId": 15, "workflowId": 3, "jobId": -1}, {"index": 238, "startTime": 143949, "endTime": 146362, "taskId": 14, "workflowId": 3, "jobId": -1}, {"index": 250, "startTime": 146574, "endTime": 148201, "taskId": 13, "workflowId": 3, "jobId": -1}, {"index": 254, "startTime": 148872, "endTime": 150630, "taskId": 19, "workflowId": 3, "jobId": -1}, {"index": 257, "startTime": 151158, "endTime": 155940, "taskId": 9, "workflowId": -1, "jobId": 2}, {"index": 272, "startTime": 157899, "endTime": 162681, "taskId": 9, "workflowId": -1, "jobId": 2}, {"index": 287, "startTime": 163091, "endTime": 166606, "taskId": 10, "workflowId": -1, "jobId": 4}, {"index": 292, "startTime": 167019, "endTime": 171801, "taskId": 9, "workflowId": -1, "jobId": 2}, {"index": 303, "startTime": 171801, "endTime": 175316, "taskId": 10, "workflowId": -1, "jobId": 4}, {"index": 308, "startTime": 175441, "endTime": 177519, "taskId": 16, "workflowId": 3, "jobId": -1}, {"index": 318, "startTime": 178681, "endTime": 179995, "taskId": 18, "workflowId": 3, "jobId": -1}, {"index": 321, "startTime": 180895, "endTime": 190797, "taskId": 6, "workflowId": -1, "jobId": 3}, {"index": 355, "startTime": 190903, "endTime": 192166, "taskId": 5, "workflowId": 2, "jobId": -1}, {"index": 358, "startTime": 192437, "endTime": 193656, "taskId": 10, "workflowId": 2, "jobId": -1}, {"index": 366, "startTime": 193799, "endTime": 196113, "taskId": 7, "workflowId": 2, "jobId": -1}, {"index": 386, "startTime": 196248, "endTime": 197511, "taskId": 5, "workflowId": 2, "jobId": -1}, {"index": 398, "startTime": 198169, "endTime": 199522, "taskId": 17, "workflowId": 2, "jobId": -1}, {"index": 412, "startTime": 199553, "endTime": 200816, "taskId": 5, "workflowId": 2, "jobId": -1}, {"index": 424, "startTime": 200865, "endTime": 202218, "taskId": 17, "workflowId": 2, "jobId": -1}, {"index": 433, "startTime": 202233, "endTime": 203677, "taskId": 8, "workflowId": 2, "jobId": -1}, {"index": 446, "startTime": 203772, "endTime": 205704, "taskId": 9, "workflowId": 2, "jobId": -1}, {"index": 463, "startTime": 205706, "endTime": 209221, "taskId": 10, "workflowId": -1, "jobId": 4}, {"index": 484, "startTime": 209231, "endTime": 211435, "taskId": 21, "workflowId": 2, "jobId": -1}, {"index": 498, "startTime": 211447, "endTime": 213202, "taskId": 23, "workflowId": 2, "jobId": -1}, {"index": 511, "startTime": 213274, "endTime": 214627, "taskId": 17, "workflowId": 2, "jobId": -1}, {"index": 514, "startTime": 214731, "endTime": 224633, "taskId": 6, "workflowId": -1, "jobId": 4}, {"index": 529, "startTime": 225212, "endTime": 226565, "taskId": 17, "workflowId": 2, "jobId": -1}, {"index": 531, "startTime": 227146, "endTime": 230661, "taskId": 10, "workflowId": -1, "jobId": 5}, {"index": 535, "startTime": 230933, "endTime": 232805, "taskId": 24, "workflowId": 2, "jobId": -1}, {"index": 538, "startTime": 233469, "endTime": 235224, "taskId": 23, "workflowId": 2, "jobId": -1}, {"index": 541, "startTime": 235420, "endTime": 240202, "taskId": 9, "workflowId": -1, "jobId": 4}, {"index": 548, "startTime": 240908, "endTime": 250810, "taskId": 6, "workflowId": -1, "jobId": 5}, {"index": 558, "startTime": 251043, "endTime": 255825, "taskId": 9, "workflowId": -1, "jobId": 4}, {"index": 565, "startTime": 260118, "endTime": 264900, "taskId": 9, "workflowId": -1, "jobId": 4}, {"index": 573, "startTime": 265995, "endTime": 269215, "taskId": 7, "workflowId": -1, "jobId": 3}, {"index": 579, "startTime": 269903, "endTime": 282148, "taskId": 8, "workflowId": -1, "jobId": 4}, {"index": 589, "startTime": 282965, "endTime": 286480, "taskId": 10, "workflowId": -1, "jobId": 7}, {"index": 592, "startTime": 287626, "endTime": 291141, "taskId": 10, "workflowId": -1, "jobId": 7}, {"index": 597, "startTime": 292224, "endTime": 302126, "taskId": 6, "workflowId": -1, "jobId": 6}, {"index": 607, "startTime": 302176, "endTime": 305691, "taskId": 10, "workflowId": -1, "jobId": 8}, {"index": 610, "startTime": 307095, "endTime": 310315, "taskId": 7, "workflowId": -1, "jobId": 4}, {"index": 616, "startTime": 314082, "endTime": 317302, "taskId": 7, "workflowId": -1, "jobId": 4}, {"index": 620, "startTime": 318937, "endTime": 322157, "taskId": 7, "workflowId": -1, "jobId": 4}, {"index": 625, "startTime": 325316, "endTime": 337561, "taskId": 8, "workflowId": -1, "jobId": 5}, {"index": 637, "startTime": 338637, "endTime": 350882, "taskId": 8, "workflowId": -1, "jobId": 5}, {"index": 648, "startTime": 353001, "endTime": 362903, "taskId": 6, "workflowId": -1, "jobId": 7}, {"index": 655, "startTime": 363591, "endTime": 375836, "taskId": 8, "workflowId": -1, "jobId": 5}, {"index": 665, "startTime": 375846, "endTime": 379361, "taskId": 10, "workflowId": -1, "jobId": 10}, {"index": 669, "startTime": 379545, "endTime": 389447, "taskId": 6, "workflowId": -1, "jobId": 8}, {"index": 679, "startTime": 389448, "endTime": 392963, "taskId": 10, "workflowId": -1, "jobId": 10}, {"index": 684, "startTime": 393144, "endTime": 397926, "taskId": 9, "workflowId": -1, "jobId": 7}, {"index": 690, "startTime": 398088, "endTime": 401308, "taskId": 7, "workflowId": -1, "jobId": 5}, {"index": 695, "startTime": 402187, "endTime": 412089, "taskId": 6, "workflowId": -1, "jobId": 9}, {"index": 707, "startTime": 415680, "endTime": 420462, "taskId": 9, "workflowId": -1, "jobId": 7}, {"index": 710, "startTime": 421290, "endTime": 433535, "taskId": 8, "workflowId": -1, "jobId": 6}, {"index": 722, "startTime": 434280, "endTime": 437795, "taskId": 10, "workflowId": -1, "jobId": 12}, {"index": 727, "startTime": 438721, "endTime": 442236, "taskId": 10, "workflowId": -1, "jobId": 12}, {"index": 731, "startTime": 444208, "endTime": 448990, "taskId": 9, "workflowId": -1, "jobId": 8}, {"index": 737, "startTime": 449068, "endTime": 461313, "taskId": 8, "workflowId": -1, "jobId": 7}, {"index": 748, "startTime": 462291, "endTime": 472193, "taskId": 6, "workflowId": -1, "jobId": 10}, {"index": 755, "startTime": 475706, "endTime": 485608, "taskId": 6, "workflowId": -1, "jobId": 10}]}, {"frequency": 2.0, "activePower": 563.0, "idlePower": 120.0, "memory": 33554432, "allocations": [{"index": 2, "startTime": 33152, "endTime": 43054, "taskId": 6, "workflowId": -1, "jobId": 0}, {"index": 14, "startTime": 46343, "endTime": 49858, "taskId": 10, "workflowId": -1, "jobId": 0}, {"index": 22, "startTime": 53326, "endTime": 65571, "taskId": 8, "workflowId": -1, "jobId": 0}, {"index": 33, "startTime": 66822, "endTime": 79067, "taskId": 8, "workflowId": -1, "jobId": 0}, {"index": 51, "startTime": 85709, "endTime": 89224, "taskId": 10, "workflowId": -1, "jobId": 1}, {"index": 53, "startTime": 90710, "endTime": 102955, "taskId": 8, "workflowId": -1, "jobId": 1}, {"index": 68, "startTime": 104062, "endTime": 116307, "taskId": 8, "workflowId": -1, "jobId": 1}, {"index": 112, "startTime": 116767, "endTime": 117427, "taskId": 11, "workflowId": 3, "jobId": -1}, {"index": 123, "startTime": 117429, "endTime": 118831, "taskId": 2, "workflowId": 3, "jobId": -1}, {"index": 128, "startTime": 118860, "endTime": 120024, "taskId": 8, "workflowId": 3, "jobId": -1}, {"index": 139, "startTime": 120476, "endTime": 125258, "taskId": 9, "workflowId": -1, "jobId": 1}, {"index": 159, "startTime": 125260, "endTime": 128775, "taskId": 10, "workflowId": -1, "jobId": 2}, {"index": 175, "startTime": 129762, "endTime": 133277, "taskId": 10, "workflowId": -1, "jobId": 2}, {"index": 197, "startTime": 134033, "endTime": 135530, "taskId": 10, "workflowId": 3, "jobId": -1}, {"index": 213, "startTime": 136668, "endTime": 137611, "taskId": 20, "workflowId": 3, "jobId": -1}, {"index": 216, "startTime": 138450, "endTime": 140528, "taskId": 16, "workflowId": 3, "jobId": -1}, {"index": 223, "startTime": 140585, "endTime": 150487, "taskId": 6, "workflowId": -1, "jobId": 2}, {"index": 258, "startTime": 151934, "endTime": 161836, "taskId": 6, "workflowId": -1, "jobId": 2}, {"index": 284, "startTime": 162186, "endTime": 165701, "taskId": 10, "workflowId": -1, "jobId": 3}, {"index": 293, "startTime": 167044, "endTime": 176946, "taskId": 6, "workflowId": -1, "jobId": 3}, {"index": 317, "startTime": 176949, "endTime": 178158, "taskId": 2, "workflowId": 2, "jobId": -1}, {"index": 319, "startTime": 179004, "endTime": 182224, "taskId": 7, "workflowId": -1, "jobId": 2}, {"index": 325, "startTime": 182407, "endTime": 183365, "taskId": 3, "workflowId": 2, "jobId": -1}, {"index": 328, "startTime": 183464, "endTime": 184331, "taskId": 1, "workflowId": 2, "jobId": -1}, {"index": 331, "startTime": 184383, "endTime": 186141, "taskId": 19, "workflowId": 3, "jobId": -1}, {"index": 336, "startTime": 186718, "endTime": 187221, "taskId": 0, "workflowId": 2, "jobId": -1}, {"index": 337, "startTime": 187232, "endTime": 188476, "taskId": 6, "workflowId": 2, "jobId": -1}, {"index": 339, "startTime": 188581, "endTime": 190479, "taskId": 14, "workflowId": 2, "jobId": -1}, {"index": 354, "startTime": 190479, "endTime": 200864, "taskId": 11, "workflowId": -1, "jobId": 2}, {"index": 425, "startTime": 200897, "endTime": 201792, "taskId": 18, "workflowId": 2, "jobId": -1}, {"index": 429, "startTime": 201840, "endTime": 203768, "taskId": 11, "workflowId": 2, "jobId": -1}, {"index": 447, "startTime": 204540, "endTime": 208055, "taskId": 10, "workflowId": -1, "jobId": 5}, {"index": 475, "startTime": 208059, "endTime": 208910, "taskId": 15, "workflowId": 2, "jobId": -1}, {"index": 483, "startTime": 209147, "endTime": 211290, "taskId": 19, "workflowId": 2, "jobId": -1}, {"index": 495, "startTime": 211292, "endTime": 212143, "taskId": 15, "workflowId": 2, "jobId": -1}, {"index": 510, "startTime": 212448, "endTime": 224693, "taskId": 8, "workflowId": -1, "jobId": 3}, {"index": 530, "startTime": 225258, "endTime": 226153, "taskId": 18, "workflowId": 2, "jobId": -1}, {"index": 533, "startTime": 228703, "endTime": 239088, "taskId": 11, "workflowId": -1, "jobId": 3}, {"index": 546, "startTime": 239586, "endTime": 251831, "taskId": 8, "workflowId": -1, "jobId": 3}, {"index": 559, "startTime": 252021, "endTime": 255241, "taskId": 7, "workflowId": -1, "jobId": 3}, {"index": 562, "startTime": 255638, "endTime": 260420, "taskId": 9, "workflowId": -1, "jobId": 4}, {"index": 566, "startTime": 260508, "endTime": 264023, "taskId": 10, "workflowId": -1, "jobId": 7}, {"index": 571, "startTime": 264131, "endTime": 267646, "taskId": 10, "workflowId": -1, "jobId": 6}, {"index": 574, "startTime": 267910, "endTime": 277812, "taskId": 6, "workflowId": -1, "jobId": 5}, {"index": 585, "startTime": 278353, "endTime": 281868, "taskId": 10, "workflowId": -1, "jobId": 7}, {"index": 591, "startTime": 286432, "endTime": 291214, "taskId": 9, "workflowId": -1, "jobId": 5}, {"index": 598, "startTime": 293427, "endTime": 296942, "taskId": 10, "workflowId": -1, "jobId": 7}, {"index": 602, "startTime": 298298, "endTime": 308683, "taskId": 11, "workflowId": -1, "jobId": 4}, {"index": 613, "startTime": 308698, "endTime": 312213, "taskId": 10, "workflowId": -1, "jobId": 8}, {"index": 617, "startTime": 314816, "endTime": 324718, "taskId": 6, "workflowId": -1, "jobId": 7}, {"index": 626, "startTime": 325427, "endTime": 328942, "taskId": 10, "workflowId": -1, "jobId": 9}, {"index": 629, "startTime": 331499, "endTime": 335014, "taskId": 10, "workflowId": -1, "jobId": 8}, {"index": 635, "startTime": 337110, "endTime": 347012, "taskId": 6, "workflowId": -1, "jobId": 7}, {"index": 643, "startTime": 348624, "endTime": 352139, "taskId": 10, "workflowId": -1, "jobId": 9}, {"index": 649, "startTime": 353512, "endTime": 358294, "taskId": 9, "workflowId": -1, "jobId": 6}, {"index": 652, "startTime": 358954, "endTime": 369339, "taskId": 11, "workflowId": -1, "jobId": 5}, {"index": 662, "startTime": 371515, "endTime": 375030, "taskId": 10, "workflowId": -1, "jobId": 10}, {"index": 666, "startTime": 375853, "endTime": 379073, "taskId": 7, "workflowId": -1, "jobId": 5}, {"index": 668, "startTime": 379178, "endTime": 389563, "taskId": 11, "workflowId": -1, "jobId": 5}, {"index": 680, "startTime": 391249, "endTime": 394469, "taskId": 7, "workflowId": -1, "jobId": 5}, {"index": 685, "startTime": 394666, "endTime": 398181, "taskId": 10, "workflowId": -1, "jobId": 10}, {"index": 691, "startTime": 399003, "endTime": 402518, "taskId": 10, "workflowId": -1, "jobId": 10}, {"index": 697, "startTime": 402730, "endTime": 405950, "taskId": 7, "workflowId": -1, "jobId": 5}, {"index": 701, "startTime": 407155, "endTime": 411937, "taskId": 9, "workflowId": -1, "jobId": 7}, {"index": 705, "startTime": 412079, "endTime": 424324, "taskId": 8, "workflowId": -1, "jobId": 6}, {"index": 716, "startTime": 426490, "endTime": 430005, "taskId": 10, "workflowId": -1, "jobId": 11}, {"index": 720, "startTime": 430881, "endTime": 434396, "taskId": 10, "workflowId": -1, "jobId": 11}, {"index": 723, "startTime": 435325, "endTime": 445710, "taskId": 11, "workflowId": -1, "jobId": 6}, {"index": 733, "startTime": 446627, "endTime": 457012, "taskId": 11, "workflowId": -1, "jobId": 6}, {"index": 746, "startTime": 457483, "endTime": 462265, "taskId": 9, "workflowId": -1, "jobId": 8}, {"index": 749, "startTime": 462820, "endTime": 475065, "taskId": 8, "workflowId": -1, "jobId": 7}, {"index": 756, "startTime": 476161, "endTime": 479676, "taskId": 10, "workflowId": -1, "jobId": 13}]}, {"frequency": 2.0, "activePower": 563.0, "idlePower": 120.0, "memory": 33554432, "allocations": [{"index": 3, "startTime": 33199, "endTime": 43584, "taskId": 11, "workflowId": -1, "jobId": 0}, {"index": 15, "startTime": 46374, "endTime": 56759, "taskId": 11, "workflowId": -1, "jobId": 0}, {"index": 26, "startTime": 60089, "endTime": 64871, "taskId": 9, "workflowId": -1, "jobId": 0}, {"index": 34, "startTime": 67258, "endTime": 79503, "taskId": 8, "workflowId": -1, "jobId": 0}, {"index": 55, "startTime": 93609, "endTime": 103511, "taskId": 6, "workflowId": -1, "jobId": 1}, {"index": 69, "startTime": 104404, "endTime": 109186, "taskId": 9, "workflowId": -1, "jobId": 1}, {"index": 85, "startTime": 109490, "endTime": 110264, "taskId": 0, "workflowId": 3, "jobId": -1}, {"index": 88, "startTime": 110810, "endTime": 112212, "taskId": 2, "workflowId": 3, "jobId": -1}, {"index": 99, "startTime": 113535, "endTime": 123437, "taskId": 6, "workflowId": -1, "jobId": 2}, {"index": 150, "startTime": 123439, "endTime": 124099, "taskId": 11, "workflowId": 3, "jobId": -1}, {"index": 153, "startTime": 124103, "endTime": 127323, "taskId": 7, "workflowId": -1, "jobId": 1}, {"index": 173, "startTime": 128734, "endTime": 131954, "taskId": 7, "workflowId": -1, "jobId": 1}, {"index": 193, "startTime": 131962, "endTime": 133530, "taskId": 12, "workflowId": 3, "jobId": -1}, {"index": 198, "startTime": 134065, "endTime": 134725, "taskId": 11, "workflowId": 3, "jobId": -1}, {"index": 206, "startTime": 135022, "endTime": 138537, "taskId": 10, "workflowId": -1, "jobId": 3}, {"index": 217, "startTime": 138539, "endTime": 142054, "taskId": 10, "workflowId": -1, "jobId": 2}, {"index": 231, "startTime": 142127, "endTime": 145347, "taskId": 7, "workflowId": -1, "jobId": 1}, {"index": 244, "startTime": 145525, "endTime": 155910, "taskId": 11, "workflowId": -1, "jobId": 1}, {"index": 273, "startTime": 157962, "endTime": 159459, "taskId": 10, "workflowId": 3, "jobId": -1}, {"index": 280, "startTime": 160368, "endTime": 161532, "taskId": 8, "workflowId": 3, "jobId": -1}, {"index": 285, "startTime": 162483, "endTime": 167265, "taskId": 9, "workflowId": -1, "jobId": 2}, {"index": 294, "startTime": 167453, "endTime": 169043, "taskId": 22, "workflowId": 3, "jobId": -1}, {"index": 298, "startTime": 170210, "endTime": 180595, "taskId": 11, "workflowId": -1, "jobId": 2}, {"index": 322, "startTime": 181296, "endTime": 182163, "taskId": 1, "workflowId": 2, "jobId": -1}, {"index": 326, "startTime": 182779, "endTime": 184023, "taskId": 6, "workflowId": 2, "jobId": -1}, {"index": 332, "startTime": 184885, "endTime": 185388, "taskId": 0, "workflowId": 2, "jobId": -1}, {"index": 335, "startTime": 186007, "endTime": 196392, "taskId": 11, "workflowId": -1, "jobId": 2}, {"index": 387, "startTime": 196474, "endTime": 197737, "taskId": 5, "workflowId": 2, "jobId": -1}, {"index": 399, "startTime": 198291, "endTime": 199735, "taskId": 8, "workflowId": 2, "jobId": -1}, {"index": 418, "startTime": 199737, "endTime": 201708, "taskId": 12, "workflowId": 2, "jobId": -1}, {"index": 430, "startTime": 201843, "endTime": 203814, "taskId": 12, "workflowId": 2, "jobId": -1}, {"index": 448, "startTime": 204542, "endTime": 206856, "taskId": 7, "workflowId": 2, "jobId": -1}, {"index": 474, "startTime": 207254, "endTime": 217156, "taskId": 6, "workflowId": -1, "jobId": 4}, {"index": 520, "startTime": 217178, "endTime": 218397, "taskId": 10, "workflowId": 2, "jobId": -1}, {"index": 523, "startTime": 218962, "endTime": 228864, "taskId": 6, "workflowId": -1, "jobId": 4}, {"index": 534, "startTime": 229249, "endTime": 232764, "taskId": 10, "workflowId": -1, "jobId": 6}, {"index": 539, "startTime": 234191, "endTime": 244093, "taskId": 6, "workflowId": -1, "jobId": 5}, {"index": 553, "startTime": 244751, "endTime": 256996, "taskId": 8, "workflowId": -1, "jobId": 3}, {"index": 567, "startTime": 261077, "endTime": 264297, "taskId": 7, "workflowId": -1, "jobId": 3}, {"index": 572, "startTime": 264849, "endTime": 275234, "taskId": 11, "workflowId": -1, "jobId": 3}, {"index": 583, "startTime": 277430, "endTime": 282212, "taskId": 9, "workflowId": -1, "jobId": 5}, {"index": 593, "startTime": 287774, "endTime": 297676, "taskId": 6, "workflowId": -1, "jobId": 6}, {"index": 603, "startTime": 299833, "endTime": 303348, "taskId": 10, "workflowId": -1, "jobId": 8}, {"index": 609, "startTime": 304897, "endTime": 315282, "taskId": 11, "workflowId": -1, "jobId": 4}, {"index": 618, "startTime": 315419, "endTime": 318934, "taskId": 10, "workflowId": -1, "jobId": 8}, {"index": 621, "startTime": 318995, "endTime": 328897, "taskId": 6, "workflowId": -1, "jobId": 7}, {"index": 630, "startTime": 333735, "endTime": 337250, "taskId": 10, "workflowId": -1, "jobId": 8}, {"index": 638, "startTime": 338812, "endTime": 342327, "taskId": 10, "workflowId": -1, "jobId": 9}, {"index": 644, "startTime": 348727, "endTime": 353509, "taskId": 9, "workflowId": -1, "jobId": 6}, {"index": 651, "startTime": 358116, "endTime": 362898, "taskId": 9, "workflowId": -1, "jobId": 6}, {"index": 656, "startTime": 364716, "endTime": 368231, "taskId": 10, "workflowId": -1, "jobId": 10}, {"index": 660, "startTime": 368244, "endTime": 371759, "taskId": 10, "workflowId": -1, "jobId": 9}, {"index": 663, "startTime": 372530, "endTime": 382915, "taskId": 11, "workflowId": -1, "jobId": 5}, {"index": 674, "startTime": 384190, "endTime": 388972, "taskId": 9, "workflowId": -1, "jobId": 7}, {"index": 678, "startTime": 389318, "endTime": 401563, "taskId": 8, "workflowId": -1, "jobId": 6}, {"index": 696, "startTime": 402280, "endTime": 407062, "taskId": 9, "workflowId": -1, "jobId": 7}, {"index": 702, "startTime": 408345, "endTime": 418247, "taskId": 6, "workflowId": -1, "jobId": 9}, {"index": 711, "startTime": 422053, "endTime": 425568, "taskId": 10, "workflowId": -1, "jobId": 11}, {"index": 718, "startTime": 427362, "endTime": 430877, "taskId": 10, "workflowId": -1, "jobId": 12}, {"index": 721, "startTime": 432814, "endTime": 437596, "taskId": 9, "workflowId": -1, "jobId": 8}, {"index": 728, "startTime": 439691, "endTime": 449593, "taskId": 6, "workflowId": -1, "jobId": 10}, {"index": 738, "startTime": 450063, "endTime": 453578, "taskId": 10, "workflowId": -1, "jobId": 12}, {"index": 742, "startTime": 453580, "endTime": 465825, "taskId": 8, "workflowId": -1, "jobId": 7}, {"index": 752, "startTime": 466717, "endTime": 476619, "taskId": 6, "workflowId": -1, "jobId": 10}]}, {"frequency": 2.0, "activePower": 563.0, "idlePower": 120.0, "memory": 33554432, "allocations": [{"index": 4, "startTime": 33260, "endTime": 36775, "taskId": 10, "workflowId": -1, "jobId": 0}, {"index": 6, "startTime": 37504, "endTime": 41019, "taskId": 10, "workflowId": -1, "jobId": 0}, {"index": 10, "startTime": 41806, "endTime": 45026, "taskId": 7, "workflowId": -1, "jobId": 0}, {"index": 16, "startTime": 46421, "endTime": 51203, "taskId": 9, "workflowId": -1, "jobId": 0}, {"index": 23, "startTime": 53328, "endTime": 63713, "taskId": 11, "workflowId": -1, "jobId": 0}, {"index": 32, "startTime": 64779, "endTime": 69561, "taskId": 9, "workflowId": -1, "jobId": 0}, {"index": 38, "startTime": 71429, "endTime": 83674, "taskId": 8, "workflowId": -1, "jobId": 0}, {"index": 56, "startTime": 95295, "endTime": 100077, "taskId": 9, "workflowId": -1, "jobId": 1}, {"index": 65, "startTime": 100410, "endTime": 110312, "taskId": 6, "workflowId": -1, "jobId": 1}, {"index": 89, "startTime": 110888, "endTime": 111913, "taskId": 3, "workflowId": 3, "jobId": -1}, {"index": 100, "startTime": 113720, "endTime": 114494, "taskId": 0, "workflowId": 3, "jobId": -1}, {"index": 101, "startTime": 114623, "endTime": 115648, "taskId": 3, "workflowId": 3, "jobId": -1}, {"index": 110, "startTime": 115989, "endTime": 125891, "taskId": 6, "workflowId": -1, "jobId": 1}, {"index": 164, "startTime": 126504, "endTime": 128834, "taskId": 9, "workflowId": 3, "jobId": -1}, {"index": 176, "startTime": 129809, "endTime": 131340, "taskId": 1, "workflowId": 3, "jobId": -1}, {"index": 191, "startTime": 131360, "endTime": 141262, "taskId": 6, "workflowId": -1, "jobId": 2}, {"index": 232, "startTime": 142298, "endTime": 143700, "taskId": 2, "workflowId": 3, "jobId": -1}, {"index": 240, "startTime": 144570, "endTime": 146101, "taskId": 1, "workflowId": 3, "jobId": -1}, {"index": 248, "startTime": 146120, "endTime": 149635, "taskId": 10, "workflowId": -1, "jobId": 3}, {"index": 255, "startTime": 150150, "endTime": 151908, "taskId": 19, "workflowId": 3, "jobId": -1}, {"index": 260, "startTime": 152227, "endTime": 153319, "taskId": 24, "workflowId": 3, "jobId": -1}, {"index": 268, "startTime": 154864, "endTime": 156893, "taskId": 23, "workflowId": 3, "jobId": -1}, {"index": 274, "startTime": 158038, "endTime": 160368, "taskId": 9, "workflowId": 3, "jobId": -1}, {"index": 281, "startTime": 160735, "endTime": 162493, "taskId": 19, "workflowId": 3, "jobId": -1}, {"index": 286, "startTime": 162639, "endTime": 172541, "taskId": 6, "workflowId": -1, "jobId": 3}, {"index": 305, "startTime": 174739, "endTime": 176768, "taskId": 23, "workflowId": 3, "jobId": -1}, {"index": 314, "startTime": 176853, "endTime": 187238, "taskId": 11, "workflowId": -1, "jobId": 2}, {"index": 340, "startTime": 188714, "endTime": 189925, "taskId": 13, "workflowId": 2, "jobId": -1}, {"index": 349, "startTime": 190024, "endTime": 191233, "taskId": 2, "workflowId": 2, "jobId": -1}, {"index": 357, "startTime": 191748, "endTime": 192957, "taskId": 2, "workflowId": 2, "jobId": -1}, {"index": 362, "startTime": 193036, "endTime": 194247, "taskId": 13, "workflowId": 2, "jobId": -1}, {"index": 371, "startTime": 194467, "endTime": 196365, "taskId": 14, "workflowId": 2, "jobId": -1}, {"index": 388, "startTime": 196554, "endTime": 198482, "taskId": 11, "workflowId": 2, "jobId": -1}, {"index": 402, "startTime": 198806, "endTime": 199764, "taskId": 3, "workflowId": 2, "jobId": -1}, {"index": 419, "startTime": 199943, "endTime": 201162, "taskId": 10, "workflowId": 2, "jobId": -1}, {"index": 426, "startTime": 201358, "endTime": 203256, "taskId": 14, "workflowId": 2, "jobId": -1}, {"index": 442, "startTime": 203380, "endTime": 204591, "taskId": 13, "workflowId": 2, "jobId": -1}, {"index": 449, "startTime": 204593, "endTime": 206525, "taskId": 9, "workflowId": 2, "jobId": -1}, {"index": 472, "startTime": 206754, "endTime": 208897, "taskId": 19, "workflowId": 2, "jobId": -1}, {"index": 482, "startTime": 208899, "endTime": 212414, "taskId": 10, "workflowId": -1, "jobId": 5}, {"index": 513, "startTime": 214586, "endTime": 226831, "taskId": 8, "workflowId": -1, "jobId": 3}, {"index": 536, "startTime": 232341, "endTime": 242243, "taskId": 6, "workflowId": -1, "jobId": 4}, {"index": 551, "startTime": 243017, "endTime": 252919, "taskId": 6, "workflowId": -1, "jobId": 5}, {"index": 563, "startTime": 255641, "endTime": 266026, "taskId": 11, "workflowId": -1, "jobId": 3}, {"index": 575, "startTime": 268684, "endTime": 272199, "taskId": 10, "workflowId": -1, "jobId": 6}, {"index": 582, "startTime": 274755, "endTime": 277975, "taskId": 7, "workflowId": -1, "jobId": 3}, {"index": 586, "startTime": 278855, "endTime": 291100, "taskId": 8, "workflowId": -1, "jobId": 4}, {"index": 599, "startTime": 293820, "endTime": 304205, "taskId": 11, "workflowId": -1, "jobId": 4}, {"index": 611, "startTime": 307531, "endTime": 317916, "taskId": 11, "workflowId": -1, "jobId": 4}, {"index": 622, "startTime": 320736, "endTime": 332981, "taskId": 8, "workflowId": -1, "jobId": 5}, {"index": 631, "startTime": 334068, "endTime": 346313, "taskId": 8, "workflowId": -1, "jobId": 5}, {"index": 645, "startTime": 349042, "endTime": 358944, "taskId": 6, "workflowId": -1, "jobId": 7}, {"index": 653, "startTime": 359239, "endTime": 362754, "taskId": 10, "workflowId": -1, "jobId": 9}, {"index": 657, "startTime": 364824, "endTime": 369606, "taskId": 9, "workflowId": -1, "jobId": 6}, {"index": 664, "startTime": 374180, "endTime": 384565, "taskId": 11, "workflowId": -1, "jobId": 5}, {"index": 675, "startTime": 385616, "endTime": 389131, "taskId": 10, "workflowId": -1, "jobId": 10}, {"index": 681, "startTime": 391267, "endTime": 401169, "taskId": 6, "workflowId": -1, "jobId": 8}, {"index": 698, "startTime": 403741, "endTime": 407256, "taskId": 10, "workflowId": -1, "jobId": 11}, {"index": 703, "startTime": 409542, "endTime": 412762, "taskId": 7, "workflowId": -1, "jobId": 5}, {"index": 708, "startTime": 417447, "endTime": 427349, "taskId": 6, "workflowId": -1, "jobId": 9}, {"index": 719, "startTime": 428744, "endTime": 439129, "taskId": 11, "workflowId": -1, "jobId": 6}, {"index": 729, "startTime": 442173, "endTime": 452558, "taskId": 11, "workflowId": -1, "jobId": 6}, {"index": 741, "startTime": 452858, "endTime": 457640, "taskId": 9, "workflowId": -1, "jobId": 8}, {"index": 750, "startTime": 463462, "endTime": 466977, "taskId": 10, "workflowId": -1, "jobId": 12}, {"index": 753, "startTime": 469383, "endTime": 479285, "taskId": 6, "workflowId": -1, "jobId": 10}]}, {"frequency": 2.0, "activePower": 563.0, "idlePower": 120.0, "memory": 33554432, "allocations": [{"index": 7, "startTime": 37626, "endTime": 48011, "taskId": 11, "workflowId": -1, "jobId": 0}, {"index": 24, "startTime": 55462, "endTime": 58682, "taskId": 7, "workflowId": -1, "jobId": 0}, {"index": 27, "startTime": 60135, "endTime": 63355, "taskId": 7, "workflowId": -1, "jobId": 0}, {"index": 36, "startTime": 69265, "endTime": 74047, "taskId": 9, "workflowId": -1, "jobId": 0}, {"index": 47, "startTime": 77789, "endTime": 87691, "taskId": 6, "workflowId": -1, "jobId": 1}, {"index": 59, "startTime": 98133, "endTime": 101648, "taskId": 10, "workflowId": -1, "jobId": 2}, {"index": 67, "startTime": 102105, "endTime": 112007, "taskId": 6, "workflowId": -1, "jobId": 1}, {"index": 102, "startTime": 114700, "endTime": 116557, "taskId": 5, "workflowId": 3, "jobId": -1}, {"index": 113, "startTime": 116770, "endTime": 118338, "taskId": 12, "workflowId": 3, "jobId": -1}, {"index": 129, "startTime": 118877, "endTime": 120408, "taskId": 1, "workflowId": 3, "jobId": -1}, {"index": 140, "startTime": 120789, "endTime": 131174, "taskId": 11, "workflowId": -1, "jobId": 1}, {"index": 190, "startTime": 131221, "endTime": 143466, "taskId": 8, "workflowId": -1, "jobId": 1}, {"index": 241, "startTime": 144618, "endTime": 146647, "taskId": 23, "workflowId": 3, "jobId": -1}, {"index": 251, "startTime": 147176, "endTime": 149205, "taskId": 23, "workflowId": 3, "jobId": -1}, {"index": 256, "startTime": 150213, "endTime": 151156, "taskId": 20, "workflowId": 3, "jobId": -1}, {"index": 261, "startTime": 152384, "endTime": 153827, "taskId": 21, "workflowId": 3, "jobId": -1}, {"index": 269, "startTime": 155130, "endTime": 156720, "taskId": 22, "workflowId": 3, "jobId": -1}, {"index": 275, "startTime": 158317, "endTime": 159760, "taskId": 21, "workflowId": 3, "jobId": -1}, {"index": 282, "startTime": 161059, "endTime": 162817, "taskId": 19, "workflowId": 3, "jobId": -1}, {"index": 288, "startTime": 163623, "endTime": 165652, "taskId": 23, "workflowId": 3, "jobId": -1}, {"index": 295, "startTime": 167623, "endTime": 171138, "taskId": 10, "workflowId": -1, "jobId": 4}, {"index": 301, "startTime": 171347, "endTime": 176129, "taskId": 9, "workflowId": -1, "jobId": 2}, {"index": 311, "startTime": 176236, "endTime": 177328, "taskId": 24, "workflowId": 3, "jobId": -1}, {"index": 320, "startTime": 179786, "endTime": 184568, "taskId": 9, "workflowId": -1, "jobId": 3}, {"index": 333, "startTime": 185271, "endTime": 195173, "taskId": 6, "workflowId": -1, "jobId": 3}, {"index": 377, "startTime": 195176, "endTime": 196395, "taskId": 10, "workflowId": 2, "jobId": -1}, {"index": 389, "startTime": 196670, "endTime": 198540, "taskId": 4, "workflowId": 2, "jobId": -1}, {"index": 403, "startTime": 198825, "endTime": 201112, "taskId": 22, "workflowId": 2, "jobId": -1}, {"index": 427, "startTime": 201364, "endTime": 203236, "taskId": 24, "workflowId": 2, "jobId": -1}, {"index": 443, "startTime": 203610, "endTime": 204829, "taskId": 10, "workflowId": 2, "jobId": -1}, {"index": 451, "startTime": 205118, "endTime": 205969, "taskId": 15, "workflowId": 2, "jobId": -1}, {"index": 467, "startTime": 206008, "endTime": 206967, "taskId": 16, "workflowId": 2, "jobId": -1}, {"index": 476, "startTime": 208061, "endTime": 209931, "taskId": 4, "workflowId": 2, "jobId": -1}, {"index": 488, "startTime": 210127, "endTime": 211480, "taskId": 17, "workflowId": 2, "jobId": -1}, {"index": 499, "startTime": 211502, "endTime": 213430, "taskId": 11, "workflowId": 2, "jobId": -1}, {"index": 516, "startTime": 215720, "endTime": 216679, "taskId": 16, "workflowId": 2, "jobId": -1}, {"index": 518, "startTime": 216758, "endTime": 218962, "taskId": 21, "workflowId": 2, "jobId": -1}, {"index": 524, "startTime": 219145, "endTime": 231390, "taskId": 8, "workflowId": -1, "jobId": 3}, {"index": 537, "startTime": 232701, "endTime": 244946, "taskId": 8, "workflowId": -1, "jobId": 3}, {"index": 554, "startTime": 245891, "endTime": 249406, "taskId": 10, "workflowId": -1, "jobId": 6}, {"index": 560, "startTime": 252177, "endTime": 262079, "taskId": 6, "workflowId": -1, "jobId": 5}, {"index": 569, "startTime": 262754, "endTime": 273139, "taskId": 11, "workflowId": -1, "jobId": 3}, {"index": 584, "startTime": 277484, "endTime": 280999, "taskId": 10, "workflowId": -1, "jobId": 7}, {"index": 588, "startTime": 281175, "endTime": 293420, "taskId": 8, "workflowId": -1, "jobId": 4}, {"index": 600, "startTime": 294723, "endTime": 306968, "taskId": 8, "workflowId": -1, "jobId": 4}, {"index": 612, "startTime": 308467, "endTime": 320712, "taskId": 8, "workflowId": -1, "jobId": 4}, {"index": 623, "startTime": 320936, "endTime": 331321, "taskId": 11, "workflowId": -1, "jobId": 4}, {"index": 632, "startTime": 334207, "endTime": 337722, "taskId": 10, "workflowId": -1, "jobId": 9}, {"index": 639, "startTime": 339683, "endTime": 344465, "taskId": 9, "workflowId": -1, "jobId": 6}, {"index": 646, "startTime": 349777, "endTime": 352997, "taskId": 7, "workflowId": -1, "jobId": 4}, {"index": 659, "startTime": 367836, "endTime": 378221, "taskId": 11, "workflowId": -1, "jobId": 5}, {"index": 670, "startTime": 379685, "endTime": 384467, "taskId": 9, "workflowId": -1, "jobId": 7}, {"index": 676, "startTime": 386151, "endTime": 396536, "taskId": 11, "workflowId": -1, "jobId": 5}, {"index": 689, "startTime": 397517, "endTime": 407902, "taskId": 11, "workflowId": -1, "jobId": 5}, {"index": 704, "startTime": 410588, "endTime": 414103, "taskId": 10, "workflowId": -1, "jobId": 11}, {"index": 709, "startTime": 417465, "endTime": 420980, "taskId": 10, "workflowId": -1, "jobId": 11}, {"index": 712, "startTime": 422145, "endTime": 432047, "taskId": 6, "workflowId": -1, "jobId": 9}, {"index": 724, "startTime": 435375, "endTime": 445277, "taskId": 6, "workflowId": -1, "jobId": 10}, {"index": 735, "startTime": 448497, "endTime": 458399, "taskId": 6, "workflowId": -1, "jobId": 10}, {"index": 751, "startTime": 464567, "endTime": 474952, "taskId": 11, "workflowId": -1, "jobId": 6}]}, {"frequency": 2.0, "activePower": 563.0, "idlePower": 120.0, "memory": 33554432, "allocations": [{"index": 9, "startTime": 39872, "endTime": 43092, "taskId": 7, "workflowId": -1, "jobId": 0}, {"index": 17, "startTime": 46468, "endTime": 49688, "taskId": 7, "workflowId": -1, "jobId": 0}, {"index": 28, "startTime": 60198, "endTime": 70100, "taskId": 6, "workflowId": -1, "jobId": 0}, {"index": 39, "startTime": 71554, "endTime": 81939, "taskId": 11, "workflowId": -1, "jobId": 0}, {"index": 60, "startTime": 98350, "endTime": 108735, "taskId": 11, "workflowId": -1, "jobId": 1}, {"index": 84, "startTime": 109024, "endTime": 113806, "taskId": 9, "workflowId": -1, "jobId": 1}, {"index": 103, "startTime": 114732, "endTime": 115706, "taskId": 4, "workflowId": 3, "jobId": -1}, {"index": 111, "startTime": 115994, "endTime": 119509, "taskId": 10, "workflowId": -1, "jobId": 2}, {"index": 136, "startTime": 119510, "endTime": 121367, "taskId": 5, "workflowId": 3, "jobId": -1}, {"index": 144, "startTime": 122391, "endTime": 132293, "taskId": 6, "workflowId": -1, "jobId": 2}, {"index": 195, "startTime": 133073, "endTime": 135151, "taskId": 16, "workflowId": 3, "jobId": -1}, {"index": 208, "startTime": 135396, "endTime": 140178, "taskId": 9, "workflowId": -1, "jobId": 2}, {"index": 224, "startTime": 140633, "endTime": 143026, "taskId": 15, "workflowId": 3, "jobId": -1}, {"index": 234, "startTime": 143044, "endTime": 144358, "taskId": 18, "workflowId": 3, "jobId": -1}, {"index": 242, "startTime": 144710, "endTime": 145802, "taskId": 24, "workflowId": 3, "jobId": -1}, {"index": 246, "startTime": 146092, "endTime": 148485, "taskId": 15, "workflowId": 3, "jobId": -1}, {"index": 262, "startTime": 152540, "endTime": 154953, "taskId": 14, "workflowId": 3, "jobId": -1}, {"index": 270, "startTime": 155498, "endTime": 159013, "taskId": 10, "workflowId": -1, "jobId": 3}, {"index": 278, "startTime": 159279, "endTime": 171524, "taskId": 8, "workflowId": -1, "jobId": 2}, {"index": 302, "startTime": 171692, "endTime": 181594, "taskId": 6, "workflowId": -1, "jobId": 3}, {"index": 324, "startTime": 182061, "endTime": 194306, "taskId": 8, "workflowId": -1, "jobId": 2}, {"index": 372, "startTime": 194627, "endTime": 198142, "taskId": 10, "workflowId": -1, "jobId": 4}, {"index": 400, "startTime": 198328, "endTime": 200198, "taskId": 4, "workflowId": 2, "jobId": -1}, {"index": 421, "startTime": 200439, "endTime": 201334, "taskId": 18, "workflowId": 2, "jobId": -1}, {"index": 431, "startTime": 202022, "endTime": 204226, "taskId": 21, "workflowId": 2, "jobId": -1}, {"index": 452, "startTime": 205204, "endTime": 207175, "taskId": 12, "workflowId": 2, "jobId": -1}, {"index": 477, "startTime": 208197, "endTime": 209156, "taskId": 16, "workflowId": 2, "jobId": -1}, {"index": 485, "startTime": 209231, "endTime": 211435, "taskId": 21, "workflowId": 2, "jobId": -1}, {"index": 500, "startTime": 211527, "endTime": 213670, "taskId": 19, "workflowId": 2, "jobId": -1}, {"index": 517, "startTime": 216005, "endTime": 217760, "taskId": 23, "workflowId": 2, "jobId": -1}, {"index": 522, "startTime": 218144, "endTime": 222926, "taskId": 9, "workflowId": -1, "jobId": 3}, {"index": 540, "startTime": 234576, "endTime": 238091, "taskId": 10, "workflowId": -1, "jobId": 5}, {"index": 547, "startTime": 239725, "endTime": 244507, "taskId": 9, "workflowId": -1, "jobId": 4}, {"index": 555, "startTime": 246124, "endTime": 258369, "taskId": 8, "workflowId": -1, "jobId": 3}, {"index": 568, "startTime": 261238, "endTime": 271140, "taskId": 6, "workflowId": -1, "jobId": 5}, {"index": 580, "startTime": 271973, "endTime": 284218, "taskId": 8, "workflowId": -1, "jobId": 4}, {"index": 594, "startTime": 287853, "endTime": 300098, "taskId": 8, "workflowId": -1, "jobId": 4}, {"index": 604, "startTime": 300905, "endTime": 304420, "taskId": 10, "workflowId": -1, "jobId": 7}, {"index": 614, "startTime": 308730, "endTime": 318632, "taskId": 6, "workflowId": -1, "jobId": 6}, {"index": 627, "startTime": 326425, "endTime": 331207, "taskId": 9, "workflowId": -1, "jobId": 6}, {"index": 633, "startTime": 334290, "endTime": 337510, "taskId": 7, "workflowId": -1, "jobId": 4}, {"index": 640, "startTime": 341056, "endTime": 344276, "taskId": 7, "workflowId": -1, "jobId": 4}, {"index": 667, "startTime": 378070, "endTime": 382852, "taskId": 9, "workflowId": -1, "jobId": 6}, {"index": 677, "startTime": 388644, "endTime": 398546, "taskId": 6, "workflowId": -1, "jobId": 8}, {"index": 692, "startTime": 399213, "endTime": 402728, "taskId": 10, "workflowId": -1, "jobId": 11}, {"index": 699, "startTime": 403797, "endTime": 413699, "taskId": 6, "workflowId": -1, "jobId": 9}, {"index": 713, "startTime": 422941, "endTime": 426456, "taskId": 10, "workflowId": -1, "jobId": 12}, {"index": 725, "startTime": 435808, "endTime": 448053, "taskId": 8, "workflowId": -1, "jobId": 7}, {"index": 736, "startTime": 448526, "endTime": 460771, "taskId": 8, "workflowId": -1, "jobId": 7}]}, {"frequency": 2.0, "activePower": 563.0, "idlePower": 120.0, "memory": 33554432, "allocations": [{"index": 11, "startTime": 41868, "endTime": 51770, "taskId": 6, "workflowId": -1, "jobId": 0}, {"index": 29, "startTime": 60277, "endTime": 63792, "taskId": 10, "workflowId": -1, "jobId": 0}, {"index": 40, "startTime": 71632, "endTime": 74852, "taskId": 7, "workflowId": -1, "jobId": 0}, {"index": 48, "startTime": 78976, "endTime": 82491, "taskId": 10, "workflowId": -1, "jobId": 1}, {"index": 61, "startTime": 98974, "endTime": 109359, "taskId": 11, "workflowId": -1, "jobId": 0}, {"index": 90, "startTime": 110919, "endTime": 112138, "taskId": 6, "workflowId": 3, "jobId": -1}, {"index": 104, "startTime": 115009, "endTime": 118229, "taskId": 7, "workflowId": -1, "jobId": 1}, {"index": 130, "startTime": 118933, "endTime": 120430, "taskId": 10, "workflowId": 3, "jobId": -1}, {"index": 141, "startTime": 120990, "endTime": 122617, "taskId": 13, "workflowId": 3, "jobId": -1}, {"index": 146, "startTime": 122768, "endTime": 135013, "taskId": 8, "workflowId": -1, "jobId": 1}, {"index": 207, "startTime": 135029, "endTime": 136656, "taskId": 13, "workflowId": 3, "jobId": -1}, {"index": 214, "startTime": 137351, "endTime": 139109, "taskId": 19, "workflowId": 3, "jobId": -1}, {"index": 218, "startTime": 139377, "endTime": 142892, "taskId": 10, "workflowId": -1, "jobId": 3}, {"index": 235, "startTime": 143149, "endTime": 145479, "taskId": 9, "workflowId": 3, "jobId": -1}, {"index": 247, "startTime": 146092, "endTime": 147359, "taskId": 17, "workflowId": 3, "jobId": -1}, {"index": 252, "startTime": 148186, "endTime": 160431, "taskId": 8, "workflowId": -1, "jobId": 2}, {"index": 289, "startTime": 163946, "endTime": 174331, "taskId": 11, "workflowId": -1, "jobId": 2}, {"index": 306, "startTime": 174926, "endTime": 176018, "taskId": 24, "workflowId": 3, "jobId": -1}, {"index": 312, "startTime": 176316, "endTime": 178345, "taskId": 23, "workflowId": 3, "jobId": -1}, {"index": 323, "startTime": 181367, "endTime": 182576, "taskId": 2, "workflowId": 2, "jobId": -1}, {"index": 327, "startTime": 182856, "endTime": 184119, "taskId": 5, "workflowId": 2, "jobId": -1}, {"index": 334, "startTime": 185273, "endTime": 186140, "taskId": 1, "workflowId": 2, "jobId": -1}, {"index": 341, "startTime": 188716, "endTime": 191030, "taskId": 7, "workflowId": 2, "jobId": -1}, {"index": 359, "startTime": 192523, "endTime": 194494, "taskId": 12, "workflowId": 2, "jobId": -1}, {"index": 373, "startTime": 194748, "endTime": 196676, "taskId": 11, "workflowId": 2, "jobId": -1}, {"index": 390, "startTime": 196678, "endTime": 197889, "taskId": 13, "workflowId": 2, "jobId": -1}, {"index": 401, "startTime": 198477, "endTime": 208379, "taskId": 6, "workflowId": -1, "jobId": 4}, {"index": 481, "startTime": 208848, "endTime": 210603, "taskId": 23, "workflowId": 2, "jobId": -1}, {"index": 490, "startTime": 210696, "endTime": 213916, "taskId": 7, "workflowId": -1, "jobId": 2}, {"index": 519, "startTime": 217142, "endTime": 219014, "taskId": 24, "workflowId": 2, "jobId": -1}, {"index": 526, "startTime": 220239, "endTime": 225021, "taskId": 9, "workflowId": -1, "jobId": 3}, {"index": 542, "startTime": 236161, "endTime": 239676, "taskId": 10, "workflowId": -1, "jobId": 6}, {"index": 549, "startTime": 241973, "endTime": 246755, "taskId": 9, "workflowId": -1, "jobId": 4}, {"index": 570, "startTime": 263240, "endTime": 275485, "taskId": 8, "workflowId": -1, "jobId": 4}, {"index": 587, "startTime": 280223, "endTime": 283443, "taskId": 7, "workflowId": -1, "jobId": 3}, {"index": 595, "startTime": 290392, "endTime": 302637, "taskId": 8, "workflowId": -1, "jobId": 4}, {"index": 619, "startTime": 316201, "endTime": 326586, "taskId": 11, "workflowId": -1, "jobId": 4}, {"index": 634, "startTime": 334379, "endTime": 344764, "taskId": 11, "workflowId": -1, "jobId": 4}, {"index": 671, "startTime": 380076, "endTime": 383296, "taskId": 7, "workflowId": -1, "jobId": 5}, {"index": 682, "startTime": 391545, "endTime": 403790, "taskId": 8, "workflowId": -1, "jobId": 6}, {"index": 700, "startTime": 405338, "endTime": 417583, "taskId": 8, "workflowId": -1, "jobId": 6}, {"index": 714, "startTime": 424094, "endTime": 428876, "taskId": 9, "workflowId": -1, "jobId": 8}, {"index": 732, "startTime": 444224, "endTime": 454126, "taskId": 6, "workflowId": -1, "jobId": 10}, {"index": 743, "startTime": 454547, "endTime": 458062, "taskId": 10, "workflowId": -1, "jobId": 12}]}, {"frequency": 2.0, "activePower": 563.0, "idlePower": 120.0, "memory": 33554432, "allocations": [{"index": 12, "startTime": 41884, "endTime": 52269, "taskId": 11, "workflowId": -1, "jobId": 0}, {"index": 30, "startTime": 60354, "endTime": 72599, "taskId": 8, "workflowId": -1, "jobId": 0}, {"index": 42, "startTime": 73457, "endTime": 83359, "taskId": 6, "workflowId": -1, "jobId": 0}, {"index": 62, "startTime": 99348, "endTime": 100122, "taskId": 0, "workflowId": 3, "jobId": -1}, {"index": 70, "startTime": 104451, "endTime": 105982, "taskId": 1, "workflowId": 3, "jobId": -1}, {"index": 78, "startTime": 106269, "endTime": 107488, "taskId": 6, "workflowId": 3, "jobId": -1}, {"index": 81, "startTime": 107490, "endTime": 117392, "taskId": 6, "workflowId": -1, "jobId": 1}, {"index": 124, "startTime": 117431, "endTime": 118650, "taskId": 6, "workflowId": 3, "jobId": -1}, {"index": 131, "startTime": 118982, "endTime": 120201, "taskId": 6, "workflowId": 3, "jobId": -1}, {"index": 142, "startTime": 121175, "endTime": 131560, "taskId": 11, "workflowId": -1, "jobId": 1}, {"index": 192, "startTime": 131949, "endTime": 133113, "taskId": 8, "workflowId": 3, "jobId": -1}, {"index": 196, "startTime": 133234, "endTime": 136454, "taskId": 7, "workflowId": -1, "jobId": 1}, {"index": 219, "startTime": 139636, "endTime": 149538, "taskId": 6, "workflowId": -1, "jobId": 2}, {"index": 263, "startTime": 152573, "endTime": 154651, "taskId": 16, "workflowId": 3, "jobId": -1}, {"index": 276, "startTime": 158505, "endTime": 160534, "taskId": 23, "workflowId": 3, "jobId": -1}, {"index": 290, "startTime": 165127, "endTime": 166070, "taskId": 20, "workflowId": 3, "jobId": -1}, {"index": 296, "startTime": 168714, "endTime": 180959, "taskId": 8, "workflowId": -1, "jobId": 2}, {"index": 329, "startTime": 183612, "endTime": 186832, "taskId": 7, "workflowId": -1, "jobId": 2}, {"index": 342, "startTime": 188729, "endTime": 190173, "taskId": 8, "workflowId": 2, "jobId": -1}, {"index": 360, "startTime": 192619, "endTime": 194648, "taskId": 23, "workflowId": 3, "jobId": -1}, {"index": 374, "startTime": 194919, "endTime": 197123, "taskId": 21, "workflowId": 2, "jobId": -1}, {"index": 392, "startTime": 197125, "endTime": 198995, "taskId": 4, "workflowId": 2, "jobId": -1}, {"index": 405, "startTime": 199143, "endTime": 201347, "taskId": 21, "workflowId": 2, "jobId": -1}, {"index": 432, "startTime": 202124, "endTime": 204411, "taskId": 22, "workflowId": 2, "jobId": -1}, {"index": 453, "startTime": 205209, "endTime": 207137, "taskId": 11, "workflowId": 2, "jobId": -1}, {"index": 478, "startTime": 208289, "endTime": 210432, "taskId": 19, "workflowId": 2, "jobId": -1}, {"index": 491, "startTime": 210882, "endTime": 212754, "taskId": 24, "workflowId": 2, "jobId": -1}, {"index": 527, "startTime": 221056, "endTime": 230958, "taskId": 6, "workflowId": -1, "jobId": 4}, {"index": 543, "startTime": 236743, "endTime": 240258, "taskId": 10, "workflowId": -1, "jobId": 6}, {"index": 550, "startTime": 242029, "endTime": 252414, "taskId": 11, "workflowId": -1, "jobId": 3}, {"index": 576, "startTime": 269023, "endTime": 273805, "taskId": 9, "workflowId": -1, "jobId": 4}, {"index": 596, "startTime": 290799, "endTime": 295581, "taskId": 9, "workflowId": -1, "jobId": 5}, {"index": 605, "startTime": 301112, "endTime": 305894, "taskId": 9, "workflowId": -1, "jobId": 5}, {"index": 636, "startTime": 337121, "endTime": 341903, "taskId": 9, "workflowId": -1, "jobId": 6}, {"index": 673, "startTime": 382105, "endTime": 392007, "taskId": 6, "workflowId": -1, "jobId": 8}, {"index": 686, "startTime": 394981, "endTime": 398496, "taskId": 10, "workflowId": -1, "jobId": 11}, {"index": 694, "startTime": 400712, "endTime": 412957, "taskId": 8, "workflowId": -1, "jobId": 6}, {"index": 715, "startTime": 424266, "endTime": 434651, "taskId": 11, "workflowId": -1, "jobId": 6}, {"index": 739, "startTime": 450611, "endTime": 455393, "taskId": 9, "workflowId": -1, "jobId": 8}, {"index": 744, "startTime": 455393, "endTime": 458908, "taskId": 10, "workflowId": -1, "jobId": 13}]}, {"frequency": 2.0, "activePower": 563.0, "idlePower": 120.0, "memory": 33554432, "allocations": [{"index": 18, "startTime": 46561, "endTime": 56463, "taskId": 6, "workflowId": -1, "jobId": 0}, {"index": 43, "startTime": 73473, "endTime": 76693, "taskId": 7, "workflowId": -1, "jobId": 0}, {"index": 63, "startTime": 99582, "endTime": 111827, "taskId": 8, "workflowId": -1, "jobId": 1}, {"index": 97, "startTime": 111851, "endTime": 112625, "taskId": 0, "workflowId": 3, "jobId": -1}, {"index": 105, "startTime": 115335, "endTime": 116499, "taskId": 8, "workflowId": 3, "jobId": -1}, {"index": 114, "startTime": 116953, "endTime": 117978, "taskId": 3, "workflowId": 3, "jobId": -1}, {"index": 126, "startTime": 117979, "endTime": 118753, "taskId": 0, "workflowId": 3, "jobId": -1}, {"index": 132, "startTime": 119311, "endTime": 120336, "taskId": 3, "workflowId": 3, "jobId": -1}, {"index": 143, "startTime": 121272, "endTime": 122674, "taskId": 2, "workflowId": 3, "jobId": -1}, {"index": 147, "startTime": 123121, "endTime": 124652, "taskId": 1, "workflowId": 3, "jobId": -1}, {"index": 157, "startTime": 124819, "endTime": 125374, "taskId": 7, "workflowId": 3, "jobId": -1}, {"index": 162, "startTime": 125625, "endTime": 126844, "taskId": 6, "workflowId": 3, "jobId": -1}, {"index": 167, "startTime": 126846, "endTime": 136748, "taskId": 6, "workflowId": -1, "jobId": 2}, {"index": 220, "startTime": 139936, "endTime": 141563, "taskId": 13, "workflowId": 3, "jobId": -1}, {"index": 233, "startTime": 142328, "endTime": 143302, "taskId": 4, "workflowId": 3, "jobId": -1}, {"index": 243, "startTime": 145221, "endTime": 155123, "taskId": 6, "workflowId": -1, "jobId": 2}, {"index": 277, "startTime": 158629, "endTime": 159721, "taskId": 24, "workflowId": 3, "jobId": -1}, {"index": 291, "startTime": 165222, "endTime": 166665, "taskId": 21, "workflowId": 3, "jobId": -1}, {"index": 297, "startTime": 168912, "endTime": 170539, "taskId": 13, "workflowId": 3, "jobId": -1}, {"index": 299, "startTime": 170647, "endTime": 182892, "taskId": 8, "workflowId": -1, "jobId": 2}, {"index": 330, "startTime": 183746, "endTime": 185678, "taskId": 9, "workflowId": 2, "jobId": -1}, {"index": 343, "startTime": 188769, "endTime": 190697, "taskId": 11, "workflowId": 2, "jobId": -1}, {"index": 361, "startTime": 192810, "endTime": 193768, "taskId": 3, "workflowId": 2, "jobId": -1}, {"index": 367, "startTime": 193851, "endTime": 194718, "taskId": 1, "workflowId": 2, "jobId": -1}, {"index": 375, "startTime": 194964, "endTime": 197251, "taskId": 22, "workflowId": 2, "jobId": -1}, {"index": 394, "startTime": 197253, "endTime": 200473, "taskId": 7, "workflowId": -1, "jobId": 2}, {"index": 423, "startTime": 200673, "endTime": 201524, "taskId": 15, "workflowId": 2, "jobId": -1}, {"index": 434, "startTime": 202233, "endTime": 204204, "taskId": 12, "workflowId": 2, "jobId": -1}, {"index": 454, "startTime": 205227, "endTime": 206438, "taskId": 13, "workflowId": 2, "jobId": -1}, {"index": 470, "startTime": 206439, "endTime": 207883, "taskId": 8, "workflowId": 2, "jobId": -1}, {"index": 479, "startTime": 208337, "endTime": 210113, "taskId": 20, "workflowId": 2, "jobId": -1}, {"index": 489, "startTime": 210287, "endTime": 211182, "taskId": 18, "workflowId": 2, "jobId": -1}, {"index": 494, "startTime": 211222, "endTime": 216004, "taskId": 9, "workflowId": -1, "jobId": 3}, {"index": 544, "startTime": 237437, "endTime": 247822, "taskId": 11, "workflowId": -1, "jobId": 3}, {"index": 577, "startTime": 269180, "endTime": 279565, "taskId": 11, "workflowId": -1, "jobId": 3}, {"index": 606, "startTime": 301542, "endTime": 311444, "taskId": 6, "workflowId": -1, "jobId": 6}, {"index": 641, "startTime": 341644, "endTime": 351546, "taskId": 6, "workflowId": -1, "jobId": 7}, {"index": 687, "startTime": 395471, "endTime": 405373, "taskId": 6, "workflowId": -1, "jobId": 8}, {"index": 740, "startTime": 451338, "endTime": 461723, "taskId": 11, "workflowId": -1, "jobId": 6}]}, {"frequency": 2.0, "activePower": 563.0, "idlePower": 120.0, "memory": 33554432, "allocations": [{"index": 19, "startTime": 46592, "endTime": 58837, "taskId": 8, "workflowId": -1, "jobId": 0}, {"index": 44, "startTime": 73488, "endTime": 83390, "taskId": 6, "workflowId": -1, "jobId": 1}, {"index": 64, "startTime": 99989, "endTime": 104771, "taskId": 9, "workflowId": -1, "jobId": 1}, {"index": 74, "startTime": 104808, "endTime": 108323, "taskId": 10, "workflowId": -1, "jobId": 2}, {"index": 83, "startTime": 108556, "endTime": 109530, "taskId": 4, "workflowId": 3, "jobId": -1}, {"index": 92, "startTime": 111262, "endTime": 112236, "taskId": 4, "workflowId": 3, "jobId": -1}, {"index": 106, "startTime": 115380, "endTime": 117710, "taskId": 9, "workflowId": 3, "jobId": -1}, {"index": 125, "startTime": 117928, "endTime": 119555, "taskId": 13, "workflowId": 3, "jobId": -1}, {"index": 138, "startTime": 119605, "endTime": 121935, "taskId": 9, "workflowId": 3, "jobId": -1}, {"index": 145, "startTime": 122467, "endTime": 127249, "taskId": 9, "workflowId": -1, "jobId": 1}, {"index": 177, "startTime": 129840, "endTime": 130865, "taskId": 3, "workflowId": 3, "jobId": -1}, {"index": 189, "startTime": 131001, "endTime": 135783, "taskId": 9, "workflowId": -1, "jobId": 2}, {"index": 221, "startTime": 139993, "endTime": 141751, "taskId": 19, "workflowId": 3, "jobId": -1}, {"index": 236, "startTime": 143149, "endTime": 144646, "taskId": 10, "workflowId": 3, "jobId": -1}, {"index": 249, "startTime": 146169, "endTime": 147759, "taskId": 22, "workflowId": 3, "jobId": -1}, {"index": 264, "startTime": 152668, "endTime": 164913, "taskId": 8, "workflowId": -1, "jobId": 2}, {"index": 300, "startTime": 171035, "endTime": 174550, "taskId": 10, "workflowId": -1, "jobId": 3}, {"index": 309, "startTime": 175582, "endTime": 177975, "taskId": 15, "workflowId": 3, "jobId": -1}, {"index": 344, "startTime": 188814, "endTime": 190058, "taskId": 6, "workflowId": 2, "jobId": -1}, {"index": 352, "startTime": 190065, "endTime": 191418, "taskId": 17, "workflowId": 2, "jobId": -1}, {"index": 363, "startTime": 193059, "endTime": 194991, "taskId": 9, "workflowId": 2, "jobId": -1}, {"index": 376, "startTime": 195053, "endTime": 195556, "taskId": 0, "workflowId": 2, "jobId": -1}, {"index": 381, "startTime": 195556, "endTime": 196515, "taskId": 16, "workflowId": 2, "jobId": -1}, {"index": 391, "startTime": 196915, "endTime": 199229, "taskId": 7, "workflowId": 2, "jobId": -1}, {"index": 409, "startTime": 199235, "endTime": 200679, "taskId": 8, "workflowId": 2, "jobId": -1}, {"index": 435, "startTime": 202262, "endTime": 205777, "taskId": 10, "workflowId": -1, "jobId": 5}, {"index": 465, "startTime": 205841, "endTime": 206736, "taskId": 18, "workflowId": 2, "jobId": -1}, {"index": 473, "startTime": 206771, "endTime": 211553, "taskId": 9, "workflowId": -1, "jobId": 3}, {"index": 502, "startTime": 211593, "endTime": 213797, "taskId": 21, "workflowId": 2, "jobId": -1}, {"index": 552, "startTime": 243073, "endTime": 246293, "taskId": 7, "workflowId": -1, "jobId": 3}, {"index": 556, "startTime": 246489, "endTime": 256874, "taskId": 11, "workflowId": -1, "jobId": 3}, {"index": 745, "startTime": 455782, "endTime": 466167, "taskId": 11, "workflowId": -1, "jobId": 6}]}, {"frequency": 2.0, "activePower": 563.0, "idlePower": 120.0, "memory": 33554432, "allocations": [{"index": 45, "startTime": 73504, "endTime": 78286, "taskId": 9, "workflowId": -1, "jobId": 0}, {"index": 71, "startTime": 104467, "endTime": 105492, "taskId": 3, "workflowId": 3, "jobId": -1}, {"index": 76, "startTime": 105582, "endTime": 106801, "taskId": 6, "workflowId": 3, "jobId": -1}, {"index": 80, "startTime": 106830, "endTime": 110345, "taskId": 10, "workflowId": -1, "jobId": 2}, {"index": 93, "startTime": 111401, "endTime": 113258, "taskId": 5, "workflowId": 3, "jobId": -1}, {"index": 107, "startTime": 115474, "endTime": 116134, "taskId": 11, "workflowId": 3, "jobId": -1}, {"index": 115, "startTime": 117061, "endTime": 118592, "taskId": 1, "workflowId": 3, "jobId": -1}, {"index": 133, "startTime": 119356, "endTime": 120575, "taskId": 6, "workflowId": 3, "jobId": -1}, {"index": 149, "startTime": 123370, "endTime": 124534, "taskId": 8, "workflowId": 3, "jobId": -1}, {"index": 158, "startTime": 125109, "endTime": 128624, "taskId": 10, "workflowId": -1, "jobId": 2}, {"index": 178, "startTime": 129920, "endTime": 131084, "taskId": 8, "workflowId": 3, "jobId": -1}, {"index": 194, "startTime": 132113, "endTime": 133740, "taskId": 13, "workflowId": 3, "jobId": -1}, {"index": 199, "startTime": 134084, "endTime": 136414, "taskId": 9, "workflowId": 3, "jobId": -1}, {"index": 222, "startTime": 140104, "endTime": 141547, "taskId": 21, "workflowId": 3, "jobId": -1}, {"index": 237, "startTime": 143170, "endTime": 144928, "taskId": 19, "workflowId": 3, "jobId": -1}, {"index": 265, "startTime": 152822, "endTime": 153377, "taskId": 7, "workflowId": 3, "jobId": -1}, {"index": 279, "startTime": 159451, "endTime": 160765, "taskId": 18, "workflowId": 3, "jobId": -1}, {"index": 310, "startTime": 175585, "endTime": 176852, "taskId": 17, "workflowId": 3, "jobId": -1}, {"index": 315, "startTime": 176906, "endTime": 180126, "taskId": 7, "workflowId": -1, "jobId": 2}, {"index": 345, "startTime": 188823, "endTime": 190794, "taskId": 12, "workflowId": 2, "jobId": -1}, {"index": 364, "startTime": 193089, "endTime": 197871, "taskId": 9, "workflowId": -1, "jobId": 3}, {"index": 404, "startTime": 198946, "endTime": 200917, "taskId": 12, "workflowId": 2, "jobId": -1}, {"index": 436, "startTime": 202739, "endTime": 203606, "taskId": 1, "workflowId": 2, "jobId": -1}, {"index": 444, "startTime": 203613, "endTime": 204824, "taskId": 13, "workflowId": 2, "jobId": -1}, {"index": 455, "startTime": 205264, "endTime": 207162, "taskId": 14, "workflowId": 2, "jobId": -1}, {"index": 486, "startTime": 209236, "endTime": 211523, "taskId": 22, "workflowId": 2, "jobId": -1}, {"index": 501, "startTime": 211546, "endTime": 213322, "taskId": 20, "workflowId": 2, "jobId": -1}]}, {"frequency": 2.0, "activePower": 563.0, "idlePower": 120.0, "memory": 33554432, "allocations": [{"index": 72, "startTime": 104607, "endTime": 105581, "taskId": 4, "workflowId": 3, "jobId": -1}, {"index": 79, "startTime": 106706, "endTime": 108108, "taskId": 2, "workflowId": 3, "jobId": -1}, {"index": 94, "startTime": 111573, "endTime": 115088, "taskId": 10, "workflowId": -1, "jobId": 2}, {"index": 108, "startTime": 115537, "endTime": 117105, "taskId": 12, "workflowId": 3, "jobId": -1}, {"index": 117, "startTime": 117106, "endTime": 118325, "taskId": 6, "workflowId": 3, "jobId": -1}, {"index": 134, "startTime": 119451, "endTime": 121019, "taskId": 12, "workflowId": 3, "jobId": -1}, {"index": 151, "startTime": 123524, "endTime": 125854, "taskId": 9, "workflowId": 3, "jobId": -1}, {"index": 165, "startTime": 126506, "endTime": 127166, "taskId": 11, "workflowId": 3, "jobId": -1}, {"index": 179, "startTime": 129984, "endTime": 131841, "taskId": 5, "workflowId": 3, "jobId": -1}, {"index": 200, "startTime": 134089, "endTime": 135657, "taskId": 12, "workflowId": 3, "jobId": -1}, {"index": 225, "startTime": 140881, "endTime": 142045, "taskId": 8, "workflowId": 3, "jobId": -1}, {"index": 266, "startTime": 153150, "endTime": 154464, "taskId": 18, "workflowId": 3, "jobId": -1}, {"index": 313, "startTime": 176454, "endTime": 179969, "taskId": 10, "workflowId": -1, "jobId": 4}, {"index": 346, "startTime": 188884, "endTime": 190754, "taskId": 4, "workflowId": 2, "jobId": -1}, {"index": 365, "startTime": 193564, "endTime": 194773, "taskId": 2, "workflowId": 2, "jobId": -1}, {"index": 378, "startTime": 195205, "endTime": 196981, "taskId": 20, "workflowId": 2, "jobId": -1}, {"index": 393, "startTime": 197237, "endTime": 198481, "taskId": 6, "workflowId": 2, "jobId": -1}, {"index": 406, "startTime": 199200, "endTime": 201514, "taskId": 7, "workflowId": 2, "jobId": -1}, {"index": 437, "startTime": 202852, "endTime": 204750, "taskId": 14, "workflowId": 2, "jobId": -1}, {"index": 456, "startTime": 205278, "endTime": 207206, "taskId": 11, "workflowId": 2, "jobId": -1}, {"index": 487, "startTime": 209364, "endTime": 211119, "taskId": 23, "workflowId": 2, "jobId": -1}, {"index": 493, "startTime": 211119, "endTime": 212991, "taskId": 24, "workflowId": 2, "jobId": -1}]}, {"frequency": 2.0, "activePower": 563.0, "idlePower": 120.0, "memory": 33554432, "allocations": [{"index": 73, "startTime": 104609, "endTime": 106466, "taskId": 5, "workflowId": 3, "jobId": -1}, {"index": 95, "startTime": 111635, "endTime": 112409, "taskId": 0, "workflowId": 3, "jobId": -1}, {"index": 109, "startTime": 115616, "endTime": 117113, "taskId": 10, "workflowId": 3, "jobId": -1}, {"index": 118, "startTime": 117123, "endTime": 118980, "taskId": 5, "workflowId": 3, "jobId": -1}, {"index": 135, "startTime": 119466, "endTime": 120440, "taskId": 4, "workflowId": 3, "jobId": -1}, {"index": 152, "startTime": 123539, "endTime": 125107, "taskId": 12, "workflowId": 3, "jobId": -1}, {"index": 160, "startTime": 125263, "endTime": 126665, "taskId": 2, "workflowId": 3, "jobId": -1}, {"index": 166, "startTime": 126667, "endTime": 128524, "taskId": 5, "workflowId": 3, "jobId": -1}, {"index": 180, "startTime": 130044, "endTime": 132374, "taskId": 9, "workflowId": 3, "jobId": -1}, {"index": 201, "startTime": 134096, "endTime": 135410, "taskId": 18, "workflowId": 3, "jobId": -1}, {"index": 209, "startTime": 135411, "endTime": 136354, "taskId": 20, "workflowId": 3, "jobId": -1}, {"index": 227, "startTime": 141065, "endTime": 143143, "taskId": 16, "workflowId": 3, "jobId": -1}, {"index": 316, "startTime": 176937, "endTime": 177804, "taskId": 1, "workflowId": 2, "jobId": -1}, {"index": 347, "startTime": 188915, "endTime": 189418, "taskId": 0, "workflowId": 2, "jobId": -1}, {"index": 350, "startTime": 190025, "endTime": 202270, "taskId": 8, "workflowId": -1, "jobId": 2}, {"index": 438, "startTime": 202913, "endTime": 203764, "taskId": 15, "workflowId": 2, "jobId": -1}, {"index": 457, "startTime": 205353, "endTime": 207251, "taskId": 14, "workflowId": 2, "jobId": -1}, {"index": 492, "startTime": 211056, "endTime": 212267, "taskId": 13, "workflowId": 2, "jobId": -1}]}, {"frequency": 2.0, "activePower": 563.0, "idlePower": 120.0, "memory": 33554432, "allocations": [{"index": 96, "startTime": 111773, "endTime": 112328, "taskId": 7, "workflowId": 3, "jobId": -1}, {"index": 116, "startTime": 117077, "endTime": 118051, "taskId": 4, "workflowId": 3, "jobId": -1}, {"index": 127, "startTime": 118053, "endTime": 127955, "taskId": 6, "workflowId": -1, "jobId": 2}, {"index": 181, "startTime": 130051, "endTime": 131548, "taskId": 10, "workflowId": 3, "jobId": -1}, {"index": 202, "startTime": 134171, "endTime": 136501, "taskId": 9, "workflowId": 3, "jobId": -1}, {"index": 228, "startTime": 141114, "endTime": 142381, "taskId": 17, "workflowId": 3, "jobId": -1}, {"index": 351, "startTime": 190057, "endTime": 193572, "taskId": 10, "workflowId": -1, "jobId": 4}, {"index": 368, "startTime": 193876, "endTime": 195085, "taskId": 2, "workflowId": 2, "jobId": -1}, {"index": 379, "startTime": 195249, "endTime": 197392, "taskId": 19, "workflowId": 2, "jobId": -1}, {"index": 396, "startTime": 197394, "endTime": 198638, "taskId": 6, "workflowId": 2, "jobId": -1}, {"index": 407, "startTime": 199211, "endTime": 201081, "taskId": 4, "workflowId": 2, "jobId": -1}, {"index": 439, "startTime": 202991, "endTime": 204210, "taskId": 10, "workflowId": 2, "jobId": -1}, {"index": 458, "startTime": 205397, "endTime": 206641, "taskId": 6, "workflowId": 2, "jobId": -1}, {"index": 496, "startTime": 211393, "endTime": 212352, "taskId": 16, "workflowId": 2, "jobId": -1}]}, {"frequency": 2.0, "activePower": 563.0, "idlePower": 120.0, "memory": 33554432, "allocations": [{"index": 119, "startTime": 117126, "endTime": 118657, "taskId": 1, "workflowId": 3, "jobId": -1}, {"index": 137, "startTime": 119545, "endTime": 122765, "taskId": 7, "workflowId": -1, "jobId": 1}, {"index": 154, "startTime": 124109, "endTime": 126502, "taskId": 15, "workflowId": 3, "jobId": -1}, {"index": 168, "startTime": 127023, "endTime": 127578, "taskId": 7, "workflowId": 3, "jobId": -1}, {"index": 182, "startTime": 130134, "endTime": 140519, "taskId": 11, "workflowId": -1, "jobId": 1}, {"index": 229, "startTime": 141134, "endTime": 142724, "taskId": 22, "workflowId": 3, "jobId": -1}, {"index": 353, "startTime": 190098, "endTime": 190993, "taskId": 18, "workflowId": 2, "jobId": -1}, {"index": 369, "startTime": 193939, "endTime": 195202, "taskId": 5, "workflowId": 2, "jobId": -1}, {"index": 380, "startTime": 195463, "endTime": 197777, "taskId": 7, "workflowId": 2, "jobId": -1}, {"index": 408, "startTime": 199214, "endTime": 200172, "taskId": 3, "workflowId": 2, "jobId": -1}, {"index": 440, "startTime": 203024, "endTime": 204956, "taskId": 9, "workflowId": 2, "jobId": -1}, {"index": 459, "startTime": 205424, "endTime": 207567, "taskId": 19, "workflowId": 2, "jobId": -1}, {"index": 497, "startTime": 211414, "endTime": 213385, "taskId": 12, "workflowId": 2, "jobId": -1}]}, {"frequency": 2.0, "activePower": 563.0, "idlePower": 120.0, "memory": 33554432, "allocations": [{"index": 120, "startTime": 117233, "endTime": 118207, "taskId": 4, "workflowId": 3, "jobId": -1}, {"index": 155, "startTime": 124150, "endTime": 126228, "taskId": 16, "workflowId": 3, "jobId": -1}, {"index": 169, "startTime": 127100, "endTime": 129513, "taskId": 14, "workflowId": 3, "jobId": -1}, {"index": 183, "startTime": 130196, "endTime": 132274, "taskId": 16, "workflowId": 3, "jobId": -1}, {"index": 203, "startTime": 134251, "endTime": 137766, "taskId": 10, "workflowId": -1, "jobId": 2}, {"index": 370, "startTime": 194002, "endTime": 203904, "taskId": 6, "workflowId": -1, "jobId": 4}, {"index": 460, "startTime": 205515, "endTime": 207291, "taskId": 20, "workflowId": 2, "jobId": -1}, {"index": 503, "startTime": 211604, "endTime": 213891, "taskId": 22, "workflowId": 2, "jobId": -1}]}, {"frequency": 2.0, "activePower": 563.0, "idlePower": 120.0, "memory": 33554432, "allocations": [{"index": 121, "startTime": 117238, "endTime": 119095, "taskId": 5, "workflowId": 3, "jobId": -1}, {"index": 170, "startTime": 127132, "endTime": 129525, "taskId": 15, "workflowId": 3, "jobId": -1}, {"index": 184, "startTime": 130258, "endTime": 132651, "taskId": 15, "workflowId": 3, "jobId": -1}, {"index": 204, "startTime": 134438, "endTime": 135935, "taskId": 10, "workflowId": 3, "jobId": -1}, {"index": 382, "startTime": 195561, "endTime": 196772, "taskId": 13, "workflowId": 2, "jobId": -1}, {"index": 395, "startTime": 197268, "endTime": 199200, "taskId": 9, "workflowId": 2, "jobId": -1}, {"index": 410, "startTime": 199334, "endTime": 202849, "taskId": 10, "workflowId": -1, "jobId": 4}, {"index": 441, "startTime": 203208, "endTime": 207990, "taskId": 9, "workflowId": -1, "jobId": 3}, {"index": 504, "startTime": 211643, "endTime": 213419, "taskId": 20, "workflowId": 2, "jobId": -1}]}, {"frequency": 2.0, "activePower": 563.0, "idlePower": 120.0, "memory": 33554432, "allocations": [{"index": 122, "startTime": 117249, "endTime": 118746, "taskId": 10, "workflowId": 3, "jobId": -1}, {"index": 171, "startTime": 127138, "endTime": 129216, "taskId": 16, "workflowId": 3, "jobId": -1}, {"index": 185, "startTime": 130290, "endTime": 131557, "taskId": 17, "workflowId": 3, "jobId": -1}, {"index": 205, "startTime": 134513, "endTime": 144898, "taskId": 11, "workflowId": -1, "jobId": 1}, {"index": 383, "startTime": 195622, "endTime": 197520, "taskId": 14, "workflowId": 2, "jobId": -1}, {"index": 411, "startTime": 199453, "endTime": 200697, "taskId": 6, "workflowId": 2, "jobId": -1}, {"index": 445, "startTime": 203658, "endTime": 205011, "taskId": 17, "workflowId": 2, "jobId": -1}, {"index": 461, "startTime": 205668, "endTime": 206627, "taskId": 16, "workflowId": 2, "jobId": -1}, {"index": 505, "startTime": 211672, "endTime": 212567, "taskId": 18, "workflowId": 2, "jobId": -1}]}, {"frequency": 2.0, "activePower": 563.0, "idlePower": 120.0, "memory": 33554432, "allocations": [{"index": 186, "startTime": 130566, "endTime": 134081, "taskId": 10, "workflowId": -1, "jobId": 3}, {"index": 210, "startTime": 135426, "endTime": 136869, "taskId": 21, "workflowId": 3, "jobId": -1}, {"index": 384, "startTime": 195712, "endTime": 196956, "taskId": 6, "workflowId": 2, "jobId": -1}, {"index": 413, "startTime": 199585, "endTime": 200848, "taskId": 5, "workflowId": 2, "jobId": -1}, {"index": 462, "startTime": 205673, "endTime": 207605, "taskId": 9, "workflowId": 2, "jobId": -1}, {"index": 506, "startTime": 211724, "endTime": 214011, "taskId": 22, "workflowId": 2, "jobId": -1}]}, {"frequency": 2.0, "activePower": 563.0, "idlePower": 120.0, "memory": 33554432, "allocations": [{"index": 187, "startTime": 130819, "endTime": 133232, "taskId": 14, "workflowId": 3, "jobId": -1}, {"index": 211, "startTime": 135506, "endTime": 137133, "taskId": 13, "workflowId": 3, "jobId": -1}, {"index": 414, "startTime": 199647, "endTime": 200891, "taskId": 6, "workflowId": 2, "jobId": -1}, {"index": 464, "startTime": 205731, "endTime": 217976, "taskId": 8, "workflowId": -1, "jobId": 3}]}, {"frequency": 2.0, "activePower": 563.0, "idlePower": 120.0, "memory": 33554432, "allocations": [{"index": 188, "startTime": 130845, "endTime": 132112, "taskId": 17, "workflowId": 3, "jobId": -1}, {"index": 415, "startTime": 199674, "endTime": 201602, "taskId": 11, "workflowId": 2, "jobId": -1}, {"index": 466, "startTime": 205943, "endTime": 206794, "taskId": 15, "workflowId": 2, "jobId": -1}, {"index": 507, "startTime": 211842, "endTime": 213714, "taskId": 24, "workflowId": 2, "jobId": -1}]}, {"frequency": 2.0, "activePower": 563.0, "idlePower": 120.0, "memory": 33554432, "allocations": [{"index": 416, "startTime": 199689, "endTime": 210074, "taskId": 11, "workflowId": -1, "jobId": 2}, {"index": 509, "startTime": 212122, "endTime": 213017, "taskId": 18, "workflowId": 2, "jobId": -1}]}, {"frequency": 2.0, "activePower": 563.0, "idlePower": 120.0, "memory": 33554432, "allocations": [{"index": 417, "startTime": 199710, "endTime": 201642, "taskId": 9, "workflowId": 2, "jobId": -1}, {"index": 468, "startTime": 206014, "endTime": 206909, "taskId": 18, "workflowId": 2, "jobId": -1}]}, {"frequency": 2.0, "activePower": 563.0, "idlePower": 120.0, "memory": 33554432, "allocations": [{"index": 420, "startTime": 199989, "endTime": 201917, "taskId": 11, "workflowId": 2, "jobId": -1}, {"index": 469, "startTime": 206214, "endTime": 207990, "taskId": 20, "workflowId": 2, "jobId": -1}]}, {"frequency": 2.0, "activePower": 563.0, "idlePower": 120.0, "memory": 33554432, "allocations": []}, {"frequency": 2.0, "activePower": 563.0, "idlePower": 120.0, "memory": 33554432, "allocations": []}, {"frequency": 2.0, "activePower": 563.0, "idlePower": 120.0, "memory": 33554432, "allocations": []}, {"frequency": 2.0, "activePower": 563.0, "idlePower": 120.0, "memory": 33554432, "allocations": []}, {"frequency": 2.0, "activePower": 563.0, "idlePower": 120.0, "memory": 33554432, "allocations": []}, {"frequency": 2.0, "activePower": 563.0, "idlePower": 120.0, "memory": 33554432, "allocations": []}, {"frequency": 2.0, "activePower": 563.0, "idlePower": 120.0, "memory": 33554432, "allocations": []}]