[{"frequency": 2.0, "activePower": 563.0, "idlePower": 120.0, "memory": 33554432, "allocations": [{"index": 58, "startTime": 91573, "endTime": 95243, "taskId": 12, "workflowId": -1, "jobId": 2}, {"index": 77, "startTime": 97741, "endTime": 101813, "taskId": 11, "workflowId": -1, "jobId": 0}, {"index": 100, "startTime": 105782, "endTime": 107027, "taskId": 3, "workflowId": 3, "jobId": -1}, {"index": 123, "startTime": 114458, "endTime": 118128, "taskId": 12, "workflowId": -1, "jobId": 3}, {"index": 154, "startTime": 131335, "endTime": 135005, "taskId": 12, "workflowId": -1, "jobId": 2}, {"index": 176, "startTime": 142516, "endTime": 143166, "taskId": 23, "workflowId": 3, "jobId": -1}, {"index": 302, "startTime": 231247, "endTime": 238533, "taskId": 15, "workflowId": -1, "jobId": 2}, {"index": 306, "startTime": 239379, "endTime": 240761, "taskId": 8, "workflowId": 2, "jobId": -1}, {"index": 324, "startTime": 251975, "endTime": 259261, "taskId": 15, "workflowId": -1, "jobId": 2}]}, {"frequency": 2.0, "activePower": 563.0, "idlePower": 120.0, "memory": 33554432, "allocations": [{"index": 53, "startTime": 91481, "endTime": 93974, "taskId": 5, "workflowId": 2, "jobId": -1}, {"index": 95, "startTime": 101137, "endTime": 109143, "taskId": 9, "workflowId": -1, "jobId": 0}, {"index": 126, "startTime": 118079, "endTime": 124233, "taskId": 8, "workflowId": -1, "jobId": 1}, {"index": 149, "startTime": 130059, "endTime": 131868, "taskId": 7, "workflowId": 2, "jobId": -1}, {"index": 163, "startTime": 137000, "endTime": 139721, "taskId": 10, "workflowId": -1, "jobId": 4}, {"index": 171, "startTime": 141781, "endTime": 143241, "taskId": 11, "workflowId": 2, "jobId": -1}, {"index": 196, "startTime": 153610, "endTime": 154518, "taskId": 20, "workflowId": 2, "jobId": -1}, {"index": 220, "startTime": 167958, "endTime": 169342, "taskId": 14, "workflowId": 2, "jobId": -1}, {"index": 235, "startTime": 178347, "endTime": 180794, "taskId": 25, "workflowId": 2, "jobId": -1}, {"index": 250, "startTime": 189934, "endTime": 191823, "taskId": 22, "workflowId": 2, "jobId": -1}, {"index": 259, "startTime": 193431, "endTime": 196152, "taskId": 10, "workflowId": -1, "jobId": 6}, {"index": 272, "startTime": 208075, "endTime": 210237, "taskId": 17, "workflowId": 2, "jobId": -1}, {"index": 282, "startTime": 224144, "endTime": 226167, "taskId": 30, "workflowId": 2, "jobId": -1}, {"index": 289, "startTime": 229398, "endTime": 231421, "taskId": 30, "workflowId": 2, "jobId": -1}, {"index": 294, "startTime": 231421, "endTime": 233804, "taskId": 32, "workflowId": 2, "jobId": -1}, {"index": 318, "startTime": 251152, "endTime": 252071, "taskId": 3, "workflowId": 2, "jobId": -1}, {"index": 365, "startTime": 430089, "endTime": 438095, "taskId": 9, "workflowId": -1, "jobId": 4}, {"index": 366, "startTime": 438095, "endTime": 442167, "taskId": 11, "workflowId": -1, "jobId": 4}, {"index": 369, "startTime": 442167, "endTime": 444888, "taskId": 10, "workflowId": -1, "jobId": 15}]}, {"frequency": 2.0, "activePower": 563.0, "idlePower": 120.0, "memory": 33554432, "allocations": [{"index": 20, "startTime": 74774, "endTime": 76729, "taskId": 6, "workflowId": 3, "jobId": -1}, {"index": 32, "startTime": 81483, "endTime": 85153, "taskId": 12, "workflowId": -1, "jobId": 1}, {"index": 35, "startTime": 85247, "endTime": 91145, "taskId": 14, "workflowId": -1, "jobId": 1}, {"index": 119, "startTime": 111951, "endTime": 114280, "taskId": 15, "workflowId": 3, "jobId": -1}, {"index": 142, "startTime": 123131, "endTime": 125852, "taskId": 10, "workflowId": -1, "jobId": 2}, {"index": 198, "startTime": 157738, "endTime": 159438, "taskId": 26, "workflowId": 3, "jobId": -1}, {"index": 266, "startTime": 200170, "endTime": 201490, "taskId": 24, "workflowId": 2, "jobId": -1}, {"index": 332, "startTime": 286915, "endTime": 290585, "taskId": 12, "workflowId": -1, "jobId": 8}, {"index": 334, "startTime": 290782, "endTime": 296680, "taskId": 14, "workflowId": -1, "jobId": 6}, {"index": 336, "startTime": 305587, "endTime": 316400, "taskId": 13, "workflowId": -1, "jobId": 6}, {"index": 346, "startTime": 334567, "endTime": 341853, "taskId": 15, "workflowId": -1, "jobId": 3}, {"index": 358, "startTime": 421283, "endTime": 427437, "taskId": 8, "workflowId": -1, "jobId": 7}]}, {"frequency": 2.0, "activePower": 563.0, "idlePower": 120.0, "memory": 33554432, "allocations": [{"index": 11, "startTime": 69153, "endTime": 71108, "taskId": 6, "workflowId": 3, "jobId": -1}, {"index": 18, "startTime": 73337, "endTime": 74455, "taskId": 1, "workflowId": 3, "jobId": -1}, {"index": 21, "startTime": 74815, "endTime": 78485, "taskId": 12, "workflowId": -1, "jobId": 1}, {"index": 33, "startTime": 81512, "endTime": 85182, "taskId": 12, "workflowId": -1, "jobId": 1}, {"index": 34, "startTime": 85182, "endTime": 85915, "taskId": 0, "workflowId": 3, "jobId": -1}, {"index": 36, "startTime": 85915, "endTime": 91813, "taskId": 14, "workflowId": -1, "jobId": 1}, {"index": 230, "startTime": 175633, "endTime": 177648, "taskId": 28, "workflowId": 3, "jobId": -1}, {"index": 233, "startTime": 177756, "endTime": 179004, "taskId": 30, "workflowId": 3, "jobId": -1}, {"index": 300, "startTime": 230597, "endTime": 231527, "taskId": 10, "workflowId": 2, "jobId": -1}, {"index": 305, "startTime": 238759, "endTime": 244657, "taskId": 14, "workflowId": -1, "jobId": 5}, {"index": 330, "startTime": 275792, "endTime": 279462, "taskId": 12, "workflowId": -1, "jobId": 9}, {"index": 337, "startTime": 305665, "endTime": 311563, "taskId": 14, "workflowId": -1, "jobId": 6}, {"index": 359, "startTime": 421313, "endTime": 428599, "taskId": 15, "workflowId": -1, "jobId": 4}]}, {"frequency": 2.0, "activePower": 563.0, "idlePower": 120.0, "memory": 33554432, "allocations": [{"index": 17, "startTime": 71144, "endTime": 72389, "taskId": 3, "workflowId": 3, "jobId": -1}, {"index": 23, "startTime": 75142, "endTime": 77284, "taskId": 4, "workflowId": 3, "jobId": -1}, {"index": 29, "startTime": 77284, "endTime": 80005, "taskId": 10, "workflowId": -1, "jobId": 1}, {"index": 30, "startTime": 80005, "endTime": 81250, "taskId": 3, "workflowId": 3, "jobId": -1}, {"index": 38, "startTime": 85258, "endTime": 91156, "taskId": 14, "workflowId": -1, "jobId": 1}, {"index": 43, "startTime": 91156, "endTime": 91658, "taskId": 4, "workflowId": 2, "jobId": -1}, {"index": 78, "startTime": 97746, "endTime": 101818, "taskId": 11, "workflowId": -1, "jobId": 0}, {"index": 127, "startTime": 118131, "endTime": 119326, "taskId": 14, "workflowId": 3, "jobId": -1}, {"index": 134, "startTime": 120828, "endTime": 122885, "taskId": 9, "workflowId": 2, "jobId": -1}, {"index": 156, "startTime": 135025, "endTime": 136335, "taskId": 21, "workflowId": 3, "jobId": -1}, {"index": 186, "startTime": 148758, "endTime": 151064, "taskId": 24, "workflowId": 3, "jobId": -1}, {"index": 208, "startTime": 162373, "endTime": 166445, "taskId": 11, "workflowId": -1, "jobId": 1}, {"index": 254, "startTime": 190464, "endTime": 192911, "taskId": 25, "workflowId": 2, "jobId": -1}, {"index": 263, "startTime": 194301, "endTime": 196748, "taskId": 25, "workflowId": 2, "jobId": -1}, {"index": 323, "startTime": 251944, "endTime": 252687, "taskId": 26, "workflowId": 2, "jobId": -1}]}, {"frequency": 2.0, "activePower": 563.0, "idlePower": 120.0, "memory": 33554432, "allocations": [{"index": 47, "startTime": 88270, "endTime": 90991, "taskId": 10, "workflowId": -1, "jobId": 2}, {"index": 81, "startTime": 97972, "endTime": 102044, "taskId": 11, "workflowId": -1, "jobId": 0}, {"index": 117, "startTime": 111189, "endTime": 117343, "taskId": 8, "workflowId": -1, "jobId": 1}, {"index": 137, "startTime": 120951, "endTime": 123008, "taskId": 9, "workflowId": 2, "jobId": -1}, {"index": 297, "startTime": 230360, "endTime": 232632, "taskId": 29, "workflowId": 2, "jobId": -1}]}, {"frequency": 2.0, "activePower": 563.0, "idlePower": 120.0, "memory": 33554432, "allocations": [{"index": 2, "startTime": 33615, "endTime": 44428, "taskId": 13, "workflowId": -1, "jobId": 0}, {"index": 28, "startTime": 77087, "endTime": 79808, "taskId": 10, "workflowId": -1, "jobId": 1}, {"index": 42, "startTime": 87791, "endTime": 90512, "taskId": 10, "workflowId": -1, "jobId": 1}, {"index": 166, "startTime": 139065, "endTime": 140874, "taskId": 7, "workflowId": 2, "jobId": -1}, {"index": 174, "startTime": 142469, "endTime": 144341, "taskId": 12, "workflowId": 2, "jobId": -1}, {"index": 216, "startTime": 163443, "endTime": 164638, "taskId": 14, "workflowId": 3, "jobId": -1}, {"index": 240, "startTime": 180285, "endTime": 182002, "taskId": 18, "workflowId": 2, "jobId": -1}, {"index": 253, "startTime": 190227, "endTime": 191547, "taskId": 24, "workflowId": 2, "jobId": -1}, {"index": 262, "startTime": 194190, "endTime": 196637, "taskId": 25, "workflowId": 2, "jobId": -1}, {"index": 280, "startTime": 220069, "endTime": 222790, "taskId": 10, "workflowId": -1, "jobId": 6}, {"index": 292, "startTime": 229496, "endTime": 231519, "taskId": 30, "workflowId": 2, "jobId": -1}, {"index": 293, "startTime": 231519, "endTime": 233902, "taskId": 32, "workflowId": 2, "jobId": -1}, {"index": 295, "startTime": 233902, "endTime": 236174, "taskId": 29, "workflowId": 2, "jobId": -1}, {"index": 321, "startTime": 251835, "endTime": 252578, "taskId": 26, "workflowId": 2, "jobId": -1}]}, {"frequency": 2.0, "activePower": 563.0, "idlePower": 120.0, "memory": 33554432, "allocations": [{"index": 48, "startTime": 88317, "endTime": 90063, "taskId": 11, "workflowId": 3, "jobId": -1}, {"index": 56, "startTime": 91489, "endTime": 95159, "taskId": 12, "workflowId": -1, "jobId": 2}, {"index": 96, "startTime": 101178, "endTime": 103448, "taskId": 13, "workflowId": 3, "jobId": -1}, {"index": 120, "startTime": 111966, "endTime": 114295, "taskId": 15, "workflowId": 3, "jobId": -1}, {"index": 121, "startTime": 114295, "endTime": 115862, "taskId": 12, "workflowId": 3, "jobId": -1}, {"index": 122, "startTime": 115862, "endTime": 116532, "taskId": 5, "workflowId": 3, "jobId": -1}, {"index": 179, "startTime": 142547, "endTime": 143918, "taskId": 22, "workflowId": 3, "jobId": -1}, {"index": 204, "startTime": 162145, "endTime": 163262, "taskId": 21, "workflowId": 2, "jobId": -1}, {"index": 213, "startTime": 163262, "endTime": 165712, "taskId": 25, "workflowId": 3, "jobId": -1}, {"index": 244, "startTime": 184458, "endTime": 186080, "taskId": 23, "workflowId": 2, "jobId": -1}, {"index": 304, "startTime": 236255, "endTime": 237592, "taskId": 16, "workflowId": 2, "jobId": -1}]}, {"frequency": 2.0, "activePower": 563.0, "idlePower": 120.0, "memory": 33554432, "allocations": [{"index": 66, "startTime": 93670, "endTime": 104483, "taskId": 13, "workflowId": -1, "jobId": 0}, {"index": 107, "startTime": 106735, "endTime": 109234, "taskId": 6, "workflowId": 2, "jobId": -1}, {"index": 130, "startTime": 120656, "endTime": 123050, "taskId": 19, "workflowId": 3, "jobId": -1}, {"index": 141, "startTime": 123127, "endTime": 125848, "taskId": 10, "workflowId": -1, "jobId": 2}, {"index": 155, "startTime": 135007, "endTime": 136673, "taskId": 18, "workflowId": 3, "jobId": -1}, {"index": 212, "startTime": 162931, "endTime": 170937, "taskId": 9, "workflowId": -1, "jobId": 1}, {"index": 251, "startTime": 189950, "endTime": 192397, "taskId": 25, "workflowId": 2, "jobId": -1}, {"index": 314, "startTime": 249007, "endTime": 252677, "taskId": 12, "workflowId": -1, "jobId": 8}, {"index": 319, "startTime": 252677, "endTime": 253596, "taskId": 3, "workflowId": 2, "jobId": -1}, {"index": 326, "startTime": 265245, "endTime": 276058, "taskId": 13, "workflowId": -1, "jobId": 5}, {"index": 333, "startTime": 290656, "endTime": 296554, "taskId": 14, "workflowId": -1, "jobId": 6}, {"index": 354, "startTime": 390491, "endTime": 393212, "taskId": 10, "workflowId": -1, "jobId": 14}, {"index": 363, "startTime": 426415, "endTime": 434421, "taskId": 9, "workflowId": -1, "jobId": 4}]}, {"frequency": 2.0, "activePower": 563.0, "idlePower": 120.0, "memory": 33554432, "allocations": [{"index": 44, "startTime": 87914, "endTime": 90635, "taskId": 10, "workflowId": -1, "jobId": 2}, {"index": 79, "startTime": 97893, "endTime": 101965, "taskId": 11, "workflowId": -1, "jobId": 0}, {"index": 90, "startTime": 101965, "endTime": 103832, "taskId": 9, "workflowId": 3, "jobId": -1}, {"index": 109, "startTime": 107244, "endTime": 111316, "taskId": 11, "workflowId": -1, "jobId": 0}, {"index": 112, "startTime": 111316, "endTime": 114037, "taskId": 10, "workflowId": -1, "jobId": 2}, {"index": 115, "startTime": 114037, "endTime": 116758, "taskId": 10, "workflowId": -1, "jobId": 3}, {"index": 143, "startTime": 123174, "endTime": 125673, "taskId": 6, "workflowId": 2, "jobId": -1}, {"index": 209, "startTime": 162389, "endTime": 166461, "taskId": 11, "workflowId": -1, "jobId": 1}, {"index": 210, "startTime": 166461, "endTime": 167234, "taskId": 19, "workflowId": 2, "jobId": -1}, {"index": 301, "startTime": 230604, "endTime": 231973, "taskId": 31, "workflowId": 2, "jobId": -1}, {"index": 303, "startTime": 231973, "endTime": 234694, "taskId": 10, "workflowId": -1, "jobId": 8}]}, {"frequency": 2.0, "activePower": 563.0, "idlePower": 120.0, "memory": 33554432, "allocations": [{"index": 88, "startTime": 99509, "endTime": 101464, "taskId": 6, "workflowId": 3, "jobId": -1}, {"index": 146, "startTime": 129921, "endTime": 131730, "taskId": 7, "workflowId": 2, "jobId": -1}, {"index": 160, "startTime": 136992, "endTime": 139713, "taskId": 10, "workflowId": -1, "jobId": 4}, {"index": 168, "startTime": 141679, "endTime": 143139, "taskId": 11, "workflowId": 2, "jobId": -1}, {"index": 183, "startTime": 148510, "endTime": 150382, "taskId": 12, "workflowId": 2, "jobId": -1}, {"index": 199, "startTime": 159526, "endTime": 161832, "taskId": 24, "workflowId": 3, "jobId": -1}, {"index": 200, "startTime": 161832, "endTime": 162740, "taskId": 20, "workflowId": 2, "jobId": -1}, {"index": 201, "startTime": 162740, "endTime": 165461, "taskId": 10, "workflowId": -1, "jobId": 5}, {"index": 226, "startTime": 173220, "endTime": 174842, "taskId": 23, "workflowId": 2, "jobId": -1}, {"index": 255, "startTime": 193380, "endTime": 194700, "taskId": 24, "workflowId": 2, "jobId": -1}, {"index": 265, "startTime": 199098, "endTime": 200663, "taskId": 27, "workflowId": 2, "jobId": -1}, {"index": 268, "startTime": 206888, "endTime": 208453, "taskId": 27, "workflowId": 2, "jobId": -1}, {"index": 269, "startTime": 208453, "endTime": 210615, "taskId": 17, "workflowId": 2, "jobId": -1}, {"index": 276, "startTime": 218764, "endTime": 224918, "taskId": 8, "workflowId": -1, "jobId": 3}, {"index": 285, "startTime": 226637, "endTime": 228374, "taskId": 1, "workflowId": 2, "jobId": -1}, {"index": 315, "startTime": 249832, "endTime": 255986, "taskId": 8, "workflowId": -1, "jobId": 4}, {"index": 325, "startTime": 256254, "endTime": 258975, "taskId": 10, "workflowId": -1, "jobId": 9}, {"index": 328, "startTime": 269739, "endTime": 272460, "taskId": 10, "workflowId": -1, "jobId": 8}, {"index": 329, "startTime": 274483, "endTime": 280637, "taskId": 8, "workflowId": -1, "jobId": 4}, {"index": 341, "startTime": 322033, "endTime": 330039, "taskId": 9, "workflowId": -1, "jobId": 3}, {"index": 349, "startTime": 341701, "endTime": 349707, "taskId": 9, "workflowId": -1, "jobId": 3}, {"index": 350, "startTime": 349707, "endTime": 357713, "taskId": 9, "workflowId": -1, "jobId": 3}, {"index": 351, "startTime": 357713, "endTime": 361785, "taskId": 11, "workflowId": -1, "jobId": 3}, {"index": 352, "startTime": 361785, "endTime": 367939, "taskId": 8, "workflowId": -1, "jobId": 6}, {"index": 356, "startTime": 412949, "endTime": 419103, "taskId": 8, "workflowId": -1, "jobId": 7}]}, {"frequency": 2.0, "activePower": 563.0, "idlePower": 120.0, "memory": 33554432, "allocations": [{"index": 45, "startTime": 87975, "endTime": 89604, "taskId": 2, "workflowId": 2, "jobId": -1}, {"index": 80, "startTime": 97955, "endTime": 102027, "taskId": 11, "workflowId": -1, "jobId": 0}, {"index": 116, "startTime": 111141, "endTime": 117295, "taskId": 8, "workflowId": -1, "jobId": 1}, {"index": 144, "startTime": 123190, "endTime": 125911, "taskId": 10, "workflowId": -1, "jobId": 2}, {"index": 283, "startTime": 226045, "endTime": 228766, "taskId": 10, "workflowId": -1, "jobId": 7}, {"index": 296, "startTime": 230357, "endTime": 232740, "taskId": 32, "workflowId": 2, "jobId": -1}]}, {"frequency": 2.0, "activePower": 563.0, "idlePower": 120.0, "memory": 33554432, "allocations": [{"index": 59, "startTime": 91577, "endTime": 95247, "taskId": 12, "workflowId": -1, "jobId": 2}, {"index": 61, "startTime": 95247, "endTime": 96653, "taskId": 2, "workflowId": 3, "jobId": -1}, {"index": 70, "startTime": 96653, "endTime": 98059, "taskId": 2, "workflowId": 3, "jobId": -1}, {"index": 113, "startTime": 109743, "endTime": 112156, "taskId": 8, "workflowId": 3, "jobId": -1}, {"index": 118, "startTime": 112156, "endTime": 114877, "taskId": 10, "workflowId": -1, "jobId": 3}, {"index": 147, "startTime": 129965, "endTime": 131774, "taskId": 7, "workflowId": 2, "jobId": -1}, {"index": 167, "startTime": 141182, "endTime": 144852, "taskId": 12, "workflowId": -1, "jobId": 4}, {"index": 211, "startTime": 162858, "endTime": 170864, "taskId": 9, "workflowId": -1, "jobId": 1}]}, {"frequency": 2.0, "activePower": 563.0, "idlePower": 120.0, "memory": 33554432, "allocations": [{"index": 49, "startTime": 88322, "endTime": 91043, "taskId": 10, "workflowId": -1, "jobId": 2}, {"index": 104, "startTime": 106723, "endTime": 109222, "taskId": 6, "workflowId": 2, "jobId": -1}, {"index": 197, "startTime": 154726, "endTime": 155295, "taskId": 13, "workflowId": 2, "jobId": -1}]}, {"frequency": 2.0, "activePower": 563.0, "idlePower": 120.0, "memory": 33554432, "allocations": [{"index": 5, "startTime": 42723, "endTime": 53536, "taskId": 13, "workflowId": -1, "jobId": 0}, {"index": 67, "startTime": 94248, "endTime": 96203, "taskId": 6, "workflowId": 3, "jobId": -1}, {"index": 68, "startTime": 96203, "endTime": 102101, "taskId": 14, "workflowId": -1, "jobId": 0}, {"index": 124, "startTime": 115734, "endTime": 121632, "taskId": 14, "workflowId": -1, "jobId": 2}, {"index": 181, "startTime": 142625, "endTime": 144719, "taskId": 20, "workflowId": 3, "jobId": -1}, {"index": 194, "startTime": 152724, "endTime": 154390, "taskId": 18, "workflowId": 3, "jobId": -1}, {"index": 217, "startTime": 163446, "endTime": 164641, "taskId": 14, "workflowId": 3, "jobId": -1}, {"index": 317, "startTime": 251105, "endTime": 251848, "taskId": 26, "workflowId": 2, "jobId": -1}, {"index": 339, "startTime": 309539, "endTime": 312260, "taskId": 10, "workflowId": -1, "jobId": 11}]}, {"frequency": 2.0, "activePower": 563.0, "idlePower": 120.0, "memory": 33554432, "allocations": [{"index": 75, "startTime": 97692, "endTime": 105698, "taskId": 9, "workflowId": -1, "jobId": 0}, {"index": 76, "startTime": 105698, "endTime": 109770, "taskId": 11, "workflowId": -1, "jobId": 0}, {"index": 114, "startTime": 109866, "endTime": 112587, "taskId": 10, "workflowId": -1, "jobId": 2}, {"index": 129, "startTime": 118636, "endTime": 121135, "taskId": 6, "workflowId": 2, "jobId": -1}, {"index": 135, "startTime": 121135, "endTime": 123192, "taskId": 9, "workflowId": 2, "jobId": -1}, {"index": 140, "startTime": 123192, "endTime": 125691, "taskId": 6, "workflowId": 2, "jobId": -1}, {"index": 165, "startTime": 137248, "endTime": 139969, "taskId": 10, "workflowId": -1, "jobId": 4}, {"index": 173, "startTime": 142394, "endTime": 144266, "taskId": 12, "workflowId": 2, "jobId": -1}, {"index": 206, "startTime": 162239, "endTime": 163356, "taskId": 21, "workflowId": 2, "jobId": -1}, {"index": 237, "startTime": 178487, "endTime": 180934, "taskId": 25, "workflowId": 2, "jobId": -1}, {"index": 239, "startTime": 180934, "endTime": 182823, "taskId": 22, "workflowId": 2, "jobId": -1}, {"index": 242, "startTime": 182823, "endTime": 188977, "taskId": 8, "workflowId": -1, "jobId": 2}, {"index": 252, "startTime": 189966, "endTime": 192413, "taskId": 25, "workflowId": 2, "jobId": -1}, {"index": 261, "startTime": 194067, "endTime": 196514, "taskId": 25, "workflowId": 2, "jobId": -1}, {"index": 291, "startTime": 229493, "endTime": 231516, "taskId": 30, "workflowId": 2, "jobId": -1}, {"index": 320, "startTime": 251740, "endTime": 252659, "taskId": 3, "workflowId": 2, "jobId": -1}, {"index": 327, "startTime": 265494, "endTime": 269566, "taskId": 11, "workflowId": -1, "jobId": 2}]}, {"frequency": 2.0, "activePower": 563.0, "idlePower": 120.0, "memory": 33554432, "allocations": [{"index": 89, "startTime": 99583, "endTime": 101538, "taskId": 6, "workflowId": 3, "jobId": -1}, {"index": 187, "startTime": 148772, "endTime": 156058, "taskId": 15, "workflowId": -1, "jobId": 1}, {"index": 299, "startTime": 230597, "endTime": 231979, "taskId": 8, "workflowId": 2, "jobId": -1}]}, {"frequency": 2.0, "activePower": 563.0, "idlePower": 120.0, "memory": 33554432, "allocations": [{"index": 4, "startTime": 42711, "endTime": 46381, "taskId": 12, "workflowId": -1, "jobId": 0}, {"index": 22, "startTime": 75128, "endTime": 77270, "taskId": 4, "workflowId": 3, "jobId": -1}, {"index": 46, "startTime": 88094, "endTime": 90815, "taskId": 10, "workflowId": -1, "jobId": 2}, {"index": 63, "startTime": 93359, "endTime": 94477, "taskId": 1, "workflowId": 3, "jobId": -1}, {"index": 69, "startTime": 95147, "endTime": 96553, "taskId": 2, "workflowId": 3, "jobId": -1}, {"index": 101, "startTime": 106485, "endTime": 106987, "taskId": 4, "workflowId": 2, "jobId": -1}, {"index": 102, "startTime": 106987, "endTime": 108271, "taskId": 10, "workflowId": 3, "jobId": -1}, {"index": 162, "startTime": 136997, "endTime": 139718, "taskId": 10, "workflowId": -1, "jobId": 4}, {"index": 178, "startTime": 142531, "endTime": 143181, "taskId": 23, "workflowId": 3, "jobId": -1}, {"index": 345, "startTime": 332841, "endTime": 338739, "taskId": 14, "workflowId": -1, "jobId": 7}]}, {"frequency": 2.0, "activePower": 563.0, "idlePower": 120.0, "memory": 33554432, "allocations": [{"index": 13, "startTime": 69319, "endTime": 70437, "taskId": 1, "workflowId": 3, "jobId": -1}, {"index": 52, "startTime": 90235, "endTime": 96389, "taskId": 8, "workflowId": -1, "jobId": 0}, {"index": 93, "startTime": 100995, "endTime": 109001, "taskId": 9, "workflowId": -1, "jobId": 0}, {"index": 97, "startTime": 109001, "endTime": 114899, "taskId": 14, "workflowId": -1, "jobId": 0}, {"index": 132, "startTime": 120702, "endTime": 123096, "taskId": 19, "workflowId": 3, "jobId": -1}, {"index": 138, "startTime": 123096, "endTime": 133909, "taskId": 13, "workflowId": -1, "jobId": 2}, {"index": 180, "startTime": 142552, "endTime": 143923, "taskId": 22, "workflowId": 3, "jobId": -1}, {"index": 214, "startTime": 162939, "endTime": 165389, "taskId": 25, "workflowId": 3, "jobId": -1}, {"index": 231, "startTime": 175691, "endTime": 177706, "taskId": 28, "workflowId": 3, "jobId": -1}, {"index": 241, "startTime": 181139, "endTime": 187293, "taskId": 8, "workflowId": -1, "jobId": 2}, {"index": 322, "startTime": 251867, "endTime": 252786, "taskId": 3, "workflowId": 2, "jobId": -1}]}, {"frequency": 2.0, "activePower": 563.0, "idlePower": 120.0, "memory": 33554432, "allocations": [{"index": 6, "startTime": 59446, "endTime": 65344, "taskId": 14, "workflowId": -1, "jobId": 0}, {"index": 9, "startTime": 68064, "endTime": 68797, "taskId": 0, "workflowId": 3, "jobId": -1}, {"index": 14, "startTime": 69758, "endTime": 72479, "taskId": 10, "workflowId": -1, "jobId": 1}, {"index": 65, "startTime": 93379, "endTime": 94497, "taskId": 1, "workflowId": 3, "jobId": -1}, {"index": 94, "startTime": 101000, "endTime": 109006, "taskId": 9, "workflowId": -1, "jobId": 0}, {"index": 110, "startTime": 109006, "endTime": 111499, "taskId": 5, "workflowId": 2, "jobId": -1}, {"index": 125, "startTime": 117005, "endTime": 119504, "taskId": 6, "workflowId": 2, "jobId": -1}, {"index": 145, "startTime": 127808, "endTime": 129375, "taskId": 12, "workflowId": 3, "jobId": -1}, {"index": 150, "startTime": 130091, "endTime": 131900, "taskId": 7, "workflowId": 2, "jobId": -1}, {"index": 164, "startTime": 137094, "endTime": 139815, "taskId": 10, "workflowId": -1, "jobId": 4}, {"index": 172, "startTime": 141785, "endTime": 143245, "taskId": 11, "workflowId": 2, "jobId": -1}, {"index": 182, "startTime": 148479, "endTime": 149939, "taskId": 11, "workflowId": 2, "jobId": -1}, {"index": 188, "startTime": 149939, "endTime": 151323, "taskId": 14, "workflowId": 2, "jobId": -1}, {"index": 189, "startTime": 151323, "endTime": 152783, "taskId": 11, "workflowId": 2, "jobId": -1}, {"index": 193, "startTime": 152783, "endTime": 158937, "taskId": 8, "workflowId": -1, "jobId": 2}, {"index": 205, "startTime": 162236, "endTime": 164957, "taskId": 10, "workflowId": -1, "jobId": 5}, {"index": 236, "startTime": 178454, "endTime": 180901, "taskId": 25, "workflowId": 2, "jobId": -1}, {"index": 238, "startTime": 180901, "endTime": 182221, "taskId": 24, "workflowId": 2, "jobId": -1}, {"index": 245, "startTime": 185242, "endTime": 189314, "taskId": 11, "workflowId": -1, "jobId": 1}, {"index": 247, "startTime": 189314, "endTime": 193386, "taskId": 11, "workflowId": -1, "jobId": 1}, {"index": 260, "startTime": 193692, "endTime": 195012, "taskId": 24, "workflowId": 2, "jobId": -1}, {"index": 286, "startTime": 226777, "endTime": 228514, "taskId": 1, "workflowId": 2, "jobId": -1}, {"index": 290, "startTime": 229476, "endTime": 231499, "taskId": 30, "workflowId": 2, "jobId": -1}, {"index": 313, "startTime": 245456, "endTime": 246838, "taskId": 8, "workflowId": 2, "jobId": -1}]}, {"frequency": 2.0, "activePower": 563.0, "idlePower": 120.0, "memory": 33554432, "allocations": [{"index": 12, "startTime": 69247, "endTime": 70653, "taskId": 2, "workflowId": 3, "jobId": -1}, {"index": 157, "startTime": 135105, "endTime": 136771, "taskId": 18, "workflowId": 3, "jobId": -1}, {"index": 159, "startTime": 136987, "endTime": 139708, "taskId": 10, "workflowId": -1, "jobId": 4}, {"index": 229, "startTime": 175630, "endTime": 176507, "taskId": 29, "workflowId": 3, "jobId": -1}, {"index": 257, "startTime": 193396, "endTime": 195285, "taskId": 22, "workflowId": 2, "jobId": -1}, {"index": 264, "startTime": 197883, "endTime": 200604, "taskId": 10, "workflowId": -1, "jobId": 6}, {"index": 267, "startTime": 204914, "endTime": 207076, "taskId": 17, "workflowId": 2, "jobId": -1}, {"index": 275, "startTime": 218593, "endTime": 220865, "taskId": 29, "workflowId": 2, "jobId": -1}, {"index": 335, "startTime": 305541, "endTime": 311695, "taskId": 8, "workflowId": -1, "jobId": 5}, {"index": 340, "startTime": 321337, "endTime": 327491, "taskId": 8, "workflowId": -1, "jobId": 5}, {"index": 344, "startTime": 327744, "endTime": 333898, "taskId": 8, "workflowId": -1, "jobId": 5}, {"index": 353, "startTime": 375856, "endTime": 382010, "taskId": 8, "workflowId": -1, "jobId": 6}, {"index": 355, "startTime": 411860, "endTime": 419866, "taskId": 9, "workflowId": -1, "jobId": 4}, {"index": 368, "startTime": 437030, "endTime": 439751, "taskId": 10, "workflowId": -1, "jobId": 15}, {"index": 370, "startTime": 467499, "endTime": 470220, "taskId": 10, "workflowId": -1, "jobId": 16}, {"index": 371, "startTime": 477000, "endTime": 483154, "taskId": 8, "workflowId": -1, "jobId": 8}]}, {"frequency": 2.0, "activePower": 563.0, "idlePower": 120.0, "memory": 33554432, "allocations": [{"index": 62, "startTime": 93266, "endTime": 94384, "taskId": 1, "workflowId": 3, "jobId": -1}, {"index": 92, "startTime": 100937, "endTime": 103079, "taskId": 4, "workflowId": 3, "jobId": -1}, {"index": 228, "startTime": 173425, "endTime": 175142, "taskId": 18, "workflowId": 2, "jobId": -1}]}, {"frequency": 2.0, "activePower": 563.0, "idlePower": 120.0, "memory": 33554432, "allocations": [{"index": 50, "startTime": 88324, "endTime": 90070, "taskId": 11, "workflowId": 3, "jobId": -1}, {"index": 64, "startTime": 93379, "endTime": 94497, "taskId": 1, "workflowId": 3, "jobId": -1}, {"index": 83, "startTime": 98005, "endTime": 102077, "taskId": 11, "workflowId": -1, "jobId": 0}, {"index": 161, "startTime": 136993, "endTime": 139714, "taskId": 10, "workflowId": -1, "jobId": 4}, {"index": 169, "startTime": 141773, "endTime": 143233, "taskId": 11, "workflowId": 2, "jobId": -1}, {"index": 184, "startTime": 148680, "endTime": 149249, "taskId": 13, "workflowId": 2, "jobId": -1}, {"index": 190, "startTime": 151767, "endTime": 153480, "taskId": 15, "workflowId": 2, "jobId": -1}, {"index": 202, "startTime": 162114, "endTime": 164835, "taskId": 10, "workflowId": -1, "jobId": 5}, {"index": 227, "startTime": 173269, "endTime": 174891, "taskId": 23, "workflowId": 2, "jobId": -1}, {"index": 232, "startTime": 177697, "endTime": 185703, "taskId": 9, "workflowId": -1, "jobId": 1}, {"index": 248, "startTime": 189840, "endTime": 191729, "taskId": 22, "workflowId": 2, "jobId": -1}, {"index": 256, "startTime": 193385, "endTime": 195274, "taskId": 22, "workflowId": 2, "jobId": -1}, {"index": 270, "startTime": 207886, "endTime": 210048, "taskId": 17, "workflowId": 2, "jobId": -1}, {"index": 273, "startTime": 210048, "endTime": 216202, "taskId": 8, "workflowId": -1, "jobId": 3}, {"index": 277, "startTime": 218767, "endTime": 224921, "taskId": 8, "workflowId": -1, "jobId": 3}, {"index": 308, "startTime": 242190, "endTime": 243559, "taskId": 31, "workflowId": 2, "jobId": -1}, {"index": 310, "startTime": 245174, "endTime": 246556, "taskId": 8, "workflowId": 2, "jobId": -1}, {"index": 316, "startTime": 249862, "endTime": 256016, "taskId": 8, "workflowId": -1, "jobId": 4}, {"index": 342, "startTime": 322049, "endTime": 330055, "taskId": 9, "workflowId": -1, "jobId": 3}, {"index": 347, "startTime": 337518, "endTime": 340239, "taskId": 10, "workflowId": -1, "jobId": 12}, {"index": 357, "startTime": 418684, "endTime": 422756, "taskId": 11, "workflowId": -1, "jobId": 4}, {"index": 361, "startTime": 425093, "endTime": 431247, "taskId": 8, "workflowId": -1, "jobId": 7}]}, {"frequency": 2.0, "activePower": 563.0, "idlePower": 120.0, "memory": 33554432, "allocations": [{"index": 0, "startTime": 33597, "endTime": 36318, "taskId": 10, "workflowId": -1, "jobId": 0}, {"index": 10, "startTime": 68763, "endTime": 74661, "taskId": 14, "workflowId": -1, "jobId": 0}, {"index": 15, "startTime": 74661, "endTime": 76803, "taskId": 4, "workflowId": 3, "jobId": -1}, {"index": 25, "startTime": 76803, "endTime": 78945, "taskId": 4, "workflowId": 3, "jobId": -1}, {"index": 40, "startTime": 85679, "endTime": 88092, "taskId": 8, "workflowId": 3, "jobId": -1}, {"index": 41, "startTime": 88092, "endTime": 90234, "taskId": 4, "workflowId": 3, "jobId": -1}, {"index": 71, "startTime": 96482, "endTime": 97600, "taskId": 1, "workflowId": 3, "jobId": -1}, {"index": 151, "startTime": 130096, "endTime": 132379, "taskId": 17, "workflowId": 3, "jobId": -1}, {"index": 185, "startTime": 148683, "endTime": 150989, "taskId": 24, "workflowId": 3, "jobId": -1}, {"index": 195, "startTime": 153113, "endTime": 156783, "taskId": 12, "workflowId": -1, "jobId": 4}, {"index": 207, "startTime": 162280, "endTime": 166352, "taskId": 11, "workflowId": -1, "jobId": 1}, {"index": 222, "startTime": 168147, "endTime": 171817, "taskId": 12, "workflowId": -1, "jobId": 5}, {"index": 223, "startTime": 171817, "endTime": 182630, "taskId": 13, "workflowId": -1, "jobId": 3}]}, {"frequency": 2.0, "activePower": 563.0, "idlePower": 120.0, "memory": 33554432, "allocations": [{"index": 3, "startTime": 42710, "endTime": 45431, "taskId": 10, "workflowId": -1, "jobId": 0}, {"index": 16, "startTime": 70211, "endTime": 72353, "taskId": 4, "workflowId": 3, "jobId": -1}, {"index": 26, "startTime": 75289, "endTime": 77431, "taskId": 4, "workflowId": 3, "jobId": -1}, {"index": 57, "startTime": 91510, "endTime": 95180, "taskId": 12, "workflowId": -1, "jobId": 2}, {"index": 72, "startTime": 96485, "endTime": 97603, "taskId": 1, "workflowId": 3, "jobId": -1}, {"index": 73, "startTime": 97603, "endTime": 101273, "taskId": 12, "workflowId": -1, "jobId": 0}, {"index": 133, "startTime": 120706, "endTime": 122488, "taskId": 16, "workflowId": 3, "jobId": -1}, {"index": 152, "startTime": 130107, "endTime": 132390, "taskId": 17, "workflowId": 3, "jobId": -1}, {"index": 224, "startTime": 169218, "endTime": 172888, "taskId": 12, "workflowId": -1, "jobId": 3}]}, {"frequency": 2.0, "activePower": 563.0, "idlePower": 120.0, "memory": 33554432, "allocations": [{"index": 7, "startTime": 64009, "endTime": 64742, "taskId": 0, "workflowId": 3, "jobId": -1}, {"index": 91, "startTime": 100932, "endTime": 103074, "taskId": 4, "workflowId": 3, "jobId": -1}, {"index": 148, "startTime": 130030, "endTime": 131839, "taskId": 7, "workflowId": 2, "jobId": -1}, {"index": 170, "startTime": 141777, "endTime": 143237, "taskId": 11, "workflowId": 2, "jobId": -1}, {"index": 203, "startTime": 162142, "endTime": 164863, "taskId": 10, "workflowId": -1, "jobId": 5}, {"index": 243, "startTime": 184453, "endTime": 187174, "taskId": 10, "workflowId": -1, "jobId": 6}, {"index": 249, "startTime": 189874, "endTime": 191763, "taskId": 22, "workflowId": 2, "jobId": -1}, {"index": 258, "startTime": 193427, "endTime": 194747, "taskId": 24, "workflowId": 2, "jobId": -1}, {"index": 271, "startTime": 208072, "endTime": 210234, "taskId": 17, "workflowId": 2, "jobId": -1}, {"index": 278, "startTime": 219524, "endTime": 221547, "taskId": 30, "workflowId": 2, "jobId": -1}, {"index": 279, "startTime": 221547, "endTime": 227701, "taskId": 8, "workflowId": -1, "jobId": 3}, {"index": 281, "startTime": 227701, "endTime": 229724, "taskId": 30, "workflowId": 2, "jobId": -1}, {"index": 284, "startTime": 229724, "endTime": 237730, "taskId": 9, "workflowId": -1, "jobId": 2}, {"index": 287, "startTime": 237730, "endTime": 240002, "taskId": 29, "workflowId": 2, "jobId": -1}, {"index": 288, "startTime": 240002, "endTime": 242025, "taskId": 30, "workflowId": 2, "jobId": -1}, {"index": 307, "startTime": 242025, "endTime": 246097, "taskId": 11, "workflowId": -1, "jobId": 2}, {"index": 309, "startTime": 246097, "endTime": 247027, "taskId": 10, "workflowId": 2, "jobId": -1}, {"index": 311, "startTime": 247027, "endTime": 248396, "taskId": 31, "workflowId": 2, "jobId": -1}, {"index": 338, "startTime": 309535, "endTime": 312256, "taskId": 10, "workflowId": -1, "jobId": 11}, {"index": 343, "startTime": 325239, "endTime": 327960, "taskId": 10, "workflowId": -1, "jobId": 11}, {"index": 348, "startTime": 337522, "endTime": 340243, "taskId": 10, "workflowId": -1, "jobId": 12}, {"index": 360, "startTime": 421392, "endTime": 424113, "taskId": 10, "workflowId": -1, "jobId": 15}, {"index": 362, "startTime": 426386, "endTime": 434392, "taskId": 9, "workflowId": -1, "jobId": 4}, {"index": 364, "startTime": 434392, "endTime": 437113, "taskId": 10, "workflowId": -1, "jobId": 15}, {"index": 367, "startTime": 437113, "endTime": 439834, "taskId": 10, "workflowId": -1, "jobId": 15}]}, {"frequency": 2.0, "activePower": 563.0, "idlePower": 120.0, "memory": 33554432, "allocations": [{"index": 1, "startTime": 33612, "endTime": 37282, "taskId": 12, "workflowId": -1, "jobId": 0}, {"index": 24, "startTime": 75284, "endTime": 77426, "taskId": 4, "workflowId": 3, "jobId": -1}, {"index": 39, "startTime": 85386, "endTime": 91284, "taskId": 14, "workflowId": -1, "jobId": 1}, {"index": 51, "startTime": 91284, "endTime": 93151, "taskId": 9, "workflowId": 3, "jobId": -1}, {"index": 54, "startTime": 93151, "endTime": 94435, "taskId": 10, "workflowId": 3, "jobId": -1}, {"index": 128, "startTime": 118135, "endTime": 119330, "taskId": 14, "workflowId": 3, "jobId": -1}, {"index": 131, "startTime": 120659, "endTime": 122441, "taskId": 16, "workflowId": 3, "jobId": -1}, {"index": 221, "startTime": 168131, "endTime": 170437, "taskId": 24, "workflowId": 3, "jobId": -1}, {"index": 331, "startTime": 285953, "endTime": 288674, "taskId": 10, "workflowId": -1, "jobId": 10}]}, {"frequency": 2.0, "activePower": 563.0, "idlePower": 120.0, "memory": 33554432, "allocations": [{"index": 19, "startTime": 73367, "endTime": 74773, "taskId": 2, "workflowId": 3, "jobId": -1}, {"index": 31, "startTime": 79538, "endTime": 81951, "taskId": 8, "workflowId": 3, "jobId": -1}, {"index": 37, "startTime": 85254, "endTime": 91152, "taskId": 14, "workflowId": -1, "jobId": 1}, {"index": 158, "startTime": 135152, "endTime": 136818, "taskId": 18, "workflowId": 3, "jobId": -1}, {"index": 192, "startTime": 151773, "endTime": 153486, "taskId": 15, "workflowId": 2, "jobId": -1}, {"index": 219, "startTime": 167820, "endTime": 168458, "taskId": 27, "workflowId": 3, "jobId": -1}, {"index": 234, "startTime": 177774, "endTime": 179022, "taskId": 30, "workflowId": 3, "jobId": -1}]}, {"frequency": 2.0, "activePower": 563.0, "idlePower": 120.0, "memory": 33554432, "allocations": [{"index": 87, "startTime": 99504, "endTime": 101459, "taskId": 6, "workflowId": 3, "jobId": -1}, {"index": 106, "startTime": 106730, "endTime": 107400, "taskId": 5, "workflowId": 3, "jobId": -1}, {"index": 111, "startTime": 108873, "endTime": 111117, "taskId": 7, "workflowId": 3, "jobId": -1}, {"index": 218, "startTime": 163535, "endTime": 164730, "taskId": 14, "workflowId": 3, "jobId": -1}]}, {"frequency": 2.0, "activePower": 563.0, "idlePower": 120.0, "memory": 33554432, "allocations": [{"index": 8, "startTime": 67334, "endTime": 71004, "taskId": 12, "workflowId": -1, "jobId": 1}, {"index": 27, "startTime": 76715, "endTime": 79128, "taskId": 8, "workflowId": 3, "jobId": -1}, {"index": 74, "startTime": 96608, "endTime": 97726, "taskId": 1, "workflowId": 3, "jobId": -1}, {"index": 98, "startTime": 105677, "endTime": 116490, "taskId": 13, "workflowId": -1, "jobId": 0}, {"index": 99, "startTime": 116490, "endTime": 123776, "taskId": 15, "workflowId": -1, "jobId": 0}, {"index": 136, "startTime": 123776, "endTime": 125833, "taskId": 9, "workflowId": 2, "jobId": -1}, {"index": 153, "startTime": 130121, "endTime": 133791, "taskId": 12, "workflowId": -1, "jobId": 3}, {"index": 175, "startTime": 142472, "endTime": 143122, "taskId": 23, "workflowId": 3, "jobId": -1}, {"index": 225, "startTime": 169222, "endTime": 172892, "taskId": 12, "workflowId": -1, "jobId": 3}, {"index": 246, "startTime": 186645, "endTime": 190717, "taskId": 11, "workflowId": -1, "jobId": 1}]}, {"frequency": 2.0, "activePower": 563.0, "idlePower": 120.0, "memory": 33554432, "allocations": [{"index": 55, "startTime": 91489, "endTime": 95159, "taskId": 12, "workflowId": -1, "jobId": 2}, {"index": 60, "startTime": 95159, "endTime": 98829, "taskId": 12, "workflowId": -1, "jobId": 2}, {"index": 84, "startTime": 98829, "endTime": 102901, "taskId": 11, "workflowId": -1, "jobId": 0}, {"index": 85, "startTime": 102901, "endTime": 106973, "taskId": 11, "workflowId": -1, "jobId": 0}, {"index": 86, "startTime": 106973, "endTime": 109694, "taskId": 10, "workflowId": -1, "jobId": 2}, {"index": 108, "startTime": 109694, "endTime": 113766, "taskId": 11, "workflowId": -1, "jobId": 0}, {"index": 139, "startTime": 123098, "endTime": 125597, "taskId": 6, "workflowId": 2, "jobId": -1}, {"index": 177, "startTime": 142520, "endTime": 144392, "taskId": 12, "workflowId": 2, "jobId": -1}, {"index": 191, "startTime": 151773, "endTime": 153486, "taskId": 15, "workflowId": 2, "jobId": -1}, {"index": 215, "startTime": 163210, "endTime": 169364, "taskId": 8, "workflowId": -1, "jobId": 2}, {"index": 312, "startTime": 245454, "endTime": 246384, "taskId": 10, "workflowId": 2, "jobId": -1}]}, {"frequency": 2.0, "activePower": 563.0, "idlePower": 120.0, "memory": 33554432, "allocations": [{"index": 82, "startTime": 98002, "endTime": 102074, "taskId": 11, "workflowId": -1, "jobId": 0}, {"index": 103, "startTime": 106719, "endTime": 109218, "taskId": 6, "workflowId": 2, "jobId": -1}, {"index": 105, "startTime": 109218, "endTime": 109888, "taskId": 5, "workflowId": 3, "jobId": -1}, {"index": 274, "startTime": 214656, "endTime": 216393, "taskId": 1, "workflowId": 2, "jobId": -1}, {"index": 298, "startTime": 230581, "endTime": 231963, "taskId": 8, "workflowId": 2, "jobId": -1}]}]