[{"frequency": 2.0, "activePower": 563.0, "idlePower": 120.0, "memory": 33554432, "allocations": [{"index": 9, "startTime": 124229, "endTime": 125760, "taskId": 1, "workflowId": 3, "jobId": -1}, {"index": 10, "startTime": 126181, "endTime": 127712, "taskId": 1, "workflowId": 3, "jobId": -1}]}, {"frequency": 2.0, "activePower": 563.0, "idlePower": 120.0, "memory": 33554432, "allocations": [{"index": 23, "startTime": 188183, "endTime": 192965, "taskId": 9, "workflowId": -1, "jobId": 2}]}, {"frequency": 2.0, "activePower": 563.0, "idlePower": 120.0, "memory": 33554432, "allocations": [{"index": 12, "startTime": 128889, "endTime": 130291, "taskId": 2, "workflowId": 3, "jobId": -1}, {"index": 25, "startTime": 204468, "endTime": 206546, "taskId": 16, "workflowId": 3, "jobId": -1}]}, {"frequency": 2.0, "activePower": 563.0, "idlePower": 120.0, "memory": 33554432, "allocations": [{"index": 18, "startTime": 163294, "endTime": 165624, "taskId": 9, "workflowId": 3, "jobId": -1}]}, {"frequency": 2.0, "activePower": 563.0, "idlePower": 120.0, "memory": 33554432, "allocations": [{"index": 4, "startTime": 101670, "endTime": 112055, "taskId": 11, "workflowId": -1, "jobId": 0}]}, {"frequency": 2.0, "activePower": 563.0, "idlePower": 120.0, "memory": 33554432, "allocations": [{"index": 29, "startTime": 211384, "endTime": 214899, "taskId": 10, "workflowId": -1, "jobId": 5}]}, {"frequency": 2.0, "activePower": 563.0, "idlePower": 120.0, "memory": 33554432, "allocations": [{"index": 5, "startTime": 105305, "endTime": 110087, "taskId": 9, "workflowId": -1, "jobId": 0}]}, {"frequency": 2.0, "activePower": 563.0, "idlePower": 120.0, "memory": 33554432, "allocations": []}, {"frequency": 2.0, "activePower": 563.0, "idlePower": 120.0, "memory": 33554432, "allocations": [{"index": 6, "startTime": 118704, "endTime": 120106, "taskId": 2, "workflowId": 3, "jobId": -1}]}, {"frequency": 2.0, "activePower": 563.0, "idlePower": 120.0, "memory": 33554432, "allocations": [{"index": 13, "startTime": 129592, "endTime": 130147, "taskId": 7, "workflowId": 3, "jobId": -1}, {"index": 24, "startTime": 202182, "endTime": 205697, "taskId": 10, "workflowId": -1, "jobId": 4}]}, {"frequency": 2.0, "activePower": 563.0, "idlePower": 120.0, "memory": 33554432, "allocations": [{"index": 19, "startTime": 166438, "endTime": 167602, "taskId": 8, "workflowId": 3, "jobId": -1}]}, {"frequency": 2.0, "activePower": 563.0, "idlePower": 120.0, "memory": 33554432, "allocations": [{"index": 2, "startTime": 89480, "endTime": 92995, "taskId": 10, "workflowId": -1, "jobId": 1}]}, {"frequency": 2.0, "activePower": 563.0, "idlePower": 120.0, "memory": 33554432, "allocations": [{"index": 11, "startTime": 127222, "endTime": 128196, "taskId": 4, "workflowId": 3, "jobId": -1}]}, {"frequency": 2.0, "activePower": 563.0, "idlePower": 120.0, "memory": 33554432, "allocations": [{"index": 16, "startTime": 135075, "endTime": 136606, "taskId": 1, "workflowId": 3, "jobId": -1}]}, {"frequency": 2.0, "activePower": 563.0, "idlePower": 120.0, "memory": 33554432, "allocations": [{"index": 8, "startTime": 121508, "endTime": 126290, "taskId": 9, "workflowId": -1, "jobId": 1}]}, {"frequency": 2.0, "activePower": 563.0, "idlePower": 120.0, "memory": 33554432, "allocations": []}, {"frequency": 2.0, "activePower": 563.0, "idlePower": 120.0, "memory": 33554432, "allocations": []}, {"frequency": 2.0, "activePower": 563.0, "idlePower": 120.0, "memory": 33554432, "allocations": []}, {"frequency": 2.0, "activePower": 563.0, "idlePower": 120.0, "memory": 33554432, "allocations": [{"index": 3, "startTime": 91476, "endTime": 96258, "taskId": 9, "workflowId": -1, "jobId": 0}, {"index": 26, "startTime": 210402, "endTime": 211716, "taskId": 18, "workflowId": 3, "jobId": -1}]}, {"frequency": 2.0, "activePower": 563.0, "idlePower": 120.0, "memory": 33554432, "allocations": [{"index": 7, "startTime": 118843, "endTime": 120245, "taskId": 2, "workflowId": 3, "jobId": -1}, {"index": 21, "startTime": 170316, "endTime": 175098, "taskId": 9, "workflowId": -1, "jobId": 2}, {"index": 27, "startTime": 210511, "endTime": 215293, "taskId": 9, "workflowId": -1, "jobId": 3}]}, {"frequency": 2.0, "activePower": 563.0, "idlePower": 120.0, "memory": 33554432, "allocations": []}, {"frequency": 2.0, "activePower": 563.0, "idlePower": 120.0, "memory": 33554432, "allocations": []}, {"frequency": 2.0, "activePower": 563.0, "idlePower": 120.0, "memory": 33554432, "allocations": []}, {"frequency": 2.0, "activePower": 563.0, "idlePower": 120.0, "memory": 33554432, "allocations": [{"index": 22, "startTime": 170817, "endTime": 171477, "taskId": 11, "workflowId": 3, "jobId": -1}]}, {"frequency": 2.0, "activePower": 563.0, "idlePower": 120.0, "memory": 33554432, "allocations": [{"index": 17, "startTime": 160323, "endTime": 161820, "taskId": 10, "workflowId": 3, "jobId": -1}]}, {"frequency": 2.0, "activePower": 563.0, "idlePower": 120.0, "memory": 33554432, "allocations": []}, {"frequency": 2.0, "activePower": 563.0, "idlePower": 120.0, "memory": 33554432, "allocations": [{"index": 15, "startTime": 134464, "endTime": 135489, "taskId": 3, "workflowId": 3, "jobId": -1}, {"index": 28, "startTime": 210667, "endTime": 211981, "taskId": 18, "workflowId": 3, "jobId": -1}]}, {"frequency": 2.0, "activePower": 563.0, "idlePower": 120.0, "memory": 33554432, "allocations": []}, {"frequency": 2.0, "activePower": 563.0, "idlePower": 120.0, "memory": 33554432, "allocations": [{"index": 1, "startTime": 72814, "endTime": 76329, "taskId": 10, "workflowId": -1, "jobId": 0}]}, {"frequency": 2.0, "activePower": 563.0, "idlePower": 120.0, "memory": 33554432, "allocations": []}, {"frequency": 2.0, "activePower": 563.0, "idlePower": 120.0, "memory": 33554432, "allocations": [{"index": 0, "startTime": 68669, "endTime": 72184, "taskId": 10, "workflowId": -1, "jobId": 0}]}, {"frequency": 2.0, "activePower": 563.0, "idlePower": 120.0, "memory": 33554432, "allocations": [{"index": 14, "startTime": 132081, "endTime": 133055, "taskId": 4, "workflowId": 3, "jobId": -1}, {"index": 20, "startTime": 169878, "endTime": 171375, "taskId": 10, "workflowId": 3, "jobId": -1}]}]