[{"frequency": 2.0, "activePower": 563.0, "idlePower": 120.0, "memory": 33554432, "allocations": [{"index": 1, "startTime": 64389, "endTime": 66611, "taskId": 2, "workflowId": 2, "jobId": -1}, {"index": 70, "startTime": 119869, "endTime": 122266, "taskId": 1, "workflowId": 3, "jobId": -1}, {"index": 74, "startTime": 122266, "endTime": 123855, "taskId": 4, "workflowId": 3, "jobId": -1}, {"index": 120, "startTime": 148148, "endTime": 155152, "taskId": 10, "workflowId": -1, "jobId": 3}, {"index": 149, "startTime": 173039, "endTime": 175406, "taskId": 10, "workflowId": 3, "jobId": -1}, {"index": 210, "startTime": 236247, "endTime": 237796, "taskId": 31, "workflowId": 3, "jobId": -1}]}, {"frequency": 2.0, "activePower": 563.0, "idlePower": 120.0, "memory": 33554432, "allocations": [{"index": 3, "startTime": 71876, "endTime": 74859, "taskId": 9, "workflowId": -1, "jobId": 0}, {"index": 30, "startTime": 89816, "endTime": 91989, "taskId": 4, "workflowId": 2, "jobId": -1}, {"index": 38, "startTime": 94176, "endTime": 97159, "taskId": 9, "workflowId": -1, "jobId": 0}]}, {"frequency": 2.0, "activePower": 563.0, "idlePower": 120.0, "memory": 33554432, "allocations": [{"index": 43, "startTime": 97458, "endTime": 103674, "taskId": 13, "workflowId": -1, "jobId": 1}, {"index": 45, "startTime": 103674, "endTime": 109890, "taskId": 13, "workflowId": -1, "jobId": 1}, {"index": 53, "startTime": 109890, "endTime": 111390, "taskId": 7, "workflowId": 2, "jobId": -1}, {"index": 218, "startTime": 239819, "endTime": 241368, "taskId": 31, "workflowId": 3, "jobId": -1}, {"index": 225, "startTime": 275241, "endTime": 282806, "taskId": 8, "workflowId": -1, "jobId": 2}]}, {"frequency": 2.0, "activePower": 563.0, "idlePower": 120.0, "memory": 33554432, "allocations": [{"index": 9, "startTime": 75176, "endTime": 76215, "taskId": 8, "workflowId": 2, "jobId": -1}, {"index": 135, "startTime": 168396, "endTime": 170690, "taskId": 9, "workflowId": 3, "jobId": -1}]}, {"frequency": 2.0, "activePower": 563.0, "idlePower": 120.0, "memory": 33554432, "allocations": [{"index": 133, "startTime": 162040, "endTime": 173695, "taskId": 5, "workflowId": -1, "jobId": 3}]}, {"frequency": 2.0, "activePower": 563.0, "idlePower": 120.0, "memory": 33554432, "allocations": [{"index": 37, "startTime": 93013, "endTime": 94593, "taskId": 12, "workflowId": 2, "jobId": -1}, {"index": 148, "startTime": 173006, "endTime": 175373, "taskId": 10, "workflowId": 3, "jobId": -1}, {"index": 220, "startTime": 250064, "endTime": 254516, "taskId": 15, "workflowId": -1, "jobId": 5}]}, {"frequency": 2.0, "activePower": 563.0, "idlePower": 120.0, "memory": 33554432, "allocations": [{"index": 19, "startTime": 86706, "endTime": 93710, "taskId": 10, "workflowId": -1, "jobId": 0}, {"index": 31, "startTime": 93710, "endTime": 95932, "taskId": 2, "workflowId": 2, "jobId": -1}, {"index": 123, "startTime": 152350, "endTime": 154476, "taskId": 7, "workflowId": 3, "jobId": -1}, {"index": 179, "startTime": 205543, "endTime": 214298, "taskId": 14, "workflowId": -1, "jobId": 2}, {"index": 182, "startTime": 214405, "endTime": 221409, "taskId": 10, "workflowId": -1, "jobId": 5}, {"index": 229, "startTime": 302760, "endTime": 308976, "taskId": 13, "workflowId": -1, "jobId": 5}, {"index": 233, "startTime": 394965, "endTime": 403720, "taskId": 14, "workflowId": -1, "jobId": 5}]}, {"frequency": 2.0, "activePower": 563.0, "idlePower": 120.0, "memory": 33554432, "allocations": [{"index": 13, "startTime": 78664, "endTime": 79492, "taskId": 10, "workflowId": 2, "jobId": -1}, {"index": 94, "startTime": 139336, "endTime": 141001, "taskId": 14, "workflowId": 3, "jobId": -1}, {"index": 99, "startTime": 141001, "endTime": 142590, "taskId": 4, "workflowId": 3, "jobId": -1}, {"index": 118, "startTime": 148141, "endTime": 155145, "taskId": 10, "workflowId": -1, "jobId": 3}, {"index": 144, "startTime": 172715, "endTime": 179635, "taskId": 12, "workflowId": -1, "jobId": 1}, {"index": 160, "startTime": 181608, "endTime": 188612, "taskId": 10, "workflowId": -1, "jobId": 4}, {"index": 164, "startTime": 188612, "endTime": 193064, "taskId": 15, "workflowId": -1, "jobId": 3}, {"index": 170, "startTime": 193064, "endTime": 195272, "taskId": 22, "workflowId": 3, "jobId": -1}, {"index": 205, "startTime": 235919, "endTime": 237072, "taskId": 24, "workflowId": 3, "jobId": -1}]}, {"frequency": 2.0, "activePower": 563.0, "idlePower": 120.0, "memory": 33554432, "allocations": [{"index": 110, "startTime": 145209, "endTime": 147340, "taskId": 13, "workflowId": 3, "jobId": -1}, {"index": 215, "startTime": 239571, "endTime": 247136, "taskId": 8, "workflowId": -1, "jobId": 2}]}, {"frequency": 2.0, "activePower": 563.0, "idlePower": 120.0, "memory": 33554432, "allocations": [{"index": 2, "startTime": 71784, "endTime": 74767, "taskId": 9, "workflowId": -1, "jobId": 0}, {"index": 68, "startTime": 119853, "endTime": 122250, "taskId": 1, "workflowId": 3, "jobId": -1}, {"index": 72, "startTime": 122250, "endTime": 122790, "taskId": 18, "workflowId": 2, "jobId": -1}, {"index": 82, "startTime": 127259, "endTime": 130242, "taskId": 9, "workflowId": -1, "jobId": 1}, {"index": 97, "startTime": 139395, "endTime": 141060, "taskId": 14, "workflowId": 3, "jobId": -1}, {"index": 98, "startTime": 141060, "endTime": 142168, "taskId": 5, "workflowId": 3, "jobId": -1}, {"index": 102, "startTime": 142168, "endTime": 144043, "taskId": 6, "workflowId": 3, "jobId": -1}, {"index": 111, "startTime": 145209, "endTime": 147340, "taskId": 13, "workflowId": 3, "jobId": -1}, {"index": 112, "startTime": 147340, "endTime": 149471, "taskId": 13, "workflowId": 3, "jobId": -1}, {"index": 153, "startTime": 176286, "endTime": 178580, "taskId": 9, "workflowId": 3, "jobId": -1}, {"index": 154, "startTime": 178580, "endTime": 180874, "taskId": 9, "workflowId": 3, "jobId": -1}, {"index": 199, "startTime": 233055, "endTime": 234372, "taskId": 25, "workflowId": 3, "jobId": -1}, {"index": 208, "startTime": 236153, "endTime": 238192, "taskId": 28, "workflowId": 3, "jobId": -1}]}, {"frequency": 2.0, "activePower": 563.0, "idlePower": 120.0, "memory": 33554432, "allocations": [{"index": 174, "startTime": 200826, "endTime": 202285, "taskId": 18, "workflowId": 3, "jobId": -1}, {"index": 180, "startTime": 206198, "endTime": 207590, "taskId": 27, "workflowId": 3, "jobId": -1}, {"index": 183, "startTime": 214638, "endTime": 216301, "taskId": 20, "workflowId": 3, "jobId": -1}, {"index": 189, "startTime": 221339, "endTime": 225791, "taskId": 15, "workflowId": -1, "jobId": 4}, {"index": 190, "startTime": 225791, "endTime": 228774, "taskId": 9, "workflowId": -1, "jobId": 3}, {"index": 193, "startTime": 228775, "endTime": 230324, "taskId": 31, "workflowId": 3, "jobId": -1}, {"index": 207, "startTime": 236106, "endTime": 237655, "taskId": 31, "workflowId": 3, "jobId": -1}, {"index": 219, "startTime": 250017, "endTime": 254469, "taskId": 15, "workflowId": -1, "jobId": 5}, {"index": 222, "startTime": 257761, "endTime": 263977, "taskId": 13, "workflowId": -1, "jobId": 4}, {"index": 226, "startTime": 275472, "endTime": 282476, "taskId": 10, "workflowId": -1, "jobId": 7}, {"index": 230, "startTime": 305438, "endTime": 312442, "taskId": 10, "workflowId": -1, "jobId": 7}, {"index": 234, "startTime": 402049, "endTime": 409053, "taskId": 10, "workflowId": -1, "jobId": 10}]}, {"frequency": 2.0, "activePower": 563.0, "idlePower": 120.0, "memory": 33554432, "allocations": [{"index": 17, "startTime": 80796, "endTime": 82116, "taskId": 1, "workflowId": 2, "jobId": -1}, {"index": 65, "startTime": 119295, "endTime": 121506, "taskId": 14, "workflowId": 2, "jobId": -1}, {"index": 89, "startTime": 133100, "endTime": 137552, "taskId": 15, "workflowId": -1, "jobId": 2}]}, {"frequency": 2.0, "activePower": 563.0, "idlePower": 120.0, "memory": 33554432, "allocations": [{"index": 16, "startTime": 78789, "endTime": 80073, "taskId": 5, "workflowId": 2, "jobId": -1}, {"index": 23, "startTime": 89195, "endTime": 90648, "taskId": 6, "workflowId": 2, "jobId": -1}, {"index": 44, "startTime": 97462, "endTime": 107708, "taskId": 11, "workflowId": -1, "jobId": 0}, {"index": 51, "startTime": 107708, "endTime": 113924, "taskId": 13, "workflowId": -1, "jobId": 0}, {"index": 56, "startTime": 113924, "endTime": 125579, "taskId": 5, "workflowId": -1, "jobId": 2}, {"index": 61, "startTime": 125579, "endTime": 133144, "taskId": 8, "workflowId": -1, "jobId": 0}, {"index": 62, "startTime": 133144, "endTime": 134644, "taskId": 7, "workflowId": 2, "jobId": -1}, {"index": 91, "startTime": 138601, "endTime": 140116, "taskId": 3, "workflowId": 3, "jobId": -1}, {"index": 92, "startTime": 140116, "endTime": 141705, "taskId": 4, "workflowId": 3, "jobId": -1}, {"index": 106, "startTime": 145099, "endTime": 147383, "taskId": 11, "workflowId": 3, "jobId": -1}, {"index": 115, "startTime": 147772, "endTime": 150056, "taskId": 11, "workflowId": 3, "jobId": -1}, {"index": 140, "startTime": 170179, "endTime": 176395, "taskId": 13, "workflowId": -1, "jobId": 2}, {"index": 141, "startTime": 176395, "endTime": 178762, "taskId": 10, "workflowId": 3, "jobId": -1}, {"index": 184, "startTime": 215324, "endTime": 216236, "taskId": 17, "workflowId": 3, "jobId": -1}, {"index": 187, "startTime": 216236, "endTime": 217695, "taskId": 18, "workflowId": 3, "jobId": -1}, {"index": 202, "startTime": 235811, "endTime": 237083, "taskId": 29, "workflowId": 3, "jobId": -1}, {"index": 216, "startTime": 239600, "endTime": 246604, "taskId": 10, "workflowId": -1, "jobId": 6}]}, {"frequency": 2.0, "activePower": 563.0, "idlePower": 120.0, "memory": 33554432, "allocations": [{"index": 49, "startTime": 99469, "endTime": 100969, "taskId": 7, "workflowId": 2, "jobId": -1}, {"index": 54, "startTime": 101419, "endTime": 103744, "taskId": 0, "workflowId": 3, "jobId": -1}, {"index": 236, "startTime": 422639, "endTime": 429643, "taskId": 10, "workflowId": -1, "jobId": 11}]}, {"frequency": 2.0, "activePower": 563.0, "idlePower": 120.0, "memory": 33554432, "allocations": [{"index": 15, "startTime": 78727, "endTime": 80900, "taskId": 4, "workflowId": 2, "jobId": -1}, {"index": 22, "startTime": 89163, "endTime": 90616, "taskId": 6, "workflowId": 2, "jobId": -1}, {"index": 39, "startTime": 94394, "endTime": 101959, "taskId": 8, "workflowId": -1, "jobId": 0}, {"index": 40, "startTime": 101959, "endTime": 109524, "taskId": 8, "workflowId": -1, "jobId": 0}, {"index": 59, "startTime": 113854, "endTime": 120774, "taskId": 12, "workflowId": -1, "jobId": 0}, {"index": 60, "startTime": 120774, "endTime": 127694, "taskId": 12, "workflowId": -1, "jobId": 0}, {"index": 90, "startTime": 138587, "endTime": 140176, "taskId": 4, "workflowId": 3, "jobId": -1}, {"index": 105, "startTime": 145083, "endTime": 147367, "taskId": 11, "workflowId": 3, "jobId": -1}, {"index": 132, "startTime": 161092, "endTime": 161967, "taskId": 8, "workflowId": 3, "jobId": -1}, {"index": 139, "startTime": 170081, "endTime": 176297, "taskId": 13, "workflowId": -1, "jobId": 2}, {"index": 156, "startTime": 181594, "endTime": 183714, "taskId": 21, "workflowId": 3, "jobId": -1}, {"index": 177, "startTime": 201043, "endTime": 205495, "taskId": 15, "workflowId": -1, "jobId": 4}, {"index": 186, "startTime": 215357, "endTime": 216816, "taskId": 18, "workflowId": 3, "jobId": -1}, {"index": 197, "startTime": 230554, "endTime": 232103, "taskId": 31, "workflowId": 3, "jobId": -1}, {"index": 198, "startTime": 233023, "endTime": 234340, "taskId": 25, "workflowId": 3, "jobId": -1}, {"index": 201, "startTime": 234906, "endTime": 237889, "taskId": 9, "workflowId": -1, "jobId": 3}, {"index": 214, "startTime": 239553, "endTime": 246557, "taskId": 10, "workflowId": -1, "jobId": 6}]}, {"frequency": 2.0, "activePower": 563.0, "idlePower": 120.0, "memory": 33554432, "allocations": [{"index": 6, "startTime": 72546, "endTime": 73585, "taskId": 8, "workflowId": 2, "jobId": -1}]}, {"frequency": 2.0, "activePower": 563.0, "idlePower": 120.0, "memory": 33554432, "allocations": [{"index": 4, "startTime": 71939, "endTime": 74922, "taskId": 9, "workflowId": -1, "jobId": 0}, {"index": 114, "startTime": 147742, "endTime": 149868, "taskId": 7, "workflowId": 3, "jobId": -1}, {"index": 121, "startTime": 150137, "endTime": 154589, "taskId": 15, "workflowId": -1, "jobId": 2}, {"index": 130, "startTime": 155812, "endTime": 166058, "taskId": 11, "workflowId": -1, "jobId": 1}, {"index": 142, "startTime": 172667, "endTime": 174961, "taskId": 9, "workflowId": 3, "jobId": -1}, {"index": 158, "startTime": 181601, "endTime": 188605, "taskId": 10, "workflowId": -1, "jobId": 4}, {"index": 162, "startTime": 188605, "endTime": 194821, "taskId": 13, "workflowId": -1, "jobId": 3}, {"index": 165, "startTime": 194821, "endTime": 196321, "taskId": 19, "workflowId": 3, "jobId": -1}, {"index": 166, "startTime": 196321, "endTime": 197821, "taskId": 19, "workflowId": 3, "jobId": -1}, {"index": 168, "startTime": 197821, "endTime": 200804, "taskId": 9, "workflowId": -1, "jobId": 2}, {"index": 178, "startTime": 202834, "endTime": 203746, "taskId": 17, "workflowId": 3, "jobId": -1}, {"index": 188, "startTime": 215561, "endTime": 216821, "taskId": 23, "workflowId": 3, "jobId": -1}, {"index": 203, "startTime": 235858, "endTime": 237130, "taskId": 29, "workflowId": 3, "jobId": -1}, {"index": 217, "startTime": 239604, "endTime": 247169, "taskId": 8, "workflowId": -1, "jobId": 2}]}, {"frequency": 2.0, "activePower": 563.0, "idlePower": 120.0, "memory": 33554432, "allocations": [{"index": 10, "startTime": 75301, "endTime": 76340, "taskId": 8, "workflowId": 2, "jobId": -1}, {"index": 64, "startTime": 118236, "endTime": 120537, "taskId": 2, "workflowId": 3, "jobId": -1}, {"index": 146, "startTime": 172838, "endTime": 183084, "taskId": 11, "workflowId": -1, "jobId": 1}]}, {"frequency": 2.0, "activePower": 563.0, "idlePower": 120.0, "memory": 33554432, "allocations": [{"index": 26, "startTime": 89505, "endTime": 91678, "taskId": 4, "workflowId": 2, "jobId": -1}, {"index": 79, "startTime": 126401, "endTime": 127509, "taskId": 5, "workflowId": 3, "jobId": -1}, {"index": 128, "startTime": 153285, "endTime": 155569, "taskId": 11, "workflowId": 3, "jobId": -1}, {"index": 159, "startTime": 181604, "endTime": 184587, "taskId": 9, "workflowId": -1, "jobId": 2}, {"index": 206, "startTime": 236075, "endTime": 238114, "taskId": 28, "workflowId": 3, "jobId": -1}]}, {"frequency": 2.0, "activePower": 563.0, "idlePower": 120.0, "memory": 33554432, "allocations": [{"index": 52, "startTime": 101250, "endTime": 103575, "taskId": 0, "workflowId": 3, "jobId": -1}, {"index": 86, "startTime": 130759, "endTime": 139514, "taskId": 14, "workflowId": -1, "jobId": 1}, {"index": 100, "startTime": 140267, "endTime": 141782, "taskId": 3, "workflowId": 3, "jobId": -1}, {"index": 109, "startTime": 145146, "endTime": 147430, "taskId": 11, "workflowId": 3, "jobId": -1}, {"index": 116, "startTime": 147864, "endTime": 150136, "taskId": 26, "workflowId": 2, "jobId": -1}, {"index": 119, "startTime": 150136, "endTime": 157140, "taskId": 10, "workflowId": -1, "jobId": 3}, {"index": 124, "startTime": 157140, "endTime": 159266, "taskId": 7, "workflowId": 3, "jobId": -1}, {"index": 125, "startTime": 159266, "endTime": 161392, "taskId": 7, "workflowId": 3, "jobId": -1}, {"index": 145, "startTime": 172742, "endTime": 179662, "taskId": 12, "workflowId": -1, "jobId": 1}, {"index": 147, "startTime": 179662, "endTime": 182029, "taskId": 10, "workflowId": 3, "jobId": -1}, {"index": 157, "startTime": 182029, "endTime": 185012, "taskId": 9, "workflowId": -1, "jobId": 2}, {"index": 161, "startTime": 185012, "endTime": 187132, "taskId": 21, "workflowId": 3, "jobId": -1}]}, {"frequency": 2.0, "activePower": 563.0, "idlePower": 120.0, "memory": 33554432, "allocations": [{"index": 7, "startTime": 72669, "endTime": 73708, "taskId": 8, "workflowId": 2, "jobId": -1}, {"index": 24, "startTime": 89258, "endTime": 90711, "taskId": 6, "workflowId": 2, "jobId": -1}, {"index": 35, "startTime": 91468, "endTime": 92507, "taskId": 8, "workflowId": 2, "jobId": -1}, {"index": 50, "startTime": 99523, "endTime": 101848, "taskId": 0, "workflowId": 3, "jobId": -1}]}, {"frequency": 2.0, "activePower": 563.0, "idlePower": 120.0, "memory": 33554432, "allocations": [{"index": 12, "startTime": 78632, "endTime": 79813, "taskId": 9, "workflowId": 2, "jobId": -1}, {"index": 66, "startTime": 119373, "endTime": 121584, "taskId": 14, "workflowId": 2, "jobId": -1}]}, {"frequency": 2.0, "activePower": 563.0, "idlePower": 120.0, "memory": 33554432, "allocations": [{"index": 20, "startTime": 88992, "endTime": 90445, "taskId": 6, "workflowId": 2, "jobId": -1}, {"index": 41, "startTime": 97363, "endTime": 103579, "taskId": 13, "workflowId": -1, "jobId": 1}, {"index": 57, "startTime": 113311, "endTime": 123557, "taskId": 11, "workflowId": -1, "jobId": 0}, {"index": 103, "startTime": 144755, "endTime": 153510, "taskId": 14, "workflowId": -1, "jobId": 1}, {"index": 136, "startTime": 169574, "endTime": 170075, "taskId": 12, "workflowId": 3, "jobId": -1}, {"index": 171, "startTime": 193542, "endTime": 200546, "taskId": 10, "workflowId": -1, "jobId": 4}, {"index": 173, "startTime": 200546, "endTime": 202145, "taskId": 16, "workflowId": 3, "jobId": -1}, {"index": 175, "startTime": 202145, "endTime": 203604, "taskId": 18, "workflowId": 3, "jobId": -1}, {"index": 181, "startTime": 206290, "endTime": 207682, "taskId": 27, "workflowId": 3, "jobId": -1}, {"index": 191, "startTime": 221558, "endTime": 227774, "taskId": 13, "workflowId": -1, "jobId": 4}, {"index": 192, "startTime": 227774, "endTime": 238020, "taskId": 11, "workflowId": -1, "jobId": 2}, {"index": 194, "startTime": 238020, "endTime": 239569, "taskId": 31, "workflowId": 3, "jobId": -1}, {"index": 221, "startTime": 254300, "endTime": 264546, "taskId": 11, "workflowId": -1, "jobId": 2}, {"index": 223, "startTime": 264546, "endTime": 271550, "taskId": 10, "workflowId": -1, "jobId": 6}, {"index": 227, "startTime": 277394, "endTime": 284398, "taskId": 10, "workflowId": -1, "jobId": 6}, {"index": 231, "startTime": 305440, "endTime": 312444, "taskId": 10, "workflowId": -1, "jobId": 7}, {"index": 235, "startTime": 402127, "endTime": 412373, "taskId": 11, "workflowId": -1, "jobId": 4}]}, {"frequency": 2.0, "activePower": 563.0, "idlePower": 120.0, "memory": 33554432, "allocations": [{"index": 25, "startTime": 89366, "endTime": 91539, "taskId": 4, "workflowId": 2, "jobId": -1}, {"index": 46, "startTime": 99383, "endTime": 106387, "taskId": 10, "workflowId": -1, "jobId": 1}, {"index": 63, "startTime": 118095, "endTime": 125015, "taskId": 12, "workflowId": -1, "jobId": 0}, {"index": 129, "startTime": 153331, "endTime": 159547, "taskId": 13, "workflowId": -1, "jobId": 2}]}, {"frequency": 2.0, "activePower": 563.0, "idlePower": 120.0, "memory": 33554432, "allocations": [{"index": 0, "startTime": 64265, "endTime": 66487, "taskId": 2, "workflowId": 2, "jobId": -1}, {"index": 32, "startTime": 91250, "endTime": 93472, "taskId": 2, "workflowId": 2, "jobId": -1}, {"index": 34, "startTime": 93472, "endTime": 94511, "taskId": 8, "workflowId": 2, "jobId": -1}, {"index": 42, "startTime": 97442, "endTime": 107688, "taskId": 11, "workflowId": -1, "jobId": 0}, {"index": 55, "startTime": 107688, "endTime": 110013, "taskId": 0, "workflowId": 3, "jobId": -1}, {"index": 67, "startTime": 119589, "endTime": 124041, "taskId": 15, "workflowId": -1, "jobId": 2}, {"index": 75, "startTime": 124041, "endTime": 125762, "taskId": 20, "workflowId": 2, "jobId": -1}, {"index": 81, "startTime": 126410, "endTime": 129393, "taskId": 9, "workflowId": -1, "jobId": 1}, {"index": 88, "startTime": 130911, "endTime": 139666, "taskId": 14, "workflowId": -1, "jobId": 1}, {"index": 96, "startTime": 139666, "endTime": 141331, "taskId": 14, "workflowId": 3, "jobId": -1}, {"index": 101, "startTime": 141331, "endTime": 142846, "taskId": 3, "workflowId": 3, "jobId": -1}, {"index": 126, "startTime": 152941, "endTime": 155067, "taskId": 7, "workflowId": 3, "jobId": -1}, {"index": 152, "startTime": 176272, "endTime": 183276, "taskId": 10, "workflowId": -1, "jobId": 3}, {"index": 211, "startTime": 237133, "endTime": 244137, "taskId": 10, "workflowId": -1, "jobId": 5}, {"index": 212, "startTime": 244137, "endTime": 251141, "taskId": 10, "workflowId": -1, "jobId": 5}]}, {"frequency": 2.0, "activePower": 563.0, "idlePower": 120.0, "memory": 33554432, "allocations": [{"index": 14, "startTime": 78668, "endTime": 79849, "taskId": 9, "workflowId": 2, "jobId": -1}, {"index": 58, "startTime": 113419, "endTime": 116402, "taskId": 9, "workflowId": -1, "jobId": 0}, {"index": 104, "startTime": 145067, "endTime": 147351, "taskId": 11, "workflowId": 3, "jobId": -1}, {"index": 131, "startTime": 160843, "endTime": 161718, "taskId": 8, "workflowId": 3, "jobId": -1}, {"index": 137, "startTime": 169699, "endTime": 177264, "taskId": 8, "workflowId": -1, "jobId": 1}, {"index": 138, "startTime": 177264, "endTime": 178139, "taskId": 8, "workflowId": 3, "jobId": -1}, {"index": 155, "startTime": 181500, "endTime": 184483, "taskId": 9, "workflowId": -1, "jobId": 2}, {"index": 172, "startTime": 197417, "endTime": 198991, "taskId": 15, "workflowId": 3, "jobId": -1}, {"index": 176, "startTime": 201028, "endTime": 202487, "taskId": 18, "workflowId": 3, "jobId": -1}, {"index": 185, "startTime": 215355, "endTime": 216267, "taskId": 17, "workflowId": 3, "jobId": -1}, {"index": 195, "startTime": 230306, "endTime": 233289, "taskId": 9, "workflowId": -1, "jobId": 3}, {"index": 196, "startTime": 233289, "endTime": 236272, "taskId": 9, "workflowId": -1, "jobId": 3}, {"index": 200, "startTime": 236272, "endTime": 238576, "taskId": 26, "workflowId": 3, "jobId": -1}, {"index": 213, "startTime": 239538, "endTime": 247103, "taskId": 8, "workflowId": -1, "jobId": 2}, {"index": 224, "startTime": 258754, "endTime": 265758, "taskId": 10, "workflowId": -1, "jobId": 6}, {"index": 228, "startTime": 278253, "endTime": 282705, "taskId": 15, "workflowId": -1, "jobId": 5}, {"index": 232, "startTime": 306322, "endTime": 309305, "taskId": 9, "workflowId": -1, "jobId": 4}]}, {"frequency": 2.0, "activePower": 563.0, "idlePower": 120.0, "memory": 33554432, "allocations": [{"index": 5, "startTime": 72078, "endTime": 74213, "taskId": 0, "workflowId": 2, "jobId": -1}, {"index": 21, "startTime": 89085, "endTime": 90538, "taskId": 6, "workflowId": 2, "jobId": -1}, {"index": 29, "startTime": 90538, "endTime": 92711, "taskId": 4, "workflowId": 2, "jobId": -1}, {"index": 127, "startTime": 152988, "endTime": 154653, "taskId": 14, "workflowId": 3, "jobId": -1}]}, {"frequency": 2.0, "activePower": 563.0, "idlePower": 120.0, "memory": 33554432, "allocations": [{"index": 27, "startTime": 89583, "endTime": 91756, "taskId": 4, "workflowId": 2, "jobId": -1}, {"index": 69, "startTime": 119856, "endTime": 122157, "taskId": 2, "workflowId": 3, "jobId": -1}, {"index": 71, "startTime": 122157, "endTime": 130912, "taskId": 14, "workflowId": -1, "jobId": 0}, {"index": 73, "startTime": 130912, "endTime": 132427, "taskId": 3, "workflowId": 3, "jobId": -1}, {"index": 84, "startTime": 132427, "endTime": 133535, "taskId": 5, "workflowId": 3, "jobId": -1}, {"index": 113, "startTime": 145564, "endTime": 152568, "taskId": 10, "workflowId": -1, "jobId": 3}, {"index": 151, "startTime": 175246, "endTime": 175747, "taskId": 12, "workflowId": 3, "jobId": -1}, {"index": 209, "startTime": 236200, "endTime": 237749, "taskId": 31, "workflowId": 3, "jobId": -1}]}, {"frequency": 2.0, "activePower": 563.0, "idlePower": 120.0, "memory": 33554432, "allocations": [{"index": 8, "startTime": 75146, "endTime": 76185, "taskId": 8, "workflowId": 2, "jobId": -1}, {"index": 80, "startTime": 126406, "endTime": 129389, "taskId": 9, "workflowId": -1, "jobId": 1}, {"index": 83, "startTime": 129389, "endTime": 130497, "taskId": 5, "workflowId": 3, "jobId": -1}, {"index": 134, "startTime": 164608, "endTime": 165109, "taskId": 12, "workflowId": 3, "jobId": -1}]}, {"frequency": 2.0, "activePower": 563.0, "idlePower": 120.0, "memory": 33554432, "allocations": [{"index": 11, "startTime": 78042, "endTime": 79326, "taskId": 5, "workflowId": 2, "jobId": -1}, {"index": 77, "startTime": 126355, "endTime": 127463, "taskId": 5, "workflowId": 3, "jobId": -1}, {"index": 107, "startTime": 145130, "endTime": 147414, "taskId": 11, "workflowId": 3, "jobId": -1}]}, {"frequency": 2.0, "activePower": 563.0, "idlePower": 120.0, "memory": 33554432, "allocations": [{"index": 28, "startTime": 89692, "endTime": 91865, "taskId": 4, "workflowId": 2, "jobId": -1}, {"index": 33, "startTime": 91865, "endTime": 94087, "taskId": 2, "workflowId": 2, "jobId": -1}, {"index": 76, "startTime": 125420, "endTime": 134175, "taskId": 14, "workflowId": -1, "jobId": 0}, {"index": 78, "startTime": 134175, "endTime": 135283, "taskId": 5, "workflowId": 3, "jobId": -1}, {"index": 85, "startTime": 135283, "endTime": 144038, "taskId": 14, "workflowId": -1, "jobId": 1}, {"index": 93, "startTime": 144038, "endTime": 145703, "taskId": 14, "workflowId": 3, "jobId": -1}, {"index": 95, "startTime": 145703, "endTime": 147368, "taskId": 14, "workflowId": 3, "jobId": -1}, {"index": 108, "startTime": 147368, "endTime": 149652, "taskId": 11, "workflowId": 3, "jobId": -1}, {"index": 117, "startTime": 149652, "endTime": 159898, "taskId": 11, "workflowId": -1, "jobId": 1}, {"index": 122, "startTime": 159898, "endTime": 167463, "taskId": 8, "workflowId": -1, "jobId": 1}, {"index": 143, "startTime": 172711, "endTime": 175005, "taskId": 9, "workflowId": 3, "jobId": -1}, {"index": 163, "startTime": 184209, "endTime": 190425, "taskId": 13, "workflowId": -1, "jobId": 3}, {"index": 167, "startTime": 190425, "endTime": 193408, "taskId": 9, "workflowId": -1, "jobId": 2}, {"index": 169, "startTime": 193408, "endTime": 196391, "taskId": 9, "workflowId": -1, "jobId": 2}, {"index": 204, "startTime": 235889, "endTime": 237161, "taskId": 29, "workflowId": 3, "jobId": -1}]}, {"frequency": 2.0, "activePower": 563.0, "idlePower": 120.0, "memory": 33554432, "allocations": [{"index": 18, "startTime": 85802, "endTime": 90254, "taskId": 15, "workflowId": -1, "jobId": 0}, {"index": 36, "startTime": 91557, "endTime": 92596, "taskId": 8, "workflowId": 2, "jobId": -1}, {"index": 47, "startTime": 99462, "endTime": 100962, "taskId": 7, "workflowId": 2, "jobId": -1}, {"index": 48, "startTime": 100962, "endTime": 103287, "taskId": 0, "workflowId": 3, "jobId": -1}, {"index": 87, "startTime": 130850, "endTime": 139605, "taskId": 14, "workflowId": -1, "jobId": 1}, {"index": 150, "startTime": 173273, "endTime": 179489, "taskId": 13, "workflowId": -1, "jobId": 2}]}]