[{"edge": "localhost:8002", "index": 0, "id": 10, "workflowId": -1, "jobId": 0, "type": "SOFT", "executionCost": 7029, "memory": 29932, "executionTimes": [[30, 68669, 72184]], "arrivalTime": 68668, "deadline": -1727215372810}, {"edge": "localhost:8008", "index": 1, "id": 10, "workflowId": -1, "jobId": 0, "type": "SOFT", "executionCost": 7029, "memory": 29932, "executionTimes": [[28, 72814, 76329]], "arrivalTime": 72814, "deadline": -1727191905810}, {"edge": "localhost:8001", "index": 2, "id": 10, "workflowId": -1, "jobId": 1, "type": "SOFT", "executionCost": 7029, "memory": 29932, "executionTimes": [[11, 89480, 92995]], "arrivalTime": 89479, "deadline": 96105}, {"edge": "localhost:8003", "index": 3, "id": 9, "workflowId": -1, "jobId": 0, "type": "SOFT", "executionCost": 9564, "memory": 27125, "executionTimes": [[18, 91476, 96258]], "arrivalTime": 91475, "deadline": -1727189716810}, {"edge": "localhost:8003", "index": 4, "id": 11, "workflowId": -1, "jobId": 0, "type": "SOFT", "executionCost": 20769, "memory": 62483, "executionTimes": [[4, 101670, 112055]], "arrivalTime": 101671, "deadline": -1727173404810}, {"edge": "localhost:8008", "index": 5, "id": 9, "workflowId": -1, "jobId": 0, "type": "SOFT", "executionCost": 9564, "memory": 27125, "executionTimes": [[6, 105305, 110087]], "arrivalTime": 105304, "deadline": -1727175519810}, {"edge": "localhost:8002", "index": 6, "id": 2, "workflowId": 3, "jobId": -1, "type": "SOFT", "executionCost": 2804, "memory": 86311, "executionTimes": [[8, 118704, 120106]], "arrivalTime": 118705, "deadline": 130016}, {"edge": "localhost:8002", "index": 7, "id": 2, "workflowId": 3, "jobId": -1, "type": "SOFT", "executionCost": 2804, "memory": 86311, "executionTimes": [[19, 118843, 120245]], "arrivalTime": 118845, "deadline": 130016}, {"edge": "localhost:8002", "index": 8, "id": 9, "workflowId": -1, "jobId": 1, "type": "SOFT", "executionCost": 9564, "memory": 27125, "executionTimes": [[14, 121508, 126290]], "arrivalTime": 121508, "deadline": -1727150121810}, {"edge": "localhost:8001", "index": 9, "id": 1, "workflowId": 3, "jobId": -1, "type": "SOFT", "executionCost": 3061, "memory": 27081, "executionTimes": [[0, 124229, 125760]], "arrivalTime": 124229, "deadline": -1727161014810}, {"edge": "localhost:8007", "index": 10, "id": 1, "workflowId": 3, "jobId": -1, "type": "SOFT", "executionCost": 3061, "memory": 27081, "executionTimes": [[0, 126181, 127712]], "arrivalTime": 126181, "deadline": -1727159043810}, {"edge": "localhost:8003", "index": 11, "id": 4, "workflowId": 3, "jobId": -1, "type": "SOFT", "executionCost": 1948, "memory": 70822, "executionTimes": [[12, 127222, 128196]], "arrivalTime": 127222, "deadline": -1727162362810}, {"edge": "localhost:8003", "index": 12, "id": 2, "workflowId": 3, "jobId": -1, "type": "SOFT", "executionCost": 2804, "memory": 86311, "executionTimes": [[2, 128889, 130291]], "arrivalTime": 128891, "deadline": -1727156675810}, {"edge": "localhost:8001", "index": 13, "id": 7, "workflowId": 3, "jobId": -1, "type": "SOFT", "executionCost": 1109, "memory": 33606, "executionTimes": [[9, 129592, 130147]], "arrivalTime": 129592, "deadline": -1727153634810}, {"edge": "localhost:8008", "index": 14, "id": 4, "workflowId": 3, "jobId": -1, "type": "SOFT", "executionCost": 1948, "memory": 70822, "executionTimes": [[31, 132081, 133055]], "arrivalTime": 132082, "deadline": -1727156240810}, {"edge": "localhost:8008", "index": 15, "id": 3, "workflowId": 3, "jobId": -1, "type": "SOFT", "executionCost": 2050, "memory": 94218, "executionTimes": [[26, 134464, 135489]], "arrivalTime": 134466, "deadline": -1727155561810}, {"edge": "localhost:8003", "index": 16, "id": 1, "workflowId": 3, "jobId": -1, "type": "SOFT", "executionCost": 3061, "memory": 27081, "executionTimes": [[13, 135075, 136606]], "arrivalTime": 135074, "deadline": -1727154971810}, {"edge": "localhost:8003", "index": 17, "id": 10, "workflowId": 3, "jobId": -1, "type": "SOFT", "executionCost": 2993, "memory": 68964, "executionTimes": [[24, 160323, 161820]], "arrivalTime": 160323, "deadline": -1727127678810}, {"edge": "localhost:8002", "index": 18, "id": 9, "workflowId": 3, "jobId": -1, "type": "SOFT", "executionCost": 4659, "memory": 79694, "executionTimes": [[3, 163294, 165624]], "arrivalTime": 163293, "deadline": -1727122726810}, {"edge": "localhost:8008", "index": 19, "id": 8, "workflowId": 3, "jobId": -1, "type": "SOFT", "executionCost": 2327, "memory": 25986, "executionTimes": [[10, 166438, 167602]], "arrivalTime": 166439, "deadline": -1727125987810}, {"edge": "localhost:8008", "index": 20, "id": 10, "workflowId": 3, "jobId": -1, "type": "SOFT", "executionCost": 2993, "memory": 68964, "executionTimes": [[31, 169878, 171375]], "arrivalTime": 169880, "deadline": -1727121556810}, {"edge": "localhost:8001", "index": 21, "id": 9, "workflowId": -1, "jobId": 2, "type": "SOFT", "executionCost": 9564, "memory": 27125, "executionTimes": [[19, 170316, 175098]], "arrivalTime": 170317, "deadline": 177742}, {"edge": "localhost:8003", "index": 22, "id": 11, "workflowId": 3, "jobId": -1, "type": "SOFT", "executionCost": 1320, "memory": 59226, "executionTimes": [[23, 170817, 171477]], "arrivalTime": 170817, "deadline": -1727118900810}, {"edge": "localhost:8003", "index": 23, "id": 9, "workflowId": -1, "jobId": 2, "type": "SOFT", "executionCost": 9564, "memory": 27125, "executionTimes": [[1, 188183, 192965]], "arrivalTime": 188185, "deadline": -1727091986810}, {"edge": "localhost:8007", "index": 24, "id": 10, "workflowId": -1, "jobId": 4, "type": "SOFT", "executionCost": 7029, "memory": 29932, "executionTimes": [[9, 202182, 205697]], "arrivalTime": 202182, "deadline": -1727085152810}, {"edge": "localhost:8008", "index": 25, "id": 16, "workflowId": 3, "jobId": -1, "type": "SOFT", "executionCost": 4156, "memory": 52202, "executionTimes": [[2, 204468, 206546]], "arrivalTime": 204469, "deadline": -1727076698810}, {"edge": "localhost:8001", "index": 26, "id": 18, "workflowId": 3, "jobId": -1, "type": "SOFT", "executionCost": 2627, "memory": 92381, "executionTimes": [[18, 210402, 211716]], "arrivalTime": 210404, "deadline": 221685}, {"edge": "localhost:8001", "index": 27, "id": 9, "workflowId": -1, "jobId": 3, "type": "SOFT", "executionCost": 9564, "memory": 27125, "executionTimes": [[19, 210511, 215293]], "arrivalTime": 210512, "deadline": 226607}, {"edge": "localhost:8001", "index": 28, "id": 18, "workflowId": 3, "jobId": -1, "type": "SOFT", "executionCost": 2627, "memory": 92381, "executionTimes": [[26, 210667, 211981]], "arrivalTime": 210669, "deadline": 221685}, {"edge": "localhost:8001", "index": 29, "id": 10, "workflowId": -1, "jobId": 5, "type": "SOFT", "executionCost": 7029, "memory": 29932, "executionTimes": [[5, 211384, 214899]], "arrivalTime": 211384, "deadline": 226021}]