[{"edge": "localhost:8001", "index": 0, "id": 10, "workflowId": -1, "jobId": 0, "type": "FIRM", "executionCost": 5442, "memory": 72609, "executionTimes": [[23, 33597, 36318]], "arrivalTime": 33597, "deadline": 56155}, {"edge": "localhost:8001", "index": 1, "id": 12, "workflowId": -1, "jobId": 0, "type": "SOFT", "executionCost": 7340, "memory": 46572, "executionTimes": [[26, 33612, 37282]], "arrivalTime": 33612, "deadline": 58326}, {"edge": "localhost:8001", "index": 2, "id": 13, "workflowId": -1, "jobId": 0, "type": "SOFT", "executionCost": 21625, "memory": 74070, "executionTimes": [[6, 33615, 44428]], "arrivalTime": 33615, "deadline": 75981}, {"edge": "localhost:8002", "index": 3, "id": 10, "workflowId": -1, "jobId": 0, "type": "FIRM", "executionCost": 5442, "memory": 72609, "executionTimes": [[24, 42710, 45431]], "arrivalTime": 42710, "deadline": 65236}, {"edge": "localhost:8002", "index": 4, "id": 12, "workflowId": -1, "jobId": 0, "type": "SOFT", "executionCost": 7340, "memory": 46572, "executionTimes": [[17, 42711, 46381]], "arrivalTime": 42711, "deadline": 67407}, {"edge": "localhost:8002", "index": 5, "id": 13, "workflowId": -1, "jobId": 0, "type": "SOFT", "executionCost": 21625, "memory": 74070, "executionTimes": [[14, 42723, 53536]], "arrivalTime": 42724, "deadline": 85062}, {"edge": "localhost:8001", "index": 6, "id": 14, "workflowId": -1, "jobId": 0, "type": "SOFT", "executionCost": 11795, "memory": 81183, "executionTimes": [[19, 59446, 65344]], "arrivalTime": 59446, "deadline": 72423}, {"edge": "localhost:8001", "index": 7, "id": 0, "workflowId": 3, "jobId": -1, "type": "SOFT", "executionCost": 1465, "memory": 23034, "executionTimes": [[25, 64009, 64742]], "arrivalTime": 64009, "deadline": 68124}, {"edge": "localhost:8001", "index": 8, "id": 12, "workflowId": -1, "jobId": 1, "type": "SOFT", "executionCost": 7340, "memory": 46572, "executionTimes": [[29, 67334, 71004]], "arrivalTime": 67334, "deadline": 85233}, {"edge": "localhost:8002", "index": 9, "id": 0, "workflowId": 3, "jobId": -1, "type": "SOFT", "executionCost": 1465, "memory": 23034, "executionTimes": [[19, 68064, 68797]], "arrivalTime": 68064, "deadline": 72228}, {"edge": "localhost:8002", "index": 10, "id": 14, "workflowId": -1, "jobId": 0, "type": "SOFT", "executionCost": 11795, "memory": 81183, "executionTimes": [[23, 68763, 74661]], "arrivalTime": 68763, "deadline": 81504}, {"edge": "localhost:8001", "index": 11, "id": 6, "workflowId": 3, "jobId": -1, "type": "SOFT", "executionCost": 3909, "memory": 74984, "executionTimes": [[3, 69153, 71108]], "arrivalTime": 69153, "deadline": 85159}, {"edge": "localhost:8001", "index": 12, "id": 2, "workflowId": 3, "jobId": -1, "type": "SOFT", "executionCost": 2811, "memory": 70896, "executionTimes": [[20, 69247, 70653]], "arrivalTime": 69247, "deadline": 80376}, {"edge": "localhost:8001", "index": 13, "id": 1, "workflowId": 3, "jobId": -1, "type": "SOFT", "executionCost": 2235, "memory": 89529, "executionTimes": [[18, 69319, 70437]], "arrivalTime": 69319, "deadline": 77860}, {"edge": "localhost:8001", "index": 14, "id": 10, "workflowId": -1, "jobId": 1, "type": "FIRM", "executionCost": 5442, "memory": 72609, "executionTimes": [[19, 69758, 72479]], "arrivalTime": 69758, "deadline": 80891}, {"edge": "localhost:8001", "index": 15, "id": 4, "workflowId": 3, "jobId": -1, "type": "SOFT", "executionCost": 4284, "memory": 45017, "executionTimes": [[23, 74661, 76803]], "arrivalTime": 70195, "deadline": 86792}, {"edge": "localhost:8001", "index": 16, "id": 4, "workflowId": 3, "jobId": -1, "type": "SOFT", "executionCost": 4284, "memory": 45017, "executionTimes": [[24, 70211, 72353]], "arrivalTime": 70211, "deadline": 86792}, {"edge": "localhost:8001", "index": 17, "id": 3, "workflowId": 3, "jobId": -1, "type": "SOFT", "executionCost": 2490, "memory": 25340, "executionTimes": [[4, 71144, 72389]], "arrivalTime": 71144, "deadline": 91222}, {"edge": "localhost:8002", "index": 18, "id": 1, "workflowId": 3, "jobId": -1, "type": "SOFT", "executionCost": 2235, "memory": 89529, "executionTimes": [[3, 73337, 74455]], "arrivalTime": 73337, "deadline": 81964}, {"edge": "localhost:8002", "index": 19, "id": 2, "workflowId": 3, "jobId": -1, "type": "SOFT", "executionCost": 2811, "memory": 70896, "executionTimes": [[27, 73367, 74773]], "arrivalTime": 73368, "deadline": 84480}, {"edge": "localhost:8002", "index": 20, "id": 6, "workflowId": 3, "jobId": -1, "type": "SOFT", "executionCost": 3909, "memory": 74984, "executionTimes": [[2, 74774, 76729]], "arrivalTime": 74774, "deadline": 89263}, {"edge": "localhost:8002", "index": 21, "id": 12, "workflowId": -1, "jobId": 1, "type": "SOFT", "executionCost": 7340, "memory": 46572, "executionTimes": [[3, 74815, 78485]], "arrivalTime": 74817, "deadline": 94314}, {"edge": "localhost:8002", "index": 22, "id": 4, "workflowId": 3, "jobId": -1, "type": "SOFT", "executionCost": 4284, "memory": 45017, "executionTimes": [[17, 75128, 77270]], "arrivalTime": 75128, "deadline": 90896}, {"edge": "localhost:8002", "index": 23, "id": 4, "workflowId": 3, "jobId": -1, "type": "SOFT", "executionCost": 4284, "memory": 45017, "executionTimes": [[4, 75142, 77284]], "arrivalTime": 75143, "deadline": 90896}, {"edge": "localhost:8002", "index": 24, "id": 4, "workflowId": 3, "jobId": -1, "type": "SOFT", "executionCost": 4284, "memory": 45017, "executionTimes": [[26, 75284, 77426]], "arrivalTime": 75284, "deadline": 90896}, {"edge": "localhost:8002", "index": 25, "id": 4, "workflowId": 3, "jobId": -1, "type": "SOFT", "executionCost": 4284, "memory": 45017, "executionTimes": [[23, 76803, 78945]], "arrivalTime": 75287, "deadline": 90896}, {"edge": "localhost:8002", "index": 26, "id": 4, "workflowId": 3, "jobId": -1, "type": "SOFT", "executionCost": 4284, "memory": 45017, "executionTimes": [[24, 75289, 77431]], "arrivalTime": 75289, "deadline": 90896}, {"edge": "localhost:8001", "index": 27, "id": 8, "workflowId": 3, "jobId": -1, "type": "SOFT", "executionCost": 4826, "memory": 75027, "executionTimes": [[29, 76715, 79128]], "arrivalTime": 76715, "deadline": 98887}, {"edge": "localhost:8002", "index": 28, "id": 10, "workflowId": -1, "jobId": 1, "type": "FIRM", "executionCost": 5442, "memory": 72609, "executionTimes": [[6, 77087, 79808]], "arrivalTime": 77087, "deadline": 89972}, {"edge": "localhost:8002", "index": 29, "id": 10, "workflowId": -1, "jobId": 1, "type": "FIRM", "executionCost": 5442, "memory": 72609, "executionTimes": [[4, 77284, 80005]], "arrivalTime": 77090, "deadline": 89972}, {"edge": "localhost:8002", "index": 30, "id": 3, "workflowId": 3, "jobId": -1, "type": "SOFT", "executionCost": 2490, "memory": 25340, "executionTimes": [[4, 80005, 81250]], "arrivalTime": 78809, "deadline": 95326}, {"edge": "localhost:8002", "index": 31, "id": 8, "workflowId": 3, "jobId": -1, "type": "SOFT", "executionCost": 4826, "memory": 75027, "executionTimes": [[27, 79538, 81951]], "arrivalTime": 79538, "deadline": 102991}, {"edge": "localhost:8007", "index": 32, "id": 12, "workflowId": -1, "jobId": 1, "type": "SOFT", "executionCost": 7340, "memory": 46572, "executionTimes": [[2, 81483, 85153]], "arrivalTime": 81483, "deadline": -1727189323464}, {"edge": "localhost:8007", "index": 33, "id": 12, "workflowId": -1, "jobId": 1, "type": "SOFT", "executionCost": 7340, "memory": 46572, "executionTimes": [[3, 81512, 85182]], "arrivalTime": 81513, "deadline": -1727189323464}, {"edge": "localhost:8009", "index": 34, "id": 0, "workflowId": 3, "jobId": -1, "type": "SOFT", "executionCost": 1465, "memory": 23034, "executionTimes": [[3, 85182, 85915]], "arrivalTime": 82570, "deadline": 86604}, {"edge": "localhost:8001", "index": 35, "id": 14, "workflowId": -1, "jobId": 1, "type": "SOFT", "executionCost": 11795, "memory": 81183, "executionTimes": [[2, 85247, 91145]], "arrivalTime": 85247, "deadline": 113427}, {"edge": "localhost:8001", "index": 36, "id": 14, "workflowId": -1, "jobId": 1, "type": "SOFT", "executionCost": 11795, "memory": 81183, "executionTimes": [[3, 85915, 91813]], "arrivalTime": 85251, "deadline": 113427}, {"edge": "localhost:8001", "index": 37, "id": 14, "workflowId": -1, "jobId": 1, "type": "SOFT", "executionCost": 11795, "memory": 81183, "executionTimes": [[27, 85254, 91152]], "arrivalTime": 85254, "deadline": 113427}, {"edge": "localhost:8001", "index": 38, "id": 14, "workflowId": -1, "jobId": 1, "type": "SOFT", "executionCost": 11795, "memory": 81183, "executionTimes": [[4, 85258, 91156]], "arrivalTime": 85258, "deadline": 113427}, {"edge": "localhost:8001", "index": 39, "id": 14, "workflowId": -1, "jobId": 1, "type": "SOFT", "executionCost": 11795, "memory": 81183, "executionTimes": [[26, 85386, 91284]], "arrivalTime": 85385, "deadline": 113427}, {"edge": "localhost:8007", "index": 40, "id": 8, "workflowId": 3, "jobId": -1, "type": "SOFT", "executionCost": 4826, "memory": 75027, "executionTimes": [[23, 85679, 88092]], "arrivalTime": 85679, "deadline": -1727182996464}, {"edge": "localhost:8008", "index": 41, "id": 4, "workflowId": 3, "jobId": -1, "type": "SOFT", "executionCost": 4284, "memory": 45017, "executionTimes": [[23, 88092, 90234]], "arrivalTime": 87621, "deadline": -1727182794464}, {"edge": "localhost:8003", "index": 42, "id": 10, "workflowId": -1, "jobId": 1, "type": "FIRM", "executionCost": 5442, "memory": 72609, "executionTimes": [[6, 87791, 90512]], "arrivalTime": 87791, "deadline": -1727186810464}, {"edge": "localhost:8001", "index": 43, "id": 4, "workflowId": 2, "jobId": -1, "type": "FIRM", "executionCost": 1004, "memory": 36720, "executionTimes": [[4, 91156, 91658]], "arrivalTime": 87795, "deadline": 90395}, {"edge": "localhost:8001", "index": 44, "id": 10, "workflowId": -1, "jobId": 2, "type": "FIRM", "executionCost": 5442, "memory": 72609, "executionTimes": [[9, 87914, 90635]], "arrivalTime": 87914, "deadline": 105627}, {"edge": "localhost:8001", "index": 45, "id": 2, "workflowId": 2, "jobId": -1, "type": "FIRM", "executionCost": 3258, "memory": 80391, "executionTimes": [[11, 87975, 89604]], "arrivalTime": 87977, "deadline": 101039}, {"edge": "localhost:8001", "index": 46, "id": 10, "workflowId": -1, "jobId": 2, "type": "FIRM", "executionCost": 5442, "memory": 72609, "executionTimes": [[17, 88094, 90815]], "arrivalTime": 88094, "deadline": 105627}, {"edge": "localhost:8001", "index": 47, "id": 10, "workflowId": -1, "jobId": 2, "type": "FIRM", "executionCost": 5442, "memory": 72609, "executionTimes": [[5, 88270, 90991]], "arrivalTime": 88270, "deadline": 105627}, {"edge": "localhost:8001", "index": 48, "id": 11, "workflowId": 3, "jobId": -1, "type": "SOFT", "executionCost": 3492, "memory": 85320, "executionTimes": [[7, 88317, 90063]], "arrivalTime": 88317, "deadline": 114104}, {"edge": "localhost:8001", "index": 49, "id": 10, "workflowId": -1, "jobId": 2, "type": "FIRM", "executionCost": 5442, "memory": 72609, "executionTimes": [[13, 88322, 91043]], "arrivalTime": 88322, "deadline": 105627}, {"edge": "localhost:8001", "index": 50, "id": 11, "workflowId": 3, "jobId": -1, "type": "SOFT", "executionCost": 3492, "memory": 85320, "executionTimes": [[22, 88324, 90070]], "arrivalTime": 88324, "deadline": 114104}, {"edge": "localhost:8001", "index": 51, "id": 9, "workflowId": 3, "jobId": -1, "type": "SOFT", "executionCost": 3734, "memory": 42872, "executionTimes": [[26, 91284, 93151]], "arrivalTime": 88348, "deadline": 115156}, {"edge": "localhost:8003", "index": 52, "id": 8, "workflowId": -1, "jobId": 0, "type": "FIRM", "executionCost": 12308, "memory": 87979, "executionTimes": [[18, 90235, 96389]], "arrivalTime": 90235, "deadline": -1727186903464}, {"edge": "localhost:8001", "index": 53, "id": 5, "workflowId": 2, "jobId": -1, "type": "FIRM", "executionCost": 4986, "memory": 67190, "executionTimes": [[1, 91481, 93974]], "arrivalTime": 91481, "deadline": 109202}, {"edge": "localhost:8001", "index": 54, "id": 10, "workflowId": 3, "jobId": -1, "type": "SOFT", "executionCost": 2568, "memory": 30452, "executionTimes": [[26, 93151, 94435]], "arrivalTime": 91485, "deadline": 110080}, {"edge": "localhost:8001", "index": 55, "id": 12, "workflowId": -1, "jobId": 2, "type": "SOFT", "executionCost": 7340, "memory": 46572, "executionTimes": [[30, 91489, 95159]], "arrivalTime": 91489, "deadline": 112140}, {"edge": "localhost:8001", "index": 56, "id": 12, "workflowId": -1, "jobId": 2, "type": "SOFT", "executionCost": 7340, "memory": 46572, "executionTimes": [[7, 91489, 95159]], "arrivalTime": 91489, "deadline": 112140}, {"edge": "localhost:8001", "index": 57, "id": 12, "workflowId": -1, "jobId": 2, "type": "SOFT", "executionCost": 7340, "memory": 46572, "executionTimes": [[24, 91510, 95180]], "arrivalTime": 91512, "deadline": 112140}, {"edge": "localhost:8001", "index": 58, "id": 12, "workflowId": -1, "jobId": 2, "type": "SOFT", "executionCost": 7340, "memory": 46572, "executionTimes": [[0, 91573, 95243]], "arrivalTime": 91573, "deadline": 112140}, {"edge": "localhost:8001", "index": 59, "id": 12, "workflowId": -1, "jobId": 2, "type": "SOFT", "executionCost": 7340, "memory": 46572, "executionTimes": [[12, 91577, 95247]], "arrivalTime": 91577, "deadline": 112140}, {"edge": "localhost:8001", "index": 60, "id": 12, "workflowId": -1, "jobId": 2, "type": "SOFT", "executionCost": 7340, "memory": 46572, "executionTimes": [[30, 95159, 98829]], "arrivalTime": 91581, "deadline": 112140}, {"edge": "localhost:8006", "index": 61, "id": 2, "workflowId": 3, "jobId": -1, "type": "SOFT", "executionCost": 2811, "memory": 70896, "executionTimes": [[12, 95247, 96653]], "arrivalTime": 92986, "deadline": -1727193280464}, {"edge": "localhost:8006", "index": 62, "id": 1, "workflowId": 3, "jobId": -1, "type": "SOFT", "executionCost": 2235, "memory": 89529, "executionTimes": [[21, 93266, 94384]], "arrivalTime": 93267, "deadline": -1727195799464}, {"edge": "localhost:8006", "index": 63, "id": 1, "workflowId": 3, "jobId": -1, "type": "SOFT", "executionCost": 2235, "memory": 89529, "executionTimes": [[17, 93359, 94477]], "arrivalTime": 93361, "deadline": -1727195799464}, {"edge": "localhost:8006", "index": 64, "id": 1, "workflowId": 3, "jobId": -1, "type": "SOFT", "executionCost": 2235, "memory": 89529, "executionTimes": [[22, 93379, 94497]], "arrivalTime": 93379, "deadline": -1727195799464}, {"edge": "localhost:8006", "index": 65, "id": 1, "workflowId": 3, "jobId": -1, "type": "SOFT", "executionCost": 2235, "memory": 89529, "executionTimes": [[19, 93379, 94497]], "arrivalTime": 93380, "deadline": -1727195799464}, {"edge": "localhost:8006", "index": 66, "id": 13, "workflowId": -1, "jobId": 0, "type": "SOFT", "executionCost": 21625, "memory": 74070, "executionTimes": [[8, 93670, 104483]], "arrivalTime": 93672, "deadline": -1727180836464}, {"edge": "localhost:8006", "index": 67, "id": 6, "workflowId": 3, "jobId": -1, "type": "SOFT", "executionCost": 3909, "memory": 74984, "executionTimes": [[14, 94248, 96203]], "arrivalTime": 94248, "deadline": -1727188503464}, {"edge": "localhost:8006", "index": 68, "id": 14, "workflowId": -1, "jobId": 0, "type": "SOFT", "executionCost": 11795, "memory": 81183, "executionTimes": [[14, 96203, 102101]], "arrivalTime": 94385, "deadline": -1727184394464}, {"edge": "localhost:8009", "index": 69, "id": 2, "workflowId": 3, "jobId": -1, "type": "SOFT", "executionCost": 2811, "memory": 70896, "executionTimes": [[17, 95147, 96553]], "arrivalTime": 95147, "deadline": 98867}, {"edge": "localhost:8009", "index": 70, "id": 2, "workflowId": 3, "jobId": -1, "type": "SOFT", "executionCost": 2811, "memory": 70896, "executionTimes": [[12, 96653, 98059]], "arrivalTime": 95178, "deadline": 98867}, {"edge": "localhost:8009", "index": 71, "id": 1, "workflowId": 3, "jobId": -1, "type": "SOFT", "executionCost": 2235, "memory": 89529, "executionTimes": [[23, 96482, 97600]], "arrivalTime": 96482, "deadline": 96340}, {"edge": "localhost:8009", "index": 72, "id": 1, "workflowId": 3, "jobId": -1, "type": "SOFT", "executionCost": 2235, "memory": 89529, "executionTimes": [[24, 96485, 97603]], "arrivalTime": 96485, "deadline": 96340}, {"edge": "localhost:8009", "index": 73, "id": 12, "workflowId": -1, "jobId": 0, "type": "SOFT", "executionCost": 7340, "memory": 46572, "executionTimes": [[24, 97603, 101273]], "arrivalTime": 96556, "deadline": 98394}, {"edge": "localhost:8009", "index": 74, "id": 1, "workflowId": 3, "jobId": -1, "type": "SOFT", "executionCost": 2235, "memory": 89529, "executionTimes": [[29, 96608, 97726]], "arrivalTime": 96608, "deadline": 96340}, {"edge": "localhost:8003", "index": 75, "id": 9, "workflowId": -1, "jobId": 0, "type": "FIRM", "executionCost": 16012, "memory": 98495, "executionTimes": [[15, 97692, 105698]], "arrivalTime": 97692, "deadline": -1727157940464}, {"edge": "localhost:8001", "index": 76, "id": 11, "workflowId": -1, "jobId": 0, "type": "FIRM", "executionCost": 8143, "memory": 46155, "executionTimes": [[15, 105698, 109770]], "arrivalTime": 97738, "deadline": 111174}, {"edge": "localhost:8001", "index": 77, "id": 11, "workflowId": -1, "jobId": 0, "type": "FIRM", "executionCost": 8143, "memory": 46155, "executionTimes": [[0, 97741, 101813]], "arrivalTime": 97741, "deadline": 111174}, {"edge": "localhost:8001", "index": 78, "id": 11, "workflowId": -1, "jobId": 0, "type": "FIRM", "executionCost": 8143, "memory": 46155, "executionTimes": [[4, 97746, 101818]], "arrivalTime": 97746, "deadline": 111174}, {"edge": "localhost:8001", "index": 79, "id": 11, "workflowId": -1, "jobId": 0, "type": "FIRM", "executionCost": 8143, "memory": 46155, "executionTimes": [[9, 97893, 101965]], "arrivalTime": 97892, "deadline": 111174}, {"edge": "localhost:8001", "index": 80, "id": 11, "workflowId": -1, "jobId": 0, "type": "FIRM", "executionCost": 8143, "memory": 46155, "executionTimes": [[11, 97955, 102027]], "arrivalTime": 97955, "deadline": 111174}, {"edge": "localhost:8001", "index": 81, "id": 11, "workflowId": -1, "jobId": 0, "type": "FIRM", "executionCost": 8143, "memory": 46155, "executionTimes": [[5, 97972, 102044]], "arrivalTime": 97972, "deadline": 111174}, {"edge": "localhost:8001", "index": 82, "id": 11, "workflowId": -1, "jobId": 0, "type": "FIRM", "executionCost": 8143, "memory": 46155, "executionTimes": [[31, 98002, 102074]], "arrivalTime": 98002, "deadline": 111174}, {"edge": "localhost:8001", "index": 83, "id": 11, "workflowId": -1, "jobId": 0, "type": "FIRM", "executionCost": 8143, "memory": 46155, "executionTimes": [[22, 98005, 102077]], "arrivalTime": 98005, "deadline": 111174}, {"edge": "localhost:8001", "index": 84, "id": 11, "workflowId": -1, "jobId": 0, "type": "FIRM", "executionCost": 8143, "memory": 46155, "executionTimes": [[30, 98829, 102901]], "arrivalTime": 98017, "deadline": 111174}, {"edge": "localhost:8001", "index": 85, "id": 11, "workflowId": -1, "jobId": 0, "type": "FIRM", "executionCost": 8143, "memory": 46155, "executionTimes": [[30, 102901, 106973]], "arrivalTime": 98111, "deadline": 111174}, {"edge": "localhost:8002", "index": 86, "id": 10, "workflowId": -1, "jobId": 2, "type": "FIRM", "executionCost": 5442, "memory": 72609, "executionTimes": [[30, 106973, 109694]], "arrivalTime": 99396, "deadline": -1727175350464}, {"edge": "localhost:8009", "index": 87, "id": 6, "workflowId": 3, "jobId": -1, "type": "SOFT", "executionCost": 3909, "memory": 74984, "executionTimes": [[28, 99504, 101459]], "arrivalTime": 99504, "deadline": 103649}, {"edge": "localhost:8009", "index": 88, "id": 6, "workflowId": 3, "jobId": -1, "type": "SOFT", "executionCost": 3909, "memory": 74984, "executionTimes": [[10, 99509, 101464]], "arrivalTime": 99509, "deadline": 103649}, {"edge": "localhost:8009", "index": 89, "id": 6, "workflowId": 3, "jobId": -1, "type": "SOFT", "executionCost": 3909, "memory": 74984, "executionTimes": [[16, 99583, 101538]], "arrivalTime": 99583, "deadline": 103649}, {"edge": "localhost:8003", "index": 90, "id": 9, "workflowId": 3, "jobId": -1, "type": "SOFT", "executionCost": 3734, "memory": 42872, "executionTimes": [[9, 101965, 103832]], "arrivalTime": 100390, "deadline": -1727164647464}, {"edge": "localhost:8009", "index": 91, "id": 4, "workflowId": 3, "jobId": -1, "type": "SOFT", "executionCost": 4284, "memory": 45017, "executionTimes": [[25, 100932, 103074]], "arrivalTime": 100932, "deadline": 105276}, {"edge": "localhost:8009", "index": 92, "id": 4, "workflowId": 3, "jobId": -1, "type": "SOFT", "executionCost": 4284, "memory": 45017, "executionTimes": [[21, 100937, 103079]], "arrivalTime": 100937, "deadline": 105276}, {"edge": "localhost:8007", "index": 93, "id": 9, "workflowId": -1, "jobId": 0, "type": "FIRM", "executionCost": 16012, "memory": 98495, "executionTimes": [[18, 100995, 109001]], "arrivalTime": 100995, "deadline": -1727166817464}, {"edge": "localhost:8007", "index": 94, "id": 9, "workflowId": -1, "jobId": 0, "type": "FIRM", "executionCost": 16012, "memory": 98495, "executionTimes": [[19, 101000, 109006]], "arrivalTime": 101000, "deadline": -1727166817464}, {"edge": "localhost:8007", "index": 95, "id": 9, "workflowId": -1, "jobId": 0, "type": "FIRM", "executionCost": 16012, "memory": 98495, "executionTimes": [[1, 101137, 109143]], "arrivalTime": 101137, "deadline": -1727166817464}, {"edge": "localhost:8001", "index": 96, "id": 13, "workflowId": 3, "jobId": -1, "type": "SOFT", "executionCost": 4539, "memory": 81393, "executionTimes": [[7, 101178, 103448]], "arrivalTime": 101178, "deadline": 118665}, {"edge": "localhost:8009", "index": 97, "id": 14, "workflowId": -1, "jobId": 0, "type": "SOFT", "executionCost": 11795, "memory": 81183, "executionTimes": [[18, 109001, 114899]], "arrivalTime": 102604, "deadline": 112491}, {"edge": "localhost:8009", "index": 98, "id": 13, "workflowId": -1, "jobId": 0, "type": "SOFT", "executionCost": 21625, "memory": 74070, "executionTimes": [[29, 105677, 116490]], "arrivalTime": 105677, "deadline": 116049}, {"edge": "localhost:8001", "index": 99, "id": 15, "workflowId": -1, "jobId": 0, "type": "SOFT", "executionCost": 14572, "memory": 50205, "executionTimes": [[29, 116490, 123776]], "arrivalTime": 105768, "deadline": 110979}, {"edge": "localhost:8009", "index": 100, "id": 3, "workflowId": 3, "jobId": -1, "type": "SOFT", "executionCost": 2490, "memory": 25340, "executionTimes": [[0, 105782, 107027]], "arrivalTime": 105784, "deadline": 109713}, {"edge": "localhost:8009", "index": 101, "id": 4, "workflowId": 2, "jobId": -1, "type": "FIRM", "executionCost": 1004, "memory": 36720, "executionTimes": [[17, 106485, 106987]], "arrivalTime": 106485, "deadline": 108870}, {"edge": "localhost:8008", "index": 102, "id": 10, "workflowId": 3, "jobId": -1, "type": "SOFT", "executionCost": 2568, "memory": 30452, "executionTimes": [[17, 106987, 108271]], "arrivalTime": 106703, "deadline": -1727159500464}, {"edge": "localhost:8001", "index": 103, "id": 6, "workflowId": 2, "jobId": -1, "type": "FIRM", "executionCost": 4998, "memory": 48532, "executionTimes": [[31, 106719, 109218]], "arrivalTime": 106719, "deadline": 124651}, {"edge": "localhost:8001", "index": 104, "id": 6, "workflowId": 2, "jobId": -1, "type": "FIRM", "executionCost": 4998, "memory": 48532, "executionTimes": [[13, 106723, 109222]], "arrivalTime": 106723, "deadline": 124651}, {"edge": "localhost:8001", "index": 105, "id": 5, "workflowId": 3, "jobId": -1, "type": "SOFT", "executionCost": 1340, "memory": 27833, "executionTimes": [[31, 109218, 109888]], "arrivalTime": 106726, "deadline": 124507}, {"edge": "localhost:8001", "index": 106, "id": 5, "workflowId": 3, "jobId": -1, "type": "SOFT", "executionCost": 1340, "memory": 27833, "executionTimes": [[28, 106730, 107400]], "arrivalTime": 106730, "deadline": 124507}, {"edge": "localhost:8001", "index": 107, "id": 6, "workflowId": 2, "jobId": -1, "type": "FIRM", "executionCost": 4998, "memory": 48532, "executionTimes": [[8, 106735, 109234]], "arrivalTime": 106735, "deadline": 124651}, {"edge": "localhost:8007", "index": 108, "id": 11, "workflowId": -1, "jobId": 0, "type": "FIRM", "executionCost": 8143, "memory": 46155, "executionTimes": [[30, 109694, 113766]], "arrivalTime": 107241, "deadline": -1727165404464}, {"edge": "localhost:8007", "index": 109, "id": 11, "workflowId": -1, "jobId": 0, "type": "FIRM", "executionCost": 8143, "memory": 46155, "executionTimes": [[9, 107244, 111316]], "arrivalTime": 107244, "deadline": -1727165404464}, {"edge": "localhost:8008", "index": 110, "id": 5, "workflowId": 2, "jobId": -1, "type": "FIRM", "executionCost": 4986, "memory": 67190, "executionTimes": [[19, 109006, 111499]], "arrivalTime": 107442, "deadline": -1727160382464}, {"edge": "localhost:8001", "index": 111, "id": 7, "workflowId": 3, "jobId": -1, "type": "SOFT", "executionCost": 4487, "memory": 93222, "executionTimes": [[28, 108873, 111117]], "arrivalTime": 108873, "deadline": 133654}, {"edge": "localhost:8003", "index": 112, "id": 10, "workflowId": -1, "jobId": 2, "type": "FIRM", "executionCost": 5442, "memory": 72609, "executionTimes": [[9, 111316, 114037]], "arrivalTime": 109741, "deadline": -1727162074464}, {"edge": "localhost:8009", "index": 113, "id": 8, "workflowId": 3, "jobId": -1, "type": "SOFT", "executionCost": 4826, "memory": 75027, "executionTimes": [[12, 109743, 112156]], "arrivalTime": 109744, "deadline": 117367}, {"edge": "localhost:8003", "index": 114, "id": 10, "workflowId": -1, "jobId": 2, "type": "FIRM", "executionCost": 5442, "memory": 72609, "executionTimes": [[15, 109866, 112587]], "arrivalTime": 109864, "deadline": -1727162074464}, {"edge": "localhost:8001", "index": 115, "id": 10, "workflowId": -1, "jobId": 3, "type": "FIRM", "executionCost": 5442, "memory": 72609, "executionTimes": [[9, 114037, 116758]], "arrivalTime": 111119, "deadline": 130363}, {"edge": "localhost:8001", "index": 116, "id": 8, "workflowId": -1, "jobId": 1, "type": "FIRM", "executionCost": 12308, "memory": 87979, "executionTimes": [[11, 111141, 117295]], "arrivalTime": 111140, "deadline": 130177}, {"edge": "localhost:8001", "index": 117, "id": 8, "workflowId": -1, "jobId": 1, "type": "FIRM", "executionCost": 12308, "memory": 87979, "executionTimes": [[5, 111189, 117343]], "arrivalTime": 111189, "deadline": 130177}, {"edge": "localhost:8001", "index": 118, "id": 10, "workflowId": -1, "jobId": 3, "type": "FIRM", "executionCost": 5442, "memory": 72609, "executionTimes": [[12, 112156, 114877]], "arrivalTime": 111248, "deadline": 130363}, {"edge": "localhost:8001", "index": 119, "id": 15, "workflowId": 3, "jobId": -1, "type": "SOFT", "executionCost": 4658, "memory": 86301, "executionTimes": [[2, 111951, 114280]], "arrivalTime": 111951, "deadline": 135451}, {"edge": "localhost:8001", "index": 120, "id": 15, "workflowId": 3, "jobId": -1, "type": "SOFT", "executionCost": 4658, "memory": 86301, "executionTimes": [[7, 111966, 114295]], "arrivalTime": 111966, "deadline": 135451}, {"edge": "localhost:8001", "index": 121, "id": 12, "workflowId": 3, "jobId": -1, "type": "SOFT", "executionCost": 3134, "memory": 52960, "executionTimes": [[7, 114295, 115862]], "arrivalTime": 112514, "deadline": 138163}, {"edge": "localhost:8007", "index": 122, "id": 5, "workflowId": 3, "jobId": -1, "type": "SOFT", "executionCost": 1340, "memory": 27833, "executionTimes": [[7, 115862, 116532]], "arrivalTime": 113636, "deadline": -1727157376464}, {"edge": "localhost:8001", "index": 123, "id": 12, "workflowId": -1, "jobId": 3, "type": "SOFT", "executionCost": 7340, "memory": 46572, "executionTimes": [[0, 114458, 118128]], "arrivalTime": 114458, "deadline": 139047}, {"edge": "localhost:8001", "index": 124, "id": 14, "workflowId": -1, "jobId": 2, "type": "SOFT", "executionCost": 11795, "memory": 81183, "executionTimes": [[14, 115734, 121632]], "arrivalTime": 115734, "deadline": 154431}, {"edge": "localhost:8002", "index": 125, "id": 6, "workflowId": 2, "jobId": -1, "type": "FIRM", "executionCost": 4998, "memory": 48532, "executionTimes": [[19, 117005, 119504]], "arrivalTime": 117005, "deadline": -1727157251464}, {"edge": "localhost:8002", "index": 126, "id": 8, "workflowId": -1, "jobId": 1, "type": "FIRM", "executionCost": 12308, "memory": 87979, "executionTimes": [[1, 118079, 124233]], "arrivalTime": 118079, "deadline": -1727146748464}, {"edge": "localhost:8001", "index": 127, "id": 14, "workflowId": 3, "jobId": -1, "type": "SOFT", "executionCost": 2389, "memory": 66477, "executionTimes": [[4, 118131, 119326]], "arrivalTime": 118131, "deadline": 148572}, {"edge": "localhost:8001", "index": 128, "id": 14, "workflowId": 3, "jobId": -1, "type": "SOFT", "executionCost": 2389, "memory": 66477, "executionTimes": [[26, 118135, 119330]], "arrivalTime": 118135, "deadline": 148572}, {"edge": "localhost:8003", "index": 129, "id": 6, "workflowId": 2, "jobId": -1, "type": "FIRM", "executionCost": 4998, "memory": 48532, "executionTimes": [[15, 118636, 121135]], "arrivalTime": 118637, "deadline": -1727155154464}, {"edge": "localhost:8001", "index": 130, "id": 19, "workflowId": 3, "jobId": -1, "type": "SOFT", "executionCost": 4787, "memory": 67108, "executionTimes": [[8, 120656, 123050]], "arrivalTime": 120656, "deadline": 156315}, {"edge": "localhost:8001", "index": 131, "id": 16, "workflowId": 3, "jobId": -1, "type": "SOFT", "executionCost": 3564, "memory": 21621, "executionTimes": [[26, 120659, 122441]], "arrivalTime": 120659, "deadline": 150976}, {"edge": "localhost:8001", "index": 132, "id": 19, "workflowId": 3, "jobId": -1, "type": "SOFT", "executionCost": 4787, "memory": 67108, "executionTimes": [[18, 120702, 123096]], "arrivalTime": 120703, "deadline": 156315}, {"edge": "localhost:8001", "index": 133, "id": 16, "workflowId": 3, "jobId": -1, "type": "SOFT", "executionCost": 3564, "memory": 21621, "executionTimes": [[24, 120706, 122488]], "arrivalTime": 120706, "deadline": 150976}, {"edge": "localhost:8001", "index": 134, "id": 9, "workflowId": 2, "jobId": -1, "type": "FIRM", "executionCost": 4113, "memory": 38866, "executionTimes": [[4, 120828, 122885]], "arrivalTime": 120828, "deadline": 144082}, {"edge": "localhost:8001", "index": 135, "id": 9, "workflowId": 2, "jobId": -1, "type": "FIRM", "executionCost": 4113, "memory": 38866, "executionTimes": [[15, 121135, 123192]], "arrivalTime": 120859, "deadline": 144082}, {"edge": "localhost:8001", "index": 136, "id": 9, "workflowId": 2, "jobId": -1, "type": "FIRM", "executionCost": 4113, "memory": 38866, "executionTimes": [[29, 123776, 125833]], "arrivalTime": 120905, "deadline": 144082}, {"edge": "localhost:8001", "index": 137, "id": 9, "workflowId": 2, "jobId": -1, "type": "FIRM", "executionCost": 4113, "memory": 38866, "executionTimes": [[5, 120951, 123008]], "arrivalTime": 120951, "deadline": 144082}, {"edge": "localhost:8001", "index": 138, "id": 13, "workflowId": -1, "jobId": 2, "type": "SOFT", "executionCost": 21625, "memory": 74070, "executionTimes": [[18, 123096, 133909]], "arrivalTime": 122787, "deadline": 165105}, {"edge": "localhost:8008", "index": 139, "id": 6, "workflowId": 2, "jobId": -1, "type": "FIRM", "executionCost": 4998, "memory": 48532, "executionTimes": [[30, 123098, 125597]], "arrivalTime": 123098, "deadline": -1727144933464}, {"edge": "localhost:8008", "index": 140, "id": 6, "workflowId": 2, "jobId": -1, "type": "FIRM", "executionCost": 4998, "memory": 48532, "executionTimes": [[15, 123192, 125691]], "arrivalTime": 123103, "deadline": -1727144933464}, {"edge": "localhost:8008", "index": 141, "id": 10, "workflowId": -1, "jobId": 2, "type": "FIRM", "executionCost": 5442, "memory": 72609, "executionTimes": [[8, 123127, 125848]], "arrivalTime": 123126, "deadline": -1727144689464}, {"edge": "localhost:8008", "index": 142, "id": 10, "workflowId": -1, "jobId": 2, "type": "FIRM", "executionCost": 5442, "memory": 72609, "executionTimes": [[2, 123131, 125852]], "arrivalTime": 123131, "deadline": -1727144689464}, {"edge": "localhost:8008", "index": 143, "id": 6, "workflowId": 2, "jobId": -1, "type": "FIRM", "executionCost": 4998, "memory": 48532, "executionTimes": [[9, 123174, 125673]], "arrivalTime": 123174, "deadline": -1727144933464}, {"edge": "localhost:8008", "index": 144, "id": 10, "workflowId": -1, "jobId": 2, "type": "FIRM", "executionCost": 5442, "memory": 72609, "executionTimes": [[11, 123190, 125911]], "arrivalTime": 123190, "deadline": -1727144689464}, {"edge": "localhost:8003", "index": 145, "id": 12, "workflowId": 3, "jobId": -1, "type": "SOFT", "executionCost": 3134, "memory": 52960, "executionTimes": [[19, 127808, 129375]], "arrivalTime": 127808, "deadline": -1727137588464}, {"edge": "localhost:8001", "index": 146, "id": 7, "workflowId": 2, "jobId": -1, "type": "FIRM", "executionCost": 3618, "memory": 79582, "executionTimes": [[10, 129921, 131730]], "arrivalTime": 129921, "deadline": 141751}, {"edge": "localhost:8001", "index": 147, "id": 7, "workflowId": 2, "jobId": -1, "type": "FIRM", "executionCost": 3618, "memory": 79582, "executionTimes": [[12, 129965, 131774]], "arrivalTime": 129968, "deadline": 141751}, {"edge": "localhost:8001", "index": 148, "id": 7, "workflowId": 2, "jobId": -1, "type": "FIRM", "executionCost": 3618, "memory": 79582, "executionTimes": [[25, 130030, 131839]], "arrivalTime": 130030, "deadline": 141751}, {"edge": "localhost:8001", "index": 149, "id": 7, "workflowId": 2, "jobId": -1, "type": "FIRM", "executionCost": 3618, "memory": 79582, "executionTimes": [[1, 130059, 131868]], "arrivalTime": 130060, "deadline": 141751}, {"edge": "localhost:8001", "index": 150, "id": 7, "workflowId": 2, "jobId": -1, "type": "FIRM", "executionCost": 3618, "memory": 79582, "executionTimes": [[19, 130091, 131900]], "arrivalTime": 130092, "deadline": 141751}, {"edge": "localhost:8001", "index": 151, "id": 17, "workflowId": 3, "jobId": -1, "type": "SOFT", "executionCost": 4565, "memory": 79423, "executionTimes": [[23, 130096, 132379]], "arrivalTime": 130096, "deadline": 155348}, {"edge": "localhost:8001", "index": 152, "id": 17, "workflowId": 3, "jobId": -1, "type": "SOFT", "executionCost": 4565, "memory": 79423, "executionTimes": [[24, 130107, 132390]], "arrivalTime": 130107, "deadline": 155348}, {"edge": "localhost:8007", "index": 153, "id": 12, "workflowId": -1, "jobId": 3, "type": "SOFT", "executionCost": 7340, "memory": 46572, "executionTimes": [[29, 130121, 133791]], "arrivalTime": 130122, "deadline": -1727135509464}, {"edge": "localhost:8005", "index": 154, "id": 12, "workflowId": -1, "jobId": 2, "type": "SOFT", "executionCost": 7340, "memory": 46572, "executionTimes": [[0, 131335, 135005]], "arrivalTime": 131336, "deadline": -1727157883464}, {"edge": "localhost:8001", "index": 155, "id": 18, "workflowId": 3, "jobId": -1, "type": "SOFT", "executionCost": 3331, "memory": 27348, "executionTimes": [[8, 135007, 136673]], "arrivalTime": 135007, "deadline": 163084}, {"edge": "localhost:8001", "index": 156, "id": 21, "workflowId": 3, "jobId": -1, "type": "SOFT", "executionCost": 2620, "memory": 95736, "executionTimes": [[4, 135025, 136335]], "arrivalTime": 135025, "deadline": 162391}, {"edge": "localhost:8001", "index": 157, "id": 18, "workflowId": 3, "jobId": -1, "type": "SOFT", "executionCost": 3331, "memory": 27348, "executionTimes": [[20, 135105, 136771]], "arrivalTime": 135105, "deadline": 163084}, {"edge": "localhost:8001", "index": 158, "id": 18, "workflowId": 3, "jobId": -1, "type": "SOFT", "executionCost": 3331, "memory": 27348, "executionTimes": [[27, 135152, 136818]], "arrivalTime": 135151, "deadline": 163084}, {"edge": "localhost:8001", "index": 159, "id": 10, "workflowId": -1, "jobId": 4, "type": "FIRM", "executionCost": 5442, "memory": 72609, "executionTimes": [[20, 136987, 139708]], "arrivalTime": 136987, "deadline": 155099}, {"edge": "localhost:8001", "index": 160, "id": 10, "workflowId": -1, "jobId": 4, "type": "FIRM", "executionCost": 5442, "memory": 72609, "executionTimes": [[10, 136992, 139713]], "arrivalTime": 136992, "deadline": 155099}, {"edge": "localhost:8001", "index": 161, "id": 10, "workflowId": -1, "jobId": 4, "type": "FIRM", "executionCost": 5442, "memory": 72609, "executionTimes": [[22, 136993, 139714]], "arrivalTime": 136994, "deadline": 155099}, {"edge": "localhost:8001", "index": 162, "id": 10, "workflowId": -1, "jobId": 4, "type": "FIRM", "executionCost": 5442, "memory": 72609, "executionTimes": [[17, 136997, 139718]], "arrivalTime": 136997, "deadline": 155099}, {"edge": "localhost:8001", "index": 163, "id": 10, "workflowId": -1, "jobId": 4, "type": "FIRM", "executionCost": 5442, "memory": 72609, "executionTimes": [[1, 137000, 139721]], "arrivalTime": 137000, "deadline": 155099}, {"edge": "localhost:8001", "index": 164, "id": 10, "workflowId": -1, "jobId": 4, "type": "FIRM", "executionCost": 5442, "memory": 72609, "executionTimes": [[19, 137094, 139815]], "arrivalTime": 137094, "deadline": 155099}, {"edge": "localhost:8001", "index": 165, "id": 10, "workflowId": -1, "jobId": 4, "type": "FIRM", "executionCost": 5442, "memory": 72609, "executionTimes": [[15, 137248, 139969]], "arrivalTime": 137250, "deadline": 155099}, {"edge": "localhost:8008", "index": 166, "id": 7, "workflowId": 2, "jobId": -1, "type": "FIRM", "executionCost": 3618, "memory": 79582, "executionTimes": [[6, 139065, 140874]], "arrivalTime": 139067, "deadline": -1727127831464}, {"edge": "localhost:8001", "index": 167, "id": 12, "workflowId": -1, "jobId": 4, "type": "SOFT", "executionCost": 7340, "memory": 46572, "executionTimes": [[12, 141182, 144852]], "arrivalTime": 141182, "deadline": 165954}, {"edge": "localhost:8001", "index": 168, "id": 11, "workflowId": 2, "jobId": -1, "type": "FIRM", "executionCost": 2919, "memory": 35153, "executionTimes": [[10, 141679, 143139]], "arrivalTime": 141679, "deadline": 157873}, {"edge": "localhost:8001", "index": 169, "id": 11, "workflowId": 2, "jobId": -1, "type": "FIRM", "executionCost": 2919, "memory": 35153, "executionTimes": [[22, 141773, 143233]], "arrivalTime": 141773, "deadline": 157873}, {"edge": "localhost:8001", "index": 170, "id": 11, "workflowId": 2, "jobId": -1, "type": "FIRM", "executionCost": 2919, "memory": 35153, "executionTimes": [[25, 141777, 143237]], "arrivalTime": 141779, "deadline": 157873}, {"edge": "localhost:8001", "index": 171, "id": 11, "workflowId": 2, "jobId": -1, "type": "FIRM", "executionCost": 2919, "memory": 35153, "executionTimes": [[1, 141781, 143241]], "arrivalTime": 141781, "deadline": 157873}, {"edge": "localhost:8001", "index": 172, "id": 11, "workflowId": 2, "jobId": -1, "type": "FIRM", "executionCost": 2919, "memory": 35153, "executionTimes": [[19, 141785, 143245]], "arrivalTime": 141785, "deadline": 157873}, {"edge": "localhost:8001", "index": 173, "id": 12, "workflowId": 2, "jobId": -1, "type": "FIRM", "executionCost": 3744, "memory": 45550, "executionTimes": [[15, 142394, 144266]], "arrivalTime": 142394, "deadline": 159439}, {"edge": "localhost:8001", "index": 174, "id": 12, "workflowId": 2, "jobId": -1, "type": "FIRM", "executionCost": 3744, "memory": 45550, "executionTimes": [[6, 142469, 144341]], "arrivalTime": 142469, "deadline": 159439}, {"edge": "localhost:8001", "index": 175, "id": 23, "workflowId": 3, "jobId": -1, "type": "SOFT", "executionCost": 1299, "memory": 49167, "executionTimes": [[29, 142472, 143122]], "arrivalTime": 142472, "deadline": 168742}, {"edge": "localhost:8001", "index": 176, "id": 23, "workflowId": 3, "jobId": -1, "type": "SOFT", "executionCost": 1299, "memory": 49167, "executionTimes": [[0, 142516, 143166]], "arrivalTime": 142516, "deadline": 168742}, {"edge": "localhost:8001", "index": 177, "id": 12, "workflowId": 2, "jobId": -1, "type": "FIRM", "executionCost": 3744, "memory": 45550, "executionTimes": [[30, 142520, 144392]], "arrivalTime": 142520, "deadline": 159439}, {"edge": "localhost:8001", "index": 178, "id": 23, "workflowId": 3, "jobId": -1, "type": "SOFT", "executionCost": 1299, "memory": 49167, "executionTimes": [[17, 142531, 143181]], "arrivalTime": 142531, "deadline": 168742}, {"edge": "localhost:8001", "index": 179, "id": 22, "workflowId": 3, "jobId": -1, "type": "SOFT", "executionCost": 2742, "memory": 92960, "executionTimes": [[7, 142547, 143918]], "arrivalTime": 142548, "deadline": 174336}, {"edge": "localhost:8001", "index": 180, "id": 22, "workflowId": 3, "jobId": -1, "type": "SOFT", "executionCost": 2742, "memory": 92960, "executionTimes": [[18, 142552, 143923]], "arrivalTime": 142552, "deadline": 174336}, {"edge": "localhost:8001", "index": 181, "id": 20, "workflowId": 3, "jobId": -1, "type": "SOFT", "executionCost": 4187, "memory": 61639, "executionTimes": [[14, 142625, 144719]], "arrivalTime": 142625, "deadline": 174558}, {"edge": "localhost:8002", "index": 182, "id": 11, "workflowId": 2, "jobId": -1, "type": "FIRM", "executionCost": 2919, "memory": 35153, "executionTimes": [[19, 148479, 149939]], "arrivalTime": 148478, "deadline": -1727128081464}, {"edge": "localhost:8002", "index": 183, "id": 12, "workflowId": 2, "jobId": -1, "type": "FIRM", "executionCost": 3744, "memory": 45550, "executionTimes": [[10, 148510, 150382]], "arrivalTime": 148510, "deadline": -1727126515464}, {"edge": "localhost:8001", "index": 184, "id": 13, "workflowId": 2, "jobId": -1, "type": "FIRM", "executionCost": 1137, "memory": 71446, "executionTimes": [[22, 148680, 149249]], "arrivalTime": 148680, "deadline": 164818}, {"edge": "localhost:8001", "index": 185, "id": 24, "workflowId": 3, "jobId": -1, "type": "SOFT", "executionCost": 4612, "memory": 41795, "executionTimes": [[23, 148683, 150989]], "arrivalTime": 148683, "deadline": 182490}, {"edge": "localhost:8001", "index": 186, "id": 24, "workflowId": 3, "jobId": -1, "type": "SOFT", "executionCost": 4612, "memory": 41795, "executionTimes": [[4, 148758, 151064]], "arrivalTime": 148758, "deadline": 182490}, {"edge": "localhost:8001", "index": 187, "id": 15, "workflowId": -1, "jobId": 1, "type": "SOFT", "executionCost": 14572, "memory": 50205, "executionTimes": [[16, 148772, 156058]], "arrivalTime": 148772, "deadline": 190539}, {"edge": "localhost:8001", "index": 188, "id": 14, "workflowId": 2, "jobId": -1, "type": "FIRM", "executionCost": 2767, "memory": 85056, "executionTimes": [[19, 149939, 151323]], "arrivalTime": 149472, "deadline": 172514}, {"edge": "localhost:8008", "index": 189, "id": 11, "workflowId": 2, "jobId": -1, "type": "FIRM", "executionCost": 2919, "memory": 35153, "executionTimes": [[19, 151323, 152783]], "arrivalTime": 150265, "deadline": -1727111714464}, {"edge": "localhost:8001", "index": 190, "id": 15, "workflowId": 2, "jobId": -1, "type": "FIRM", "executionCost": 3425, "memory": 69768, "executionTimes": [[22, 151767, 153480]], "arrivalTime": 151768, "deadline": 174059}, {"edge": "localhost:8001", "index": 191, "id": 15, "workflowId": 2, "jobId": -1, "type": "FIRM", "executionCost": 3425, "memory": 69768, "executionTimes": [[30, 151773, 153486]], "arrivalTime": 151773, "deadline": 174059}, {"edge": "localhost:8001", "index": 192, "id": 15, "workflowId": 2, "jobId": -1, "type": "FIRM", "executionCost": 3425, "memory": 69768, "executionTimes": [[27, 151773, 153486]], "arrivalTime": 151773, "deadline": 174059}, {"edge": "localhost:8001", "index": 193, "id": 8, "workflowId": -1, "jobId": 2, "type": "FIRM", "executionCost": 12308, "memory": 87979, "executionTimes": [[19, 152783, 158937]], "arrivalTime": 151845, "deadline": 179556}, {"edge": "localhost:8007", "index": 194, "id": 18, "workflowId": 3, "jobId": -1, "type": "SOFT", "executionCost": 3331, "memory": 27348, "executionTimes": [[14, 152724, 154390]], "arrivalTime": 152726, "deadline": -1727118799464}, {"edge": "localhost:8002", "index": 195, "id": 12, "workflowId": -1, "jobId": 4, "type": "SOFT", "executionCost": 7340, "memory": 46572, "executionTimes": [[23, 153113, 156783]], "arrivalTime": 153113, "deadline": -1727115023464}, {"edge": "localhost:8001", "index": 196, "id": 20, "workflowId": 2, "jobId": -1, "type": "FIRM", "executionCost": 1816, "memory": 48623, "executionTimes": [[1, 153610, 154518]], "arrivalTime": 153610, "deadline": 173400}, {"edge": "localhost:8002", "index": 197, "id": 13, "workflowId": 2, "jobId": -1, "type": "FIRM", "executionCost": 1137, "memory": 71446, "executionTimes": [[13, 154726, 155295]], "arrivalTime": 154726, "deadline": -1727121136464}, {"edge": "localhost:8001", "index": 198, "id": 26, "workflowId": 3, "jobId": -1, "type": "SOFT", "executionCost": 3399, "memory": 51574, "executionTimes": [[2, 157738, 159438]], "arrivalTime": 157739, "deadline": 189142}, {"edge": "localhost:8003", "index": 199, "id": 24, "workflowId": 3, "jobId": -1, "type": "SOFT", "executionCost": 4612, "memory": 41795, "executionTimes": [[10, 159526, 161832]], "arrivalTime": 159526, "deadline": -1727097314464}, {"edge": "localhost:8003", "index": 200, "id": 20, "workflowId": 2, "jobId": -1, "type": "FIRM", "executionCost": 1816, "memory": 48623, "executionTimes": [[10, 161832, 162740]], "arrivalTime": 161737, "deadline": -1727106393464}, {"edge": "localhost:8001", "index": 201, "id": 10, "workflowId": -1, "jobId": 5, "type": "FIRM", "executionCost": 5442, "memory": 72609, "executionTimes": [[10, 162740, 165461]], "arrivalTime": 162111, "deadline": 179835}, {"edge": "localhost:8001", "index": 202, "id": 10, "workflowId": -1, "jobId": 5, "type": "FIRM", "executionCost": 5442, "memory": 72609, "executionTimes": [[22, 162114, 164835]], "arrivalTime": 162114, "deadline": 179835}, {"edge": "localhost:8001", "index": 203, "id": 10, "workflowId": -1, "jobId": 5, "type": "FIRM", "executionCost": 5442, "memory": 72609, "executionTimes": [[25, 162142, 164863]], "arrivalTime": 162142, "deadline": 179835}, {"edge": "localhost:8001", "index": 204, "id": 21, "workflowId": 2, "jobId": -1, "type": "FIRM", "executionCost": 2233, "memory": 56718, "executionTimes": [[7, 162145, 163262]], "arrivalTime": 162146, "deadline": 183952}, {"edge": "localhost:8001", "index": 205, "id": 10, "workflowId": -1, "jobId": 5, "type": "FIRM", "executionCost": 5442, "memory": 72609, "executionTimes": [[19, 162236, 164957]], "arrivalTime": 162235, "deadline": 179835}, {"edge": "localhost:8001", "index": 206, "id": 21, "workflowId": 2, "jobId": -1, "type": "FIRM", "executionCost": 2233, "memory": 56718, "executionTimes": [[15, 162239, 163356]], "arrivalTime": 162239, "deadline": 183952}, {"edge": "localhost:8001", "index": 207, "id": 11, "workflowId": -1, "jobId": 1, "type": "FIRM", "executionCost": 8143, "memory": 46155, "executionTimes": [[23, 162280, 166352]], "arrivalTime": 162280, "deadline": 190929}, {"edge": "localhost:8001", "index": 208, "id": 11, "workflowId": -1, "jobId": 1, "type": "FIRM", "executionCost": 8143, "memory": 46155, "executionTimes": [[4, 162373, 166445]], "arrivalTime": 162373, "deadline": 190929}, {"edge": "localhost:8001", "index": 209, "id": 11, "workflowId": -1, "jobId": 1, "type": "FIRM", "executionCost": 8143, "memory": 46155, "executionTimes": [[9, 162389, 166461]], "arrivalTime": 162389, "deadline": 190929}, {"edge": "localhost:8001", "index": 210, "id": 19, "workflowId": 2, "jobId": -1, "type": "FIRM", "executionCost": 1545, "memory": 44286, "executionTimes": [[9, 166461, 167234]], "arrivalTime": 162854, "deadline": 181358}, {"edge": "localhost:8001", "index": 211, "id": 9, "workflowId": -1, "jobId": 1, "type": "FIRM", "executionCost": 16012, "memory": 98495, "executionTimes": [[12, 162858, 170864]], "arrivalTime": 162858, "deadline": 188103}, {"edge": "localhost:8001", "index": 212, "id": 9, "workflowId": -1, "jobId": 1, "type": "FIRM", "executionCost": 16012, "memory": 98495, "executionTimes": [[8, 162931, 170937]], "arrivalTime": 162931, "deadline": 188103}, {"edge": "localhost:8001", "index": 213, "id": 25, "workflowId": 3, "jobId": -1, "type": "SOFT", "executionCost": 4899, "memory": 21977, "executionTimes": [[7, 163262, 165712]], "arrivalTime": 162935, "deadline": 195898}, {"edge": "localhost:8001", "index": 214, "id": 25, "workflowId": 3, "jobId": -1, "type": "SOFT", "executionCost": 4899, "memory": 21977, "executionTimes": [[18, 162939, 165389]], "arrivalTime": 162939, "deadline": 195898}, {"edge": "localhost:8002", "index": 215, "id": 8, "workflowId": -1, "jobId": 2, "type": "FIRM", "executionCost": 12308, "memory": 87979, "executionTimes": [[30, 163210, 169364]], "arrivalTime": 163210, "deadline": -1727101421464}, {"edge": "localhost:8006", "index": 216, "id": 14, "workflowId": 3, "jobId": -1, "type": "SOFT", "executionCost": 2389, "memory": 66477, "executionTimes": [[6, 163443, 164638]], "arrivalTime": 163443, "deadline": -1727125086464}, {"edge": "localhost:8006", "index": 217, "id": 14, "workflowId": 3, "jobId": -1, "type": "SOFT", "executionCost": 2389, "memory": 66477, "executionTimes": [[14, 163446, 164641]], "arrivalTime": 163446, "deadline": -1727125086464}, {"edge": "localhost:8006", "index": 218, "id": 14, "workflowId": 3, "jobId": -1, "type": "SOFT", "executionCost": 2389, "memory": 66477, "executionTimes": [[28, 163535, 164730]], "arrivalTime": 163535, "deadline": -1727125086464}, {"edge": "localhost:8001", "index": 219, "id": 27, "workflowId": 3, "jobId": -1, "type": "SOFT", "executionCost": 1275, "memory": 46133, "executionTimes": [[27, 167820, 168458]], "arrivalTime": 167820, "deadline": 194702}, {"edge": "localhost:8008", "index": 220, "id": 14, "workflowId": 2, "jobId": -1, "type": "FIRM", "executionCost": 2767, "memory": 85056, "executionTimes": [[1, 167958, 169342]], "arrivalTime": 167960, "deadline": -1727097065464}, {"edge": "localhost:8008", "index": 221, "id": 24, "workflowId": 3, "jobId": -1, "type": "SOFT", "executionCost": 4612, "memory": 41795, "executionTimes": [[26, 168131, 170437]], "arrivalTime": 168131, "deadline": -1727087093464}, {"edge": "localhost:8001", "index": 222, "id": 12, "workflowId": -1, "jobId": 5, "type": "SOFT", "executionCost": 7340, "memory": 46572, "executionTimes": [[23, 168147, 171817]], "arrivalTime": 168147, "deadline": 192861}, {"edge": "localhost:8001", "index": 223, "id": 13, "workflowId": -1, "jobId": 3, "type": "SOFT", "executionCost": 21625, "memory": 74070, "executionTimes": [[23, 171817, 182630]], "arrivalTime": 168691, "deadline": 209667}, {"edge": "localhost:8006", "index": 224, "id": 12, "workflowId": -1, "jobId": 3, "type": "SOFT", "executionCost": 7340, "memory": 46572, "executionTimes": [[24, 169218, 172888]], "arrivalTime": 169218, "deadline": -1727117770464}, {"edge": "localhost:8006", "index": 225, "id": 12, "workflowId": -1, "jobId": 3, "type": "SOFT", "executionCost": 7340, "memory": 46572, "executionTimes": [[29, 169222, 172892]], "arrivalTime": 169222, "deadline": -1727117770464}, {"edge": "localhost:8001", "index": 226, "id": 23, "workflowId": 2, "jobId": -1, "type": "FIRM", "executionCost": 3243, "memory": 26375, "executionTimes": [[10, 173220, 174842]], "arrivalTime": 173222, "deadline": 196679}, {"edge": "localhost:8001", "index": 227, "id": 23, "workflowId": 2, "jobId": -1, "type": "FIRM", "executionCost": 3243, "memory": 26375, "executionTimes": [[22, 173269, 174891]], "arrivalTime": 173269, "deadline": 196679}, {"edge": "localhost:8002", "index": 228, "id": 18, "workflowId": 2, "jobId": -1, "type": "FIRM", "executionCost": 3433, "memory": 94469, "executionTimes": [[21, 173425, 175142]], "arrivalTime": 173425, "deadline": -1727093167464}, {"edge": "localhost:8001", "index": 229, "id": 29, "workflowId": 3, "jobId": -1, "type": "SOFT", "executionCost": 1753, "memory": 51129, "executionTimes": [[20, 175630, 176507]], "arrivalTime": 175630, "deadline": 203536}, {"edge": "localhost:8001", "index": 230, "id": 28, "workflowId": 3, "jobId": -1, "type": "SOFT", "executionCost": 4029, "memory": 57411, "executionTimes": [[3, 175633, 177648]], "arrivalTime": 175633, "deadline": 206692}, {"edge": "localhost:8001", "index": 231, "id": 28, "workflowId": 3, "jobId": -1, "type": "SOFT", "executionCost": 4029, "memory": 57411, "executionTimes": [[18, 175691, 177706]], "arrivalTime": 175692, "deadline": 206692}, {"edge": "localhost:8007", "index": 232, "id": 9, "workflowId": -1, "jobId": 1, "type": "FIRM", "executionCost": 16012, "memory": 98495, "executionTimes": [[22, 177697, 185703]], "arrivalTime": 177697, "deadline": -1727088475464}, {"edge": "localhost:8001", "index": 233, "id": 30, "workflowId": 3, "jobId": -1, "type": "SOFT", "executionCost": 2496, "memory": 55294, "executionTimes": [[3, 177756, 179004]], "arrivalTime": 177758, "deadline": 205575}, {"edge": "localhost:8001", "index": 234, "id": 30, "workflowId": 3, "jobId": -1, "type": "SOFT", "executionCost": 2496, "memory": 55294, "executionTimes": [[27, 177774, 179022]], "arrivalTime": 177774, "deadline": 205575}, {"edge": "localhost:8001", "index": 235, "id": 25, "workflowId": 2, "jobId": -1, "type": "FIRM", "executionCost": 4894, "memory": 30381, "executionTimes": [[1, 178347, 180794]], "arrivalTime": 178347, "deadline": 207082}, {"edge": "localhost:8001", "index": 236, "id": 25, "workflowId": 2, "jobId": -1, "type": "FIRM", "executionCost": 4894, "memory": 30381, "executionTimes": [[19, 178454, 180901]], "arrivalTime": 178455, "deadline": 207082}, {"edge": "localhost:8001", "index": 237, "id": 25, "workflowId": 2, "jobId": -1, "type": "FIRM", "executionCost": 4894, "memory": 30381, "executionTimes": [[15, 178487, 180934]], "arrivalTime": 178487, "deadline": 207082}, {"edge": "localhost:8001", "index": 238, "id": 24, "workflowId": 2, "jobId": -1, "type": "FIRM", "executionCost": 2640, "memory": 62796, "executionTimes": [[19, 180901, 182221]], "arrivalTime": 179975, "deadline": 209151}, {"edge": "localhost:8001", "index": 239, "id": 22, "workflowId": 2, "jobId": -1, "type": "FIRM", "executionCost": 3777, "memory": 20173, "executionTimes": [[15, 180934, 182823]], "arrivalTime": 180006, "deadline": 206586}, {"edge": "localhost:8008", "index": 240, "id": 18, "workflowId": 2, "jobId": -1, "type": "FIRM", "executionCost": 3433, "memory": 94469, "executionTimes": [[6, 180285, 182002]], "arrivalTime": 180285, "deadline": -1727080843464}, {"edge": "localhost:8008", "index": 241, "id": 8, "workflowId": -1, "jobId": 2, "type": "FIRM", "executionCost": 12308, "memory": 87979, "executionTimes": [[18, 181139, 187293]], "arrivalTime": 181139, "deadline": -1727070760464}, {"edge": "localhost:8008", "index": 242, "id": 8, "workflowId": -1, "jobId": 2, "type": "FIRM", "executionCost": 12308, "memory": 87979, "executionTimes": [[15, 182823, 188977]], "arrivalTime": 181142, "deadline": -1727070760464}, {"edge": "localhost:8001", "index": 243, "id": 10, "workflowId": -1, "jobId": 6, "type": "FIRM", "executionCost": 5442, "memory": 72609, "executionTimes": [[25, 184453, 187174]], "arrivalTime": 184454, "deadline": -1727085487464}, {"edge": "localhost:8007", "index": 244, "id": 23, "workflowId": 2, "jobId": -1, "type": "FIRM", "executionCost": 3243, "memory": 26375, "executionTimes": [[7, 184458, 186080]], "arrivalTime": 184458, "deadline": -1727087226464}, {"edge": "localhost:8007", "index": 245, "id": 11, "workflowId": -1, "jobId": 1, "type": "FIRM", "executionCost": 8143, "memory": 46155, "executionTimes": [[19, 185242, 189314]], "arrivalTime": 185244, "deadline": -1727085649464}, {"edge": "localhost:8003", "index": 246, "id": 11, "workflowId": -1, "jobId": 1, "type": "FIRM", "executionCost": 8143, "memory": 46155, "executionTimes": [[29, 186645, 190717]], "arrivalTime": 186645, "deadline": -1727072720464}, {"edge": "localhost:8003", "index": 247, "id": 11, "workflowId": -1, "jobId": 1, "type": "FIRM", "executionCost": 8143, "memory": 46155, "executionTimes": [[19, 189314, 193386]], "arrivalTime": 186771, "deadline": -1727072720464}, {"edge": "localhost:8002", "index": 248, "id": 22, "workflowId": 2, "jobId": -1, "type": "FIRM", "executionCost": 3777, "memory": 20173, "executionTimes": [[22, 189840, 191729]], "arrivalTime": 189841, "deadline": -1727075316464}, {"edge": "localhost:8008", "index": 249, "id": 22, "workflowId": 2, "jobId": -1, "type": "FIRM", "executionCost": 3777, "memory": 20173, "executionTimes": [[25, 189874, 191763]], "arrivalTime": 189873, "deadline": -1727062993464}, {"edge": "localhost:8002", "index": 250, "id": 22, "workflowId": 2, "jobId": -1, "type": "FIRM", "executionCost": 3777, "memory": 20173, "executionTimes": [[1, 189934, 191823]], "arrivalTime": 189935, "deadline": -1727075316464}, {"edge": "localhost:8008", "index": 251, "id": 25, "workflowId": 2, "jobId": -1, "type": "FIRM", "executionCost": 4894, "memory": 30381, "executionTimes": [[8, 189950, 192397]], "arrivalTime": 189950, "deadline": -1727062497464}, {"edge": "localhost:8008", "index": 252, "id": 25, "workflowId": 2, "jobId": -1, "type": "FIRM", "executionCost": 4894, "memory": 30381, "executionTimes": [[15, 189966, 192413]], "arrivalTime": 189966, "deadline": -1727062497464}, {"edge": "localhost:8002", "index": 253, "id": 24, "workflowId": 2, "jobId": -1, "type": "FIRM", "executionCost": 2640, "memory": 62796, "executionTimes": [[6, 190227, 191547]], "arrivalTime": 190229, "deadline": -1727072751464}, {"edge": "localhost:8008", "index": 254, "id": 25, "workflowId": 2, "jobId": -1, "type": "FIRM", "executionCost": 4894, "memory": 30381, "executionTimes": [[4, 190464, 192911]], "arrivalTime": 190464, "deadline": -1727062497464}, {"edge": "localhost:8003", "index": 255, "id": 24, "workflowId": 2, "jobId": -1, "type": "FIRM", "executionCost": 2640, "memory": 62796, "executionTimes": [[10, 193380, 194700]], "arrivalTime": 193380, "deadline": -1727066603464}, {"edge": "localhost:8007", "index": 256, "id": 22, "workflowId": 2, "jobId": -1, "type": "FIRM", "executionCost": 3777, "memory": 20173, "executionTimes": [[22, 193385, 195274]], "arrivalTime": 193385, "deadline": -1727077319464}, {"edge": "localhost:8007", "index": 257, "id": 22, "workflowId": 2, "jobId": -1, "type": "FIRM", "executionCost": 3777, "memory": 20173, "executionTimes": [[20, 193396, 195285]], "arrivalTime": 193396, "deadline": -1727077319464}, {"edge": "localhost:8007", "index": 258, "id": 24, "workflowId": 2, "jobId": -1, "type": "FIRM", "executionCost": 2640, "memory": 62796, "executionTimes": [[25, 193427, 194747]], "arrivalTime": 193427, "deadline": -1727074754464}, {"edge": "localhost:8002", "index": 259, "id": 10, "workflowId": -1, "jobId": 6, "type": "FIRM", "executionCost": 5442, "memory": 72609, "executionTimes": [[1, 193431, 196152]], "arrivalTime": 193431, "deadline": -1727072354464}, {"edge": "localhost:8007", "index": 260, "id": 24, "workflowId": 2, "jobId": -1, "type": "FIRM", "executionCost": 2640, "memory": 62796, "executionTimes": [[19, 193692, 195012]], "arrivalTime": 193692, "deadline": -1727074754464}, {"edge": "localhost:8007", "index": 261, "id": 25, "workflowId": 2, "jobId": -1, "type": "FIRM", "executionCost": 4894, "memory": 30381, "executionTimes": [[15, 194067, 196514]], "arrivalTime": 194067, "deadline": -1727076823464}, {"edge": "localhost:8007", "index": 262, "id": 25, "workflowId": 2, "jobId": -1, "type": "FIRM", "executionCost": 4894, "memory": 30381, "executionTimes": [[6, 194190, 196637]], "arrivalTime": 194190, "deadline": -1727076823464}, {"edge": "localhost:8007", "index": 263, "id": 25, "workflowId": 2, "jobId": -1, "type": "FIRM", "executionCost": 4894, "memory": 30381, "executionTimes": [[4, 194301, 196748]], "arrivalTime": 194301, "deadline": -1727076823464}, {"edge": "localhost:8007", "index": 264, "id": 10, "workflowId": -1, "jobId": 6, "type": "FIRM", "executionCost": 5442, "memory": 72609, "executionTimes": [[20, 197883, 200604]], "arrivalTime": 197883, "deadline": -1727072007464}, {"edge": "localhost:8001", "index": 265, "id": 27, "workflowId": 2, "jobId": -1, "type": "FIRM", "executionCost": 3130, "memory": 64452, "executionTimes": [[10, 199098, 200663]], "arrivalTime": 199098, "deadline": -1727066110464}, {"edge": "localhost:8008", "index": 266, "id": 24, "workflowId": 2, "jobId": -1, "type": "FIRM", "executionCost": 2640, "memory": 62796, "executionTimes": [[2, 200170, 201490]], "arrivalTime": 200170, "deadline": -1727060434464}, {"edge": "localhost:8001", "index": 267, "id": 17, "workflowId": 2, "jobId": -1, "type": "FIRM", "executionCost": 4324, "memory": 51216, "executionTimes": [[20, 204914, 207076]], "arrivalTime": 204915, "deadline": -1727063041464}, {"edge": "localhost:8007", "index": 268, "id": 27, "workflowId": 2, "jobId": -1, "type": "FIRM", "executionCost": 3130, "memory": 64452, "executionTimes": [[10, 206888, 208453]], "arrivalTime": 206890, "deadline": -1727059957464}, {"edge": "localhost:8008", "index": 269, "id": 17, "workflowId": 2, "jobId": -1, "type": "FIRM", "executionCost": 4324, "memory": 51216, "executionTimes": [[10, 208453, 210615]], "arrivalTime": 207765, "deadline": -1727042564464}, {"edge": "localhost:8008", "index": 270, "id": 17, "workflowId": 2, "jobId": -1, "type": "FIRM", "executionCost": 4324, "memory": 51216, "executionTimes": [[22, 207886, 210048]], "arrivalTime": 207887, "deadline": -1727042564464}, {"edge": "localhost:8002", "index": 271, "id": 17, "workflowId": 2, "jobId": -1, "type": "FIRM", "executionCost": 4324, "memory": 51216, "executionTimes": [[25, 208072, 210234]], "arrivalTime": 208072, "deadline": -1727054885464}, {"edge": "localhost:8002", "index": 272, "id": 17, "workflowId": 2, "jobId": -1, "type": "FIRM", "executionCost": 4324, "memory": 51216, "executionTimes": [[1, 208075, 210237]], "arrivalTime": 208075, "deadline": -1727054885464}, {"edge": "localhost:8007", "index": 273, "id": 8, "workflowId": -1, "jobId": 3, "type": "FIRM", "executionCost": 12308, "memory": 87979, "executionTimes": [[22, 210048, 216202]], "arrivalTime": 209989, "deadline": -1727047643464}, {"edge": "localhost:8001", "index": 274, "id": 1, "workflowId": 2, "jobId": -1, "type": "FIRM", "executionCost": 3474, "memory": 79927, "executionTimes": [[31, 214656, 216393]], "arrivalTime": 214656, "deadline": 243429}, {"edge": "localhost:8001", "index": 275, "id": 29, "workflowId": 2, "jobId": -1, "type": "FIRM", "executionCost": 4543, "memory": 27269, "executionTimes": [[20, 218593, 220865]], "arrivalTime": 218594, "deadline": -1727037503464}, {"edge": "localhost:8003", "index": 276, "id": 8, "workflowId": -1, "jobId": 3, "type": "FIRM", "executionCost": 12308, "memory": 87979, "executionTimes": [[10, 218764, 224918]], "arrivalTime": 218764, "deadline": -1727034714464}, {"edge": "localhost:8003", "index": 277, "id": 8, "workflowId": -1, "jobId": 3, "type": "FIRM", "executionCost": 12308, "memory": 87979, "executionTimes": [[22, 218767, 224921]], "arrivalTime": 218768, "deadline": -1727034714464}, {"edge": "localhost:8003", "index": 278, "id": 30, "workflowId": 2, "jobId": -1, "type": "FIRM", "executionCost": 4045, "memory": 94666, "executionTimes": [[25, 219524, 221547]], "arrivalTime": 219525, "deadline": -1727032689464}, {"edge": "localhost:8008", "index": 279, "id": 8, "workflowId": -1, "jobId": 3, "type": "FIRM", "executionCost": 12308, "memory": 87979, "executionTimes": [[25, 221547, 227701]], "arrivalTime": 219911, "deadline": -1727021381464}, {"edge": "localhost:8008", "index": 280, "id": 10, "workflowId": -1, "jobId": 6, "type": "FIRM", "executionCost": 5442, "memory": 72609, "executionTimes": [[6, 220069, 222790]], "arrivalTime": 220069, "deadline": -1727045745464}, {"edge": "localhost:8001", "index": 281, "id": 30, "workflowId": 2, "jobId": -1, "type": "FIRM", "executionCost": 4045, "memory": 94666, "executionTimes": [[25, 227701, 229724]], "arrivalTime": 223957, "deadline": 243068}, {"edge": "localhost:8001", "index": 282, "id": 30, "workflowId": 2, "jobId": -1, "type": "FIRM", "executionCost": 4045, "memory": 94666, "executionTimes": [[1, 224144, 226167]], "arrivalTime": 224144, "deadline": 243068}, {"edge": "localhost:8002", "index": 283, "id": 10, "workflowId": -1, "jobId": 7, "type": "FIRM", "executionCost": 5442, "memory": 72609, "executionTimes": [[11, 226045, 228766]], "arrivalTime": 226045, "deadline": -1727049649464}, {"edge": "localhost:8001", "index": 284, "id": 9, "workflowId": -1, "jobId": 2, "type": "FIRM", "executionCost": 16012, "memory": 98495, "executionTimes": [[25, 229724, 237730]], "arrivalTime": 226514, "deadline": 266445}, {"edge": "localhost:8008", "index": 285, "id": 1, "workflowId": 2, "jobId": -1, "type": "FIRM", "executionCost": 3474, "memory": 79927, "executionTimes": [[10, 226637, 228374]], "arrivalTime": 226637, "deadline": -1727026150464}, {"edge": "localhost:8008", "index": 286, "id": 1, "workflowId": 2, "jobId": -1, "type": "FIRM", "executionCost": 3474, "memory": 79927, "executionTimes": [[19, 226777, 228514]], "arrivalTime": 226777, "deadline": -1727026150464}, {"edge": "localhost:8002", "index": 287, "id": 29, "workflowId": 2, "jobId": -1, "type": "FIRM", "executionCost": 4543, "memory": 27269, "executionTimes": [[25, 237730, 240002]], "arrivalTime": 227894, "deadline": -1727033399464}, {"edge": "localhost:8007", "index": 288, "id": 30, "workflowId": 2, "jobId": -1, "type": "FIRM", "executionCost": 4045, "memory": 94666, "executionTimes": [[25, 240002, 242025]], "arrivalTime": 229368, "deadline": -1727040837464}, {"edge": "localhost:8007", "index": 289, "id": 30, "workflowId": 2, "jobId": -1, "type": "FIRM", "executionCost": 4045, "memory": 94666, "executionTimes": [[1, 229398, 231421]], "arrivalTime": 229399, "deadline": -1727040837464}, {"edge": "localhost:8007", "index": 290, "id": 30, "workflowId": 2, "jobId": -1, "type": "FIRM", "executionCost": 4045, "memory": 94666, "executionTimes": [[19, 229476, 231499]], "arrivalTime": 229477, "deadline": -1727040837464}, {"edge": "localhost:8007", "index": 291, "id": 30, "workflowId": 2, "jobId": -1, "type": "FIRM", "executionCost": 4045, "memory": 94666, "executionTimes": [[15, 229493, 231516]], "arrivalTime": 229493, "deadline": -1727040837464}, {"edge": "localhost:8007", "index": 292, "id": 30, "workflowId": 2, "jobId": -1, "type": "FIRM", "executionCost": 4045, "memory": 94666, "executionTimes": [[6, 229496, 231519]], "arrivalTime": 229496, "deadline": -1727040837464}, {"edge": "localhost:8007", "index": 293, "id": 32, "workflowId": 2, "jobId": -1, "type": "FIRM", "executionCost": 4766, "memory": 50928, "executionTimes": [[6, 231519, 233902]], "arrivalTime": 230348, "deadline": -1727037436464}, {"edge": "localhost:8007", "index": 294, "id": 32, "workflowId": 2, "jobId": -1, "type": "FIRM", "executionCost": 4766, "memory": 50928, "executionTimes": [[1, 231421, 233804]], "arrivalTime": 230350, "deadline": -1727037436464}, {"edge": "localhost:8007", "index": 295, "id": 29, "workflowId": 2, "jobId": -1, "type": "FIRM", "executionCost": 4543, "memory": 27269, "executionTimes": [[6, 233902, 236174]], "arrivalTime": 230355, "deadline": -1727035402464}, {"edge": "localhost:8007", "index": 296, "id": 32, "workflowId": 2, "jobId": -1, "type": "FIRM", "executionCost": 4766, "memory": 50928, "executionTimes": [[11, 230357, 232740]], "arrivalTime": 230357, "deadline": -1727037436464}, {"edge": "localhost:8007", "index": 297, "id": 29, "workflowId": 2, "jobId": -1, "type": "FIRM", "executionCost": 4543, "memory": 27269, "executionTimes": [[5, 230360, 232632]], "arrivalTime": 230360, "deadline": -1727035402464}, {"edge": "localhost:8001", "index": 298, "id": 8, "workflowId": 2, "jobId": -1, "type": "FIRM", "executionCost": 2764, "memory": 85444, "executionTimes": [[31, 230581, 231963]], "arrivalTime": 230581, "deadline": 256128}, {"edge": "localhost:8001", "index": 299, "id": 8, "workflowId": 2, "jobId": -1, "type": "FIRM", "executionCost": 2764, "memory": 85444, "executionTimes": [[16, 230597, 231979]], "arrivalTime": 230597, "deadline": 256128}, {"edge": "localhost:8001", "index": 300, "id": 10, "workflowId": 2, "jobId": -1, "type": "FIRM", "executionCost": 1860, "memory": 73513, "executionTimes": [[3, 230597, 231527]], "arrivalTime": 230599, "deadline": 257291}, {"edge": "localhost:8001", "index": 301, "id": 31, "workflowId": 2, "jobId": -1, "type": "FIRM", "executionCost": 2737, "memory": 23211, "executionTimes": [[9, 230604, 231973]], "arrivalTime": 230604, "deadline": 256362}, {"edge": "localhost:8001", "index": 302, "id": 15, "workflowId": -1, "jobId": 2, "type": "SOFT", "executionCost": 14572, "memory": 50205, "executionTimes": [[0, 231247, 238533]], "arrivalTime": 231248, "deadline": 270099}, {"edge": "localhost:8001", "index": 303, "id": 10, "workflowId": -1, "jobId": 8, "type": "FIRM", "executionCost": 5442, "memory": 72609, "executionTimes": [[9, 231973, 234694]], "arrivalTime": 231500, "deadline": 254043}, {"edge": "localhost:8001", "index": 304, "id": 16, "workflowId": 2, "jobId": -1, "type": "FIRM", "executionCost": 2673, "memory": 72848, "executionTimes": [[7, 236255, 237592]], "arrivalTime": 236256, "deadline": 259098}, {"edge": "localhost:8001", "index": 305, "id": 14, "workflowId": -1, "jobId": 5, "type": "SOFT", "executionCost": 11795, "memory": 81183, "executionTimes": [[3, 238759, 244657]], "arrivalTime": 238759, "deadline": 277443}, {"edge": "localhost:8003", "index": 306, "id": 8, "workflowId": 2, "jobId": -1, "type": "FIRM", "executionCost": 2764, "memory": 85444, "executionTimes": [[0, 239379, 240761]], "arrivalTime": 239379, "deadline": -1727019628464}, {"edge": "localhost:8001", "index": 307, "id": 11, "workflowId": -1, "jobId": 2, "type": "FIRM", "executionCost": 8143, "memory": 46155, "executionTimes": [[25, 242025, 246097]], "arrivalTime": 240447, "deadline": 270684}, {"edge": "localhost:8007", "index": 308, "id": 31, "workflowId": 2, "jobId": -1, "type": "FIRM", "executionCost": 2737, "memory": 23211, "executionTimes": [[22, 242190, 243559]], "arrivalTime": 242191, "deadline": -1727027543464}, {"edge": "localhost:8007", "index": 309, "id": 10, "workflowId": 2, "jobId": -1, "type": "FIRM", "executionCost": 1860, "memory": 73513, "executionTimes": [[25, 246097, 247027]], "arrivalTime": 242195, "deadline": -1727026614464}, {"edge": "localhost:8008", "index": 310, "id": 8, "workflowId": 2, "jobId": -1, "type": "FIRM", "executionCost": 2764, "memory": 85444, "executionTimes": [[22, 245174, 246556]], "arrivalTime": 245174, "deadline": -1727017512464}, {"edge": "localhost:8008", "index": 311, "id": 31, "workflowId": 2, "jobId": -1, "type": "FIRM", "executionCost": 2737, "memory": 23211, "executionTimes": [[25, 247027, 248396]], "arrivalTime": 245407, "deadline": -1727017267464}, {"edge": "localhost:8008", "index": 312, "id": 10, "workflowId": 2, "jobId": -1, "type": "FIRM", "executionCost": 1860, "memory": 73513, "executionTimes": [[30, 245454, 246384]], "arrivalTime": 245454, "deadline": -1727016348464}, {"edge": "localhost:8008", "index": 313, "id": 8, "workflowId": 2, "jobId": -1, "type": "FIRM", "executionCost": 2764, "memory": 85444, "executionTimes": [[19, 245456, 246838]], "arrivalTime": 245456, "deadline": -1727017512464}, {"edge": "localhost:8001", "index": 314, "id": 12, "workflowId": -1, "jobId": 8, "type": "SOFT", "executionCost": 7340, "memory": 46572, "executionTimes": [[8, 249007, 252677]], "arrivalTime": 249007, "deadline": 273582}, {"edge": "localhost:8001", "index": 315, "id": 8, "workflowId": -1, "jobId": 4, "type": "FIRM", "executionCost": 12308, "memory": 87979, "executionTimes": [[10, 249832, 255986]], "arrivalTime": 249832, "deadline": 278314}, {"edge": "localhost:8001", "index": 316, "id": 8, "workflowId": -1, "jobId": 4, "type": "FIRM", "executionCost": 12308, "memory": 87979, "executionTimes": [[22, 249862, 256016]], "arrivalTime": 249863, "deadline": 278314}, {"edge": "localhost:8001", "index": 317, "id": 26, "workflowId": 2, "jobId": -1, "type": "FIRM", "executionCost": 1485, "memory": 68142, "executionTimes": [[14, 251105, 251848]], "arrivalTime": 251104, "deadline": 263378}, {"edge": "localhost:8001", "index": 318, "id": 3, "workflowId": 2, "jobId": -1, "type": "FIRM", "executionCost": 1837, "memory": 62921, "executionTimes": [[1, 251152, 252071]], "arrivalTime": 251152, "deadline": 264810}, {"edge": "localhost:8001", "index": 319, "id": 3, "workflowId": 2, "jobId": -1, "type": "FIRM", "executionCost": 1837, "memory": 62921, "executionTimes": [[8, 252677, 253596]], "arrivalTime": 251291, "deadline": 264810}, {"edge": "localhost:8008", "index": 320, "id": 3, "workflowId": 2, "jobId": -1, "type": "FIRM", "executionCost": 1837, "memory": 62921, "executionTimes": [[15, 251740, 252659]], "arrivalTime": 251741, "deadline": -1727008828464}, {"edge": "localhost:8008", "index": 321, "id": 26, "workflowId": 2, "jobId": -1, "type": "FIRM", "executionCost": 1485, "memory": 68142, "executionTimes": [[6, 251835, 252578]], "arrivalTime": 251834, "deadline": -1727010250464}, {"edge": "localhost:8008", "index": 322, "id": 3, "workflowId": 2, "jobId": -1, "type": "FIRM", "executionCost": 1837, "memory": 62921, "executionTimes": [[18, 251867, 252786]], "arrivalTime": 251867, "deadline": -1727008828464}, {"edge": "localhost:8007", "index": 323, "id": 26, "workflowId": 2, "jobId": -1, "type": "FIRM", "executionCost": 1485, "memory": 68142, "executionTimes": [[4, 251944, 252687]], "arrivalTime": 251944, "deadline": -1727020527464}, {"edge": "localhost:8007", "index": 324, "id": 15, "workflowId": -1, "jobId": 2, "type": "SOFT", "executionCost": 14572, "memory": 50205, "executionTimes": [[0, 251975, 259261]], "arrivalTime": 251975, "deadline": -1727006479464}, {"edge": "localhost:8001", "index": 325, "id": 10, "workflowId": -1, "jobId": 9, "type": "FIRM", "executionCost": 5442, "memory": 72609, "executionTimes": [[10, 256254, 258975]], "arrivalTime": 256255, "deadline": 278779}, {"edge": "localhost:8001", "index": 326, "id": 13, "workflowId": -1, "jobId": 5, "type": "SOFT", "executionCost": 21625, "memory": 74070, "executionTimes": [[8, 265245, 276058]], "arrivalTime": 265245, "deadline": 298791}, {"edge": "localhost:8007", "index": 327, "id": 11, "workflowId": -1, "jobId": 2, "type": "FIRM", "executionCost": 8143, "memory": 46155, "executionTimes": [[15, 265494, 269566]], "arrivalTime": 265494, "deadline": -1727005894464}, {"edge": "localhost:8008", "index": 328, "id": 10, "workflowId": -1, "jobId": 8, "type": "FIRM", "executionCost": 5442, "memory": 72609, "executionTimes": [[10, 269739, 272460]], "arrivalTime": 269739, "deadline": -1727000326464}, {"edge": "localhost:8008", "index": 329, "id": 8, "workflowId": -1, "jobId": 4, "type": "FIRM", "executionCost": 12308, "memory": 87979, "executionTimes": [[10, 274483, 280637]], "arrivalTime": 274482, "deadline": -1726976055464}, {"edge": "localhost:8001", "index": 330, "id": 12, "workflowId": -1, "jobId": 9, "type": "SOFT", "executionCost": 7340, "memory": 46572, "executionTimes": [[3, 275792, 279462]], "arrivalTime": 275792, "deadline": 300489}, {"edge": "localhost:8001", "index": 331, "id": 10, "workflowId": -1, "jobId": 10, "type": "FIRM", "executionCost": 5442, "memory": 72609, "executionTimes": [[26, 285953, 288674]], "arrivalTime": 285952, "deadline": 303515}, {"edge": "localhost:8008", "index": 332, "id": 12, "workflowId": -1, "jobId": 8, "type": "SOFT", "executionCost": 7340, "memory": 46572, "executionTimes": [[2, 286915, 290585]], "arrivalTime": 286915, "deadline": -1726980787464}, {"edge": "localhost:8001", "index": 333, "id": 14, "workflowId": -1, "jobId": 6, "type": "SOFT", "executionCost": 11795, "memory": 81183, "executionTimes": [[8, 290656, 296554]], "arrivalTime": 290656, "deadline": 318447}, {"edge": "localhost:8001", "index": 334, "id": 14, "workflowId": -1, "jobId": 6, "type": "SOFT", "executionCost": 11795, "memory": 81183, "executionTimes": [[2, 290782, 296680]], "arrivalTime": 290782, "deadline": 318447}, {"edge": "localhost:8001", "index": 335, "id": 8, "workflowId": -1, "jobId": 5, "type": "FIRM", "executionCost": 12308, "memory": 87979, "executionTimes": [[20, 305541, 311695]], "arrivalTime": 305541, "deadline": 327693}, {"edge": "localhost:8001", "index": 336, "id": 13, "workflowId": -1, "jobId": 6, "type": "SOFT", "executionCost": 21625, "memory": 74070, "executionTimes": [[2, 305587, 316400]], "arrivalTime": 305587, "deadline": 343353}, {"edge": "localhost:8007", "index": 337, "id": 14, "workflowId": -1, "jobId": 6, "type": "SOFT", "executionCost": 11795, "memory": 81183, "executionTimes": [[3, 305665, 311563]], "arrivalTime": 305665, "deadline": -1726958131464}, {"edge": "localhost:8001", "index": 338, "id": 10, "workflowId": -1, "jobId": 11, "type": "FIRM", "executionCost": 5442, "memory": 72609, "executionTimes": [[25, 309535, 312256]], "arrivalTime": 309535, "deadline": 328251}, {"edge": "localhost:8001", "index": 339, "id": 10, "workflowId": -1, "jobId": 11, "type": "FIRM", "executionCost": 5442, "memory": 72609, "executionTimes": [[14, 309539, 312260]], "arrivalTime": 309539, "deadline": 328251}, {"edge": "localhost:8007", "index": 340, "id": 8, "workflowId": -1, "jobId": 5, "type": "FIRM", "executionCost": 12308, "memory": 87979, "executionTimes": [[20, 321337, 327491]], "arrivalTime": 321338, "deadline": -1726948885464}, {"edge": "localhost:8001", "index": 341, "id": 9, "workflowId": -1, "jobId": 3, "type": "FIRM", "executionCost": 16012, "memory": 98495, "executionTimes": [[10, 322033, 330039]], "arrivalTime": 322035, "deadline": 344787}, {"edge": "localhost:8001", "index": 342, "id": 9, "workflowId": -1, "jobId": 3, "type": "FIRM", "executionCost": 16012, "memory": 98495, "executionTimes": [[22, 322049, 330055]], "arrivalTime": 322050, "deadline": 344787}, {"edge": "localhost:8007", "index": 343, "id": 10, "workflowId": -1, "jobId": 11, "type": "FIRM", "executionCost": 5442, "memory": 72609, "executionTimes": [[25, 325239, 327960]], "arrivalTime": 325239, "deadline": -1726948327464}, {"edge": "localhost:8008", "index": 344, "id": 8, "workflowId": -1, "jobId": 5, "type": "FIRM", "executionCost": 12308, "memory": 87979, "executionTimes": [[20, 327744, 333898]], "arrivalTime": 327745, "deadline": -1726926676464}, {"edge": "localhost:8001", "index": 345, "id": 14, "workflowId": -1, "jobId": 7, "type": "SOFT", "executionCost": 11795, "memory": 81183, "executionTimes": [[17, 332841, 338739]], "arrivalTime": 332841, "deadline": 359451}, {"edge": "localhost:8002", "index": 346, "id": 15, "workflowId": -1, "jobId": 3, "type": "SOFT", "executionCost": 14572, "memory": 50205, "executionTimes": [[2, 334567, 341853]], "arrivalTime": 334566, "deadline": -1726929297464}, {"edge": "localhost:8001", "index": 347, "id": 10, "workflowId": -1, "jobId": 12, "type": "FIRM", "executionCost": 5442, "memory": 72609, "executionTimes": [[22, 337518, 340239]], "arrivalTime": 337519, "deadline": 352987}, {"edge": "localhost:8001", "index": 348, "id": 10, "workflowId": -1, "jobId": 12, "type": "FIRM", "executionCost": 5442, "memory": 72609, "executionTimes": [[25, 337522, 340243]], "arrivalTime": 337522, "deadline": 352987}, {"edge": "localhost:8008", "index": 349, "id": 9, "workflowId": -1, "jobId": 3, "type": "FIRM", "executionCost": 16012, "memory": 98495, "executionTimes": [[10, 341701, 349707]], "arrivalTime": 341701, "deadline": -1726909582464}, {"edge": "localhost:8008", "index": 350, "id": 9, "workflowId": -1, "jobId": 3, "type": "FIRM", "executionCost": 16012, "memory": 98495, "executionTimes": [[10, 349707, 357713]], "arrivalTime": 342307, "deadline": -1726909582464}, {"edge": "localhost:8007", "index": 351, "id": 11, "workflowId": -1, "jobId": 3, "type": "FIRM", "executionCost": 8143, "memory": 46155, "executionTimes": [[10, 357713, 361785]], "arrivalTime": 353283, "deadline": -1726926139464}, {"edge": "localhost:8001", "index": 352, "id": 8, "workflowId": -1, "jobId": 6, "type": "FIRM", "executionCost": 12308, "memory": 87979, "executionTimes": [[10, 361785, 367939]], "arrivalTime": 360222, "deadline": -1726912986464}, {"edge": "localhost:8007", "index": 353, "id": 8, "workflowId": -1, "jobId": 6, "type": "FIRM", "executionCost": 12308, "memory": 87979, "executionTimes": [[20, 375856, 382010]], "arrivalTime": 375856, "deadline": -1726899506464}, {"edge": "localhost:8001", "index": 354, "id": 10, "workflowId": -1, "jobId": 14, "type": "FIRM", "executionCost": 5442, "memory": 72609, "executionTimes": [[8, 390491, 393212]], "arrivalTime": 390491, "deadline": -1726887599464}, {"edge": "localhost:8003", "index": 355, "id": 9, "workflowId": -1, "jobId": 4, "type": "FIRM", "executionCost": 16012, "memory": 98495, "executionTimes": [[20, 411860, 419866]], "arrivalTime": 411860, "deadline": -1726844572464}, {"edge": "localhost:8003", "index": 356, "id": 8, "workflowId": -1, "jobId": 7, "type": "FIRM", "executionCost": 12308, "memory": 87979, "executionTimes": [[10, 412949, 419103]], "arrivalTime": 412949, "deadline": -1726841250464}, {"edge": "localhost:8003", "index": 357, "id": 11, "workflowId": -1, "jobId": 4, "type": "FIRM", "executionCost": 8143, "memory": 46155, "executionTimes": [[22, 418684, 422756]], "arrivalTime": 418685, "deadline": -1726837507464}, {"edge": "localhost:8001", "index": 358, "id": 8, "workflowId": -1, "jobId": 7, "type": "FIRM", "executionCost": 12308, "memory": 87979, "executionTimes": [[2, 421283, 427437]], "arrivalTime": 421283, "deadline": -1726863607464}, {"edge": "localhost:8002", "index": 359, "id": 15, "workflowId": -1, "jobId": 4, "type": "SOFT", "executionCost": 14572, "memory": 50205, "executionTimes": [[3, 421313, 428599]], "arrivalTime": 421313, "deadline": -1726849737464}, {"edge": "localhost:8001", "index": 360, "id": 10, "workflowId": -1, "jobId": 15, "type": "FIRM", "executionCost": 5442, "memory": 72609, "executionTimes": [[25, 421392, 424113]], "arrivalTime": 421391, "deadline": -1726862863464}, {"edge": "localhost:8008", "index": 361, "id": 8, "workflowId": -1, "jobId": 7, "type": "FIRM", "executionCost": 12308, "memory": 87979, "executionTimes": [[22, 425093, 431247]], "arrivalTime": 425093, "deadline": -1726827918464}, {"edge": "localhost:8008", "index": 362, "id": 9, "workflowId": -1, "jobId": 4, "type": "FIRM", "executionCost": 16012, "memory": 98495, "executionTimes": [[25, 426386, 434392]], "arrivalTime": 426386, "deadline": -1726831240464}, {"edge": "localhost:8008", "index": 363, "id": 9, "workflowId": -1, "jobId": 4, "type": "FIRM", "executionCost": 16012, "memory": 98495, "executionTimes": [[8, 426415, 434421]], "arrivalTime": 426416, "deadline": -1726831240464}, {"edge": "localhost:8003", "index": 364, "id": 10, "workflowId": -1, "jobId": 15, "type": "FIRM", "executionCost": 5442, "memory": 72609, "executionTimes": [[25, 434392, 437113]], "arrivalTime": 429482, "deadline": -1726840506464}, {"edge": "localhost:8007", "index": 365, "id": 9, "workflowId": -1, "jobId": 4, "type": "FIRM", "executionCost": 16012, "memory": 98495, "executionTimes": [[1, 430089, 438095]], "arrivalTime": 430090, "deadline": -1726853449464}, {"edge": "localhost:8008", "index": 366, "id": 11, "workflowId": -1, "jobId": 4, "type": "FIRM", "executionCost": 8143, "memory": 46155, "executionTimes": [[1, 438095, 442167]], "arrivalTime": 432144, "deadline": -1726824175464}, {"edge": "localhost:8007", "index": 367, "id": 10, "workflowId": -1, "jobId": 15, "type": "FIRM", "executionCost": 5442, "memory": 72609, "executionTimes": [[25, 437113, 439834]], "arrivalTime": 437016, "deadline": -1726849383464}, {"edge": "localhost:8007", "index": 368, "id": 10, "workflowId": -1, "jobId": 15, "type": "FIRM", "executionCost": 5442, "memory": 72609, "executionTimes": [[20, 437030, 439751]], "arrivalTime": 437031, "deadline": -1726849383464}, {"edge": "localhost:8007", "index": 369, "id": 10, "workflowId": -1, "jobId": 15, "type": "FIRM", "executionCost": 5442, "memory": 72609, "executionTimes": [[1, 442167, 444888]], "arrivalTime": 437114, "deadline": -1726849383464}, {"edge": "localhost:8008", "index": 370, "id": 10, "workflowId": -1, "jobId": 16, "type": "FIRM", "executionCost": 5442, "memory": 72609, "executionTimes": [[20, 467499, 470220]], "arrivalTime": 467498, "deadline": -1726802438464}, {"edge": "localhost:8008", "index": 371, "id": 8, "workflowId": -1, "jobId": 8, "type": "FIRM", "executionCost": 12308, "memory": 87979, "executionTimes": [[20, 477000, 483154]], "arrivalTime": 477000, "deadline": -1726778539464}]