[{"frequency": 1.4, "activePower": 4.5, "idlePower": 2, "memory": 1, "allocations": [{"startTime": 41558, "endTime": 43151, "taskId": 0, "workflowId": 0, "jobId": -1}, {"startTime": 43151, "endTime": 45371, "taskId": 4, "workflowId": 0, "jobId": -1}, {"startTime": 45371, "endTime": 57987, "taskId": 0, "workflowId": -1, "jobId": 0}, {"startTime": 57987, "endTime": 58284, "taskId": 12, "workflowId": 0, "jobId": -1}, {"startTime": 58284, "endTime": 60738, "taskId": 9, "workflowId": 0, "jobId": -1}, {"startTime": 60738, "endTime": 61082, "taskId": 14, "workflowId": 0, "jobId": -1}, {"startTime": 61082, "endTime": 61438, "taskId": 15, "workflowId": 0, "jobId": -1}, {"startTime": 61438, "endTime": 62761, "taskId": 17, "workflowId": 0, "jobId": -1}, {"startTime": 63357, "endTime": 63537, "taskId": 14, "workflowId": 0, "jobId": -1}, {"startTime": 63537, "endTime": 66087, "taskId": 14, "workflowId": 0, "jobId": -1}, {"startTime": 66087, "endTime": 69289, "taskId": 18, "workflowId": 0, "jobId": -1}, {"startTime": 69289, "endTime": 69622, "taskId": 2, "workflowId": -1, "jobId": 1}, {"startTime": 69622, "endTime": 71885, "taskId": 2, "workflowId": -1, "jobId": 1}, {"startTime": 71885, "endTime": 75097, "taskId": 2, "workflowId": -1, "jobId": 1}, {"startTime": 75097, "endTime": 86440, "taskId": 2, "workflowId": -1, "jobId": 1}, {"startTime": 86440, "endTime": 87111, "taskId": 8, "workflowId": 3, "jobId": -1}, {"startTime": 87111, "endTime": 88176, "taskId": 8, "workflowId": 3, "jobId": -1}, {"startTime": 88176, "endTime": 88614, "taskId": 5, "workflowId": 3, "jobId": -1}, {"startTime": 88614, "endTime": 89679, "taskId": 5, "workflowId": 3, "jobId": -1}, {"startTime": 89679, "endTime": 90316, "taskId": 9, "workflowId": 3, "jobId": -1}, {"startTime": 90316, "endTime": 90332, "taskId": 9, "workflowId": 3, "jobId": -1}, {"startTime": 90332, "endTime": 90449, "taskId": 9, "workflowId": 3, "jobId": -1}, {"startTime": 90449, "endTime": 91689, "taskId": 3, "workflowId": -1, "jobId": 1}, {"startTime": 91689, "endTime": 91695, "taskId": 3, "workflowId": -1, "jobId": 1}, {"startTime": 91695, "endTime": 91787, "taskId": 3, "workflowId": -1, "jobId": 1}, {"startTime": 91787, "endTime": 93144, "taskId": 3, "workflowId": -1, "jobId": 1}, {"startTime": 93144, "endTime": 94068, "taskId": 3, "workflowId": -1, "jobId": 1}, {"startTime": 94068, "endTime": 94769, "taskId": 3, "workflowId": -1, "jobId": 1}, {"startTime": 94769, "endTime": 97106, "taskId": 2, "workflowId": -1, "jobId": 2}, {"startTime": 97106, "endTime": 97329, "taskId": 2, "workflowId": -1, "jobId": 2}, {"startTime": 97329, "endTime": 99032, "taskId": 2, "workflowId": -1, "jobId": 2}, {"startTime": 99032, "endTime": 102205, "taskId": 2, "workflowId": -1, "jobId": 2}, {"startTime": 102205, "endTime": 103363, "taskId": 2, "workflowId": -1, "jobId": 2}, {"startTime": 103363, "endTime": 104765, "taskId": 2, "workflowId": -1, "jobId": 2}, {"startTime": 104765, "endTime": 107632, "taskId": 2, "workflowId": -1, "jobId": 2}, {"startTime": 107632, "endTime": 108989, "taskId": 2, "workflowId": -1, "jobId": 2}, {"startTime": 108989, "endTime": 111920, "taskId": 2, "workflowId": -1, "jobId": 2}, {"startTime": 111920, "endTime": 112599, "taskId": 15, "workflowId": 3, "jobId": -1}, {"startTime": 112599, "endTime": 113116, "taskId": 8, "workflowId": -1, "jobId": 1}, {"startTime": 113116, "endTime": 114138, "taskId": 8, "workflowId": -1, "jobId": 1}, {"startTime": 114138, "endTime": 115334, "taskId": 8, "workflowId": -1, "jobId": 1}, {"startTime": 115334, "endTime": 116156, "taskId": 8, "workflowId": -1, "jobId": 1}, {"startTime": 116156, "endTime": 117156, "taskId": 5, "workflowId": -1, "jobId": 1}, {"startTime": 117156, "endTime": 117176, "taskId": 5, "workflowId": -1, "jobId": 1}, {"startTime": 117176, "endTime": 118296, "taskId": 5, "workflowId": -1, "jobId": 1}, {"startTime": 118296, "endTime": 118352, "taskId": 5, "workflowId": -1, "jobId": 1}, {"startTime": 118352, "endTime": 119135, "taskId": 5, "workflowId": -1, "jobId": 1}, {"startTime": 119135, "endTime": 120096, "taskId": 1, "workflowId": -1, "jobId": 2}, {"startTime": 120096, "endTime": 120249, "taskId": 1, "workflowId": -1, "jobId": 2}, {"startTime": 120249, "endTime": 121292, "taskId": 2, "workflowId": -1, "jobId": 3}, {"startTime": 121292, "endTime": 121314, "taskId": 2, "workflowId": -1, "jobId": 3}, {"startTime": 121314, "endTime": 121390, "taskId": 2, "workflowId": -1, "jobId": 3}, {"startTime": 121390, "endTime": 121526, "taskId": 2, "workflowId": -1, "jobId": 3}, {"startTime": 121526, "endTime": 121681, "taskId": 2, "workflowId": -1, "jobId": 3}, {"startTime": 121681, "endTime": 121866, "taskId": 2, "workflowId": -1, "jobId": 3}, {"startTime": 121866, "endTime": 123223, "taskId": 2, "workflowId": -1, "jobId": 3}, {"startTime": 123223, "endTime": 123918, "taskId": 2, "workflowId": -1, "jobId": 3}, {"startTime": 123918, "endTime": 124353, "taskId": 2, "workflowId": -1, "jobId": 3}, {"startTime": 124353, "endTime": 124365, "taskId": 2, "workflowId": -1, "jobId": 3}, {"startTime": 124365, "endTime": 125047, "taskId": 2, "workflowId": -1, "jobId": 3}, {"startTime": 125047, "endTime": 131095, "taskId": 2, "workflowId": -1, "jobId": 3}, {"startTime": 131095, "endTime": 132440, "taskId": 2, "workflowId": -1, "jobId": 3}, {"startTime": 132440, "endTime": 132493, "taskId": 2, "workflowId": -1, "jobId": 3}, {"startTime": 132493, "endTime": 134052, "taskId": 2, "workflowId": -1, "jobId": 3}, {"startTime": 134052, "endTime": 136415, "taskId": 2, "workflowId": -1, "jobId": 3}, {"startTime": 136415, "endTime": 137057, "taskId": 2, "workflowId": -1, "jobId": 3}, {"startTime": 137057, "endTime": 137400, "taskId": 2, "workflowId": -1, "jobId": 3}, {"startTime": 137400, "endTime": 137979, "taskId": 19, "workflowId": 3, "jobId": -1}, {"startTime": 137979, "endTime": 145729, "taskId": 11, "workflowId": -1, "jobId": 1}, {"startTime": 145729, "endTime": 151333, "taskId": 2, "workflowId": -1, "jobId": 4}, {"startTime": 151333, "endTime": 152605, "taskId": 2, "workflowId": -1, "jobId": 4}, {"startTime": 152605, "endTime": 153252, "taskId": 2, "workflowId": -1, "jobId": 4}, {"startTime": 153252, "endTime": 162880, "taskId": 2, "workflowId": -1, "jobId": 4}, {"startTime": 162880, "endTime": 163878, "taskId": 2, "workflowId": 2, "jobId": -1}, {"startTime": 163878, "endTime": 165895, "taskId": 24, "workflowId": 2, "jobId": -1}, {"startTime": 165895, "endTime": 165915, "taskId": 24, "workflowId": 2, "jobId": -1}, {"startTime": 165915, "endTime": 166222, "taskId": 24, "workflowId": 2, "jobId": -1}, {"startTime": 166222, "endTime": 166869, "taskId": 24, "workflowId": 2, "jobId": -1}, {"startTime": 166869, "endTime": 167577, "taskId": 21, "workflowId": 2, "jobId": -1}, {"startTime": 167577, "endTime": 168063, "taskId": 11, "workflowId": -1, "jobId": 2}, {"startTime": 168063, "endTime": 168793, "taskId": 6, "workflowId": -1, "jobId": 1}, {"startTime": 168793, "endTime": 171209, "taskId": 6, "workflowId": -1, "jobId": 1}, {"startTime": 171209, "endTime": 172637, "taskId": 2, "workflowId": -1, "jobId": 5}, {"startTime": 172637, "endTime": 186667, "taskId": 2, "workflowId": -1, "jobId": 5}, {"startTime": 186667, "endTime": 187239, "taskId": 2, "workflowId": -1, "jobId": 5}, {"startTime": 187239, "endTime": 187314, "taskId": 2, "workflowId": -1, "jobId": 5}, {"startTime": 187314, "endTime": 187629, "taskId": 2, "workflowId": -1, "jobId": 5}, {"startTime": 187629, "endTime": 188360, "taskId": 2, "workflowId": -1, "jobId": 5}, {"startTime": 188360, "endTime": 189321, "taskId": 6, "workflowId": 1, "jobId": -1}, {"startTime": 189321, "endTime": 189417, "taskId": 6, "workflowId": 1, "jobId": -1}, {"startTime": 189417, "endTime": 189827, "taskId": 6, "workflowId": 1, "jobId": -1}, {"startTime": 189827, "endTime": 190024, "taskId": 12, "workflowId": 1, "jobId": -1}, {"startTime": 190024, "endTime": 190141, "taskId": 12, "workflowId": 1, "jobId": -1}, {"startTime": 190141, "endTime": 190440, "taskId": 12, "workflowId": 1, "jobId": -1}, {"startTime": 190440, "endTime": 190676, "taskId": 12, "workflowId": 1, "jobId": -1}, {"startTime": 190676, "endTime": 190940, "taskId": 12, "workflowId": 1, "jobId": -1}, {"startTime": 191394, "endTime": 191701, "taskId": 9, "workflowId": -1, "jobId": 2}, {"startTime": 191701, "endTime": 193981, "taskId": 9, "workflowId": -1, "jobId": 2}, {"startTime": 193981, "endTime": 193987, "taskId": 1, "workflowId": 2, "jobId": -1}, {"startTime": 193987, "endTime": 194461, "taskId": 5, "workflowId": -1, "jobId": 2}, {"startTime": 194461, "endTime": 195245, "taskId": 1, "workflowId": -1, "jobId": 4}, {"startTime": 195245, "endTime": 195428, "taskId": 1, "workflowId": -1, "jobId": 4}, {"startTime": 195428, "endTime": 195599, "taskId": 1, "workflowId": -1, "jobId": 4}, {"startTime": 195599, "endTime": 196689, "taskId": 1, "workflowId": -1, "jobId": 4}, {"startTime": 196689, "endTime": 197753, "taskId": 2, "workflowId": -1, "jobId": 6}, {"startTime": 197753, "endTime": 198141, "taskId": 2, "workflowId": -1, "jobId": 6}, {"startTime": 198141, "endTime": 198461, "taskId": 2, "workflowId": -1, "jobId": 6}, {"startTime": 198461, "endTime": 206421, "taskId": 2, "workflowId": -1, "jobId": 6}, {"startTime": 206421, "endTime": 206809, "taskId": 2, "workflowId": -1, "jobId": 6}, {"startTime": 206809, "endTime": 207627, "taskId": 2, "workflowId": -1, "jobId": 6}, {"startTime": 207627, "endTime": 208916, "taskId": 2, "workflowId": -1, "jobId": 6}, {"startTime": 208916, "endTime": 209734, "taskId": 2, "workflowId": -1, "jobId": 6}, {"startTime": 209734, "endTime": 210864, "taskId": 2, "workflowId": -1, "jobId": 6}, {"startTime": 210864, "endTime": 211781, "taskId": 2, "workflowId": -1, "jobId": 6}, {"startTime": 211781, "endTime": 213840, "taskId": 2, "workflowId": -1, "jobId": 6}, {"startTime": 213840, "endTime": 213894, "taskId": 23, "workflowId": 3, "jobId": -1}, {"startTime": 213894, "endTime": 215019, "taskId": 24, "workflowId": 1, "jobId": -1}, {"startTime": 215019, "endTime": 215501, "taskId": 24, "workflowId": 1, "jobId": -1}, {"startTime": 215501, "endTime": 215889, "taskId": 1, "workflowId": 2, "jobId": -1}, {"startTime": 215889, "endTime": 215915, "taskId": 25, "workflowId": 2, "jobId": -1}, {"startTime": 215915, "endTime": 216303, "taskId": 8, "workflowId": -1, "jobId": 3}, {"startTime": 216303, "endTime": 217703, "taskId": 8, "workflowId": -1, "jobId": 3}, {"startTime": 217703, "endTime": 218220, "taskId": 25, "workflowId": 2, "jobId": -1}, {"startTime": 218220, "endTime": 220231, "taskId": 24, "workflowId": 3, "jobId": -1}, {"startTime": 220231, "endTime": 221041, "taskId": 25, "workflowId": 2, "jobId": -1}, {"startTime": 222169, "endTime": 222546, "taskId": 2, "workflowId": -1, "jobId": 7}, {"startTime": 222546, "endTime": 229996, "taskId": 2, "workflowId": -1, "jobId": 7}, {"startTime": 229996, "endTime": 230635, "taskId": 2, "workflowId": -1, "jobId": 7}, {"startTime": 230635, "endTime": 230667, "taskId": 2, "workflowId": -1, "jobId": 7}, {"startTime": 230667, "endTime": 239320, "taskId": 2, "workflowId": -1, "jobId": 7}, {"startTime": 239320, "endTime": 240209, "taskId": 7, "workflowId": -1, "jobId": 7}, {"startTime": 240209, "endTime": 242521, "taskId": 7, "workflowId": -1, "jobId": 7}, {"startTime": 242521, "endTime": 247649, "taskId": 7, "workflowId": -1, "jobId": 7}, {"startTime": 247649, "endTime": 264800, "taskId": 2, "workflowId": -1, "jobId": 8}, {"startTime": 264800, "endTime": 265553, "taskId": 9, "workflowId": -1, "jobId": 4}, {"startTime": 265553, "endTime": 269787, "taskId": 4, "workflowId": -1, "jobId": 4}, {"startTime": 269787, "endTime": 270566, "taskId": 1, "workflowId": -1, "jobId": 6}, {"startTime": 270566, "endTime": 273129, "taskId": 1, "workflowId": -1, "jobId": 6}, {"startTime": 273129, "endTime": 274487, "taskId": 2, "workflowId": -1, "jobId": 9}, {"startTime": 274487, "endTime": 290280, "taskId": 2, "workflowId": -1, "jobId": 9}, {"startTime": 290280, "endTime": 297544, "taskId": 8, "workflowId": -1, "jobId": 6}, {"startTime": 298609, "endTime": 315760, "taskId": 2, "workflowId": -1, "jobId": 10}, {"startTime": 315760, "endTime": 321036, "taskId": 8, "workflowId": -1, "jobId": 7}, {"startTime": 321036, "endTime": 323713, "taskId": 4, "workflowId": -1, "jobId": 5}, {"startTime": 323713, "endTime": 324109, "taskId": 3, "workflowId": -1, "jobId": 6}, {"startTime": 324109, "endTime": 341260, "taskId": 2, "workflowId": -1, "jobId": 11}, {"startTime": 341260, "endTime": 345114, "taskId": 6, "workflowId": -1, "jobId": 4}, {"startTime": 345114, "endTime": 349611, "taskId": 1, "workflowId": -1, "jobId": 8}, {"startTime": 349611, "endTime": 366762, "taskId": 2, "workflowId": -1, "jobId": 12}, {"startTime": 370298, "endTime": 375129, "taskId": 3, "workflowId": -1, "jobId": 7}, {"startTime": 375129, "endTime": 392280, "taskId": 2, "workflowId": -1, "jobId": 13}, {"startTime": 392280, "endTime": 399544, "taskId": 8, "workflowId": -1, "jobId": 9}, {"startTime": 399544, "endTime": 400595, "taskId": 6, "workflowId": -1, "jobId": 5}, {"startTime": 400595, "endTime": 417746, "taskId": 2, "workflowId": -1, "jobId": 14}, {"startTime": 417746, "endTime": 420452, "taskId": 10, "workflowId": -1, "jobId": 7}, {"startTime": 420452, "endTime": 426045, "taskId": 1, "workflowId": -1, "jobId": 10}, {"startTime": 426045, "endTime": 443196, "taskId": 2, "workflowId": -1, "jobId": 15}, {"startTime": 443196, "endTime": 451496, "taskId": 9, "workflowId": -1, "jobId": 8}, {"startTime": 451496, "endTime": 468647, "taskId": 2, "workflowId": -1, "jobId": 16}]}, {"frequency": 1.4, "activePower": 4.5, "idlePower": 2, "memory": 1, "allocations": [{"startTime": 42787, "endTime": 43151, "taskId": 0, "workflowId": 3, "jobId": -1}, {"startTime": 43151, "endTime": 45401, "taskId": 3, "workflowId": 0, "jobId": -1}, {"startTime": 45401, "endTime": 48264, "taskId": 1, "workflowId": 0, "jobId": -1}, {"startTime": 48264, "endTime": 51763, "taskId": 6, "workflowId": 0, "jobId": -1}, {"startTime": 51763, "endTime": 54366, "taskId": 7, "workflowId": 0, "jobId": -1}, {"startTime": 54366, "endTime": 55311, "taskId": 8, "workflowId": 0, "jobId": -1}, {"startTime": 55311, "endTime": 55459, "taskId": 8, "workflowId": 0, "jobId": -1}, {"startTime": 55459, "endTime": 55460, "taskId": 9, "workflowId": 0, "jobId": -1}, {"startTime": 55460, "endTime": 56930, "taskId": 13, "workflowId": 0, "jobId": -1}, {"startTime": 56930, "endTime": 57914, "taskId": 5, "workflowId": 0, "jobId": -1}, {"startTime": 57914, "endTime": 58284, "taskId": 9, "workflowId": 0, "jobId": -1}, {"startTime": 58284, "endTime": 61438, "taskId": 12, "workflowId": 0, "jobId": -1}, {"startTime": 61438, "endTime": 61832, "taskId": 15, "workflowId": 0, "jobId": -1}, {"startTime": 61832, "endTime": 63063, "taskId": 15, "workflowId": 0, "jobId": -1}, {"startTime": 63063, "endTime": 64002, "taskId": 5, "workflowId": -1, "jobId": 0}, {"startTime": 64002, "endTime": 64771, "taskId": 11, "workflowId": 0, "jobId": -1}, {"startTime": 64771, "endTime": 65834, "taskId": 16, "workflowId": 0, "jobId": -1}, {"startTime": 65834, "endTime": 67932, "taskId": 0, "workflowId": 3, "jobId": -1}, {"startTime": 67932, "endTime": 69096, "taskId": 2, "workflowId": 3, "jobId": -1}, {"startTime": 69096, "endTime": 69289, "taskId": 2, "workflowId": 3, "jobId": -1}, {"startTime": 69289, "endTime": 69622, "taskId": 18, "workflowId": 0, "jobId": -1}, {"startTime": 69622, "endTime": 69631, "taskId": 20, "workflowId": 0, "jobId": -1}, {"startTime": 69631, "endTime": 69651, "taskId": 20, "workflowId": 0, "jobId": -1}, {"startTime": 69651, "endTime": 70248, "taskId": 0, "workflowId": -1, "jobId": 1}, {"startTime": 70248, "endTime": 71190, "taskId": 0, "workflowId": -1, "jobId": 1}, {"startTime": 71190, "endTime": 71265, "taskId": 0, "workflowId": -1, "jobId": 1}, {"startTime": 71265, "endTime": 72467, "taskId": 0, "workflowId": -1, "jobId": 1}, {"startTime": 72467, "endTime": 72476, "taskId": 0, "workflowId": -1, "jobId": 1}, {"startTime": 72476, "endTime": 72494, "taskId": 0, "workflowId": -1, "jobId": 1}, {"startTime": 72494, "endTime": 82267, "taskId": 0, "workflowId": -1, "jobId": 1}, {"startTime": 82267, "endTime": 82646, "taskId": 3, "workflowId": -1, "jobId": 0}, {"startTime": 82646, "endTime": 84056, "taskId": 3, "workflowId": -1, "jobId": 0}, {"startTime": 84056, "endTime": 91768, "taskId": 3, "workflowId": -1, "jobId": 0}, {"startTime": 91768, "endTime": 91784, "taskId": 9, "workflowId": 3, "jobId": -1}, {"startTime": 91784, "endTime": 93014, "taskId": 9, "workflowId": 3, "jobId": -1}, {"startTime": 93014, "endTime": 94288, "taskId": 10, "workflowId": 3, "jobId": -1}, {"startTime": 94288, "endTime": 94769, "taskId": 10, "workflowId": 3, "jobId": -1}, {"startTime": 94769, "endTime": 94941, "taskId": 3, "workflowId": -1, "jobId": 1}, {"startTime": 94941, "endTime": 95493, "taskId": 3, "workflowId": -1, "jobId": 1}, {"startTime": 95493, "endTime": 95534, "taskId": 0, "workflowId": -1, "jobId": 2}, {"startTime": 95534, "endTime": 96932, "taskId": 0, "workflowId": -1, "jobId": 2}, {"startTime": 96932, "endTime": 99032, "taskId": 0, "workflowId": -1, "jobId": 2}, {"startTime": 99032, "endTime": 99970, "taskId": 0, "workflowId": -1, "jobId": 2}, {"startTime": 99970, "endTime": 101745, "taskId": 0, "workflowId": -1, "jobId": 2}, {"startTime": 101745, "endTime": 104685, "taskId": 0, "workflowId": -1, "jobId": 2}, {"startTime": 104685, "endTime": 104765, "taskId": 0, "workflowId": -1, "jobId": 2}, {"startTime": 104765, "endTime": 107630, "taskId": 0, "workflowId": -1, "jobId": 2}, {"startTime": 107630, "endTime": 107803, "taskId": 0, "workflowId": -1, "jobId": 2}, {"startTime": 107803, "endTime": 108109, "taskId": 0, "workflowId": -1, "jobId": 2}, {"startTime": 108109, "endTime": 108973, "taskId": 11, "workflowId": 2, "jobId": -1}, {"startTime": 108973, "endTime": 109452, "taskId": 11, "workflowId": 2, "jobId": -1}, {"startTime": 109452, "endTime": 110823, "taskId": 8, "workflowId": 2, "jobId": -1}, {"startTime": 110823, "endTime": 111291, "taskId": 8, "workflowId": 2, "jobId": -1}, {"startTime": 111291, "endTime": 113142, "taskId": 10, "workflowId": 2, "jobId": -1}, {"startTime": 113142, "endTime": 114565, "taskId": 14, "workflowId": 3, "jobId": -1}, {"startTime": 114565, "endTime": 115360, "taskId": 17, "workflowId": 3, "jobId": -1}, {"startTime": 115360, "endTime": 116150, "taskId": 17, "workflowId": 3, "jobId": -1}, {"startTime": 116150, "endTime": 116156, "taskId": 17, "workflowId": 3, "jobId": -1}, {"startTime": 116156, "endTime": 116160, "taskId": 8, "workflowId": -1, "jobId": 1}, {"startTime": 116160, "endTime": 117573, "taskId": 8, "workflowId": -1, "jobId": 1}, {"startTime": 117573, "endTime": 118296, "taskId": 8, "workflowId": -1, "jobId": 1}, {"startTime": 118296, "endTime": 119135, "taskId": 12, "workflowId": 2, "jobId": -1}, {"startTime": 119135, "endTime": 120249, "taskId": 5, "workflowId": -1, "jobId": 1}, {"startTime": 120249, "endTime": 120324, "taskId": 1, "workflowId": -1, "jobId": 2}, {"startTime": 120324, "endTime": 120598, "taskId": 1, "workflowId": -1, "jobId": 2}, {"startTime": 120598, "endTime": 121335, "taskId": 1, "workflowId": -1, "jobId": 2}, {"startTime": 121335, "endTime": 121525, "taskId": 0, "workflowId": -1, "jobId": 3}, {"startTime": 121525, "endTime": 122976, "taskId": 0, "workflowId": -1, "jobId": 3}, {"startTime": 122976, "endTime": 123755, "taskId": 0, "workflowId": -1, "jobId": 3}, {"startTime": 123755, "endTime": 124128, "taskId": 0, "workflowId": -1, "jobId": 3}, {"startTime": 124128, "endTime": 124166, "taskId": 0, "workflowId": -1, "jobId": 3}, {"startTime": 124166, "endTime": 124331, "taskId": 0, "workflowId": -1, "jobId": 3}, {"startTime": 124331, "endTime": 124353, "taskId": 0, "workflowId": -1, "jobId": 3}, {"startTime": 124353, "endTime": 124365, "taskId": 0, "workflowId": -1, "jobId": 3}, {"startTime": 124365, "endTime": 131092, "taskId": 0, "workflowId": -1, "jobId": 3}, {"startTime": 131092, "endTime": 133322, "taskId": 0, "workflowId": -1, "jobId": 3}, {"startTime": 133322, "endTime": 133951, "taskId": 0, "workflowId": -1, "jobId": 3}, {"startTime": 133951, "endTime": 134052, "taskId": 18, "workflowId": 3, "jobId": -1}, {"startTime": 134052, "endTime": 134809, "taskId": 18, "workflowId": 3, "jobId": -1}, {"startTime": 134809, "endTime": 135588, "taskId": 18, "workflowId": 3, "jobId": -1}, {"startTime": 135588, "endTime": 135731, "taskId": 18, "workflowId": 3, "jobId": -1}, {"startTime": 135731, "endTime": 136415, "taskId": 18, "workflowId": 3, "jobId": -1}, {"startTime": 136415, "endTime": 136493, "taskId": 18, "workflowId": 3, "jobId": -1}, {"startTime": 136493, "endTime": 136675, "taskId": 18, "workflowId": 3, "jobId": -1}, {"startTime": 136675, "endTime": 136890, "taskId": 17, "workflowId": 2, "jobId": -1}, {"startTime": 136890, "endTime": 137057, "taskId": 17, "workflowId": 2, "jobId": -1}, {"startTime": 137057, "endTime": 137089, "taskId": 17, "workflowId": 2, "jobId": -1}, {"startTime": 137089, "endTime": 137967, "taskId": 3, "workflowId": -1, "jobId": 2}, {"startTime": 137967, "endTime": 138426, "taskId": 3, "workflowId": -1, "jobId": 2}, {"startTime": 138426, "endTime": 138598, "taskId": 3, "workflowId": -1, "jobId": 2}, {"startTime": 138598, "endTime": 138895, "taskId": 3, "workflowId": -1, "jobId": 2}, {"startTime": 138895, "endTime": 138905, "taskId": 3, "workflowId": -1, "jobId": 2}, {"startTime": 138905, "endTime": 140416, "taskId": 3, "workflowId": -1, "jobId": 2}, {"startTime": 140416, "endTime": 140833, "taskId": 3, "workflowId": -1, "jobId": 2}, {"startTime": 140833, "endTime": 147177, "taskId": 3, "workflowId": -1, "jobId": 2}, {"startTime": 147177, "endTime": 148096, "taskId": 0, "workflowId": -1, "jobId": 4}, {"startTime": 148096, "endTime": 149086, "taskId": 0, "workflowId": -1, "jobId": 4}, {"startTime": 149086, "endTime": 151195, "taskId": 0, "workflowId": -1, "jobId": 4}, {"startTime": 151195, "endTime": 151598, "taskId": 0, "workflowId": -1, "jobId": 4}, {"startTime": 151598, "endTime": 153252, "taskId": 0, "workflowId": -1, "jobId": 4}, {"startTime": 153252, "endTime": 153370, "taskId": 0, "workflowId": -1, "jobId": 4}, {"startTime": 153370, "endTime": 154272, "taskId": 0, "workflowId": -1, "jobId": 4}, {"startTime": 154272, "endTime": 154967, "taskId": 0, "workflowId": -1, "jobId": 4}, {"startTime": 154967, "endTime": 155544, "taskId": 0, "workflowId": -1, "jobId": 4}, {"startTime": 155544, "endTime": 156505, "taskId": 0, "workflowId": -1, "jobId": 4}, {"startTime": 156505, "endTime": 159540, "taskId": 0, "workflowId": -1, "jobId": 4}, {"startTime": 159540, "endTime": 159793, "taskId": 0, "workflowId": -1, "jobId": 4}, {"startTime": 159793, "endTime": 159848, "taskId": 20, "workflowId": 3, "jobId": -1}, {"startTime": 159848, "endTime": 160463, "taskId": 20, "workflowId": 3, "jobId": -1}, {"startTime": 160463, "endTime": 161303, "taskId": 20, "workflowId": 3, "jobId": -1}, {"startTime": 161303, "endTime": 163306, "taskId": 13, "workflowId": 2, "jobId": -1}, {"startTime": 163306, "endTime": 163878, "taskId": 24, "workflowId": 2, "jobId": -1}, {"startTime": 163878, "endTime": 164106, "taskId": 13, "workflowId": 2, "jobId": -1}, {"startTime": 164106, "endTime": 165434, "taskId": 22, "workflowId": 3, "jobId": -1}, {"startTime": 165434, "endTime": 166123, "taskId": 22, "workflowId": 3, "jobId": -1}, {"startTime": 166123, "endTime": 166221, "taskId": 22, "workflowId": 3, "jobId": -1}, {"startTime": 166221, "endTime": 167594, "taskId": 22, "workflowId": 3, "jobId": -1}, {"startTime": 168063, "endTime": 171589, "taskId": 20, "workflowId": 2, "jobId": -1}, {"startTime": 171589, "endTime": 172637, "taskId": 11, "workflowId": -1, "jobId": 2}, {"startTime": 172637, "endTime": 172993, "taskId": 6, "workflowId": -1, "jobId": 1}, {"startTime": 172993, "endTime": 173019, "taskId": 6, "workflowId": -1, "jobId": 1}, {"startTime": 173019, "endTime": 175493, "taskId": 0, "workflowId": -1, "jobId": 5}, {"startTime": 175493, "endTime": 176027, "taskId": 0, "workflowId": -1, "jobId": 5}, {"startTime": 176027, "endTime": 178371, "taskId": 0, "workflowId": -1, "jobId": 5}, {"startTime": 178371, "endTime": 178527, "taskId": 0, "workflowId": -1, "jobId": 5}, {"startTime": 178527, "endTime": 182011, "taskId": 0, "workflowId": -1, "jobId": 5}, {"startTime": 182011, "endTime": 183200, "taskId": 0, "workflowId": -1, "jobId": 5}, {"startTime": 183200, "endTime": 183617, "taskId": 0, "workflowId": -1, "jobId": 5}, {"startTime": 183617, "endTime": 184113, "taskId": 0, "workflowId": -1, "jobId": 5}, {"startTime": 184113, "endTime": 185258, "taskId": 0, "workflowId": -1, "jobId": 5}, {"startTime": 185258, "endTime": 185635, "taskId": 0, "workflowId": -1, "jobId": 5}, {"startTime": 185635, "endTime": 186596, "taskId": 3, "workflowId": -1, "jobId": 3}, {"startTime": 186596, "endTime": 187139, "taskId": 3, "workflowId": -1, "jobId": 3}, {"startTime": 187139, "endTime": 187239, "taskId": 3, "workflowId": -1, "jobId": 3}, {"startTime": 187239, "endTime": 187453, "taskId": 3, "workflowId": -1, "jobId": 3}, {"startTime": 187453, "endTime": 188136, "taskId": 3, "workflowId": -1, "jobId": 3}, {"startTime": 188136, "endTime": 190465, "taskId": 3, "workflowId": -1, "jobId": 3}, {"startTime": 190465, "endTime": 191701, "taskId": 3, "workflowId": -1, "jobId": 3}, {"startTime": 191701, "endTime": 192413, "taskId": 3, "workflowId": -1, "jobId": 3}, {"startTime": 192413, "endTime": 192597, "taskId": 3, "workflowId": -1, "jobId": 3}, {"startTime": 192597, "endTime": 193223, "taskId": 3, "workflowId": -1, "jobId": 3}, {"startTime": 193223, "endTime": 195474, "taskId": 3, "workflowId": -1, "jobId": 3}, {"startTime": 195474, "endTime": 195538, "taskId": 3, "workflowId": -1, "jobId": 3}, {"startTime": 195538, "endTime": 196357, "taskId": 3, "workflowId": -1, "jobId": 3}, {"startTime": 196357, "endTime": 196435, "taskId": 3, "workflowId": -1, "jobId": 3}, {"startTime": 196435, "endTime": 196689, "taskId": 3, "workflowId": -1, "jobId": 3}, {"startTime": 196689, "endTime": 196948, "taskId": 1, "workflowId": -1, "jobId": 4}, {"startTime": 196948, "endTime": 198861, "taskId": 1, "workflowId": -1, "jobId": 4}, {"startTime": 198861, "endTime": 202818, "taskId": 0, "workflowId": -1, "jobId": 6}, {"startTime": 202818, "endTime": 202923, "taskId": 0, "workflowId": -1, "jobId": 6}, {"startTime": 202923, "endTime": 203368, "taskId": 0, "workflowId": -1, "jobId": 6}, {"startTime": 203368, "endTime": 203619, "taskId": 0, "workflowId": -1, "jobId": 6}, {"startTime": 203619, "endTime": 203873, "taskId": 0, "workflowId": -1, "jobId": 6}, {"startTime": 203873, "endTime": 204173, "taskId": 0, "workflowId": -1, "jobId": 6}, {"startTime": 204173, "endTime": 205313, "taskId": 0, "workflowId": -1, "jobId": 6}, {"startTime": 205313, "endTime": 206421, "taskId": 0, "workflowId": -1, "jobId": 6}, {"startTime": 206421, "endTime": 206495, "taskId": 0, "workflowId": -1, "jobId": 6}, {"startTime": 206495, "endTime": 206628, "taskId": 0, "workflowId": -1, "jobId": 6}, {"startTime": 206628, "endTime": 207016, "taskId": 0, "workflowId": -1, "jobId": 6}, {"startTime": 207016, "endTime": 207062, "taskId": 0, "workflowId": -1, "jobId": 6}, {"startTime": 207062, "endTime": 208188, "taskId": 0, "workflowId": -1, "jobId": 6}, {"startTime": 208188, "endTime": 208294, "taskId": 0, "workflowId": -1, "jobId": 6}, {"startTime": 208294, "endTime": 208430, "taskId": 0, "workflowId": -1, "jobId": 6}, {"startTime": 208430, "endTime": 210088, "taskId": 0, "workflowId": -1, "jobId": 6}, {"startTime": 210088, "endTime": 211477, "taskId": 0, "workflowId": -1, "jobId": 6}, {"startTime": 211477, "endTime": 211781, "taskId": 21, "workflowId": 1, "jobId": -1}, {"startTime": 211781, "endTime": 211992, "taskId": 21, "workflowId": 1, "jobId": -1}, {"startTime": 211992, "endTime": 212126, "taskId": 21, "workflowId": 1, "jobId": -1}, {"startTime": 212126, "endTime": 212380, "taskId": 21, "workflowId": 1, "jobId": -1}, {"startTime": 212380, "endTime": 213198, "taskId": 21, "workflowId": 1, "jobId": -1}, {"startTime": 213198, "endTime": 213370, "taskId": 21, "workflowId": 1, "jobId": -1}, {"startTime": 213370, "endTime": 213533, "taskId": 22, "workflowId": 2, "jobId": -1}, {"startTime": 213533, "endTime": 213894, "taskId": 22, "workflowId": 2, "jobId": -1}, {"startTime": 213894, "endTime": 213921, "taskId": 23, "workflowId": 1, "jobId": -1}, {"startTime": 213921, "endTime": 214232, "taskId": 23, "workflowId": 1, "jobId": -1}, {"startTime": 214232, "endTime": 214328, "taskId": 23, "workflowId": 1, "jobId": -1}, {"startTime": 214328, "endTime": 214424, "taskId": 23, "workflowId": 1, "jobId": -1}, {"startTime": 214424, "endTime": 215019, "taskId": 23, "workflowId": 1, "jobId": -1}, {"startTime": 215019, "endTime": 215192, "taskId": 23, "workflowId": 1, "jobId": -1}, {"startTime": 215192, "endTime": 215384, "taskId": 23, "workflowId": 1, "jobId": -1}, {"startTime": 215384, "endTime": 215622, "taskId": 23, "workflowId": 1, "jobId": -1}, {"startTime": 215622, "endTime": 215915, "taskId": 23, "workflowId": 1, "jobId": -1}, {"startTime": 215915, "endTime": 216107, "taskId": 23, "workflowId": 1, "jobId": -1}, {"startTime": 216107, "endTime": 216591, "taskId": 23, "workflowId": 1, "jobId": -1}, {"startTime": 216591, "endTime": 217479, "taskId": 14, "workflowId": 2, "jobId": -1}, {"startTime": 217479, "endTime": 217986, "taskId": 24, "workflowId": 3, "jobId": -1}, {"startTime": 217986, "endTime": 218050, "taskId": 24, "workflowId": 3, "jobId": -1}, {"startTime": 218050, "endTime": 218220, "taskId": 24, "workflowId": 3, "jobId": -1}, {"startTime": 218220, "endTime": 218846, "taskId": 14, "workflowId": 2, "jobId": -1}, {"startTime": 218846, "endTime": 219180, "taskId": 14, "workflowId": 2, "jobId": -1}, {"startTime": 219180, "endTime": 220206, "taskId": 14, "workflowId": 2, "jobId": -1}, {"startTime": 220206, "endTime": 221024, "taskId": 23, "workflowId": 2, "jobId": -1}, {"startTime": 221024, "endTime": 221336, "taskId": 15, "workflowId": 2, "jobId": -1}, {"startTime": 221336, "endTime": 222154, "taskId": 15, "workflowId": 2, "jobId": -1}, {"startTime": 223371, "endTime": 224703, "taskId": 8, "workflowId": -1, "jobId": 4}, {"startTime": 224703, "endTime": 230635, "taskId": 0, "workflowId": -1, "jobId": 7}, {"startTime": 230635, "endTime": 230667, "taskId": 0, "workflowId": -1, "jobId": 7}, {"startTime": 230667, "endTime": 237188, "taskId": 0, "workflowId": -1, "jobId": 7}, {"startTime": 237188, "endTime": 237319, "taskId": 0, "workflowId": -1, "jobId": 7}, {"startTime": 237319, "endTime": 237409, "taskId": 9, "workflowId": -1, "jobId": 3}, {"startTime": 237409, "endTime": 240209, "taskId": 9, "workflowId": -1, "jobId": 3}, {"startTime": 240209, "endTime": 243602, "taskId": 9, "workflowId": -1, "jobId": 3}, {"startTime": 243602, "endTime": 247649, "taskId": 10, "workflowId": -1, "jobId": 3}, {"startTime": 247649, "endTime": 250545, "taskId": 7, "workflowId": -1, "jobId": 7}, {"startTime": 250545, "endTime": 253144, "taskId": 0, "workflowId": -1, "jobId": 8}, {"startTime": 253144, "endTime": 253350, "taskId": 0, "workflowId": -1, "jobId": 8}, {"startTime": 253350, "endTime": 263161, "taskId": 0, "workflowId": -1, "jobId": 8}, {"startTime": 263161, "endTime": 269787, "taskId": 7, "workflowId": -1, "jobId": 8}, {"startTime": 269787, "endTime": 270566, "taskId": 4, "workflowId": -1, "jobId": 4}, {"startTime": 270566, "endTime": 273129, "taskId": 10, "workflowId": -1, "jobId": 4}, {"startTime": 273129, "endTime": 276387, "taskId": 1, "workflowId": -1, "jobId": 6}, {"startTime": 276387, "endTime": 281747, "taskId": 0, "workflowId": -1, "jobId": 9}, {"startTime": 281747, "endTime": 289003, "taskId": 0, "workflowId": -1, "jobId": 9}, {"startTime": 289003, "endTime": 291512, "taskId": 10, "workflowId": -1, "jobId": 4}, {"startTime": 291512, "endTime": 302229, "taskId": 11, "workflowId": -1, "jobId": 4}, {"startTime": 302229, "endTime": 314845, "taskId": 0, "workflowId": -1, "jobId": 10}, {"startTime": 314845, "endTime": 317343, "taskId": 9, "workflowId": -1, "jobId": 5}, {"startTime": 317343, "endTime": 321036, "taskId": 10, "workflowId": -1, "jobId": 5}, {"startTime": 321036, "endTime": 323024, "taskId": 8, "workflowId": -1, "jobId": 7}, {"startTime": 323713, "endTime": 324109, "taskId": 4, "workflowId": -1, "jobId": 5}, {"startTime": 324109, "endTime": 328093, "taskId": 3, "workflowId": -1, "jobId": 6}, {"startTime": 328093, "endTime": 340709, "taskId": 0, "workflowId": -1, "jobId": 11}, {"startTime": 340709, "endTime": 346457, "taskId": 11, "workflowId": -1, "jobId": 5}, {"startTime": 346457, "endTime": 349611, "taskId": 6, "workflowId": -1, "jobId": 4}, {"startTime": 349611, "endTime": 353914, "taskId": 1, "workflowId": -1, "jobId": 8}, {"startTime": 353914, "endTime": 366530, "taskId": 0, "workflowId": -1, "jobId": 12}, {"startTime": 375129, "endTime": 379755, "taskId": 3, "workflowId": -1, "jobId": 7}, {"startTime": 379755, "endTime": 392371, "taskId": 0, "workflowId": -1, "jobId": 13}, {"startTime": 392371, "endTime": 402493, "taskId": 11, "workflowId": -1, "jobId": 6}, {"startTime": 405548, "endTime": 405742, "taskId": 5, "workflowId": -1, "jobId": 5}, {"startTime": 405742, "endTime": 418358, "taskId": 0, "workflowId": -1, "jobId": 14}, {"startTime": 418358, "endTime": 419498, "taskId": 6, "workflowId": -1, "jobId": 5}, {"startTime": 420452, "endTime": 423868, "taskId": 10, "workflowId": -1, "jobId": 7}, {"startTime": 426045, "endTime": 431466, "taskId": 1, "workflowId": -1, "jobId": 10}, {"startTime": 431466, "endTime": 444082, "taskId": 0, "workflowId": -1, "jobId": 15}, {"startTime": 451496, "endTime": 452883, "taskId": 9, "workflowId": -1, "jobId": 8}, {"startTime": 457295, "endTime": 469911, "taskId": 0, "workflowId": -1, "jobId": 16}]}, {"frequency": 1.4, "activePower": 4.5, "idlePower": 2, "memory": 1, "allocations": [{"startTime": 43151, "endTime": 45994, "taskId": 2, "workflowId": 0, "jobId": -1}, {"startTime": 45994, "endTime": 57954, "taskId": 1, "workflowId": -1, "jobId": 0}, {"startTime": 57954, "endTime": 61082, "taskId": 10, "workflowId": 0, "jobId": -1}, {"startTime": 61082, "endTime": 61438, "taskId": 5, "workflowId": -1, "jobId": 0}, {"startTime": 61438, "endTime": 62967, "taskId": 5, "workflowId": 0, "jobId": -1}, {"startTime": 62967, "endTime": 64002, "taskId": 5, "workflowId": 0, "jobId": -1}, {"startTime": 64002, "endTime": 66100, "taskId": 5, "workflowId": -1, "jobId": 0}, {"startTime": 66100, "endTime": 66452, "taskId": 5, "workflowId": -1, "jobId": 0}, {"startTime": 66452, "endTime": 68078, "taskId": 5, "workflowId": -1, "jobId": 0}, {"startTime": 68078, "endTime": 69289, "taskId": 4, "workflowId": 3, "jobId": -1}, {"startTime": 69289, "endTime": 69622, "taskId": 2, "workflowId": 3, "jobId": -1}, {"startTime": 69622, "endTime": 69631, "taskId": 21, "workflowId": 0, "jobId": -1}, {"startTime": 69631, "endTime": 69651, "taskId": 21, "workflowId": 0, "jobId": -1}, {"startTime": 69651, "endTime": 70231, "taskId": 20, "workflowId": 0, "jobId": -1}, {"startTime": 70231, "endTime": 70248, "taskId": 20, "workflowId": 0, "jobId": -1}, {"startTime": 70248, "endTime": 71151, "taskId": 20, "workflowId": 0, "jobId": -1}, {"startTime": 71151, "endTime": 71265, "taskId": 20, "workflowId": 0, "jobId": -1}, {"startTime": 71265, "endTime": 72466, "taskId": 20, "workflowId": 0, "jobId": -1}, {"startTime": 72466, "endTime": 72475, "taskId": 2, "workflowId": 3, "jobId": -1}, {"startTime": 72475, "endTime": 72484, "taskId": 6, "workflowId": 3, "jobId": -1}, {"startTime": 72484, "endTime": 72503, "taskId": 3, "workflowId": 3, "jobId": -1}, {"startTime": 72503, "endTime": 73081, "taskId": 4, "workflowId": 3, "jobId": -1}, {"startTime": 73081, "endTime": 73461, "taskId": 19, "workflowId": 0, "jobId": -1}, {"startTime": 73461, "endTime": 76176, "taskId": 19, "workflowId": 0, "jobId": -1}, {"startTime": 76176, "endTime": 76177, "taskId": 4, "workflowId": 3, "jobId": -1}, {"startTime": 76177, "endTime": 76556, "taskId": 22, "workflowId": 0, "jobId": -1}, {"startTime": 76556, "endTime": 77304, "taskId": 22, "workflowId": 0, "jobId": -1}, {"startTime": 77304, "endTime": 78345, "taskId": 22, "workflowId": 0, "jobId": -1}, {"startTime": 78345, "endTime": 78528, "taskId": 22, "workflowId": 0, "jobId": -1}, {"startTime": 78528, "endTime": 78803, "taskId": 22, "workflowId": 0, "jobId": -1}, {"startTime": 78803, "endTime": 79182, "taskId": 23, "workflowId": 0, "jobId": -1}, {"startTime": 79182, "endTime": 79775, "taskId": 23, "workflowId": 0, "jobId": -1}, {"startTime": 79775, "endTime": 79930, "taskId": 3, "workflowId": -1, "jobId": 0}, {"startTime": 79930, "endTime": 81472, "taskId": 3, "workflowId": -1, "jobId": 0}, {"startTime": 81472, "endTime": 82303, "taskId": 1, "workflowId": -1, "jobId": 1}, {"startTime": 82303, "endTime": 85476, "taskId": 1, "workflowId": -1, "jobId": 1}, {"startTime": 85476, "endTime": 85791, "taskId": 1, "workflowId": -1, "jobId": 1}, {"startTime": 85791, "endTime": 87111, "taskId": 1, "workflowId": -1, "jobId": 1}, {"startTime": 87111, "endTime": 90974, "taskId": 1, "workflowId": -1, "jobId": 1}, {"startTime": 90974, "endTime": 93432, "taskId": 1, "workflowId": -1, "jobId": 1}, {"startTime": 93432, "endTime": 94405, "taskId": 12, "workflowId": 3, "jobId": -1}, {"startTime": 94405, "endTime": 94614, "taskId": 11, "workflowId": 3, "jobId": -1}, {"startTime": 94614, "endTime": 94769, "taskId": 7, "workflowId": 2, "jobId": -1}, {"startTime": 94769, "endTime": 95492, "taskId": 10, "workflowId": 3, "jobId": -1}, {"startTime": 95492, "endTime": 95493, "taskId": 10, "workflowId": 3, "jobId": -1}, {"startTime": 95493, "endTime": 95534, "taskId": 3, "workflowId": -1, "jobId": 1}, {"startTime": 95534, "endTime": 96470, "taskId": 3, "workflowId": -1, "jobId": 1}, {"startTime": 96470, "endTime": 96605, "taskId": 3, "workflowId": -1, "jobId": 1}, {"startTime": 96605, "endTime": 99970, "taskId": 3, "workflowId": -1, "jobId": 1}, {"startTime": 99970, "endTime": 99984, "taskId": 3, "workflowId": -1, "jobId": 1}, {"startTime": 99984, "endTime": 100105, "taskId": 3, "workflowId": -1, "jobId": 1}, {"startTime": 100105, "endTime": 102086, "taskId": 3, "workflowId": -1, "jobId": 1}, {"startTime": 102086, "endTime": 107369, "taskId": 3, "workflowId": -1, "jobId": 1}, {"startTime": 107369, "endTime": 107629, "taskId": 3, "workflowId": -1, "jobId": 1}, {"startTime": 107629, "endTime": 108015, "taskId": 11, "workflowId": -1, "jobId": 1}, {"startTime": 108015, "endTime": 108430, "taskId": 6, "workflowId": -1, "jobId": 0}, {"startTime": 108430, "endTime": 109350, "taskId": 6, "workflowId": -1, "jobId": 0}, {"startTime": 109350, "endTime": 111568, "taskId": 6, "workflowId": -1, "jobId": 0}, {"startTime": 111568, "endTime": 112388, "taskId": 6, "workflowId": -1, "jobId": 0}, {"startTime": 112388, "endTime": 117287, "taskId": 6, "workflowId": -1, "jobId": 0}, {"startTime": 117287, "endTime": 119144, "taskId": 16, "workflowId": 3, "jobId": -1}, {"startTime": 119144, "endTime": 119939, "taskId": 17, "workflowId": 2, "jobId": -1}, {"startTime": 119939, "endTime": 120249, "taskId": 18, "workflowId": 3, "jobId": -1}, {"startTime": 120249, "endTime": 121335, "taskId": 5, "workflowId": -1, "jobId": 1}, {"startTime": 121335, "endTime": 121524, "taskId": 1, "workflowId": -1, "jobId": 2}, {"startTime": 121524, "endTime": 122976, "taskId": 1, "workflowId": -1, "jobId": 2}, {"startTime": 122976, "endTime": 123392, "taskId": 1, "workflowId": -1, "jobId": 2}, {"startTime": 123392, "endTime": 123892, "taskId": 1, "workflowId": -1, "jobId": 2}, {"startTime": 123892, "endTime": 124331, "taskId": 1, "workflowId": -1, "jobId": 2}, {"startTime": 124331, "endTime": 125622, "taskId": 1, "workflowId": -1, "jobId": 2}, {"startTime": 125622, "endTime": 126671, "taskId": 1, "workflowId": -1, "jobId": 2}, {"startTime": 126671, "endTime": 128800, "taskId": 1, "workflowId": -1, "jobId": 2}, {"startTime": 128800, "endTime": 129190, "taskId": 1, "workflowId": -1, "jobId": 2}, {"startTime": 129190, "endTime": 131089, "taskId": 1, "workflowId": -1, "jobId": 2}, {"startTime": 131089, "endTime": 131631, "taskId": 10, "workflowId": -1, "jobId": 1}, {"startTime": 131631, "endTime": 131767, "taskId": 10, "workflowId": -1, "jobId": 1}, {"startTime": 131767, "endTime": 131952, "taskId": 10, "workflowId": -1, "jobId": 1}, {"startTime": 131952, "endTime": 133814, "taskId": 10, "workflowId": -1, "jobId": 1}, {"startTime": 133814, "endTime": 134173, "taskId": 10, "workflowId": -1, "jobId": 1}, {"startTime": 134173, "endTime": 134188, "taskId": 10, "workflowId": -1, "jobId": 1}, {"startTime": 134188, "endTime": 134804, "taskId": 10, "workflowId": -1, "jobId": 1}, {"startTime": 134804, "endTime": 136044, "taskId": 10, "workflowId": -1, "jobId": 1}, {"startTime": 136044, "endTime": 136415, "taskId": 10, "workflowId": -1, "jobId": 1}, {"startTime": 136415, "endTime": 138625, "taskId": 10, "workflowId": -1, "jobId": 1}, {"startTime": 138625, "endTime": 138815, "taskId": 10, "workflowId": -1, "jobId": 1}, {"startTime": 138815, "endTime": 138895, "taskId": 10, "workflowId": -1, "jobId": 1}, {"startTime": 138895, "endTime": 139314, "taskId": 10, "workflowId": -1, "jobId": 1}, {"startTime": 139314, "endTime": 140229, "taskId": 10, "workflowId": -1, "jobId": 1}, {"startTime": 140229, "endTime": 140255, "taskId": 17, "workflowId": 2, "jobId": -1}, {"startTime": 140255, "endTime": 142044, "taskId": 17, "workflowId": 2, "jobId": -1}, {"startTime": 142044, "endTime": 142350, "taskId": 8, "workflowId": -1, "jobId": 2}, {"startTime": 142350, "endTime": 142425, "taskId": 8, "workflowId": -1, "jobId": 2}, {"startTime": 142425, "endTime": 142769, "taskId": 8, "workflowId": -1, "jobId": 2}, {"startTime": 142769, "endTime": 143449, "taskId": 8, "workflowId": -1, "jobId": 2}, {"startTime": 143449, "endTime": 145228, "taskId": 8, "workflowId": -1, "jobId": 2}, {"startTime": 145228, "endTime": 145387, "taskId": 8, "workflowId": -1, "jobId": 2}, {"startTime": 145387, "endTime": 145461, "taskId": 8, "workflowId": -1, "jobId": 2}, {"startTime": 145461, "endTime": 145729, "taskId": 8, "workflowId": -1, "jobId": 2}, {"startTime": 145729, "endTime": 145835, "taskId": 11, "workflowId": -1, "jobId": 1}, {"startTime": 145835, "endTime": 147177, "taskId": 11, "workflowId": -1, "jobId": 1}, {"startTime": 147177, "endTime": 147685, "taskId": 3, "workflowId": -1, "jobId": 2}, {"startTime": 147685, "endTime": 148069, "taskId": 3, "workflowId": -1, "jobId": 2}, {"startTime": 148069, "endTime": 148339, "taskId": 3, "workflowId": -1, "jobId": 2}, {"startTime": 148339, "endTime": 148402, "taskId": 3, "workflowId": -1, "jobId": 2}, {"startTime": 148402, "endTime": 149307, "taskId": 3, "workflowId": -1, "jobId": 2}, {"startTime": 149307, "endTime": 149919, "taskId": 3, "workflowId": -1, "jobId": 2}, {"startTime": 149919, "endTime": 150818, "taskId": 3, "workflowId": -1, "jobId": 2}, {"startTime": 150818, "endTime": 151333, "taskId": 3, "workflowId": -1, "jobId": 2}, {"startTime": 151333, "endTime": 151438, "taskId": 3, "workflowId": -1, "jobId": 2}, {"startTime": 151438, "endTime": 151598, "taskId": 3, "workflowId": -1, "jobId": 2}, {"startTime": 151598, "endTime": 152843, "taskId": 3, "workflowId": -1, "jobId": 2}, {"startTime": 152843, "endTime": 153115, "taskId": 3, "workflowId": -1, "jobId": 2}, {"startTime": 153115, "endTime": 153252, "taskId": 3, "workflowId": -1, "jobId": 2}, {"startTime": 153252, "endTime": 153632, "taskId": 3, "workflowId": -1, "jobId": 2}, {"startTime": 153632, "endTime": 154270, "taskId": 3, "workflowId": -1, "jobId": 2}, {"startTime": 154270, "endTime": 154333, "taskId": 16, "workflowId": 2, "jobId": -1}, {"startTime": 154333, "endTime": 154681, "taskId": 16, "workflowId": 2, "jobId": -1}, {"startTime": 154681, "endTime": 156407, "taskId": 4, "workflowId": -1, "jobId": 2}, {"startTime": 156407, "endTime": 156798, "taskId": 4, "workflowId": -1, "jobId": 2}, {"startTime": 156798, "endTime": 157333, "taskId": 1, "workflowId": -1, "jobId": 3}, {"startTime": 157333, "endTime": 157348, "taskId": 1, "workflowId": -1, "jobId": 3}, {"startTime": 157348, "endTime": 158604, "taskId": 1, "workflowId": -1, "jobId": 3}, {"startTime": 158604, "endTime": 158640, "taskId": 1, "workflowId": -1, "jobId": 3}, {"startTime": 158640, "endTime": 159694, "taskId": 1, "workflowId": -1, "jobId": 3}, {"startTime": 159694, "endTime": 159848, "taskId": 1, "workflowId": -1, "jobId": 3}, {"startTime": 159848, "endTime": 160383, "taskId": 1, "workflowId": -1, "jobId": 3}, {"startTime": 160383, "endTime": 160691, "taskId": 1, "workflowId": -1, "jobId": 3}, {"startTime": 160691, "endTime": 160965, "taskId": 1, "workflowId": -1, "jobId": 3}, {"startTime": 160965, "endTime": 161655, "taskId": 1, "workflowId": -1, "jobId": 3}, {"startTime": 161655, "endTime": 162118, "taskId": 1, "workflowId": -1, "jobId": 3}, {"startTime": 162118, "endTime": 163191, "taskId": 1, "workflowId": -1, "jobId": 3}, {"startTime": 163191, "endTime": 164546, "taskId": 1, "workflowId": -1, "jobId": 3}, {"startTime": 164546, "endTime": 164998, "taskId": 1, "workflowId": -1, "jobId": 3}, {"startTime": 164998, "endTime": 165645, "taskId": 1, "workflowId": -1, "jobId": 3}, {"startTime": 165645, "endTime": 167498, "taskId": 1, "workflowId": -1, "jobId": 3}, {"startTime": 167498, "endTime": 168758, "taskId": 1, "workflowId": -1, "jobId": 3}, {"startTime": 168758, "endTime": 169257, "taskId": 22, "workflowId": 2, "jobId": -1}, {"startTime": 169257, "endTime": 172088, "taskId": 19, "workflowId": 2, "jobId": -1}, {"startTime": 172088, "endTime": 172637, "taskId": 24, "workflowId": 3, "jobId": -1}, {"startTime": 172637, "endTime": 173019, "taskId": 9, "workflowId": -1, "jobId": 2}, {"startTime": 173019, "endTime": 175671, "taskId": 6, "workflowId": -1, "jobId": 1}, {"startTime": 175671, "endTime": 179735, "taskId": 6, "workflowId": -1, "jobId": 1}, {"startTime": 179735, "endTime": 181695, "taskId": 0, "workflowId": 1, "jobId": -1}, {"startTime": 181695, "endTime": 182009, "taskId": 2, "workflowId": 1, "jobId": -1}, {"startTime": 182009, "endTime": 182324, "taskId": 2, "workflowId": 1, "jobId": -1}, {"startTime": 182324, "endTime": 183485, "taskId": 2, "workflowId": 1, "jobId": -1}, {"startTime": 183485, "endTime": 184275, "taskId": 3, "workflowId": 1, "jobId": -1}, {"startTime": 184275, "endTime": 184284, "taskId": 3, "workflowId": 1, "jobId": -1}, {"startTime": 184284, "endTime": 185021, "taskId": 3, "workflowId": 1, "jobId": -1}, {"startTime": 185021, "endTime": 185083, "taskId": 3, "workflowId": 1, "jobId": -1}, {"startTime": 185083, "endTime": 186078, "taskId": 3, "workflowId": 1, "jobId": -1}, {"startTime": 186078, "endTime": 186848, "taskId": 3, "workflowId": 1, "jobId": -1}, {"startTime": 186848, "endTime": 187153, "taskId": 7, "workflowId": 1, "jobId": -1}, {"startTime": 187153, "endTime": 187239, "taskId": 7, "workflowId": 1, "jobId": -1}, {"startTime": 187239, "endTime": 187629, "taskId": 7, "workflowId": 1, "jobId": -1}, {"startTime": 187629, "endTime": 188117, "taskId": 7, "workflowId": 1, "jobId": -1}, {"startTime": 188117, "endTime": 188158, "taskId": 7, "workflowId": 1, "jobId": -1}, {"startTime": 188158, "endTime": 188316, "taskId": 7, "workflowId": 1, "jobId": -1}, {"startTime": 188316, "endTime": 188352, "taskId": 7, "workflowId": 1, "jobId": -1}, {"startTime": 188352, "endTime": 188617, "taskId": 7, "workflowId": 1, "jobId": -1}, {"startTime": 188617, "endTime": 188666, "taskId": 9, "workflowId": 1, "jobId": -1}, {"startTime": 188666, "endTime": 188931, "taskId": 9, "workflowId": 1, "jobId": -1}, {"startTime": 188931, "endTime": 189373, "taskId": 9, "workflowId": 1, "jobId": -1}, {"startTime": 189373, "endTime": 189814, "taskId": 9, "workflowId": 1, "jobId": -1}, {"startTime": 189814, "endTime": 190128, "taskId": 8, "workflowId": 1, "jobId": -1}, {"startTime": 190128, "endTime": 190334, "taskId": 8, "workflowId": 1, "jobId": -1}, {"startTime": 190334, "endTime": 190916, "taskId": 8, "workflowId": 1, "jobId": -1}, {"startTime": 190916, "endTime": 190995, "taskId": 8, "workflowId": 1, "jobId": -1}, {"startTime": 190995, "endTime": 192219, "taskId": 8, "workflowId": 1, "jobId": -1}, {"startTime": 192219, "endTime": 192385, "taskId": 8, "workflowId": -1, "jobId": 3}, {"startTime": 192385, "endTime": 193758, "taskId": 5, "workflowId": -1, "jobId": 2}, {"startTime": 193758, "endTime": 193987, "taskId": 5, "workflowId": -1, "jobId": 2}, {"startTime": 193987, "endTime": 194023, "taskId": 8, "workflowId": -1, "jobId": 3}, {"startTime": 194023, "endTime": 194461, "taskId": 8, "workflowId": -1, "jobId": 3}, {"startTime": 194461, "endTime": 195043, "taskId": 5, "workflowId": -1, "jobId": 2}, {"startTime": 195043, "endTime": 195861, "taskId": 5, "workflowId": -1, "jobId": 2}, {"startTime": 195861, "endTime": 195906, "taskId": 5, "workflowId": -1, "jobId": 2}, {"startTime": 195906, "endTime": 196689, "taskId": 5, "workflowId": -1, "jobId": 2}, {"startTime": 196689, "endTime": 196700, "taskId": 3, "workflowId": -1, "jobId": 3}, {"startTime": 196700, "endTime": 197179, "taskId": 3, "workflowId": -1, "jobId": 3}, {"startTime": 197179, "endTime": 197752, "taskId": 3, "workflowId": -1, "jobId": 3}, {"startTime": 197752, "endTime": 198617, "taskId": 3, "workflowId": -1, "jobId": 3}, {"startTime": 198617, "endTime": 198861, "taskId": 3, "workflowId": -1, "jobId": 3}, {"startTime": 198861, "endTime": 199831, "taskId": 1, "workflowId": -1, "jobId": 4}, {"startTime": 199831, "endTime": 199935, "taskId": 1, "workflowId": -1, "jobId": 4}, {"startTime": 199935, "endTime": 200647, "taskId": 1, "workflowId": -1, "jobId": 4}, {"startTime": 200647, "endTime": 201647, "taskId": 1, "workflowId": -1, "jobId": 4}, {"startTime": 201647, "endTime": 202587, "taskId": 1, "workflowId": -1, "jobId": 4}, {"startTime": 202587, "endTime": 202818, "taskId": 1, "workflowId": -1, "jobId": 4}, {"startTime": 202818, "endTime": 202883, "taskId": 1, "workflowId": -1, "jobId": 4}, {"startTime": 202883, "endTime": 204676, "taskId": 1, "workflowId": -1, "jobId": 4}, {"startTime": 204676, "endTime": 204843, "taskId": 1, "workflowId": -1, "jobId": 4}, {"startTime": 204843, "endTime": 204962, "taskId": 1, "workflowId": -1, "jobId": 4}, {"startTime": 204962, "endTime": 204982, "taskId": 1, "workflowId": -1, "jobId": 4}, {"startTime": 204982, "endTime": 206216, "taskId": 1, "workflowId": -1, "jobId": 4}, {"startTime": 206216, "endTime": 206420, "taskId": 1, "workflowId": -1, "jobId": 4}, {"startTime": 206420, "endTime": 207271, "taskId": 16, "workflowId": 1, "jobId": -1}, {"startTime": 207271, "endTime": 208010, "taskId": 16, "workflowId": 1, "jobId": -1}, {"startTime": 208010, "endTime": 208188, "taskId": 16, "workflowId": 1, "jobId": -1}, {"startTime": 208188, "endTime": 208294, "taskId": 16, "workflowId": 1, "jobId": -1}, {"startTime": 208294, "endTime": 208767, "taskId": 16, "workflowId": 1, "jobId": -1}, {"startTime": 208767, "endTime": 209631, "taskId": 16, "workflowId": 1, "jobId": -1}, {"startTime": 209631, "endTime": 209817, "taskId": 16, "workflowId": 1, "jobId": -1}, {"startTime": 209817, "endTime": 209936, "taskId": 8, "workflowId": -1, "jobId": 3}, {"startTime": 209936, "endTime": 209995, "taskId": 8, "workflowId": -1, "jobId": 3}, {"startTime": 209995, "endTime": 210117, "taskId": 19, "workflowId": 1, "jobId": -1}, {"startTime": 210117, "endTime": 211052, "taskId": 4, "workflowId": -1, "jobId": 3}, {"startTime": 211052, "endTime": 211322, "taskId": 4, "workflowId": -1, "jobId": 3}, {"startTime": 211322, "endTime": 211460, "taskId": 4, "workflowId": -1, "jobId": 3}, {"startTime": 211460, "endTime": 212052, "taskId": 4, "workflowId": -1, "jobId": 3}, {"startTime": 212052, "endTime": 213070, "taskId": 4, "workflowId": -1, "jobId": 3}, {"startTime": 213070, "endTime": 213354, "taskId": 4, "workflowId": -1, "jobId": 3}, {"startTime": 213354, "endTime": 213888, "taskId": 4, "workflowId": -1, "jobId": 3}, {"startTime": 213888, "endTime": 214920, "taskId": 4, "workflowId": -1, "jobId": 3}, {"startTime": 214920, "endTime": 215080, "taskId": 4, "workflowId": -1, "jobId": 3}, {"startTime": 215080, "endTime": 215130, "taskId": 4, "workflowId": -1, "jobId": 3}, {"startTime": 215130, "endTime": 215468, "taskId": 11, "workflowId": -1, "jobId": 2}, {"startTime": 215468, "endTime": 216107, "taskId": 11, "workflowId": -1, "jobId": 2}, {"startTime": 216107, "endTime": 218601, "taskId": 11, "workflowId": -1, "jobId": 2}, {"startTime": 218601, "endTime": 219731, "taskId": 11, "workflowId": -1, "jobId": 2}, {"startTime": 219731, "endTime": 220635, "taskId": 11, "workflowId": -1, "jobId": 2}, {"startTime": 220635, "endTime": 222732, "taskId": 11, "workflowId": -1, "jobId": 2}, {"startTime": 222732, "endTime": 223371, "taskId": 11, "workflowId": -1, "jobId": 2}, {"startTime": 223371, "endTime": 227503, "taskId": 11, "workflowId": -1, "jobId": 2}, {"startTime": 227503, "endTime": 228458, "taskId": 11, "workflowId": -1, "jobId": 2}, {"startTime": 228458, "endTime": 230369, "taskId": 9, "workflowId": -1, "jobId": 3}, {"startTime": 230369, "endTime": 230667, "taskId": 3, "workflowId": -1, "jobId": 4}, {"startTime": 230667, "endTime": 232124, "taskId": 3, "workflowId": -1, "jobId": 4}, {"startTime": 232124, "endTime": 238142, "taskId": 1, "workflowId": -1, "jobId": 5}, {"startTime": 238142, "endTime": 244084, "taskId": 1, "workflowId": -1, "jobId": 5}, {"startTime": 247552, "endTime": 247649, "taskId": 11, "workflowId": -1, "jobId": 3}, {"startTime": 247649, "endTime": 250545, "taskId": 10, "workflowId": -1, "jobId": 3}, {"startTime": 250545, "endTime": 253144, "taskId": 7, "workflowId": -1, "jobId": 7}, {"startTime": 253144, "endTime": 253350, "taskId": 7, "workflowId": -1, "jobId": 7}, {"startTime": 253350, "endTime": 260517, "taskId": 8, "workflowId": -1, "jobId": 5}, {"startTime": 260517, "endTime": 260850, "taskId": 7, "workflowId": -1, "jobId": 8}, {"startTime": 260850, "endTime": 266220, "taskId": 5, "workflowId": -1, "jobId": 3}, {"startTime": 266220, "endTime": 269787, "taskId": 10, "workflowId": -1, "jobId": 4}, {"startTime": 269787, "endTime": 276387, "taskId": 7, "workflowId": -1, "jobId": 8}, {"startTime": 276387, "endTime": 276861, "taskId": 1, "workflowId": -1, "jobId": 6}, {"startTime": 276861, "endTime": 281747, "taskId": 1, "workflowId": -1, "jobId": 6}, {"startTime": 281747, "endTime": 284256, "taskId": 7, "workflowId": -1, "jobId": 9}, {"startTime": 284256, "endTime": 295780, "taskId": 7, "workflowId": -1, "jobId": 9}, {"startTime": 295780, "endTime": 302229, "taskId": 9, "workflowId": -1, "jobId": 5}, {"startTime": 302229, "endTime": 306378, "taskId": 11, "workflowId": -1, "jobId": 4}, {"startTime": 306378, "endTime": 307457, "taskId": 7, "workflowId": -1, "jobId": 10}, {"startTime": 307457, "endTime": 319417, "taskId": 1, "workflowId": -1, "jobId": 7}, {"startTime": 320829, "endTime": 321036, "taskId": 11, "workflowId": -1, "jobId": 5}, {"startTime": 321036, "endTime": 324109, "taskId": 10, "workflowId": -1, "jobId": 5}, {"startTime": 324109, "endTime": 326050, "taskId": 4, "workflowId": -1, "jobId": 5}, {"startTime": 326050, "endTime": 328093, "taskId": 11, "workflowId": -1, "jobId": 5}, {"startTime": 328093, "endTime": 340896, "taskId": 3, "workflowId": -1, "jobId": 6}, {"startTime": 340896, "endTime": 350583, "taskId": 9, "workflowId": -1, "jobId": 6}, {"startTime": 350583, "endTime": 352255, "taskId": 6, "workflowId": -1, "jobId": 4}, {"startTime": 352255, "endTime": 353914, "taskId": 8, "workflowId": -1, "jobId": 8}, {"startTime": 353914, "endTime": 357074, "taskId": 1, "workflowId": -1, "jobId": 8}, {"startTime": 357074, "endTime": 358615, "taskId": 6, "workflowId": -1, "jobId": 4}, {"startTime": 358615, "endTime": 372648, "taskId": 7, "workflowId": -1, "jobId": 12}, {"startTime": 376274, "endTime": 376514, "taskId": 11, "workflowId": -1, "jobId": 6}, {"startTime": 376514, "endTime": 379755, "taskId": 4, "workflowId": -1, "jobId": 6}, {"startTime": 379755, "endTime": 382790, "taskId": 3, "workflowId": -1, "jobId": 7}, {"startTime": 382790, "endTime": 394750, "taskId": 1, "workflowId": -1, "jobId": 9}, {"startTime": 394750, "endTime": 404437, "taskId": 9, "workflowId": -1, "jobId": 7}, {"startTime": 405742, "endTime": 410918, "taskId": 5, "workflowId": -1, "jobId": 5}, {"startTime": 411016, "endTime": 416949, "taskId": 7, "workflowId": -1, "jobId": 14}, {"startTime": 416949, "endTime": 431466, "taskId": 3, "workflowId": -1, "jobId": 8}, {"startTime": 431466, "endTime": 432412, "taskId": 1, "workflowId": -1, "jobId": 10}, {"startTime": 432412, "endTime": 437425, "taskId": 4, "workflowId": -1, "jobId": 7}, {"startTime": 437425, "endTime": 439406, "taskId": 8, "workflowId": -1, "jobId": 10}, {"startTime": 439406, "endTime": 454272, "taskId": 11, "workflowId": -1, "jobId": 7}, {"startTime": 458202, "endTime": 470162, "taskId": 1, "workflowId": -1, "jobId": 11}]}, {"frequency": 1.4, "activePower": 4.5, "idlePower": 2, "memory": 1, "allocations": [{"startTime": 43151, "endTime": 43809, "taskId": 1, "workflowId": 0, "jobId": -1}, {"startTime": 43809, "endTime": 60960, "taskId": 2, "workflowId": -1, "jobId": 0}, {"startTime": 60960, "endTime": 63059, "taskId": 4, "workflowId": -1, "jobId": 0}, {"startTime": 63059, "endTime": 65973, "taskId": 4, "workflowId": -1, "jobId": 0}, {"startTime": 65973, "endTime": 67932, "taskId": 9, "workflowId": -1, "jobId": 0}, {"startTime": 67932, "endTime": 69622, "taskId": 3, "workflowId": 3, "jobId": -1}, {"startTime": 69622, "endTime": 69641, "taskId": 19, "workflowId": 0, "jobId": -1}, {"startTime": 69641, "endTime": 69651, "taskId": 19, "workflowId": 0, "jobId": -1}, {"startTime": 69651, "endTime": 71144, "taskId": 21, "workflowId": 0, "jobId": -1}, {"startTime": 71144, "endTime": 71904, "taskId": 21, "workflowId": 0, "jobId": -1}, {"startTime": 71904, "endTime": 72483, "taskId": 21, "workflowId": 0, "jobId": -1}, {"startTime": 72483, "endTime": 72746, "taskId": 3, "workflowId": -1, "jobId": 0}, {"startTime": 72746, "endTime": 73081, "taskId": 19, "workflowId": 0, "jobId": -1}, {"startTime": 73081, "endTime": 75344, "taskId": 3, "workflowId": -1, "jobId": 0}, {"startTime": 75344, "endTime": 77142, "taskId": 3, "workflowId": -1, "jobId": 0}, {"startTime": 77142, "endTime": 78803, "taskId": 3, "workflowId": -1, "jobId": 0}, {"startTime": 78803, "endTime": 80474, "taskId": 24, "workflowId": 0, "jobId": -1}, {"startTime": 80474, "endTime": 82346, "taskId": 24, "workflowId": 0, "jobId": -1}, {"startTime": 82346, "endTime": 82725, "taskId": 4, "workflowId": 3, "jobId": -1}, {"startTime": 82725, "endTime": 84135, "taskId": 6, "workflowId": 3, "jobId": -1}, {"startTime": 84135, "endTime": 84514, "taskId": 6, "workflowId": 3, "jobId": -1}, {"startTime": 84514, "endTime": 87111, "taskId": 9, "workflowId": -1, "jobId": 0}, {"startTime": 87111, "endTime": 90002, "taskId": 9, "workflowId": -1, "jobId": 0}, {"startTime": 90002, "endTime": 92242, "taskId": 9, "workflowId": -1, "jobId": 0}, {"startTime": 92242, "endTime": 93215, "taskId": 6, "workflowId": 2, "jobId": -1}, {"startTime": 93215, "endTime": 94614, "taskId": 6, "workflowId": 2, "jobId": -1}, {"startTime": 94614, "endTime": 94769, "taskId": 2, "workflowId": 2, "jobId": -1}, {"startTime": 94769, "endTime": 95280, "taskId": 7, "workflowId": 2, "jobId": -1}, {"startTime": 95280, "endTime": 95415, "taskId": 7, "workflowId": 2, "jobId": -1}, {"startTime": 95415, "endTime": 95492, "taskId": 7, "workflowId": 2, "jobId": -1}, {"startTime": 95492, "endTime": 95493, "taskId": 6, "workflowId": -1, "jobId": 0}, {"startTime": 95493, "endTime": 95534, "taskId": 10, "workflowId": 3, "jobId": -1}, {"startTime": 95534, "endTime": 99034, "taskId": 13, "workflowId": 3, "jobId": -1}, {"startTime": 99034, "endTime": 99245, "taskId": 11, "workflowId": 3, "jobId": -1}, {"startTime": 99245, "endTime": 102085, "taskId": 4, "workflowId": -1, "jobId": 1}, {"startTime": 102085, "endTime": 104258, "taskId": 4, "workflowId": -1, "jobId": 1}, {"startTime": 104258, "endTime": 104765, "taskId": 11, "workflowId": 3, "jobId": -1}, {"startTime": 104765, "endTime": 107272, "taskId": 6, "workflowId": -1, "jobId": 0}, {"startTime": 107272, "endTime": 108015, "taskId": 6, "workflowId": -1, "jobId": 0}, {"startTime": 108015, "endTime": 109854, "taskId": 11, "workflowId": 3, "jobId": -1}, {"startTime": 109854, "endTime": 110348, "taskId": 11, "workflowId": 3, "jobId": -1}, {"startTime": 110348, "endTime": 111033, "taskId": 18, "workflowId": 2, "jobId": -1}, {"startTime": 111033, "endTime": 112599, "taskId": 8, "workflowId": -1, "jobId": 1}, {"startTime": 112599, "endTime": 113116, "taskId": 15, "workflowId": 3, "jobId": -1}, {"startTime": 113116, "endTime": 113187, "taskId": 18, "workflowId": 2, "jobId": -1}, {"startTime": 113187, "endTime": 113854, "taskId": 9, "workflowId": 2, "jobId": -1}, {"startTime": 113854, "endTime": 114022, "taskId": 9, "workflowId": 2, "jobId": -1}, {"startTime": 114022, "endTime": 115405, "taskId": 9, "workflowId": 2, "jobId": -1}, {"startTime": 115405, "endTime": 116156, "taskId": 16, "workflowId": 3, "jobId": -1}, {"startTime": 116156, "endTime": 116862, "taskId": 17, "workflowId": 3, "jobId": -1}, {"startTime": 116862, "endTime": 117573, "taskId": 17, "workflowId": 3, "jobId": -1}, {"startTime": 117573, "endTime": 118013, "taskId": 5, "workflowId": 2, "jobId": -1}, {"startTime": 118013, "endTime": 119135, "taskId": 11, "workflowId": -1, "jobId": 1}, {"startTime": 119135, "endTime": 119880, "taskId": 10, "workflowId": -1, "jobId": 1}, {"startTime": 119880, "endTime": 120249, "taskId": 10, "workflowId": -1, "jobId": 1}, {"startTime": 120249, "endTime": 121335, "taskId": 9, "workflowId": -1, "jobId": 1}, {"startTime": 121335, "endTime": 121399, "taskId": 5, "workflowId": -1, "jobId": 1}, {"startTime": 121399, "endTime": 121524, "taskId": 5, "workflowId": -1, "jobId": 1}, {"startTime": 121524, "endTime": 122484, "taskId": 10, "workflowId": -1, "jobId": 1}, {"startTime": 122484, "endTime": 123709, "taskId": 7, "workflowId": -1, "jobId": 3}, {"startTime": 123709, "endTime": 124416, "taskId": 9, "workflowId": -1, "jobId": 1}, {"startTime": 124416, "endTime": 125066, "taskId": 9, "workflowId": -1, "jobId": 1}, {"startTime": 125066, "endTime": 125617, "taskId": 9, "workflowId": -1, "jobId": 1}, {"startTime": 125617, "endTime": 127454, "taskId": 9, "workflowId": -1, "jobId": 1}, {"startTime": 127454, "endTime": 132310, "taskId": 9, "workflowId": -1, "jobId": 1}, {"startTime": 132310, "endTime": 132493, "taskId": 7, "workflowId": -1, "jobId": 3}, {"startTime": 132493, "endTime": 132663, "taskId": 7, "workflowId": -1, "jobId": 3}, {"startTime": 132663, "endTime": 133924, "taskId": 7, "workflowId": -1, "jobId": 3}, {"startTime": 133924, "endTime": 135205, "taskId": 7, "workflowId": -1, "jobId": 3}, {"startTime": 135205, "endTime": 135530, "taskId": 7, "workflowId": -1, "jobId": 3}, {"startTime": 135530, "endTime": 135731, "taskId": 7, "workflowId": -1, "jobId": 3}, {"startTime": 135731, "endTime": 136023, "taskId": 7, "workflowId": -1, "jobId": 3}, {"startTime": 136023, "endTime": 136415, "taskId": 7, "workflowId": -1, "jobId": 3}, {"startTime": 136415, "endTime": 136890, "taskId": 7, "workflowId": -1, "jobId": 3}, {"startTime": 136890, "endTime": 137967, "taskId": 7, "workflowId": -1, "jobId": 3}, {"startTime": 137967, "endTime": 138523, "taskId": 7, "workflowId": -1, "jobId": 3}, {"startTime": 138523, "endTime": 138625, "taskId": 7, "workflowId": -1, "jobId": 3}, {"startTime": 138625, "endTime": 140230, "taskId": 7, "workflowId": -1, "jobId": 3}, {"startTime": 140230, "endTime": 140733, "taskId": 7, "workflowId": -1, "jobId": 3}, {"startTime": 140733, "endTime": 140983, "taskId": 7, "workflowId": -1, "jobId": 3}, {"startTime": 140983, "endTime": 143483, "taskId": 7, "workflowId": -1, "jobId": 3}, {"startTime": 143483, "endTime": 144839, "taskId": 7, "workflowId": -1, "jobId": 3}, {"startTime": 144839, "endTime": 145118, "taskId": 7, "workflowId": -1, "jobId": 3}, {"startTime": 145118, "endTime": 145729, "taskId": 12, "workflowId": 2, "jobId": -1}, {"startTime": 145729, "endTime": 147177, "taskId": 8, "workflowId": -1, "jobId": 2}, {"startTime": 147177, "endTime": 147658, "taskId": 11, "workflowId": -1, "jobId": 1}, {"startTime": 147658, "endTime": 148683, "taskId": 11, "workflowId": -1, "jobId": 1}, {"startTime": 148683, "endTime": 149086, "taskId": 11, "workflowId": -1, "jobId": 1}, {"startTime": 149086, "endTime": 149307, "taskId": 11, "workflowId": -1, "jobId": 1}, {"startTime": 149307, "endTime": 150722, "taskId": 11, "workflowId": -1, "jobId": 1}, {"startTime": 150722, "endTime": 151083, "taskId": 11, "workflowId": -1, "jobId": 1}, {"startTime": 151083, "endTime": 151236, "taskId": 11, "workflowId": -1, "jobId": 1}, {"startTime": 151236, "endTime": 151332, "taskId": 11, "workflowId": -1, "jobId": 1}, {"startTime": 151332, "endTime": 151698, "taskId": 8, "workflowId": -1, "jobId": 2}, {"startTime": 151698, "endTime": 153054, "taskId": 8, "workflowId": -1, "jobId": 2}, {"startTime": 153054, "endTime": 153252, "taskId": 8, "workflowId": -1, "jobId": 2}, {"startTime": 153252, "endTime": 153462, "taskId": 8, "workflowId": -1, "jobId": 2}, {"startTime": 153462, "endTime": 153632, "taskId": 12, "workflowId": 2, "jobId": -1}, {"startTime": 153632, "endTime": 154198, "taskId": 12, "workflowId": 2, "jobId": -1}, {"startTime": 154198, "endTime": 154287, "taskId": 12, "workflowId": 2, "jobId": -1}, {"startTime": 154287, "endTime": 154300, "taskId": 12, "workflowId": 2, "jobId": -1}, {"startTime": 154300, "endTime": 155390, "taskId": 12, "workflowId": 2, "jobId": -1}, {"startTime": 155390, "endTime": 156798, "taskId": 16, "workflowId": 2, "jobId": -1}, {"startTime": 156798, "endTime": 156900, "taskId": 4, "workflowId": -1, "jobId": 2}, {"startTime": 156900, "endTime": 157814, "taskId": 4, "workflowId": -1, "jobId": 2}, {"startTime": 157814, "endTime": 157815, "taskId": 4, "workflowId": -1, "jobId": 2}, {"startTime": 157815, "endTime": 158042, "taskId": 4, "workflowId": -1, "jobId": 2}, {"startTime": 158042, "endTime": 159552, "taskId": 4, "workflowId": -1, "jobId": 2}, {"startTime": 159552, "endTime": 159693, "taskId": 4, "workflowId": -1, "jobId": 2}, {"startTime": 159693, "endTime": 160315, "taskId": 16, "workflowId": 2, "jobId": -1}, {"startTime": 160315, "endTime": 160463, "taskId": 16, "workflowId": 2, "jobId": -1}, {"startTime": 160463, "endTime": 160693, "taskId": 16, "workflowId": 2, "jobId": -1}, {"startTime": 160693, "endTime": 160850, "taskId": 16, "workflowId": 2, "jobId": -1}, {"startTime": 160850, "endTime": 160936, "taskId": 16, "workflowId": 2, "jobId": -1}, {"startTime": 160936, "endTime": 161342, "taskId": 19, "workflowId": 3, "jobId": -1}, {"startTime": 161342, "endTime": 161670, "taskId": 19, "workflowId": 3, "jobId": -1}, {"startTime": 161670, "endTime": 162206, "taskId": 19, "workflowId": 3, "jobId": -1}, {"startTime": 162206, "endTime": 162696, "taskId": 8, "workflowId": -1, "jobId": 3}, {"startTime": 162696, "endTime": 166208, "taskId": 21, "workflowId": 3, "jobId": -1}, {"startTime": 166208, "endTime": 166221, "taskId": 2, "workflowId": 2, "jobId": -1}, {"startTime": 166221, "endTime": 166222, "taskId": 2, "workflowId": 2, "jobId": -1}, {"startTime": 166222, "endTime": 168225, "taskId": 2, "workflowId": 2, "jobId": -1}, {"startTime": 168225, "endTime": 168746, "taskId": 23, "workflowId": 3, "jobId": -1}, {"startTime": 168746, "endTime": 169257, "taskId": 19, "workflowId": 2, "jobId": -1}, {"startTime": 169257, "endTime": 171624, "taskId": 8, "workflowId": -1, "jobId": 3}, {"startTime": 171624, "endTime": 172291, "taskId": 8, "workflowId": -1, "jobId": 3}, {"startTime": 172291, "endTime": 173019, "taskId": 8, "workflowId": -1, "jobId": 3}, {"startTime": 173019, "endTime": 174791, "taskId": 9, "workflowId": -1, "jobId": 2}, {"startTime": 174791, "endTime": 176031, "taskId": 9, "workflowId": -1, "jobId": 2}, {"startTime": 176031, "endTime": 177088, "taskId": 9, "workflowId": -1, "jobId": 2}, {"startTime": 177088, "endTime": 179168, "taskId": 9, "workflowId": -1, "jobId": 2}, {"startTime": 179168, "endTime": 179601, "taskId": 9, "workflowId": -1, "jobId": 2}, {"startTime": 179601, "endTime": 179735, "taskId": 9, "workflowId": -1, "jobId": 2}, {"startTime": 179735, "endTime": 180419, "taskId": 6, "workflowId": -1, "jobId": 1}, {"startTime": 180419, "endTime": 180479, "taskId": 6, "workflowId": -1, "jobId": 1}, {"startTime": 180479, "endTime": 181695, "taskId": 6, "workflowId": -1, "jobId": 1}, {"startTime": 181695, "endTime": 182009, "taskId": 1, "workflowId": 1, "jobId": -1}, {"startTime": 182009, "endTime": 182324, "taskId": 1, "workflowId": 1, "jobId": -1}, {"startTime": 182324, "endTime": 182421, "taskId": 1, "workflowId": 1, "jobId": -1}, {"startTime": 182421, "endTime": 182476, "taskId": 1, "workflowId": 1, "jobId": -1}, {"startTime": 182476, "endTime": 183864, "taskId": 1, "workflowId": 1, "jobId": -1}, {"startTime": 183864, "endTime": 185021, "taskId": 5, "workflowId": 1, "jobId": -1}, {"startTime": 185021, "endTime": 185354, "taskId": 5, "workflowId": 1, "jobId": -1}, {"startTime": 185354, "endTime": 187239, "taskId": 5, "workflowId": 1, "jobId": -1}, {"startTime": 187239, "endTime": 187436, "taskId": 5, "workflowId": 1, "jobId": -1}, {"startTime": 187436, "endTime": 188117, "taskId": 4, "workflowId": 1, "jobId": -1}, {"startTime": 188117, "endTime": 188428, "taskId": 4, "workflowId": 1, "jobId": -1}, {"startTime": 188428, "endTime": 188594, "taskId": 4, "workflowId": 1, "jobId": -1}, {"startTime": 188594, "endTime": 188818, "taskId": 4, "workflowId": 1, "jobId": -1}, {"startTime": 188818, "endTime": 188904, "taskId": 4, "workflowId": 1, "jobId": -1}, {"startTime": 188904, "endTime": 188939, "taskId": 4, "workflowId": 1, "jobId": -1}, {"startTime": 188939, "endTime": 189253, "taskId": 11, "workflowId": 1, "jobId": -1}, {"startTime": 189253, "endTime": 189683, "taskId": 11, "workflowId": 1, "jobId": -1}, {"startTime": 189683, "endTime": 189901, "taskId": 10, "workflowId": 1, "jobId": -1}, {"startTime": 189901, "endTime": 190024, "taskId": 10, "workflowId": 1, "jobId": -1}, {"startTime": 190024, "endTime": 190119, "taskId": 10, "workflowId": 1, "jobId": -1}, {"startTime": 190119, "endTime": 190173, "taskId": 10, "workflowId": 1, "jobId": -1}, {"startTime": 190173, "endTime": 190816, "taskId": 10, "workflowId": 1, "jobId": -1}, {"startTime": 190816, "endTime": 191129, "taskId": 6, "workflowId": -1, "jobId": 1}, {"startTime": 191129, "endTime": 192089, "taskId": 1, "workflowId": 2, "jobId": -1}, {"startTime": 192089, "endTime": 192219, "taskId": 8, "workflowId": -1, "jobId": 3}, {"startTime": 192219, "endTime": 192386, "taskId": 13, "workflowId": 1, "jobId": -1}, {"startTime": 192386, "endTime": 193050, "taskId": 13, "workflowId": 1, "jobId": -1}, {"startTime": 193050, "endTime": 195022, "taskId": 13, "workflowId": 1, "jobId": -1}, {"startTime": 195022, "endTime": 195099, "taskId": 14, "workflowId": 1, "jobId": -1}, {"startTime": 195099, "endTime": 195906, "taskId": 14, "workflowId": 1, "jobId": -1}, {"startTime": 195906, "endTime": 196078, "taskId": 14, "workflowId": 1, "jobId": -1}, {"startTime": 196078, "endTime": 196357, "taskId": 14, "workflowId": 1, "jobId": -1}, {"startTime": 196357, "endTime": 196435, "taskId": 14, "workflowId": 1, "jobId": -1}, {"startTime": 196435, "endTime": 196689, "taskId": 14, "workflowId": 1, "jobId": -1}, {"startTime": 196689, "endTime": 197260, "taskId": 5, "workflowId": -1, "jobId": 2}, {"startTime": 197260, "endTime": 197265, "taskId": 5, "workflowId": -1, "jobId": 2}, {"startTime": 197265, "endTime": 197457, "taskId": 5, "workflowId": -1, "jobId": 2}, {"startTime": 197457, "endTime": 197712, "taskId": 5, "workflowId": -1, "jobId": 2}, {"startTime": 197712, "endTime": 197752, "taskId": 5, "workflowId": -1, "jobId": 2}, {"startTime": 197752, "endTime": 198315, "taskId": 14, "workflowId": 1, "jobId": -1}, {"startTime": 198315, "endTime": 198328, "taskId": 14, "workflowId": 1, "jobId": -1}, {"startTime": 198328, "endTime": 198450, "taskId": 17, "workflowId": 1, "jobId": -1}, {"startTime": 198450, "endTime": 198861, "taskId": 15, "workflowId": 1, "jobId": -1}, {"startTime": 198861, "endTime": 199389, "taskId": 3, "workflowId": -1, "jobId": 3}, {"startTime": 199389, "endTime": 200946, "taskId": 3, "workflowId": -1, "jobId": 3}, {"startTime": 200946, "endTime": 201481, "taskId": 3, "workflowId": -1, "jobId": 3}, {"startTime": 201481, "endTime": 201584, "taskId": 3, "workflowId": -1, "jobId": 3}, {"startTime": 201584, "endTime": 202817, "taskId": 3, "workflowId": -1, "jobId": 3}, {"startTime": 202817, "endTime": 203160, "taskId": 15, "workflowId": 1, "jobId": -1}, {"startTime": 203160, "endTime": 203718, "taskId": 15, "workflowId": 1, "jobId": -1}, {"startTime": 203718, "endTime": 204081, "taskId": 15, "workflowId": 1, "jobId": -1}, {"startTime": 204081, "endTime": 204173, "taskId": 15, "workflowId": 1, "jobId": -1}, {"startTime": 204173, "endTime": 204902, "taskId": 15, "workflowId": 1, "jobId": -1}, {"startTime": 204902, "endTime": 205015, "taskId": 17, "workflowId": 1, "jobId": -1}, {"startTime": 205015, "endTime": 205333, "taskId": 17, "workflowId": 1, "jobId": -1}, {"startTime": 205333, "endTime": 205954, "taskId": 17, "workflowId": 1, "jobId": -1}, {"startTime": 205954, "endTime": 206041, "taskId": 17, "workflowId": 1, "jobId": -1}, {"startTime": 206041, "endTime": 207009, "taskId": 17, "workflowId": 1, "jobId": -1}, {"startTime": 207009, "endTime": 207674, "taskId": 17, "workflowId": 1, "jobId": -1}, {"startTime": 207674, "endTime": 208276, "taskId": 18, "workflowId": 1, "jobId": -1}, {"startTime": 208276, "endTime": 208430, "taskId": 18, "workflowId": 1, "jobId": -1}, {"startTime": 208430, "endTime": 208470, "taskId": 18, "workflowId": 1, "jobId": -1}, {"startTime": 208470, "endTime": 209631, "taskId": 18, "workflowId": 1, "jobId": -1}, {"startTime": 209631, "endTime": 209995, "taskId": 18, "workflowId": 1, "jobId": -1}, {"startTime": 209995, "endTime": 210117, "taskId": 20, "workflowId": 1, "jobId": -1}, {"startTime": 210117, "endTime": 211050, "taskId": 19, "workflowId": 1, "jobId": -1}, {"startTime": 211050, "endTime": 211322, "taskId": 19, "workflowId": 1, "jobId": -1}, {"startTime": 211322, "endTime": 211329, "taskId": 19, "workflowId": 1, "jobId": -1}, {"startTime": 211329, "endTime": 211460, "taskId": 19, "workflowId": 1, "jobId": -1}, {"startTime": 211460, "endTime": 211623, "taskId": 20, "workflowId": 1, "jobId": -1}, {"startTime": 211623, "endTime": 212126, "taskId": 20, "workflowId": 1, "jobId": -1}, {"startTime": 212126, "endTime": 212262, "taskId": 20, "workflowId": 1, "jobId": -1}, {"startTime": 212262, "endTime": 212516, "taskId": 20, "workflowId": 1, "jobId": -1}, {"startTime": 212516, "endTime": 212678, "taskId": 20, "workflowId": 1, "jobId": -1}, {"startTime": 212678, "endTime": 212965, "taskId": 20, "workflowId": 1, "jobId": -1}, {"startTime": 212965, "endTime": 213128, "taskId": 22, "workflowId": 1, "jobId": -1}, {"startTime": 213128, "endTime": 213894, "taskId": 22, "workflowId": 1, "jobId": -1}, {"startTime": 213894, "endTime": 214282, "taskId": 22, "workflowId": 2, "jobId": -1}, {"startTime": 214282, "endTime": 214423, "taskId": 22, "workflowId": 2, "jobId": -1}, {"startTime": 214423, "endTime": 214753, "taskId": 23, "workflowId": 3, "jobId": -1}, {"startTime": 214753, "endTime": 214985, "taskId": 8, "workflowId": -1, "jobId": 3}, {"startTime": 214985, "endTime": 215019, "taskId": 8, "workflowId": -1, "jobId": 3}, {"startTime": 215019, "endTime": 215622, "taskId": 23, "workflowId": 3, "jobId": -1}, {"startTime": 215622, "endTime": 216440, "taskId": 23, "workflowId": 3, "jobId": -1}, {"startTime": 216440, "endTime": 216710, "taskId": 23, "workflowId": 3, "jobId": -1}, {"startTime": 216710, "endTime": 217893, "taskId": 5, "workflowId": 2, "jobId": -1}, {"startTime": 217893, "endTime": 218050, "taskId": 5, "workflowId": 2, "jobId": -1}, {"startTime": 218050, "endTime": 219204, "taskId": 5, "workflowId": 2, "jobId": -1}, {"startTime": 219204, "endTime": 220164, "taskId": 21, "workflowId": 2, "jobId": -1}, {"startTime": 220164, "endTime": 220413, "taskId": 4, "workflowId": 2, "jobId": -1}, {"startTime": 220413, "endTime": 220982, "taskId": 4, "workflowId": 2, "jobId": -1}, {"startTime": 220982, "endTime": 223022, "taskId": 4, "workflowId": 2, "jobId": -1}, {"startTime": 223022, "endTime": 224703, "taskId": 10, "workflowId": -1, "jobId": 3}, {"startTime": 224703, "endTime": 227503, "taskId": 8, "workflowId": -1, "jobId": 4}, {"startTime": 227503, "endTime": 230403, "taskId": 8, "workflowId": -1, "jobId": 4}, {"startTime": 230403, "endTime": 230635, "taskId": 8, "workflowId": -1, "jobId": 4}, {"startTime": 230635, "endTime": 230667, "taskId": 9, "workflowId": -1, "jobId": 3}, {"startTime": 230667, "endTime": 232124, "taskId": 9, "workflowId": -1, "jobId": 3}, {"startTime": 232124, "endTime": 237409, "taskId": 3, "workflowId": -1, "jobId": 4}, {"startTime": 237409, "endTime": 238408, "taskId": 3, "workflowId": -1, "jobId": 4}, {"startTime": 238408, "endTime": 247552, "taskId": 3, "workflowId": -1, "jobId": 4}, {"startTime": 247552, "endTime": 247649, "taskId": 8, "workflowId": -1, "jobId": 5}, {"startTime": 247649, "endTime": 250545, "taskId": 11, "workflowId": -1, "jobId": 3}, {"startTime": 250545, "endTime": 253144, "taskId": 10, "workflowId": -1, "jobId": 3}, {"startTime": 253144, "endTime": 265017, "taskId": 11, "workflowId": -1, "jobId": 3}, {"startTime": 265017, "endTime": 265553, "taskId": 10, "workflowId": -1, "jobId": 4}, {"startTime": 265553, "endTime": 274487, "taskId": 9, "workflowId": -1, "jobId": 4}, {"startTime": 274487, "endTime": 276387, "taskId": 10, "workflowId": -1, "jobId": 4}, {"startTime": 276387, "endTime": 276861, "taskId": 7, "workflowId": -1, "jobId": 8}, {"startTime": 276861, "endTime": 277009, "taskId": 10, "workflowId": -1, "jobId": 4}, {"startTime": 277009, "endTime": 279044, "taskId": 3, "workflowId": -1, "jobId": 5}, {"startTime": 279044, "endTime": 279518, "taskId": 3, "workflowId": -1, "jobId": 5}, {"startTime": 279518, "endTime": 286782, "taskId": 3, "workflowId": -1, "jobId": 5}, {"startTime": 286782, "endTime": 294192, "taskId": 3, "workflowId": -1, "jobId": 5}, {"startTime": 294192, "endTime": 306717, "taskId": 6, "workflowId": -1, "jobId": 3}, {"startTime": 306717, "endTime": 307457, "taskId": 9, "workflowId": -1, "jobId": 5}, {"startTime": 307457, "endTime": 309955, "taskId": 7, "workflowId": -1, "jobId": 10}, {"startTime": 309955, "endTime": 320411, "taskId": 7, "workflowId": -1, "jobId": 10}, {"startTime": 321036, "endTime": 324109, "taskId": 11, "workflowId": -1, "jobId": 5}, {"startTime": 324109, "endTime": 328567, "taskId": 10, "workflowId": -1, "jobId": 5}, {"startTime": 328567, "endTime": 332362, "taskId": 11, "workflowId": -1, "jobId": 5}, {"startTime": 332362, "endTime": 333257, "taskId": 7, "workflowId": -1, "jobId": 11}, {"startTime": 333257, "endTime": 338110, "taskId": 5, "workflowId": -1, "jobId": 4}, {"startTime": 338110, "endTime": 338627, "taskId": 5, "workflowId": -1, "jobId": 4}, {"startTime": 338627, "endTime": 351765, "taskId": 7, "workflowId": -1, "jobId": 11}, {"startTime": 352255, "endTime": 353914, "taskId": 6, "workflowId": -1, "jobId": 4}, {"startTime": 353914, "endTime": 359519, "taskId": 8, "workflowId": -1, "jobId": 8}, {"startTime": 359519, "endTime": 360165, "taskId": 6, "workflowId": -1, "jobId": 4}, {"startTime": 360165, "endTime": 371388, "taskId": 10, "workflowId": -1, "jobId": 6}, {"startTime": 376514, "endTime": 379755, "taskId": 11, "workflowId": -1, "jobId": 6}, {"startTime": 379755, "endTime": 381527, "taskId": 4, "workflowId": -1, "jobId": 6}, {"startTime": 381527, "endTime": 382790, "taskId": 11, "workflowId": -1, "jobId": 6}, {"startTime": 382790, "endTime": 387481, "taskId": 3, "workflowId": -1, "jobId": 7}, {"startTime": 387481, "endTime": 401514, "taskId": 7, "workflowId": -1, "jobId": 13}, {"startTime": 401514, "endTime": 411848, "taskId": 6, "workflowId": -1, "jobId": 5}, {"startTime": 411848, "endTime": 416949, "taskId": 10, "workflowId": -1, "jobId": 7}, {"startTime": 416949, "endTime": 425050, "taskId": 7, "workflowId": -1, "jobId": 14}, {"startTime": 429357, "endTime": 431466, "taskId": 8, "workflowId": -1, "jobId": 10}, {"startTime": 431466, "endTime": 434132, "taskId": 3, "workflowId": -1, "jobId": 8}, {"startTime": 434132, "endTime": 437307, "taskId": 8, "workflowId": -1, "jobId": 10}, {"startTime": 437307, "endTime": 451340, "taskId": 7, "workflowId": -1, "jobId": 15}, {"startTime": 463471, "endTime": 477504, "taskId": 7, "workflowId": -1, "jobId": 16}]}]