[{"frequency": 1.5, "activePower": 8, "idlePower": 2.7, "memory": 2, "allocations": [{"startTime": 38063, "endTime": 39550, "taskId": 0, "workflowId": 0, "jobId": -1}, {"startTime": 39550, "endTime": 41622, "taskId": 4, "workflowId": 0, "jobId": -1}, {"startTime": 41622, "endTime": 44275, "taskId": 2, "workflowId": 0, "jobId": -1}, {"startTime": 44275, "endTime": 47540, "taskId": 6, "workflowId": 0, "jobId": -1}, {"startTime": 47540, "endTime": 48387, "taskId": 9, "workflowId": 0, "jobId": -1}, {"startTime": 48387, "endTime": 49759, "taskId": 13, "workflowId": 0, "jobId": -1}, {"startTime": 49759, "endTime": 50177, "taskId": 10, "workflowId": 0, "jobId": -1}, {"startTime": 50177, "endTime": 52677, "taskId": 10, "workflowId": 0, "jobId": -1}, {"startTime": 52677, "endTime": 53399, "taskId": 15, "workflowId": 0, "jobId": -1}, {"startTime": 53399, "endTime": 54525, "taskId": 17, "workflowId": 0, "jobId": -1}, {"startTime": 54525, "endTime": 54634, "taskId": 17, "workflowId": 0, "jobId": -1}, {"startTime": 54634, "endTime": 57945, "taskId": 5, "workflowId": 0, "jobId": -1}, {"startTime": 57945, "endTime": 58663, "taskId": 11, "workflowId": 0, "jobId": -1}, {"startTime": 58663, "endTime": 59655, "taskId": 16, "workflowId": 0, "jobId": -1}, {"startTime": 59655, "endTime": 60563, "taskId": 12, "workflowId": 3, "jobId": -1}, {"startTime": 60563, "endTime": 60693, "taskId": 11, "workflowId": 3, "jobId": -1}, {"startTime": 60693, "endTime": 63348, "taskId": 20, "workflowId": 0, "jobId": -1}, {"startTime": 63348, "endTime": 66576, "taskId": 19, "workflowId": 0, "jobId": -1}, {"startTime": 66576, "endTime": 69027, "taskId": 22, "workflowId": 0, "jobId": -1}, {"startTime": 69027, "endTime": 69934, "taskId": 23, "workflowId": 0, "jobId": -1}, {"startTime": 88095, "endTime": 89811, "taskId": 8, "workflowId": 2, "jobId": -1}, {"startTime": 93980, "endTime": 94261, "taskId": 15, "workflowId": 2, "jobId": -1}, {"startTime": 94261, "endTime": 97125, "taskId": 16, "workflowId": 2, "jobId": -1}, {"startTime": 185676, "endTime": 187080, "taskId": 4, "workflowId": 1, "jobId": -1}, {"startTime": 232275, "endTime": 234792, "taskId": 23, "workflowId": 1, "jobId": -1}]}, {"frequency": 1.5, "activePower": 8, "idlePower": 2.7, "memory": 2, "allocations": [{"startTime": 25347, "endTime": 41355, "taskId": 2, "workflowId": -1, "jobId": 0}, {"startTime": 41355, "endTime": 50827, "taskId": 7, "workflowId": -1, "jobId": 0}, {"startTime": 50827, "endTime": 66835, "taskId": 2, "workflowId": -1, "jobId": 1}, {"startTime": 66835, "endTime": 70054, "taskId": 7, "workflowId": -1, "jobId": 0}, {"startTime": 74798, "endTime": 76307, "taskId": 9, "workflowId": -1, "jobId": 1}, {"startTime": 76307, "endTime": 92315, "taskId": 2, "workflowId": -1, "jobId": 2}, {"startTime": 100673, "endTime": 101787, "taskId": 1, "workflowId": -1, "jobId": 2}, {"startTime": 101787, "endTime": 117795, "taskId": 2, "workflowId": -1, "jobId": 3}, {"startTime": 124249, "endTime": 127267, "taskId": 9, "workflowId": -1, "jobId": 2}, {"startTime": 127267, "endTime": 143275, "taskId": 2, "workflowId": -1, "jobId": 4}, {"startTime": 143275, "endTime": 147850, "taskId": 9, "workflowId": -1, "jobId": 2}, {"startTime": 152747, "endTime": 168755, "taskId": 2, "workflowId": -1, "jobId": 5}, {"startTime": 170041, "endTime": 175053, "taskId": 5, "workflowId": -1, "jobId": 2}, {"startTime": 175999, "endTime": 178227, "taskId": 1, "workflowId": -1, "jobId": 4}, {"startTime": 178227, "endTime": 194235, "taskId": 2, "workflowId": -1, "jobId": 6}, {"startTime": 194235, "endTime": 198749, "taskId": 9, "workflowId": -1, "jobId": 3}, {"startTime": 198749, "endTime": 203707, "taskId": 11, "workflowId": -1, "jobId": 3}, {"startTime": 203707, "endTime": 219715, "taskId": 2, "workflowId": -1, "jobId": 7}, {"startTime": 219715, "endTime": 226097, "taskId": 11, "workflowId": -1, "jobId": 3}, {"startTime": 226097, "endTime": 229187, "taskId": 8, "workflowId": -1, "jobId": 5}, {"startTime": 229187, "endTime": 245195, "taskId": 2, "workflowId": -1, "jobId": 8}, {"startTime": 245195, "endTime": 251325, "taskId": 9, "workflowId": -1, "jobId": 4}, {"startTime": 251325, "endTime": 254667, "taskId": 1, "workflowId": -1, "jobId": 6}, {"startTime": 254667, "endTime": 270675, "taskId": 2, "workflowId": -1, "jobId": 9}, {"startTime": 270675, "endTime": 273758, "taskId": 7, "workflowId": -1, "jobId": 8}, {"startTime": 273758, "endTime": 276660, "taskId": 9, "workflowId": -1, "jobId": 4}, {"startTime": 280147, "endTime": 296155, "taskId": 2, "workflowId": -1, "jobId": 10}, {"startTime": 296155, "endTime": 299748, "taskId": 7, "workflowId": -1, "jobId": 9}, {"startTime": 299748, "endTime": 305187, "taskId": 8, "workflowId": -1, "jobId": 7}, {"startTime": 305187, "endTime": 305627, "taskId": 3, "workflowId": -1, "jobId": 6}, {"startTime": 305627, "endTime": 306528, "taskId": 2, "workflowId": -1, "jobId": 11}, {"startTime": 306528, "endTime": 321635, "taskId": 2, "workflowId": -1, "jobId": 11}, {"startTime": 321635, "endTime": 322976, "taskId": 8, "workflowId": -1, "jobId": 7}, {"startTime": 326651, "endTime": 331107, "taskId": 1, "workflowId": -1, "jobId": 8}, {"startTime": 331107, "endTime": 347115, "taskId": 2, "workflowId": -1, "jobId": 12}, {"startTime": 347115, "endTime": 349477, "taskId": 1, "workflowId": -1, "jobId": 8}, {"startTime": 349477, "endTime": 356587, "taskId": 10, "workflowId": -1, "jobId": 6}, {"startTime": 356587, "endTime": 372595, "taskId": 2, "workflowId": -1, "jobId": 13}, {"startTime": 372595, "endTime": 383757, "taskId": 1, "workflowId": -1, "jobId": 9}, {"startTime": 387082, "endTime": 387135, "taskId": 5, "workflowId": -1, "jobId": 5}, {"startTime": 387135, "endTime": 398910, "taskId": 0, "workflowId": -1, "jobId": 14}, {"startTime": 398910, "endTime": 401977, "taskId": 7, "workflowId": -1, "jobId": 14}, {"startTime": 401977, "endTime": 407547, "taskId": 1, "workflowId": -1, "jobId": 10}, {"startTime": 407547, "endTime": 423555, "taskId": 2, "workflowId": -1, "jobId": 15}, {"startTime": 423555, "endTime": 423717, "taskId": 1, "workflowId": -1, "jobId": 10}, {"startTime": 423717, "endTime": 429235, "taskId": 7, "workflowId": -1, "jobId": 14}, {"startTime": 433027, "endTime": 449035, "taskId": 2, "workflowId": -1, "jobId": 16}, {"startTime": 449035, "endTime": 460197, "taskId": 1, "workflowId": -1, "jobId": 11}, {"startTime": 460197, "endTime": 462759, "taskId": 10, "workflowId": -1, "jobId": 8}, {"startTime": 464661, "endTime": 476436, "taskId": 0, "workflowId": -1, "jobId": 17}]}, {"frequency": 1.5, "activePower": 8, "idlePower": 2.7, "memory": 2, "allocations": [{"startTime": 39550, "endTime": 39551, "taskId": 6, "workflowId": 0, "jobId": -1}, {"startTime": 39551, "endTime": 41651, "taskId": 3, "workflowId": 0, "jobId": -1}, {"startTime": 41651, "endTime": 44937, "taskId": 1, "workflowId": 0, "jobId": -1}, {"startTime": 44937, "endTime": 47367, "taskId": 7, "workflowId": 0, "jobId": -1}, {"startTime": 47367, "endTime": 48387, "taskId": 8, "workflowId": 0, "jobId": -1}, {"startTime": 48387, "endTime": 48388, "taskId": 10, "workflowId": 0, "jobId": -1}, {"startTime": 48388, "endTime": 50178, "taskId": 9, "workflowId": 0, "jobId": -1}, {"startTime": 50178, "endTime": 51306, "taskId": 12, "workflowId": 0, "jobId": -1}, {"startTime": 51306, "endTime": 53399, "taskId": 12, "workflowId": 0, "jobId": -1}, {"startTime": 53399, "endTime": 54525, "taskId": 15, "workflowId": 0, "jobId": -1}, {"startTime": 54525, "endTime": 57394, "taskId": 14, "workflowId": 0, "jobId": -1}, {"startTime": 57394, "endTime": 60693, "taskId": 18, "workflowId": 0, "jobId": -1}, {"startTime": 60693, "endTime": 63364, "taskId": 21, "workflowId": 0, "jobId": -1}, {"startTime": 63364, "endTime": 66278, "taskId": 11, "workflowId": 3, "jobId": -1}, {"startTime": 69027, "endTime": 72334, "taskId": 24, "workflowId": 0, "jobId": -1}, {"startTime": 88203, "endTime": 91459, "taskId": 22, "workflowId": 3, "jobId": -1}, {"startTime": 94264, "endTime": 95037, "taskId": 15, "workflowId": 2, "jobId": -1}]}, {"frequency": 1.5, "activePower": 8, "idlePower": 2.7, "memory": 2, "allocations": [{"startTime": 25347, "endTime": 25355, "taskId": 1, "workflowId": -1, "jobId": 0}, {"startTime": 25355, "endTime": 36509, "taskId": 0, "workflowId": -1, "jobId": 0}, {"startTime": 36509, "endTime": 37130, "taskId": 0, "workflowId": -1, "jobId": 0}, {"startTime": 37130, "endTime": 48284, "taskId": 1, "workflowId": -1, "jobId": 0}, {"startTime": 50828, "endTime": 51189, "taskId": 7, "workflowId": -1, "jobId": 0}, {"startTime": 51189, "endTime": 62964, "taskId": 0, "workflowId": -1, "jobId": 1}, {"startTime": 62964, "endTime": 63010, "taskId": 7, "workflowId": -1, "jobId": 0}, {"startTime": 63010, "endTime": 66229, "taskId": 1, "workflowId": -1, "jobId": 1}, {"startTime": 66229, "endTime": 74172, "taskId": 1, "workflowId": -1, "jobId": 1}, {"startTime": 76307, "endTime": 77031, "taskId": 9, "workflowId": -1, "jobId": 1}, {"startTime": 77031, "endTime": 88806, "taskId": 0, "workflowId": -1, "jobId": 2}, {"startTime": 88806, "endTime": 95614, "taskId": 9, "workflowId": -1, "jobId": 1}, {"startTime": 101787, "endTime": 102873, "taskId": 1, "workflowId": -1, "jobId": 2}, {"startTime": 102873, "endTime": 114648, "taskId": 0, "workflowId": -1, "jobId": 3}, {"startTime": 114648, "endTime": 123610, "taskId": 1, "workflowId": -1, "jobId": 2}, {"startTime": 127267, "endTime": 128715, "taskId": 9, "workflowId": -1, "jobId": 2}, {"startTime": 128715, "endTime": 140490, "taskId": 0, "workflowId": -1, "jobId": 4}, {"startTime": 140490, "endTime": 151652, "taskId": 1, "workflowId": -1, "jobId": 3}, {"startTime": 154557, "endTime": 166332, "taskId": 0, "workflowId": -1, "jobId": 5}, {"startTime": 173700, "endTime": 178227, "taskId": 9, "workflowId": -1, "jobId": 3}, {"startTime": 178227, "endTime": 180399, "taskId": 1, "workflowId": -1, "jobId": 4}, {"startTime": 180399, "endTime": 187161, "taskId": 0, "workflowId": -1, "jobId": 6}, {"startTime": 187161, "endTime": 192174, "taskId": 0, "workflowId": -1, "jobId": 6}, {"startTime": 192174, "endTime": 198936, "taskId": 1, "workflowId": -1, "jobId": 4}, {"startTime": 203707, "endTime": 206241, "taskId": 11, "workflowId": -1, "jobId": 3}, {"startTime": 206241, "endTime": 218016, "taskId": 0, "workflowId": -1, "jobId": 7}, {"startTime": 218016, "endTime": 229178, "taskId": 1, "workflowId": -1, "jobId": 5}, {"startTime": 229178, "endTime": 229187, "taskId": 9, "workflowId": -1, "jobId": 4}, {"startTime": 229187, "endTime": 232083, "taskId": 8, "workflowId": -1, "jobId": 5}, {"startTime": 232083, "endTime": 232877, "taskId": 0, "workflowId": -1, "jobId": 8}, {"startTime": 232877, "endTime": 243858, "taskId": 0, "workflowId": -1, "jobId": 8}, {"startTime": 243858, "endTime": 244652, "taskId": 8, "workflowId": -1, "jobId": 5}, {"startTime": 244652, "endTime": 254667, "taskId": 7, "workflowId": -1, "jobId": 8}, {"startTime": 254667, "endTime": 257750, "taskId": 1, "workflowId": -1, "jobId": 6}, {"startTime": 257750, "endTime": 257925, "taskId": 1, "workflowId": -1, "jobId": 6}, {"startTime": 257925, "endTime": 262487, "taskId": 0, "workflowId": -1, "jobId": 9}, {"startTime": 262487, "endTime": 265570, "taskId": 0, "workflowId": -1, "jobId": 9}, {"startTime": 265570, "endTime": 269700, "taskId": 0, "workflowId": -1, "jobId": 9}, {"startTime": 269700, "endTime": 274262, "taskId": 1, "workflowId": -1, "jobId": 6}, {"startTime": 274262, "endTime": 283767, "taskId": 7, "workflowId": -1, "jobId": 9}, {"startTime": 283767, "endTime": 295542, "taskId": 0, "workflowId": -1, "jobId": 10}, {"startTime": 295542, "endTime": 306704, "taskId": 1, "workflowId": -1, "jobId": 7}, {"startTime": 306704, "endTime": 309609, "taskId": 3, "workflowId": -1, "jobId": 6}, {"startTime": 309609, "endTime": 321384, "taskId": 0, "workflowId": -1, "jobId": 11}, {"startTime": 321384, "endTime": 331107, "taskId": 3, "workflowId": -1, "jobId": 6}, {"startTime": 331107, "endTime": 335451, "taskId": 1, "workflowId": -1, "jobId": 8}, {"startTime": 335451, "endTime": 337813, "taskId": 0, "workflowId": -1, "jobId": 12}, {"startTime": 337813, "endTime": 347226, "taskId": 0, "workflowId": -1, "jobId": 12}, {"startTime": 347226, "endTime": 350196, "taskId": 3, "workflowId": -1, "jobId": 6}, {"startTime": 356587, "endTime": 359952, "taskId": 10, "workflowId": -1, "jobId": 6}, {"startTime": 361293, "endTime": 373068, "taskId": 0, "workflowId": -1, "jobId": 13}, {"startTime": 382067, "endTime": 398075, "taskId": 2, "workflowId": -1, "jobId": 14}, {"startTime": 398075, "endTime": 403034, "taskId": 5, "workflowId": -1, "jobId": 5}, {"startTime": 403034, "endTime": 407547, "taskId": 7, "workflowId": -1, "jobId": 14}, {"startTime": 407547, "endTime": 412977, "taskId": 1, "workflowId": -1, "jobId": 10}, {"startTime": 412977, "endTime": 413139, "taskId": 0, "workflowId": -1, "jobId": 15}, {"startTime": 413139, "endTime": 424752, "taskId": 0, "workflowId": -1, "jobId": 15}, {"startTime": 438819, "endTime": 450594, "taskId": 0, "workflowId": -1, "jobId": 16}, {"startTime": 450594, "endTime": 458507, "taskId": 10, "workflowId": -1, "jobId": 8}, {"startTime": 458507, "endTime": 474515, "taskId": 2, "workflowId": -1, "jobId": 17}, {"startTime": 474515, "endTime": 487613, "taskId": 7, "workflowId": -1, "jobId": 17}]}]