[{"frequency": 1.5, "activePower": 8, "idlePower": 2.7, "memory": 4, "allocations": [{"startTime": 36857, "endTime": 38795, "taskId": 6, "workflowId": 2, "jobId": -1}, {"startTime": 48368, "endTime": 49472, "taskId": 10, "workflowId": 2, "jobId": -1}, {"startTime": 49472, "endTime": 50771, "taskId": 14, "workflowId": 2, "jobId": -1}, {"startTime": 50771, "endTime": 52819, "taskId": 0, "workflowId": 1, "jobId": -1}, {"startTime": 69402, "endTime": 70330, "taskId": 8, "workflowId": 1, "jobId": -1}, {"startTime": 73381, "endTime": 74539, "taskId": 0, "workflowId": 3, "jobId": -1}, {"startTime": 74539, "endTime": 76415, "taskId": 0, "workflowId": 0, "jobId": -1}, {"startTime": 76415, "endTime": 77672, "taskId": 4, "workflowId": 0, "jobId": -1}, {"startTime": 77672, "endTime": 79547, "taskId": 3, "workflowId": 0, "jobId": -1}, {"startTime": 79547, "endTime": 80298, "taskId": 10, "workflowId": 0, "jobId": -1}, {"startTime": 80298, "endTime": 83491, "taskId": 2, "workflowId": 0, "jobId": -1}, {"startTime": 83491, "endTime": 84481, "taskId": 9, "workflowId": 0, "jobId": -1}, {"startTime": 84481, "endTime": 85167, "taskId": 9, "workflowId": 0, "jobId": -1}, {"startTime": 85167, "endTime": 85572, "taskId": 5, "workflowId": 0, "jobId": -1}, {"startTime": 85572, "endTime": 86908, "taskId": 5, "workflowId": 0, "jobId": -1}, {"startTime": 86908, "endTime": 87745, "taskId": 12, "workflowId": 0, "jobId": -1}, {"startTime": 87745, "endTime": 88691, "taskId": 18, "workflowId": 0, "jobId": -1}, {"startTime": 88691, "endTime": 88757, "taskId": 0, "workflowId": 3, "jobId": -1}, {"startTime": 88820, "endTime": 92068, "taskId": 7, "workflowId": 0, "jobId": -1}, {"startTime": 92068, "endTime": 94293, "taskId": 13, "workflowId": 0, "jobId": -1}, {"startTime": 94293, "endTime": 96242, "taskId": 19, "workflowId": 0, "jobId": -1}, {"startTime": 96242, "endTime": 97307, "taskId": 24, "workflowId": 0, "jobId": -1}, {"startTime": 97307, "endTime": 100040, "taskId": 22, "workflowId": 0, "jobId": -1}, {"startTime": 100040, "endTime": 103090, "taskId": 26, "workflowId": 0, "jobId": -1}, {"startTime": 103090, "endTime": 105406, "taskId": 27, "workflowId": 0, "jobId": -1}, {"startTime": 105406, "endTime": 108180, "taskId": 28, "workflowId": 0, "jobId": -1}, {"startTime": 108180, "endTime": 108384, "taskId": 31, "workflowId": 1, "jobId": -1}, {"startTime": 108384, "endTime": 111511, "taskId": 31, "workflowId": 0, "jobId": -1}, {"startTime": 116690, "endTime": 119634, "taskId": 22, "workflowId": 3, "jobId": -1}, {"startTime": 123835, "endTime": 125691, "taskId": 27, "workflowId": 3, "jobId": -1}, {"startTime": 131258, "endTime": 133323, "taskId": 31, "workflowId": 3, "jobId": -1}]}, {"frequency": 1.5, "activePower": 8, "idlePower": 2.7, "memory": 4, "allocations": [{"startTime": 32291, "endTime": 47233, "taskId": 0, "workflowId": -1, "jobId": 0}, {"startTime": 47233, "endTime": 57442, "taskId": 1, "workflowId": -1, "jobId": 0}, {"startTime": 57442, "endTime": 58303, "taskId": 15, "workflowId": -1, "jobId": 0}, {"startTime": 58303, "endTime": 68438, "taskId": 3, "workflowId": -1, "jobId": 1}, {"startTime": 68438, "endTime": 68485, "taskId": 15, "workflowId": -1, "jobId": 0}, {"startTime": 68485, "endTime": 73517, "taskId": 2, "workflowId": -1, "jobId": 1}, {"startTime": 73517, "endTime": 79033, "taskId": 0, "workflowId": -1, "jobId": 2}, {"startTime": 79033, "endTime": 88459, "taskId": 0, "workflowId": -1, "jobId": 2}, {"startTime": 88459, "endTime": 94130, "taskId": 5, "workflowId": -1, "jobId": 1}, {"startTime": 94130, "endTime": 109072, "taskId": 0, "workflowId": -1, "jobId": 3}, {"startTime": 109072, "endTime": 109109, "taskId": 15, "workflowId": -1, "jobId": 0}, {"startTime": 109109, "endTime": 110327, "taskId": 1, "workflowId": -1, "jobId": 2}, {"startTime": 110327, "endTime": 114743, "taskId": 3, "workflowId": -1, "jobId": 3}, {"startTime": 114743, "endTime": 120462, "taskId": 0, "workflowId": -1, "jobId": 4}, {"startTime": 120462, "endTime": 129685, "taskId": 0, "workflowId": -1, "jobId": 4}, {"startTime": 129685, "endTime": 135356, "taskId": 7, "workflowId": -1, "jobId": 3}, {"startTime": 135356, "endTime": 150298, "taskId": 0, "workflowId": -1, "jobId": 5}, {"startTime": 150298, "endTime": 155558, "taskId": 1, "workflowId": -1, "jobId": 3}, {"startTime": 155558, "endTime": 155969, "taskId": 1, "workflowId": -1, "jobId": 3}, {"startTime": 155969, "endTime": 160507, "taskId": 0, "workflowId": -1, "jobId": 6}, {"startTime": 160507, "endTime": 168383, "taskId": 0, "workflowId": -1, "jobId": 6}, {"startTime": 168383, "endTime": 170911, "taskId": 0, "workflowId": -1, "jobId": 6}, {"startTime": 170911, "endTime": 175380, "taskId": 7, "workflowId": -1, "jobId": 3}, {"startTime": 175626, "endTime": 176582, "taskId": 7, "workflowId": -1, "jobId": 5}, {"startTime": 176582, "endTime": 191524, "taskId": 0, "workflowId": -1, "jobId": 7}, {"startTime": 191524, "endTime": 195304, "taskId": 1, "workflowId": -1, "jobId": 4}, {"startTime": 195304, "endTime": 197195, "taskId": 1, "workflowId": -1, "jobId": 4}, {"startTime": 197195, "endTime": 200985, "taskId": 0, "workflowId": -1, "jobId": 8}, {"startTime": 200985, "endTime": 212137, "taskId": 0, "workflowId": -1, "jobId": 8}, {"startTime": 212137, "endTime": 213261, "taskId": 7, "workflowId": -1, "jobId": 6}, {"startTime": 213261, "endTime": 214375, "taskId": 2, "workflowId": -1, "jobId": 5}, {"startTime": 214375, "endTime": 217808, "taskId": 3, "workflowId": -1, "jobId": 7}, {"startTime": 217808, "endTime": 223809, "taskId": 0, "workflowId": -1, "jobId": 9}, {"startTime": 223809, "endTime": 224510, "taskId": 0, "workflowId": -1, "jobId": 9}, {"startTime": 224510, "endTime": 227790, "taskId": 0, "workflowId": -1, "jobId": 9}, {"startTime": 227790, "endTime": 232750, "taskId": 0, "workflowId": -1, "jobId": 9}, {"startTime": 232750, "endTime": 238169, "taskId": 7, "workflowId": -1, "jobId": 6}, {"startTime": 238169, "endTime": 238421, "taskId": 7, "workflowId": -1, "jobId": 6}, {"startTime": 238421, "endTime": 253363, "taskId": 0, "workflowId": -1, "jobId": 10}, {"startTime": 253363, "endTime": 257368, "taskId": 7, "workflowId": -1, "jobId": 6}, {"startTime": 257368, "endTime": 259034, "taskId": 10, "workflowId": -1, "jobId": 3}, {"startTime": 259034, "endTime": 260648, "taskId": 0, "workflowId": -1, "jobId": 11}, {"startTime": 260648, "endTime": 273976, "taskId": 0, "workflowId": -1, "jobId": 11}, {"startTime": 273976, "endTime": 279647, "taskId": 1, "workflowId": -1, "jobId": 6}, {"startTime": 279647, "endTime": 294589, "taskId": 0, "workflowId": -1, "jobId": 12}, {"startTime": 294589, "endTime": 298375, "taskId": 2, "workflowId": -1, "jobId": 7}, {"startTime": 298375, "endTime": 300260, "taskId": 15, "workflowId": -1, "jobId": 7}, {"startTime": 300260, "endTime": 315202, "taskId": 0, "workflowId": -1, "jobId": 13}, {"startTime": 315202, "endTime": 318423, "taskId": 15, "workflowId": -1, "jobId": 7}, {"startTime": 318423, "endTime": 320873, "taskId": 3, "workflowId": -1, "jobId": 11}, {"startTime": 320873, "endTime": 335815, "taskId": 0, "workflowId": -1, "jobId": 14}, {"startTime": 335815, "endTime": 339563, "taskId": 5, "workflowId": -1, "jobId": 10}, {"startTime": 339563, "endTime": 341486, "taskId": 1, "workflowId": -1, "jobId": 8}, {"startTime": 341486, "endTime": 356428, "taskId": 0, "workflowId": -1, "jobId": 15}, {"startTime": 356428, "endTime": 358037, "taskId": 5, "workflowId": -1, "jobId": 10}, {"startTime": 358037, "endTime": 358179, "taskId": 2, "workflowId": -1, "jobId": 9}, {"startTime": 358179, "endTime": 362099, "taskId": 2, "workflowId": -1, "jobId": 9}, {"startTime": 362099, "endTime": 377041, "taskId": 0, "workflowId": -1, "jobId": 16}, {"startTime": 377972, "endTime": 382712, "taskId": 1, "workflowId": -1, "jobId": 9}, {"startTime": 382712, "endTime": 397654, "taskId": 0, "workflowId": -1, "jobId": 17}, {"startTime": 397654, "endTime": 403325, "taskId": 2, "workflowId": -1, "jobId": 10}, {"startTime": 403325, "endTime": 405974, "taskId": 0, "workflowId": -1, "jobId": 18}, {"startTime": 405974, "endTime": 418267, "taskId": 0, "workflowId": -1, "jobId": 18}, {"startTime": 418267, "endTime": 422471, "taskId": 8, "workflowId": -1, "jobId": 5}, {"startTime": 422471, "endTime": 423938, "taskId": 3, "workflowId": -1, "jobId": 15}, {"startTime": 423938, "endTime": 438880, "taskId": 0, "workflowId": -1, "jobId": 19}, {"startTime": 438880, "endTime": 444551, "taskId": 13, "workflowId": -1, "jobId": 10}, {"startTime": 444551, "endTime": 459493, "taskId": 0, "workflowId": -1, "jobId": 20}, {"startTime": 459493, "endTime": 460565, "taskId": 8, "workflowId": -1, "jobId": 5}, {"startTime": 465164, "endTime": 480106, "taskId": 0, "workflowId": -1, "jobId": 21}]}, {"frequency": 1.5, "activePower": 8, "idlePower": 2.7, "memory": 4, "allocations": [{"startTime": 48368, "endTime": 50474, "taskId": 12, "workflowId": 2, "jobId": -1}, {"startTime": 50772, "endTime": 52421, "taskId": 14, "workflowId": 2, "jobId": -1}, {"startTime": 69402, "endTime": 72007, "taskId": 12, "workflowId": 1, "jobId": -1}, {"startTime": 74539, "endTime": 76415, "taskId": 0, "workflowId": 3, "jobId": -1}, {"startTime": 76415, "endTime": 76416, "taskId": 3, "workflowId": 0, "jobId": -1}, {"startTime": 76416, "endTime": 77923, "taskId": 1, "workflowId": 0, "jobId": -1}, {"startTime": 77923, "endTime": 78291, "taskId": 8, "workflowId": 0, "jobId": -1}, {"startTime": 78291, "endTime": 79161, "taskId": 8, "workflowId": 0, "jobId": -1}, {"startTime": 79161, "endTime": 80549, "taskId": 6, "workflowId": 0, "jobId": -1}, {"startTime": 80549, "endTime": 81539, "taskId": 6, "workflowId": 0, "jobId": -1}, {"startTime": 81539, "endTime": 81787, "taskId": 6, "workflowId": 0, "jobId": -1}, {"startTime": 81787, "endTime": 82777, "taskId": 11, "workflowId": 0, "jobId": -1}, {"startTime": 82777, "endTime": 84177, "taskId": 11, "workflowId": 0, "jobId": -1}, {"startTime": 84177, "endTime": 85918, "taskId": 10, "workflowId": 0, "jobId": -1}, {"startTime": 85918, "endTime": 86258, "taskId": 10, "workflowId": 0, "jobId": -1}, {"startTime": 86258, "endTime": 87485, "taskId": 15, "workflowId": 0, "jobId": -1}, {"startTime": 87485, "endTime": 88517, "taskId": 17, "workflowId": 0, "jobId": -1}, {"startTime": 88517, "endTime": 89506, "taskId": 13, "workflowId": 0, "jobId": -1}, {"startTime": 89506, "endTime": 92242, "taskId": 16, "workflowId": 0, "jobId": -1}, {"startTime": 92242, "endTime": 93434, "taskId": 21, "workflowId": 0, "jobId": -1}, {"startTime": 93434, "endTime": 95088, "taskId": 14, "workflowId": 0, "jobId": -1}, {"startTime": 95088, "endTime": 97532, "taskId": 23, "workflowId": 0, "jobId": -1}, {"startTime": 97532, "endTime": 100668, "taskId": 20, "workflowId": 0, "jobId": -1}, {"startTime": 100668, "endTime": 103774, "taskId": 25, "workflowId": 0, "jobId": -1}, {"startTime": 103774, "endTime": 105658, "taskId": 29, "workflowId": 0, "jobId": -1}, {"startTime": 105658, "endTime": 108384, "taskId": 30, "workflowId": 0, "jobId": -1}, {"startTime": 108384, "endTime": 110000, "taskId": 31, "workflowId": 1, "jobId": -1}, {"startTime": 117033, "endTime": 118979, "taskId": 18, "workflowId": 3, "jobId": -1}]}, {"frequency": 1.5, "activePower": 8, "idlePower": 2.7, "memory": 4, "allocations": [{"startTime": 32291, "endTime": 42426, "taskId": 3, "workflowId": -1, "jobId": 0}, {"startTime": 42426, "endTime": 47845, "taskId": 2, "workflowId": -1, "jobId": 0}, {"startTime": 47845, "endTime": 51823, "taskId": 2, "workflowId": -1, "jobId": 0}, {"startTime": 51823, "endTime": 52974, "taskId": 2, "workflowId": -1, "jobId": 0}, {"startTime": 52974, "endTime": 67916, "taskId": 0, "workflowId": -1, "jobId": 1}, {"startTime": 67916, "endTime": 70700, "taskId": 5, "workflowId": -1, "jobId": 1}, {"startTime": 70700, "endTime": 73517, "taskId": 1, "workflowId": -1, "jobId": 1}, {"startTime": 73517, "endTime": 79033, "taskId": 2, "workflowId": -1, "jobId": 1}, {"startTime": 79033, "endTime": 80909, "taskId": 1, "workflowId": -1, "jobId": 1}, {"startTime": 80909, "endTime": 86425, "taskId": 1, "workflowId": -1, "jobId": 1}, {"startTime": 86425, "endTime": 96560, "taskId": 3, "workflowId": -1, "jobId": 2}, {"startTime": 96560, "endTime": 103645, "taskId": 5, "workflowId": -1, "jobId": 1}, {"startTime": 103645, "endTime": 104679, "taskId": 15, "workflowId": -1, "jobId": 0}, {"startTime": 104679, "endTime": 114743, "taskId": 2, "workflowId": -1, "jobId": 2}, {"startTime": 114743, "endTime": 115227, "taskId": 3, "workflowId": -1, "jobId": 3}, {"startTime": 115227, "endTime": 120462, "taskId": 3, "workflowId": -1, "jobId": 3}, {"startTime": 120462, "endTime": 120946, "taskId": 2, "workflowId": -1, "jobId": 2}, {"startTime": 120946, "endTime": 129937, "taskId": 1, "workflowId": -1, "jobId": 2}, {"startTime": 129937, "endTime": 133894, "taskId": 15, "workflowId": -1, "jobId": 0}, {"startTime": 133894, "endTime": 135356, "taskId": 10, "workflowId": -1, "jobId": 3}, {"startTime": 135356, "endTime": 136339, "taskId": 7, "workflowId": -1, "jobId": 3}, {"startTime": 136339, "endTime": 141599, "taskId": 3, "workflowId": -1, "jobId": 4}, {"startTime": 141599, "endTime": 146474, "taskId": 3, "workflowId": -1, "jobId": 4}, {"startTime": 146474, "endTime": 157022, "taskId": 2, "workflowId": -1, "jobId": 3}, {"startTime": 157022, "endTime": 161560, "taskId": 1, "workflowId": -1, "jobId": 3}, {"startTime": 161560, "endTime": 162282, "taskId": 7, "workflowId": -1, "jobId": 3}, {"startTime": 162282, "endTime": 162351, "taskId": 7, "workflowId": -1, "jobId": 3}, {"startTime": 162351, "endTime": 166820, "taskId": 3, "workflowId": -1, "jobId": 5}, {"startTime": 166820, "endTime": 172486, "taskId": 3, "workflowId": -1, "jobId": 5}, {"startTime": 172486, "endTime": 176582, "taskId": 10, "workflowId": -1, "jobId": 3}, {"startTime": 176582, "endTime": 177067, "taskId": 7, "workflowId": -1, "jobId": 5}, {"startTime": 177067, "endTime": 187540, "taskId": 2, "workflowId": -1, "jobId": 4}, {"startTime": 187540, "endTime": 187615, "taskId": 2, "workflowId": -1, "jobId": 4}, {"startTime": 187615, "endTime": 188363, "taskId": 1, "workflowId": -1, "jobId": 4}, {"startTime": 188363, "endTime": 197824, "taskId": 3, "workflowId": -1, "jobId": 6}, {"startTime": 197824, "endTime": 198498, "taskId": 3, "workflowId": -1, "jobId": 6}, {"startTime": 198498, "endTime": 202288, "taskId": 1, "workflowId": -1, "jobId": 4}, {"startTime": 202288, "endTime": 212761, "taskId": 7, "workflowId": -1, "jobId": 5}, {"startTime": 212761, "endTime": 213261, "taskId": 10, "workflowId": -1, "jobId": 3}, {"startTime": 213261, "endTime": 214375, "taskId": 7, "workflowId": -1, "jobId": 6}, {"startTime": 214375, "endTime": 217808, "taskId": 2, "workflowId": -1, "jobId": 5}, {"startTime": 217808, "endTime": 223809, "taskId": 3, "workflowId": -1, "jobId": 7}, {"startTime": 223809, "endTime": 224510, "taskId": 3, "workflowId": -1, "jobId": 7}, {"startTime": 224510, "endTime": 230511, "taskId": 2, "workflowId": -1, "jobId": 5}, {"startTime": 230511, "endTime": 240187, "taskId": 1, "workflowId": -1, "jobId": 5}, {"startTime": 240187, "endTime": 240720, "taskId": 1, "workflowId": -1, "jobId": 5}, {"startTime": 240720, "endTime": 244725, "taskId": 3, "workflowId": -1, "jobId": 8}, {"startTime": 244725, "endTime": 248005, "taskId": 3, "workflowId": -1, "jobId": 8}, {"startTime": 248005, "endTime": 250855, "taskId": 3, "workflowId": -1, "jobId": 8}, {"startTime": 250855, "endTime": 261403, "taskId": 2, "workflowId": -1, "jobId": 6}, {"startTime": 261403, "endTime": 262745, "taskId": 10, "workflowId": -1, "jobId": 3}, {"startTime": 262745, "endTime": 266399, "taskId": 1, "workflowId": -1, "jobId": 6}, {"startTime": 266399, "endTime": 272954, "taskId": 3, "workflowId": -1, "jobId": 9}, {"startTime": 272954, "endTime": 276534, "taskId": 3, "workflowId": -1, "jobId": 9}, {"startTime": 276534, "endTime": 276806, "taskId": 10, "workflowId": -1, "jobId": 3}, {"startTime": 279647, "endTime": 280531, "taskId": 1, "workflowId": -1, "jobId": 6}, {"startTime": 285649, "endTime": 292411, "taskId": 2, "workflowId": -1, "jobId": 7}, {"startTime": 292411, "endTime": 302546, "taskId": 3, "workflowId": -1, "jobId": 10}, {"startTime": 302546, "endTime": 312755, "taskId": 1, "workflowId": -1, "jobId": 7}, {"startTime": 312755, "endTime": 320873, "taskId": 5, "workflowId": -1, "jobId": 10}, {"startTime": 320873, "endTime": 328295, "taskId": 3, "workflowId": -1, "jobId": 11}, {"startTime": 328295, "endTime": 328558, "taskId": 3, "workflowId": -1, "jobId": 11}, {"startTime": 328558, "endTime": 339106, "taskId": 2, "workflowId": -1, "jobId": 8}, {"startTime": 339106, "endTime": 339563, "taskId": 15, "workflowId": -1, "jobId": 7}, {"startTime": 339563, "endTime": 339936, "taskId": 5, "workflowId": -1, "jobId": 10}, {"startTime": 339936, "endTime": 341486, "taskId": 5, "workflowId": -1, "jobId": 10}, {"startTime": 341486, "endTime": 343237, "taskId": 1, "workflowId": -1, "jobId": 8}, {"startTime": 343237, "endTime": 344435, "taskId": 1, "workflowId": -1, "jobId": 8}, {"startTime": 344435, "endTime": 349772, "taskId": 3, "workflowId": -1, "jobId": 12}, {"startTime": 349772, "endTime": 351523, "taskId": 3, "workflowId": -1, "jobId": 12}, {"startTime": 351523, "endTime": 354570, "taskId": 3, "workflowId": -1, "jobId": 12}, {"startTime": 354570, "endTime": 359907, "taskId": 1, "workflowId": -1, "jobId": 8}, {"startTime": 359907, "endTime": 360049, "taskId": 5, "workflowId": -1, "jobId": 10}, {"startTime": 360049, "endTime": 360422, "taskId": 15, "workflowId": -1, "jobId": 7}, {"startTime": 362099, "endTime": 368585, "taskId": 2, "workflowId": -1, "jobId": 9}, {"startTime": 370447, "endTime": 380582, "taskId": 3, "workflowId": -1, "jobId": 13}, {"startTime": 382712, "endTime": 388181, "taskId": 1, "workflowId": -1, "jobId": 9}, {"startTime": 394231, "endTime": 396459, "taskId": 2, "workflowId": -1, "jobId": 10}, {"startTime": 396459, "endTime": 406594, "taskId": 3, "workflowId": -1, "jobId": 14}, {"startTime": 406594, "endTime": 409243, "taskId": 2, "workflowId": -1, "jobId": 10}, {"startTime": 411631, "endTime": 416381, "taskId": 8, "workflowId": -1, "jobId": 5}, {"startTime": 416381, "endTime": 423938, "taskId": 1, "workflowId": -1, "jobId": 10}, {"startTime": 423938, "endTime": 426590, "taskId": 3, "workflowId": -1, "jobId": 15}, {"startTime": 426590, "endTime": 432606, "taskId": 3, "workflowId": -1, "jobId": 15}, {"startTime": 432606, "endTime": 435258, "taskId": 1, "workflowId": -1, "jobId": 10}, {"startTime": 435258, "endTime": 445806, "taskId": 2, "workflowId": -1, "jobId": 11}, {"startTime": 445806, "endTime": 448423, "taskId": 13, "workflowId": -1, "jobId": 10}, {"startTime": 448423, "endTime": 448483, "taskId": 8, "workflowId": -1, "jobId": 5}, {"startTime": 448483, "endTime": 458618, "taskId": 3, "workflowId": -1, "jobId": 16}, {"startTime": 458618, "endTime": 468827, "taskId": 1, "workflowId": -1, "jobId": 11}]}]