[{"frequency": 2.83, "activePower": 118, "idlePower": 56.7, "memory": 4, "allocations": [{"startTime": 43892, "endTime": 44680, "taskId": 0, "workflowId": 0, "jobId": -1}, {"startTime": 44680, "endTime": 45778, "taskId": 4, "workflowId": 0, "jobId": -1}, {"startTime": 45778, "endTime": 46152, "taskId": 6, "workflowId": 0, "jobId": -1}, {"startTime": 46152, "endTime": 54637, "taskId": 2, "workflowId": -1, "jobId": 0}, {"startTime": 54637, "endTime": 55173, "taskId": 7, "workflowId": -1, "jobId": 0}, {"startTime": 55173, "endTime": 55761, "taskId": 5, "workflowId": 0, "jobId": -1}, {"startTime": 55761, "endTime": 55944, "taskId": 5, "workflowId": 0, "jobId": -1}, {"startTime": 55944, "endTime": 56325, "taskId": 11, "workflowId": 0, "jobId": -1}, {"startTime": 56325, "endTime": 56790, "taskId": 16, "workflowId": 0, "jobId": -1}, {"startTime": 56790, "endTime": 56851, "taskId": 16, "workflowId": 0, "jobId": -1}, {"startTime": 56851, "endTime": 56852, "taskId": 5, "workflowId": 3, "jobId": -1}, {"startTime": 56852, "endTime": 57513, "taskId": 20, "workflowId": 0, "jobId": -1}, {"startTime": 57513, "endTime": 57750, "taskId": 20, "workflowId": 0, "jobId": -1}, {"startTime": 57750, "endTime": 58241, "taskId": 20, "workflowId": 0, "jobId": -1}, {"startTime": 58241, "endTime": 58260, "taskId": 20, "workflowId": 0, "jobId": -1}, {"startTime": 58262, "endTime": 58644, "taskId": 5, "workflowId": -1, "jobId": 0}, {"startTime": 58644, "endTime": 58674, "taskId": 5, "workflowId": -1, "jobId": 0}, {"startTime": 58674, "endTime": 58715, "taskId": 23, "workflowId": 0, "jobId": -1}, {"startTime": 58715, "endTime": 58879, "taskId": 23, "workflowId": 0, "jobId": -1}, {"startTime": 58879, "endTime": 58961, "taskId": 23, "workflowId": 0, "jobId": -1}, {"startTime": 58961, "endTime": 58965, "taskId": 23, "workflowId": 0, "jobId": -1}, {"startTime": 58965, "endTime": 59155, "taskId": 23, "workflowId": 0, "jobId": -1}, {"startTime": 59155, "endTime": 60536, "taskId": 5, "workflowId": -1, "jobId": 0}, {"startTime": 60536, "endTime": 60587, "taskId": 3, "workflowId": 3, "jobId": -1}, {"startTime": 60587, "endTime": 61661, "taskId": 4, "workflowId": 3, "jobId": -1}, {"startTime": 61661, "endTime": 62074, "taskId": 8, "workflowId": -1, "jobId": 0}, {"startTime": 62074, "endTime": 62444, "taskId": 7, "workflowId": 3, "jobId": -1}, {"startTime": 62444, "endTime": 63083, "taskId": 6, "workflowId": 3, "jobId": -1}, {"startTime": 63083, "endTime": 63942, "taskId": 8, "workflowId": 3, "jobId": -1}, {"startTime": 63942, "endTime": 64685, "taskId": 5, "workflowId": 3, "jobId": -1}, {"startTime": 64685, "endTime": 65682, "taskId": 9, "workflowId": 3, "jobId": -1}, {"startTime": 66178, "endTime": 66761, "taskId": 6, "workflowId": -1, "jobId": 0}, {"startTime": 66761, "endTime": 67030, "taskId": 10, "workflowId": -1, "jobId": 0}, {"startTime": 67030, "endTime": 70633, "taskId": 9, "workflowId": -1, "jobId": 0}, {"startTime": 70633, "endTime": 71632, "taskId": 17, "workflowId": 3, "jobId": -1}, {"startTime": 71632, "endTime": 72121, "taskId": 2, "workflowId": -1, "jobId": 1}, {"startTime": 72121, "endTime": 72374, "taskId": 2, "workflowId": -1, "jobId": 1}, {"startTime": 72374, "endTime": 80117, "taskId": 2, "workflowId": -1, "jobId": 1}, {"startTime": 80117, "endTime": 80606, "taskId": 17, "workflowId": 3, "jobId": -1}, {"startTime": 80606, "endTime": 81920, "taskId": 12, "workflowId": 2, "jobId": -1}, {"startTime": 81920, "endTime": 82176, "taskId": 18, "workflowId": 3, "jobId": -1}, {"startTime": 82176, "endTime": 82326, "taskId": 18, "workflowId": 3, "jobId": -1}, {"startTime": 82326, "endTime": 82687, "taskId": 12, "workflowId": 2, "jobId": -1}, {"startTime": 82687, "endTime": 82758, "taskId": 22, "workflowId": 2, "jobId": -1}, {"startTime": 82758, "endTime": 83815, "taskId": 24, "workflowId": 2, "jobId": -1}, {"startTime": 83815, "endTime": 84525, "taskId": 1, "workflowId": -1, "jobId": 1}, {"startTime": 84525, "endTime": 85224, "taskId": 1, "workflowId": -1, "jobId": 1}, {"startTime": 85224, "endTime": 85896, "taskId": 1, "workflowId": -1, "jobId": 1}, {"startTime": 85896, "endTime": 85909, "taskId": 1, "workflowId": -1, "jobId": 1}, {"startTime": 85909, "endTime": 86179, "taskId": 1, "workflowId": -1, "jobId": 1}, {"startTime": 86179, "endTime": 87006, "taskId": 1, "workflowId": -1, "jobId": 1}, {"startTime": 87006, "endTime": 89732, "taskId": 1, "workflowId": -1, "jobId": 1}, {"startTime": 89732, "endTime": 90404, "taskId": 1, "workflowId": 2, "jobId": -1}, {"startTime": 90404, "endTime": 91820, "taskId": 4, "workflowId": 2, "jobId": -1}, {"startTime": 92792, "endTime": 97112, "taskId": 3, "workflowId": -1, "jobId": 1}, {"startTime": 97112, "endTime": 105597, "taskId": 2, "workflowId": -1, "jobId": 2}, {"startTime": 116419, "endTime": 118499, "taskId": 6, "workflowId": -1, "jobId": 1}, {"startTime": 118499, "endTime": 121156, "taskId": 5, "workflowId": -1, "jobId": 1}, {"startTime": 121478, "endTime": 122592, "taskId": 1, "workflowId": -1, "jobId": 2}, {"startTime": 122592, "endTime": 131077, "taskId": 2, "workflowId": -1, "jobId": 3}, {"startTime": 139432, "endTime": 147933, "taskId": 3, "workflowId": -1, "jobId": 2}, {"startTime": 148072, "endTime": 156557, "taskId": 2, "workflowId": -1, "jobId": 4}, {"startTime": 156948, "endTime": 157024, "taskId": 11, "workflowId": -1, "jobId": 2}, {"startTime": 157024, "endTime": 159141, "taskId": 4, "workflowId": -1, "jobId": 2}, {"startTime": 159141, "endTime": 165058, "taskId": 1, "workflowId": -1, "jobId": 3}, {"startTime": 173552, "endTime": 182037, "taskId": 2, "workflowId": -1, "jobId": 5}, {"startTime": 182037, "endTime": 182781, "taskId": 4, "workflowId": 1, "jobId": -1}, {"startTime": 182781, "endTime": 183255, "taskId": 10, "workflowId": 1, "jobId": -1}, {"startTime": 183255, "endTime": 183342, "taskId": 9, "workflowId": 1, "jobId": -1}, {"startTime": 183342, "endTime": 183847, "taskId": 9, "workflowId": 1, "jobId": -1}, {"startTime": 184533, "endTime": 185920, "taskId": 13, "workflowId": 1, "jobId": -1}, {"startTime": 185920, "endTime": 186072, "taskId": 14, "workflowId": 1, "jobId": -1}, {"startTime": 186072, "endTime": 187030, "taskId": 3, "workflowId": -1, "jobId": 3}, {"startTime": 187030, "endTime": 194573, "taskId": 3, "workflowId": -1, "jobId": 3}, {"startTime": 196804, "endTime": 199032, "taskId": 1, "workflowId": -1, "jobId": 4}, {"startTime": 199032, "endTime": 207517, "taskId": 2, "workflowId": -1, "jobId": 6}, {"startTime": 212346, "endTime": 212460, "taskId": 11, "workflowId": -1, "jobId": 3}, {"startTime": 212460, "endTime": 214940, "taskId": 4, "workflowId": -1, "jobId": 3}, {"startTime": 224512, "endTime": 232997, "taskId": 2, "workflowId": -1, "jobId": 7}, {"startTime": 234467, "endTime": 240384, "taskId": 1, "workflowId": -1, "jobId": 5}, {"startTime": 243956, "endTime": 248748, "taskId": 9, "workflowId": -1, "jobId": 4}, {"startTime": 249992, "endTime": 258477, "taskId": 2, "workflowId": -1, "jobId": 8}, {"startTime": 258477, "endTime": 263193, "taskId": 6, "workflowId": -1, "jobId": 3}, {"startTime": 263193, "endTime": 265850, "taskId": 5, "workflowId": -1, "jobId": 3}, {"startTime": 267744, "endTime": 267896, "taskId": 11, "workflowId": -1, "jobId": 4}, {"startTime": 267896, "endTime": 270376, "taskId": 4, "workflowId": -1, "jobId": 4}, {"startTime": 272130, "endTime": 275472, "taskId": 1, "workflowId": -1, "jobId": 6}, {"startTime": 275472, "endTime": 283957, "taskId": 2, "workflowId": -1, "jobId": 9}, {"startTime": 293407, "endTime": 298199, "taskId": 9, "workflowId": -1, "jobId": 5}, {"startTime": 300952, "endTime": 309437, "taskId": 2, "workflowId": -1, "jobId": 10}, {"startTime": 309895, "endTime": 315812, "taskId": 1, "workflowId": -1, "jobId": 7}, {"startTime": 316015, "endTime": 319609, "taskId": 8, "workflowId": -1, "jobId": 7}, {"startTime": 323201, "endTime": 323373, "taskId": 11, "workflowId": -1, "jobId": 5}, {"startTime": 323373, "endTime": 325853, "taskId": 4, "workflowId": -1, "jobId": 5}, {"startTime": 325995, "endTime": 326438, "taskId": 3, "workflowId": -1, "jobId": 6}, {"startTime": 326438, "endTime": 334923, "taskId": 2, "workflowId": -1, "jobId": 11}, {"startTime": 335609, "endTime": 338266, "taskId": 5, "workflowId": -1, "jobId": 4}, {"startTime": 342858, "endTime": 347529, "taskId": 9, "workflowId": -1, "jobId": 6}, {"startTime": 347529, "endTime": 352095, "taskId": 1, "workflowId": -1, "jobId": 8}, {"startTime": 352095, "endTime": 360580, "taskId": 2, "workflowId": -1, "jobId": 12}, {"startTime": 360897, "endTime": 367840, "taskId": 7, "workflowId": -1, "jobId": 12}, {"startTime": 372711, "endTime": 377460, "taskId": 3, "workflowId": -1, "jobId": 7}, {"startTime": 377460, "endTime": 385945, "taskId": 2, "workflowId": -1, "jobId": 13}, {"startTime": 387081, "endTime": 394024, "taskId": 7, "workflowId": -1, "jobId": 13}, {"startTime": 397624, "endTime": 402894, "taskId": 6, "workflowId": -1, "jobId": 5}, {"startTime": 402894, "endTime": 411379, "taskId": 2, "workflowId": -1, "jobId": 14}, {"startTime": 413303, "endTime": 419308, "taskId": 7, "workflowId": -1, "jobId": 14}, {"startTime": 419308, "endTime": 422796, "taskId": 3, "workflowId": -1, "jobId": 8}, {"startTime": 422796, "endTime": 428394, "taskId": 1, "workflowId": -1, "jobId": 10}, {"startTime": 428394, "endTime": 436879, "taskId": 2, "workflowId": -1, "jobId": 15}, {"startTime": 439618, "endTime": 446561, "taskId": 7, "workflowId": -1, "jobId": 15}, {"startTime": 454002, "endTime": 462487, "taskId": 2, "workflowId": -1, "jobId": 16}, {"startTime": 465802, "endTime": 472745, "taskId": 7, "workflowId": -1, "jobId": 16}]}, {"frequency": 2.83, "activePower": 118, "idlePower": 56.7, "memory": 4, "allocations": [{"startTime": 43892, "endTime": 44680, "taskId": 0, "workflowId": 3, "jobId": -1}, {"startTime": 44680, "endTime": 45794, "taskId": 3, "workflowId": 0, "jobId": -1}, {"startTime": 45794, "endTime": 46152, "taskId": 5, "workflowId": 0, "jobId": -1}, {"startTime": 46152, "endTime": 52393, "taskId": 0, "workflowId": -1, "jobId": 0}, {"startTime": 52393, "endTime": 53282, "taskId": 14, "workflowId": 0, "jobId": -1}, {"startTime": 53282, "endTime": 53778, "taskId": 15, "workflowId": 0, "jobId": -1}, {"startTime": 53778, "endTime": 53790, "taskId": 17, "workflowId": 0, "jobId": -1}, {"startTime": 53790, "endTime": 53914, "taskId": 17, "workflowId": 0, "jobId": -1}, {"startTime": 53914, "endTime": 54156, "taskId": 17, "workflowId": 0, "jobId": -1}, {"startTime": 54156, "endTime": 54262, "taskId": 17, "workflowId": 0, "jobId": -1}, {"startTime": 54262, "endTime": 54433, "taskId": 17, "workflowId": 0, "jobId": -1}, {"startTime": 54433, "endTime": 54799, "taskId": 0, "workflowId": 3, "jobId": -1}, {"startTime": 54799, "endTime": 55050, "taskId": 6, "workflowId": 3, "jobId": -1}, {"startTime": 55050, "endTime": 55664, "taskId": 5, "workflowId": -1, "jobId": 0}, {"startTime": 55664, "endTime": 55761, "taskId": 21, "workflowId": 0, "jobId": -1}, {"startTime": 55761, "endTime": 57080, "taskId": 21, "workflowId": 0, "jobId": -1}, {"startTime": 57080, "endTime": 57375, "taskId": 2, "workflowId": 3, "jobId": -1}, {"startTime": 57375, "endTime": 57513, "taskId": 22, "workflowId": 0, "jobId": -1}, {"startTime": 57513, "endTime": 57750, "taskId": 22, "workflowId": 0, "jobId": -1}, {"startTime": 57750, "endTime": 57920, "taskId": 22, "workflowId": 0, "jobId": -1}, {"startTime": 57920, "endTime": 58241, "taskId": 22, "workflowId": 0, "jobId": -1}, {"startTime": 58241, "endTime": 58674, "taskId": 22, "workflowId": 0, "jobId": -1}, {"startTime": 58674, "endTime": 58879, "taskId": 24, "workflowId": 0, "jobId": -1}, {"startTime": 58879, "endTime": 58965, "taskId": 24, "workflowId": 0, "jobId": -1}, {"startTime": 58965, "endTime": 59842, "taskId": 24, "workflowId": 0, "jobId": -1}, {"startTime": 59842, "endTime": 60427, "taskId": 24, "workflowId": 0, "jobId": -1}, {"startTime": 60427, "endTime": 61445, "taskId": 7, "workflowId": -1, "jobId": 0}, {"startTime": 61445, "endTime": 61504, "taskId": 7, "workflowId": -1, "jobId": 0}, {"startTime": 61504, "endTime": 61824, "taskId": 7, "workflowId": -1, "jobId": 0}, {"startTime": 61824, "endTime": 62238, "taskId": 7, "workflowId": -1, "jobId": 0}, {"startTime": 62238, "endTime": 64821, "taskId": 7, "workflowId": -1, "jobId": 0}, {"startTime": 64821, "endTime": 65303, "taskId": 12, "workflowId": 3, "jobId": -1}, {"startTime": 65841, "endTime": 66761, "taskId": 9, "workflowId": -1, "jobId": 0}, {"startTime": 66761, "endTime": 67030, "taskId": 9, "workflowId": -1, "jobId": 0}, {"startTime": 67030, "endTime": 69896, "taskId": 10, "workflowId": -1, "jobId": 0}, {"startTime": 69896, "endTime": 71994, "taskId": 10, "workflowId": -1, "jobId": 0}, {"startTime": 71994, "endTime": 72313, "taskId": 0, "workflowId": -1, "jobId": 1}, {"startTime": 72313, "endTime": 72802, "taskId": 0, "workflowId": -1, "jobId": 1}, {"startTime": 72802, "endTime": 78235, "taskId": 0, "workflowId": -1, "jobId": 1}, {"startTime": 78235, "endTime": 78724, "taskId": 11, "workflowId": 2, "jobId": -1}, {"startTime": 78724, "endTime": 78900, "taskId": 11, "workflowId": 2, "jobId": -1}, {"startTime": 78900, "endTime": 79526, "taskId": 8, "workflowId": 2, "jobId": -1}, {"startTime": 79526, "endTime": 79810, "taskId": 8, "workflowId": 2, "jobId": -1}, {"startTime": 79810, "endTime": 79893, "taskId": 17, "workflowId": 2, "jobId": -1}, {"startTime": 79893, "endTime": 80915, "taskId": 6, "workflowId": -1, "jobId": 0}, {"startTime": 80915, "endTime": 81096, "taskId": 17, "workflowId": 2, "jobId": -1}, {"startTime": 81096, "endTime": 81920, "taskId": 17, "workflowId": 2, "jobId": -1}, {"startTime": 81920, "endTime": 82176, "taskId": 17, "workflowId": 2, "jobId": -1}, {"startTime": 82176, "endTime": 82329, "taskId": 17, "workflowId": 2, "jobId": -1}, {"startTime": 82329, "endTime": 82599, "taskId": 19, "workflowId": 3, "jobId": -1}, {"startTime": 82599, "endTime": 82768, "taskId": 19, "workflowId": 3, "jobId": -1}, {"startTime": 82768, "endTime": 83244, "taskId": 19, "workflowId": 3, "jobId": -1}, {"startTime": 83244, "endTime": 83815, "taskId": 22, "workflowId": 3, "jobId": -1}, {"startTime": 83815, "endTime": 83832, "taskId": 24, "workflowId": 2, "jobId": -1}, {"startTime": 83832, "endTime": 84525, "taskId": 24, "workflowId": 2, "jobId": -1}, {"startTime": 84525, "endTime": 84700, "taskId": 5, "workflowId": 2, "jobId": -1}, {"startTime": 84700, "endTime": 84970, "taskId": 8, "workflowId": -1, "jobId": 1}, {"startTime": 84970, "endTime": 85489, "taskId": 8, "workflowId": -1, "jobId": 1}, {"startTime": 85489, "endTime": 85578, "taskId": 8, "workflowId": -1, "jobId": 1}, {"startTime": 85578, "endTime": 85669, "taskId": 8, "workflowId": -1, "jobId": 1}, {"startTime": 85669, "endTime": 86445, "taskId": 8, "workflowId": -1, "jobId": 1}, {"startTime": 86445, "endTime": 86987, "taskId": 8, "workflowId": -1, "jobId": 1}, {"startTime": 86987, "endTime": 87124, "taskId": 8, "workflowId": -1, "jobId": 1}, {"startTime": 87124, "endTime": 87997, "taskId": 8, "workflowId": -1, "jobId": 1}, {"startTime": 87997, "endTime": 88294, "taskId": 8, "workflowId": -1, "jobId": 1}, {"startTime": 88294, "endTime": 88669, "taskId": 3, "workflowId": 2, "jobId": -1}, {"startTime": 88669, "endTime": 89719, "taskId": 3, "workflowId": 2, "jobId": -1}, {"startTime": 89719, "endTime": 89797, "taskId": 3, "workflowId": 2, "jobId": -1}, {"startTime": 89797, "endTime": 90466, "taskId": 25, "workflowId": 2, "jobId": -1}, {"startTime": 90466, "endTime": 90871, "taskId": 23, "workflowId": 2, "jobId": -1}, {"startTime": 95603, "endTime": 97112, "taskId": 9, "workflowId": -1, "jobId": 1}, {"startTime": 97112, "endTime": 97836, "taskId": 3, "workflowId": -1, "jobId": 1}, {"startTime": 97836, "endTime": 104077, "taskId": 0, "workflowId": -1, "jobId": 2}, {"startTime": 104077, "endTime": 109629, "taskId": 10, "workflowId": -1, "jobId": 1}, {"startTime": 118499, "endTime": 122592, "taskId": 6, "workflowId": -1, "jobId": 1}, {"startTime": 122592, "endTime": 123678, "taskId": 1, "workflowId": -1, "jobId": 2}, {"startTime": 123678, "endTime": 129919, "taskId": 0, "workflowId": -1, "jobId": 3}, {"startTime": 145054, "endTime": 149520, "taskId": 9, "workflowId": -1, "jobId": 2}, {"startTime": 149520, "endTime": 155761, "taskId": 0, "workflowId": -1, "jobId": 4}, {"startTime": 157024, "endTime": 159141, "taskId": 11, "workflowId": -1, "jobId": 2}, {"startTime": 159141, "endTime": 159504, "taskId": 4, "workflowId": -1, "jobId": 2}, {"startTime": 161796, "endTime": 165390, "taskId": 8, "workflowId": -1, "jobId": 3}, {"startTime": 175362, "endTime": 181603, "taskId": 0, "workflowId": -1, "jobId": 5}, {"startTime": 181603, "endTime": 183370, "taskId": 5, "workflowId": 1, "jobId": -1}, {"startTime": 183370, "endTime": 183738, "taskId": 11, "workflowId": 1, "jobId": -1}, {"startTime": 183738, "endTime": 185920, "taskId": 7, "workflowId": -1, "jobId": 5}, {"startTime": 185920, "endTime": 186072, "taskId": 15, "workflowId": 1, "jobId": -1}, {"startTime": 186072, "endTime": 187030, "taskId": 14, "workflowId": 1, "jobId": -1}, {"startTime": 187030, "endTime": 188560, "taskId": 16, "workflowId": 1, "jobId": -1}, {"startTime": 188560, "endTime": 188941, "taskId": 20, "workflowId": 1, "jobId": -1}, {"startTime": 188941, "endTime": 189365, "taskId": 20, "workflowId": 1, "jobId": -1}, {"startTime": 189365, "endTime": 189490, "taskId": 6, "workflowId": -1, "jobId": 2}, {"startTime": 189490, "endTime": 190285, "taskId": 24, "workflowId": 1, "jobId": -1}, {"startTime": 190846, "endTime": 193503, "taskId": 5, "workflowId": -1, "jobId": 2}, {"startTime": 194505, "endTime": 199032, "taskId": 9, "workflowId": -1, "jobId": 3}, {"startTime": 199032, "endTime": 201204, "taskId": 1, "workflowId": -1, "jobId": 4}, {"startTime": 201204, "endTime": 207445, "taskId": 0, "workflowId": -1, "jobId": 6}, {"startTime": 212460, "endTime": 219700, "taskId": 11, "workflowId": -1, "jobId": 3}, {"startTime": 227046, "endTime": 233287, "taskId": 0, "workflowId": -1, "jobId": 7}, {"startTime": 238892, "endTime": 242486, "taskId": 8, "workflowId": -1, "jobId": 5}, {"startTime": 252888, "endTime": 259129, "taskId": 0, "workflowId": -1, "jobId": 8}, {"startTime": 263193, "endTime": 264673, "taskId": 6, "workflowId": -1, "jobId": 3}, {"startTime": 267896, "endTime": 275098, "taskId": 11, "workflowId": -1, "jobId": 4}, {"startTime": 275472, "endTime": 278047, "taskId": 1, "workflowId": -1, "jobId": 6}, {"startTime": 278730, "endTime": 284971, "taskId": 0, "workflowId": -1, "jobId": 9}, {"startTime": 304579, "endTime": 310820, "taskId": 0, "workflowId": -1, "jobId": 10}, {"startTime": 323373, "endTime": 326438, "taskId": 11, "workflowId": -1, "jobId": 5}, {"startTime": 326438, "endTime": 330455, "taskId": 3, "workflowId": -1, "jobId": 6}, {"startTime": 330455, "endTime": 336696, "taskId": 0, "workflowId": -1, "jobId": 11}, {"startTime": 347529, "endTime": 347650, "taskId": 9, "workflowId": -1, "jobId": 6}, {"startTime": 352095, "endTime": 353446, "taskId": 1, "workflowId": -1, "jobId": 8}, {"startTime": 354600, "endTime": 356261, "taskId": 8, "workflowId": -1, "jobId": 8}, {"startTime": 356261, "endTime": 362502, "taskId": 0, "workflowId": -1, "jobId": 12}, {"startTime": 377460, "endTime": 381212, "taskId": 3, "workflowId": -1, "jobId": 7}, {"startTime": 382188, "endTime": 388429, "taskId": 0, "workflowId": -1, "jobId": 13}, {"startTime": 392376, "endTime": 393102, "taskId": 9, "workflowId": -1, "jobId": 7}, {"startTime": 393102, "endTime": 396696, "taskId": 8, "workflowId": -1, "jobId": 9}, {"startTime": 402894, "endTime": 403820, "taskId": 6, "workflowId": -1, "jobId": 5}, {"startTime": 407936, "endTime": 407949, "taskId": 5, "workflowId": -1, "jobId": 5}, {"startTime": 407949, "endTime": 414190, "taskId": 0, "workflowId": -1, "jobId": 14}, {"startTime": 414297, "endTime": 419308, "taskId": 10, "workflowId": -1, "jobId": 7}, {"startTime": 419308, "endTime": 420246, "taskId": 7, "workflowId": -1, "jobId": 14}, {"startTime": 422796, "endTime": 427809, "taskId": 3, "workflowId": -1, "jobId": 8}, {"startTime": 428394, "endTime": 428713, "taskId": 1, "workflowId": -1, "jobId": 10}, {"startTime": 431730, "endTime": 433833, "taskId": 8, "workflowId": -1, "jobId": 10}, {"startTime": 433833, "endTime": 440074, "taskId": 0, "workflowId": -1, "jobId": 15}, {"startTime": 441783, "endTime": 446575, "taskId": 9, "workflowId": -1, "jobId": 8}, {"startTime": 459691, "endTime": 465932, "taskId": 0, "workflowId": -1, "jobId": 16}]}, {"frequency": 2.83, "activePower": 118, "idlePower": 56.7, "memory": 4, "allocations": [{"startTime": 44680, "endTime": 46087, "taskId": 2, "workflowId": 0, "jobId": -1}, {"startTime": 46087, "endTime": 46152, "taskId": 0, "workflowId": 3, "jobId": -1}, {"startTime": 46152, "endTime": 52069, "taskId": 1, "workflowId": -1, "jobId": 0}, {"startTime": 52069, "endTime": 53777, "taskId": 12, "workflowId": 0, "jobId": -1}, {"startTime": 53777, "endTime": 53778, "taskId": 5, "workflowId": 0, "jobId": -1}, {"startTime": 53778, "endTime": 54261, "taskId": 15, "workflowId": 0, "jobId": -1}, {"startTime": 54549, "endTime": 54915, "taskId": 5, "workflowId": 0, "jobId": -1}, {"startTime": 54915, "endTime": 55173, "taskId": 5, "workflowId": 0, "jobId": -1}, {"startTime": 55173, "endTime": 55664, "taskId": 1, "workflowId": 3, "jobId": -1}, {"startTime": 55664, "endTime": 55761, "taskId": 19, "workflowId": 0, "jobId": -1}, {"startTime": 55761, "endTime": 56434, "taskId": 19, "workflowId": 0, "jobId": -1}, {"startTime": 56434, "endTime": 57375, "taskId": 19, "workflowId": 0, "jobId": -1}, {"startTime": 57375, "endTime": 57707, "taskId": 2, "workflowId": 3, "jobId": -1}, {"startTime": 57707, "endTime": 57920, "taskId": 2, "workflowId": 3, "jobId": -1}, {"startTime": 57920, "endTime": 58221, "taskId": 3, "workflowId": 3, "jobId": -1}, {"startTime": 58221, "endTime": 58509, "taskId": 3, "workflowId": 3, "jobId": -1}, {"startTime": 58509, "endTime": 58644, "taskId": 3, "workflowId": 3, "jobId": -1}, {"startTime": 58644, "endTime": 58715, "taskId": 3, "workflowId": 3, "jobId": -1}, {"startTime": 58715, "endTime": 58965, "taskId": 5, "workflowId": -1, "jobId": 0}, {"startTime": 58965, "endTime": 59295, "taskId": 3, "workflowId": -1, "jobId": 0}, {"startTime": 59295, "endTime": 60305, "taskId": 3, "workflowId": -1, "jobId": 0}, {"startTime": 60305, "endTime": 60356, "taskId": 3, "workflowId": -1, "jobId": 0}, {"startTime": 60356, "endTime": 61113, "taskId": 3, "workflowId": -1, "jobId": 0}, {"startTime": 61113, "endTime": 61430, "taskId": 3, "workflowId": -1, "jobId": 0}, {"startTime": 61430, "endTime": 62069, "taskId": 3, "workflowId": -1, "jobId": 0}, {"startTime": 62069, "endTime": 62238, "taskId": 3, "workflowId": -1, "jobId": 0}, {"startTime": 62238, "endTime": 63757, "taskId": 3, "workflowId": -1, "jobId": 0}, {"startTime": 63757, "endTime": 66178, "taskId": 3, "workflowId": -1, "jobId": 0}, {"startTime": 66178, "endTime": 69896, "taskId": 11, "workflowId": -1, "jobId": 0}, {"startTime": 69896, "endTime": 71994, "taskId": 11, "workflowId": -1, "jobId": 0}, {"startTime": 71994, "endTime": 72313, "taskId": 10, "workflowId": -1, "jobId": 0}, {"startTime": 72313, "endTime": 72377, "taskId": 6, "workflowId": -1, "jobId": 0}, {"startTime": 72377, "endTime": 73532, "taskId": 7, "workflowId": -1, "jobId": 1}, {"startTime": 73532, "endTime": 79320, "taskId": 7, "workflowId": -1, "jobId": 1}, {"startTime": 79320, "endTime": 79694, "taskId": 18, "workflowId": 2, "jobId": -1}, {"startTime": 79694, "endTime": 80417, "taskId": 9, "workflowId": 2, "jobId": -1}, {"startTime": 80417, "endTime": 80791, "taskId": 9, "workflowId": 2, "jobId": -1}, {"startTime": 80791, "endTime": 80823, "taskId": 13, "workflowId": 2, "jobId": -1}, {"startTime": 80823, "endTime": 81920, "taskId": 18, "workflowId": 3, "jobId": -1}, {"startTime": 81920, "endTime": 81963, "taskId": 13, "workflowId": 2, "jobId": -1}, {"startTime": 81963, "endTime": 82326, "taskId": 13, "workflowId": 2, "jobId": -1}, {"startTime": 82326, "endTime": 82995, "taskId": 20, "workflowId": 3, "jobId": -1}, {"startTime": 82995, "endTime": 83074, "taskId": 20, "workflowId": 3, "jobId": -1}, {"startTime": 83074, "endTime": 83458, "taskId": 13, "workflowId": 2, "jobId": -1}, {"startTime": 83458, "endTime": 83743, "taskId": 13, "workflowId": 2, "jobId": -1}, {"startTime": 83743, "endTime": 83815, "taskId": 20, "workflowId": 2, "jobId": -1}, {"startTime": 83815, "endTime": 84059, "taskId": 22, "workflowId": 3, "jobId": -1}, {"startTime": 84059, "endTime": 84130, "taskId": 22, "workflowId": 3, "jobId": -1}, {"startTime": 84130, "endTime": 84970, "taskId": 22, "workflowId": 3, "jobId": -1}, {"startTime": 84970, "endTime": 85313, "taskId": 19, "workflowId": 2, "jobId": -1}, {"startTime": 85313, "endTime": 86987, "taskId": 20, "workflowId": 2, "jobId": -1}, {"startTime": 86987, "endTime": 86992, "taskId": 22, "workflowId": 2, "jobId": -1}, {"startTime": 86992, "endTime": 87686, "taskId": 22, "workflowId": 2, "jobId": -1}, {"startTime": 87686, "endTime": 88225, "taskId": 24, "workflowId": 3, "jobId": -1}, {"startTime": 88225, "endTime": 88966, "taskId": 24, "workflowId": 3, "jobId": -1}, {"startTime": 88966, "endTime": 89323, "taskId": 24, "workflowId": 3, "jobId": -1}, {"startTime": 89323, "endTime": 89638, "taskId": 14, "workflowId": 2, "jobId": -1}, {"startTime": 89638, "endTime": 90748, "taskId": 14, "workflowId": 2, "jobId": -1}, {"startTime": 97112, "endTime": 97836, "taskId": 9, "workflowId": -1, "jobId": 1}, {"startTime": 97836, "endTime": 101293, "taskId": 3, "workflowId": -1, "jobId": 1}, {"startTime": 101293, "endTime": 101588, "taskId": 9, "workflowId": -1, "jobId": 1}, {"startTime": 101588, "endTime": 103086, "taskId": 4, "workflowId": -1, "jobId": 1}, {"startTime": 103086, "endTime": 104068, "taskId": 4, "workflowId": -1, "jobId": 1}, {"startTime": 104068, "endTime": 105566, "taskId": 9, "workflowId": -1, "jobId": 1}, {"startTime": 122592, "endTime": 122615, "taskId": 6, "workflowId": -1, "jobId": 1}, {"startTime": 123248, "endTime": 123678, "taskId": 8, "workflowId": -1, "jobId": 2}, {"startTime": 123678, "endTime": 127395, "taskId": 1, "workflowId": -1, "jobId": 2}, {"startTime": 127395, "endTime": 129410, "taskId": 8, "workflowId": -1, "jobId": 2}, {"startTime": 149520, "endTime": 149846, "taskId": 9, "workflowId": -1, "jobId": 2}, {"startTime": 151052, "endTime": 157995, "taskId": 7, "workflowId": -1, "jobId": 4}, {"startTime": 159141, "endTime": 164302, "taskId": 11, "workflowId": -1, "jobId": 2}, {"startTime": 177277, "endTime": 179735, "taskId": 7, "workflowId": -1, "jobId": 5}, {"startTime": 179735, "endTime": 180705, "taskId": 0, "workflowId": 1, "jobId": -1}, {"startTime": 180705, "endTime": 181591, "taskId": 2, "workflowId": 1, "jobId": -1}, {"startTime": 181591, "endTime": 183255, "taskId": 3, "workflowId": 1, "jobId": -1}, {"startTime": 183255, "endTime": 183342, "taskId": 10, "workflowId": 1, "jobId": -1}, {"startTime": 183342, "endTime": 184533, "taskId": 8, "workflowId": 1, "jobId": -1}, {"startTime": 185920, "endTime": 186072, "taskId": 17, "workflowId": 1, "jobId": -1}, {"startTime": 186072, "endTime": 187155, "taskId": 15, "workflowId": 1, "jobId": -1}, {"startTime": 187155, "endTime": 188305, "taskId": 18, "workflowId": 1, "jobId": -1}, {"startTime": 188305, "endTime": 189030, "taskId": 19, "workflowId": 1, "jobId": -1}, {"startTime": 189030, "endTime": 189490, "taskId": 22, "workflowId": 1, "jobId": -1}, {"startTime": 189490, "endTime": 190824, "taskId": 23, "workflowId": 1, "jobId": -1}, {"startTime": 199032, "endTime": 199297, "taskId": 9, "workflowId": -1, "jobId": 3}, {"startTime": 200344, "endTime": 201204, "taskId": 8, "workflowId": -1, "jobId": 4}, {"startTime": 201204, "endTime": 202721, "taskId": 1, "workflowId": -1, "jobId": 4}, {"startTime": 203502, "endTime": 210445, "taskId": 7, "workflowId": -1, "jobId": 6}, {"startTime": 229727, "endTime": 232712, "taskId": 7, "workflowId": -1, "jobId": 7}, {"startTime": 232712, "endTime": 241213, "taskId": 3, "workflowId": -1, "jobId": 4}, {"startTime": 255952, "endTime": 262895, "taskId": 7, "workflowId": -1, "jobId": 8}, {"startTime": 277440, "endTime": 279352, "taskId": 8, "workflowId": -1, "jobId": 6}, {"startTime": 279352, "endTime": 287853, "taskId": 3, "workflowId": -1, "jobId": 5}, {"startTime": 308439, "endTime": 315382, "taskId": 7, "workflowId": -1, "jobId": 10}, {"startTime": 326438, "endTime": 330455, "taskId": 11, "workflowId": -1, "jobId": 5}, {"startTime": 330455, "endTime": 334496, "taskId": 3, "workflowId": -1, "jobId": 6}, {"startTime": 334636, "endTime": 341579, "taskId": 7, "workflowId": -1, "jobId": 11}, {"startTime": 356261, "endTime": 358194, "taskId": 8, "workflowId": -1, "jobId": 8}, {"startTime": 361742, "endTime": 367294, "taskId": 10, "workflowId": -1, "jobId": 6}, {"startTime": 378550, "endTime": 378772, "taskId": 11, "workflowId": -1, "jobId": 6}, {"startTime": 378772, "endTime": 381252, "taskId": 4, "workflowId": -1, "jobId": 6}, {"startTime": 385227, "endTime": 391144, "taskId": 1, "workflowId": -1, "jobId": 9}, {"startTime": 393102, "endTime": 397168, "taskId": 9, "workflowId": -1, "jobId": 7}, {"startTime": 407949, "endTime": 410593, "taskId": 5, "workflowId": -1, "jobId": 5}, {"startTime": 419308, "endTime": 419849, "taskId": 10, "workflowId": -1, "jobId": 7}, {"startTime": 433833, "endTime": 434205, "taskId": 8, "workflowId": -1, "jobId": 10}, {"startTime": 434205, "endTime": 436685, "taskId": 4, "workflowId": -1, "jobId": 7}, {"startTime": 460515, "endTime": 466432, "taskId": 1, "workflowId": -1, "jobId": 11}]}, {"frequency": 2.83, "activePower": 118, "idlePower": 56.7, "memory": 4, "allocations": [{"startTime": 44680, "endTime": 46422, "taskId": 1, "workflowId": 0, "jobId": -1}, {"startTime": 46422, "endTime": 47779, "taskId": 6, "workflowId": 0, "jobId": -1}, {"startTime": 47779, "endTime": 49067, "taskId": 7, "workflowId": 0, "jobId": -1}, {"startTime": 49067, "endTime": 49176, "taskId": 8, "workflowId": 0, "jobId": -1}, {"startTime": 49176, "endTime": 49608, "taskId": 8, "workflowId": 0, "jobId": -1}, {"startTime": 49608, "endTime": 49609, "taskId": 9, "workflowId": 0, "jobId": -1}, {"startTime": 49609, "endTime": 50337, "taskId": 13, "workflowId": 0, "jobId": -1}, {"startTime": 50337, "endTime": 50464, "taskId": 10, "workflowId": 0, "jobId": -1}, {"startTime": 50464, "endTime": 51861, "taskId": 9, "workflowId": 0, "jobId": -1}, {"startTime": 51861, "endTime": 52553, "taskId": 10, "workflowId": 0, "jobId": -1}, {"startTime": 52553, "endTime": 53281, "taskId": 10, "workflowId": 0, "jobId": -1}, {"startTime": 53281, "endTime": 53282, "taskId": 5, "workflowId": 0, "jobId": -1}, {"startTime": 53282, "endTime": 53914, "taskId": 14, "workflowId": 0, "jobId": -1}, {"startTime": 53914, "endTime": 54280, "taskId": 18, "workflowId": 0, "jobId": -1}, {"startTime": 54280, "endTime": 55033, "taskId": 18, "workflowId": 0, "jobId": -1}, {"startTime": 55033, "endTime": 55663, "taskId": 18, "workflowId": 0, "jobId": -1}, {"startTime": 55663, "endTime": 55664, "taskId": 2, "workflowId": 3, "jobId": -1}, {"startTime": 55664, "endTime": 56504, "taskId": 7, "workflowId": -1, "jobId": 0}, {"startTime": 56504, "endTime": 57578, "taskId": 7, "workflowId": -1, "jobId": 0}, {"startTime": 57578, "endTime": 57677, "taskId": 7, "workflowId": -1, "jobId": 0}, {"startTime": 57677, "endTime": 58965, "taskId": 3, "workflowId": -1, "jobId": 0}, {"startTime": 58965, "endTime": 61445, "taskId": 4, "workflowId": -1, "jobId": 0}, {"startTime": 61445, "endTime": 62074, "taskId": 1, "workflowId": 3, "jobId": -1}, {"startTime": 62074, "endTime": 62713, "taskId": 8, "workflowId": -1, "jobId": 0}, {"startTime": 62713, "endTime": 63359, "taskId": 8, "workflowId": -1, "jobId": 0}, {"startTime": 63359, "endTime": 63757, "taskId": 8, "workflowId": -1, "jobId": 0}, {"startTime": 63757, "endTime": 64102, "taskId": 8, "workflowId": -1, "jobId": 0}, {"startTime": 64102, "endTime": 65255, "taskId": 8, "workflowId": -1, "jobId": 0}, {"startTime": 65255, "endTime": 66502, "taskId": 10, "workflowId": 3, "jobId": -1}, {"startTime": 66502, "endTime": 68234, "taskId": 13, "workflowId": 3, "jobId": -1}, {"startTime": 68234, "endTime": 69848, "taskId": 11, "workflowId": 3, "jobId": -1}, {"startTime": 69848, "endTime": 70440, "taskId": 15, "workflowId": 3, "jobId": -1}, {"startTime": 70440, "endTime": 71144, "taskId": 14, "workflowId": 3, "jobId": -1}, {"startTime": 71144, "endTime": 71632, "taskId": 16, "workflowId": 3, "jobId": -1}, {"startTime": 71632, "endTime": 71994, "taskId": 6, "workflowId": -1, "jobId": 0}, {"startTime": 71994, "endTime": 73532, "taskId": 11, "workflowId": -1, "jobId": 0}, {"startTime": 73532, "endTime": 74021, "taskId": 6, "workflowId": -1, "jobId": 0}, {"startTime": 74021, "endTime": 74823, "taskId": 6, "workflowId": -1, "jobId": 0}, {"startTime": 74823, "endTime": 76523, "taskId": 6, "workflowId": -1, "jobId": 0}, {"startTime": 76523, "endTime": 77697, "taskId": 6, "workflowId": 2, "jobId": -1}, {"startTime": 77697, "endTime": 78131, "taskId": 7, "workflowId": 2, "jobId": -1}, {"startTime": 78131, "endTime": 78719, "taskId": 10, "workflowId": 2, "jobId": -1}, {"startTime": 78719, "endTime": 79893, "taskId": 6, "workflowId": -1, "jobId": 0}, {"startTime": 79893, "endTime": 80220, "taskId": 10, "workflowId": 2, "jobId": -1}, {"startTime": 80220, "endTime": 81022, "taskId": 16, "workflowId": 3, "jobId": -1}, {"startTime": 81022, "endTime": 81096, "taskId": 16, "workflowId": 2, "jobId": -1}, {"startTime": 81096, "endTime": 82540, "taskId": 16, "workflowId": 2, "jobId": -1}, {"startTime": 82540, "endTime": 82592, "taskId": 21, "workflowId": 3, "jobId": -1}, {"startTime": 82592, "endTime": 82768, "taskId": 21, "workflowId": 3, "jobId": -1}, {"startTime": 82768, "endTime": 84280, "taskId": 21, "workflowId": 3, "jobId": -1}, {"startTime": 84280, "endTime": 84286, "taskId": 2, "workflowId": 2, "jobId": -1}, {"startTime": 84286, "endTime": 85783, "taskId": 2, "workflowId": 2, "jobId": -1}, {"startTime": 85783, "endTime": 85850, "taskId": 2, "workflowId": 2, "jobId": -1}, {"startTime": 85850, "endTime": 85934, "taskId": 19, "workflowId": 2, "jobId": -1}, {"startTime": 85934, "endTime": 86030, "taskId": 19, "workflowId": 2, "jobId": -1}, {"startTime": 86030, "endTime": 87161, "taskId": 19, "workflowId": 2, "jobId": -1}, {"startTime": 87161, "endTime": 87275, "taskId": 23, "workflowId": 3, "jobId": -1}, {"startTime": 87275, "endTime": 88448, "taskId": 23, "workflowId": 3, "jobId": -1}, {"startTime": 88448, "endTime": 88778, "taskId": 5, "workflowId": 2, "jobId": -1}, {"startTime": 88778, "endTime": 89491, "taskId": 5, "workflowId": 2, "jobId": -1}, {"startTime": 89491, "endTime": 89728, "taskId": 5, "workflowId": 2, "jobId": -1}, {"startTime": 89728, "endTime": 90555, "taskId": 21, "workflowId": 2, "jobId": -1}, {"startTime": 90555, "endTime": 91114, "taskId": 15, "workflowId": 2, "jobId": -1}, {"startTime": 97836, "endTime": 98602, "taskId": 9, "workflowId": -1, "jobId": 1}, {"startTime": 98602, "endTime": 105545, "taskId": 7, "workflowId": -1, "jobId": 2}, {"startTime": 105545, "endTime": 112899, "taskId": 11, "workflowId": -1, "jobId": 1}, {"startTime": 123678, "endTime": 124827, "taskId": 8, "workflowId": -1, "jobId": 2}, {"startTime": 124827, "endTime": 131770, "taskId": 7, "workflowId": -1, "jobId": 3}, {"startTime": 151304, "endTime": 156856, "taskId": 10, "workflowId": -1, "jobId": 2}, {"startTime": 179735, "endTime": 180705, "taskId": 7, "workflowId": -1, "jobId": 5}, {"startTime": 180705, "endTime": 181778, "taskId": 1, "workflowId": 1, "jobId": -1}, {"startTime": 181778, "endTime": 182522, "taskId": 7, "workflowId": 1, "jobId": -1}, {"startTime": 182522, "endTime": 182653, "taskId": 7, "workflowId": 1, "jobId": -1}, {"startTime": 182653, "endTime": 183380, "taskId": 6, "workflowId": 1, "jobId": -1}, {"startTime": 183380, "endTime": 183931, "taskId": 12, "workflowId": 1, "jobId": -1}, {"startTime": 185920, "endTime": 186072, "taskId": 16, "workflowId": 1, "jobId": -1}, {"startTime": 186072, "endTime": 187353, "taskId": 17, "workflowId": 1, "jobId": -1}, {"startTime": 187353, "endTime": 188305, "taskId": 7, "workflowId": -1, "jobId": 5}, {"startTime": 188305, "endTime": 189242, "taskId": 21, "workflowId": 1, "jobId": -1}, {"startTime": 189242, "endTime": 189623, "taskId": 7, "workflowId": -1, "jobId": 5}, {"startTime": 189623, "endTime": 195694, "taskId": 6, "workflowId": -1, "jobId": 2}, {"startTime": 201204, "endTime": 203938, "taskId": 8, "workflowId": -1, "jobId": 4}, {"startTime": 203938, "endTime": 209490, "taskId": 10, "workflowId": -1, "jobId": 3}, {"startTime": 232712, "endTime": 236670, "taskId": 7, "workflowId": -1, "jobId": 7}, {"startTime": 256456, "endTime": 262008, "taskId": 10, "workflowId": -1, "jobId": 4}, {"startTime": 279352, "endTime": 281034, "taskId": 8, "workflowId": -1, "jobId": 6}, {"startTime": 282177, "endTime": 289120, "taskId": 7, "workflowId": -1, "jobId": 9}, {"startTime": 309067, "endTime": 314619, "taskId": 10, "workflowId": -1, "jobId": 5}, {"startTime": 327285, "endTime": 330455, "taskId": 6, "workflowId": -1, "jobId": 4}, {"startTime": 330455, "endTime": 330555, "taskId": 11, "workflowId": -1, "jobId": 5}, {"startTime": 330555, "endTime": 333581, "taskId": 6, "workflowId": -1, "jobId": 4}, {"startTime": 378772, "endTime": 385904, "taskId": 11, "workflowId": -1, "jobId": 6}, {"startTime": 433964, "endTime": 434205, "taskId": 11, "workflowId": -1, "jobId": 7}, {"startTime": 434205, "endTime": 435324, "taskId": 8, "workflowId": -1, "jobId": 10}, {"startTime": 435324, "endTime": 442437, "taskId": 11, "workflowId": -1, "jobId": 7}]}]