[{"frequency": 1.5, "activePower": 8, "idlePower": 2.7, "memory": 2, "allocations": [{"startTime": 58798, "endTime": 60724, "taskId": 0, "workflowId": 0, "jobId": -1}, {"startTime": 60724, "endTime": 62538, "taskId": 2, "workflowId": 0, "jobId": -1}, {"startTime": 62538, "endTime": 63339, "taskId": 6, "workflowId": 0, "jobId": -1}, {"startTime": 63339, "endTime": 64821, "taskId": 3, "workflowId": 0, "jobId": -1}, {"startTime": 64821, "endTime": 66315, "taskId": 5, "workflowId": 0, "jobId": -1}, {"startTime": 66315, "endTime": 67837, "taskId": 4, "workflowId": 1, "jobId": -1}, {"startTime": 67837, "endTime": 68028, "taskId": 4, "workflowId": 1, "jobId": -1}, {"startTime": 68028, "endTime": 68870, "taskId": 5, "workflowId": 0, "jobId": -1}, {"startTime": 68870, "endTime": 68871, "taskId": 5, "workflowId": 0, "jobId": -1}, {"startTime": 68871, "endTime": 69550, "taskId": 6, "workflowId": 1, "jobId": -1}, {"startTime": 69550, "endTime": 69615, "taskId": 6, "workflowId": 1, "jobId": -1}, {"startTime": 69615, "endTime": 69631, "taskId": 6, "workflowId": 1, "jobId": -1}, {"startTime": 69631, "endTime": 69632, "taskId": 6, "workflowId": 1, "jobId": -1}, {"startTime": 69632, "endTime": 69867, "taskId": 6, "workflowId": 1, "jobId": -1}, {"startTime": 69867, "endTime": 69868, "taskId": 13, "workflowId": 0, "jobId": -1}, {"startTime": 69868, "endTime": 70458, "taskId": 9, "workflowId": 1, "jobId": -1}, {"startTime": 70458, "endTime": 70734, "taskId": 9, "workflowId": 1, "jobId": -1}, {"startTime": 70734, "endTime": 70735, "taskId": 13, "workflowId": 0, "jobId": -1}, {"startTime": 70735, "endTime": 70889, "taskId": 4, "workflowId": 0, "jobId": -1}, {"startTime": 70889, "endTime": 71218, "taskId": 7, "workflowId": 1, "jobId": -1}, {"startTime": 71218, "endTime": 72573, "taskId": 7, "workflowId": 1, "jobId": -1}, {"startTime": 72573, "endTime": 72903, "taskId": 12, "workflowId": 1, "jobId": -1}, {"startTime": 72903, "endTime": 73493, "taskId": 12, "workflowId": 1, "jobId": -1}, {"startTime": 73493, "endTime": 73494, "taskId": 12, "workflowId": 1, "jobId": -1}, {"startTime": 73494, "endTime": 74662, "taskId": 12, "workflowId": 1, "jobId": -1}, {"startTime": 74662, "endTime": 75045, "taskId": 14, "workflowId": 1, "jobId": -1}, {"startTime": 75045, "endTime": 75283, "taskId": 14, "workflowId": 1, "jobId": -1}, {"startTime": 75283, "endTime": 75904, "taskId": 14, "workflowId": 1, "jobId": -1}, {"startTime": 75904, "endTime": 75914, "taskId": 14, "workflowId": 1, "jobId": -1}, {"startTime": 75914, "endTime": 76275, "taskId": 14, "workflowId": 1, "jobId": -1}, {"startTime": 76275, "endTime": 76512, "taskId": 13, "workflowId": 0, "jobId": -1}, {"startTime": 76512, "endTime": 78943, "taskId": 15, "workflowId": 1, "jobId": -1}, {"startTime": 78943, "endTime": 79023, "taskId": 18, "workflowId": 1, "jobId": -1}, {"startTime": 79023, "endTime": 79429, "taskId": 12, "workflowId": 0, "jobId": -1}, {"startTime": 79429, "endTime": 80746, "taskId": 12, "workflowId": 0, "jobId": -1}, {"startTime": 80746, "endTime": 81052, "taskId": 18, "workflowId": 1, "jobId": -1}, {"startTime": 81052, "endTime": 82362, "taskId": 7, "workflowId": 0, "jobId": -1}, {"startTime": 82362, "endTime": 82944, "taskId": 14, "workflowId": 0, "jobId": -1}, {"startTime": 82944, "endTime": 83616, "taskId": 14, "workflowId": 0, "jobId": -1}, {"startTime": 83616, "endTime": 83789, "taskId": 11, "workflowId": 0, "jobId": -1}, {"startTime": 83789, "endTime": 83894, "taskId": 9, "workflowId": 0, "jobId": -1}, {"startTime": 83894, "endTime": 84153, "taskId": 9, "workflowId": 0, "jobId": -1}, {"startTime": 84153, "endTime": 84439, "taskId": 9, "workflowId": 0, "jobId": -1}, {"startTime": 84439, "endTime": 85028, "taskId": 9, "workflowId": 0, "jobId": -1}, {"startTime": 85028, "endTime": 85070, "taskId": 9, "workflowId": 0, "jobId": -1}, {"startTime": 85070, "endTime": 86526, "taskId": 9, "workflowId": 0, "jobId": -1}, {"startTime": 86526, "endTime": 86565, "taskId": 11, "workflowId": 0, "jobId": -1}, {"startTime": 86565, "endTime": 87144, "taskId": 11, "workflowId": 0, "jobId": -1}, {"startTime": 87144, "endTime": 87377, "taskId": 11, "workflowId": 0, "jobId": -1}, {"startTime": 87377, "endTime": 88534, "taskId": 15, "workflowId": 0, "jobId": -1}, {"startTime": 88534, "endTime": 88691, "taskId": 15, "workflowId": 0, "jobId": -1}, {"startTime": 88691, "endTime": 88956, "taskId": 15, "workflowId": 0, "jobId": -1}, {"startTime": 88956, "endTime": 89017, "taskId": 15, "workflowId": 0, "jobId": -1}, {"startTime": 89017, "endTime": 89331, "taskId": 15, "workflowId": 0, "jobId": -1}, {"startTime": 89331, "endTime": 89461, "taskId": 17, "workflowId": 0, "jobId": -1}, {"startTime": 89461, "endTime": 89902, "taskId": 17, "workflowId": 0, "jobId": -1}, {"startTime": 89902, "endTime": 91129, "taskId": 23, "workflowId": 1, "jobId": -1}, {"startTime": 91129, "endTime": 91282, "taskId": 10, "workflowId": 1, "jobId": -1}, {"startTime": 91282, "endTime": 92062, "taskId": 20, "workflowId": 0, "jobId": -1}, {"startTime": 92062, "endTime": 92192, "taskId": 20, "workflowId": 0, "jobId": -1}, {"startTime": 92192, "endTime": 92500, "taskId": 25, "workflowId": 1, "jobId": -1}, {"startTime": 92500, "endTime": 92532, "taskId": 25, "workflowId": 1, "jobId": -1}, {"startTime": 92532, "endTime": 92574, "taskId": 25, "workflowId": 1, "jobId": -1}, {"startTime": 92574, "endTime": 92748, "taskId": 25, "workflowId": 1, "jobId": -1}, {"startTime": 92748, "endTime": 92806, "taskId": 25, "workflowId": 1, "jobId": -1}, {"startTime": 92806, "endTime": 92941, "taskId": 25, "workflowId": 1, "jobId": -1}, {"startTime": 92941, "endTime": 93658, "taskId": 25, "workflowId": 1, "jobId": -1}, {"startTime": 93658, "endTime": 93833, "taskId": 10, "workflowId": 1, "jobId": -1}, {"startTime": 93833, "endTime": 93904, "taskId": 22, "workflowId": 1, "jobId": -1}, {"startTime": 93904, "endTime": 94452, "taskId": 22, "workflowId": 1, "jobId": -1}, {"startTime": 94452, "endTime": 96455, "taskId": 22, "workflowId": 1, "jobId": -1}, {"startTime": 96455, "endTime": 96467, "taskId": 23, "workflowId": 0, "jobId": -1}, {"startTime": 96467, "endTime": 96575, "taskId": 23, "workflowId": 0, "jobId": -1}, {"startTime": 96575, "endTime": 96576, "taskId": 23, "workflowId": 0, "jobId": -1}, {"startTime": 96576, "endTime": 96578, "taskId": 17, "workflowId": 1, "jobId": -1}, {"startTime": 96578, "endTime": 97148, "taskId": 16, "workflowId": 0, "jobId": -1}, {"startTime": 97148, "endTime": 97730, "taskId": 16, "workflowId": 0, "jobId": -1}, {"startTime": 97730, "endTime": 98700, "taskId": 23, "workflowId": 0, "jobId": -1}, {"startTime": 98700, "endTime": 99299, "taskId": 23, "workflowId": 0, "jobId": -1}, {"startTime": 99299, "endTime": 99527, "taskId": 23, "workflowId": 0, "jobId": -1}, {"startTime": 99527, "endTime": 100307, "taskId": 18, "workflowId": 0, "jobId": -1}, {"startTime": 100307, "endTime": 101278, "taskId": 1, "workflowId": 1, "jobId": -1}, {"startTime": 101278, "endTime": 102061, "taskId": 28, "workflowId": 1, "jobId": -1}, {"startTime": 102061, "endTime": 102266, "taskId": 28, "workflowId": 1, "jobId": -1}, {"startTime": 102266, "endTime": 102536, "taskId": 27, "workflowId": 0, "jobId": -1}, {"startTime": 102536, "endTime": 102922, "taskId": 27, "workflowId": 0, "jobId": -1}, {"startTime": 102922, "endTime": 104676, "taskId": 27, "workflowId": 0, "jobId": -1}, {"startTime": 104676, "endTime": 104809, "taskId": 27, "workflowId": 0, "jobId": -1}, {"startTime": 104809, "endTime": 105032, "taskId": 27, "workflowId": 0, "jobId": -1}, {"startTime": 105032, "endTime": 105168, "taskId": 1, "workflowId": 1, "jobId": -1}, {"startTime": 105168, "endTime": 105622, "taskId": 1, "workflowId": 1, "jobId": -1}, {"startTime": 105622, "endTime": 105904, "taskId": 1, "workflowId": 1, "jobId": -1}, {"startTime": 105904, "endTime": 105931, "taskId": 1, "workflowId": 1, "jobId": -1}, {"startTime": 105931, "endTime": 106473, "taskId": 30, "workflowId": 0, "jobId": -1}, {"startTime": 106473, "endTime": 107504, "taskId": 28, "workflowId": 0, "jobId": -1}, {"startTime": 107504, "endTime": 107797, "taskId": 30, "workflowId": 0, "jobId": -1}, {"startTime": 107797, "endTime": 107840, "taskId": 30, "workflowId": 0, "jobId": -1}, {"startTime": 107840, "endTime": 108712, "taskId": 30, "workflowId": 0, "jobId": -1}, {"startTime": 108712, "endTime": 108718, "taskId": 30, "workflowId": 0, "jobId": -1}, {"startTime": 108718, "endTime": 109001, "taskId": 29, "workflowId": 1, "jobId": -1}, {"startTime": 109001, "endTime": 109631, "taskId": 29, "workflowId": 1, "jobId": -1}, {"startTime": 109631, "endTime": 110050, "taskId": 29, "workflowId": 1, "jobId": -1}, {"startTime": 110050, "endTime": 110230, "taskId": 29, "workflowId": 1, "jobId": -1}, {"startTime": 110230, "endTime": 110318, "taskId": 8, "workflowId": 1, "jobId": -1}, {"startTime": 110318, "endTime": 110804, "taskId": 8, "workflowId": 1, "jobId": -1}, {"startTime": 110804, "endTime": 111434, "taskId": 8, "workflowId": 1, "jobId": -1}, {"startTime": 111434, "endTime": 111436, "taskId": 8, "workflowId": 1, "jobId": -1}, {"startTime": 111436, "endTime": 111562, "taskId": 8, "workflowId": 1, "jobId": -1}, {"startTime": 111562, "endTime": 112440, "taskId": 31, "workflowId": 1, "jobId": -1}, {"startTime": 112440, "endTime": 113066, "taskId": 31, "workflowId": 1, "jobId": -1}, {"startTime": 113066, "endTime": 113701, "taskId": 31, "workflowId": 1, "jobId": -1}, {"startTime": 113701, "endTime": 113827, "taskId": 31, "workflowId": 1, "jobId": -1}, {"startTime": 113827, "endTime": 114581, "taskId": 32, "workflowId": 1, "jobId": -1}, {"startTime": 114581, "endTime": 115611, "taskId": 3, "workflowId": 1, "jobId": -1}, {"startTime": 115611, "endTime": 115690, "taskId": 16, "workflowId": 1, "jobId": -1}, {"startTime": 115690, "endTime": 116572, "taskId": 16, "workflowId": 1, "jobId": -1}, {"startTime": 117987, "endTime": 119186, "taskId": 30, "workflowId": 3, "jobId": -1}, {"startTime": 119186, "endTime": 121348, "taskId": 23, "workflowId": 2, "jobId": -1}, {"startTime": 127132, "endTime": 129219, "taskId": 27, "workflowId": 2, "jobId": -1}]}, {"frequency": 1.5, "activePower": 8, "idlePower": 2.7, "memory": 2, "allocations": [{"startTime": 25298, "endTime": 40853, "taskId": 3, "workflowId": -1, "jobId": 0}, {"startTime": 40853, "endTime": 53389, "taskId": 5, "workflowId": -1, "jobId": 0}, {"startTime": 53389, "endTime": 56084, "taskId": 5, "workflowId": -1, "jobId": 0}, {"startTime": 56084, "endTime": 68994, "taskId": 0, "workflowId": -1, "jobId": 0}, {"startTime": 68994, "endTime": 81530, "taskId": 7, "workflowId": -1, "jobId": 0}, {"startTime": 81530, "endTime": 97085, "taskId": 3, "workflowId": -1, "jobId": 1}, {"startTime": 97085, "endTime": 112325, "taskId": 5, "workflowId": -1, "jobId": 1}, {"startTime": 112325, "endTime": 123194, "taskId": 4, "workflowId": -1, "jobId": 1}, {"startTime": 123194, "endTime": 139307, "taskId": 6, "workflowId": -1, "jobId": 1}, {"startTime": 139307, "endTime": 151843, "taskId": 7, "workflowId": -1, "jobId": 1}, {"startTime": 151843, "endTime": 167083, "taskId": 5, "workflowId": -1, "jobId": 2}, {"startTime": 167083, "endTime": 177952, "taskId": 4, "workflowId": -1, "jobId": 2}, {"startTime": 177952, "endTime": 190862, "taskId": 0, "workflowId": -1, "jobId": 2}, {"startTime": 190862, "endTime": 203398, "taskId": 6, "workflowId": -1, "jobId": 2}, {"startTime": 203398, "endTime": 206975, "taskId": 6, "workflowId": -1, "jobId": 2}, {"startTime": 206975, "endTime": 219511, "taskId": 7, "workflowId": -1, "jobId": 2}, {"startTime": 219511, "endTime": 234253, "taskId": 2, "workflowId": -1, "jobId": 3}, {"startTime": 234253, "endTime": 245122, "taskId": 4, "workflowId": -1, "jobId": 3}, {"startTime": 245122, "endTime": 258032, "taskId": 0, "workflowId": -1, "jobId": 3}, {"startTime": 258032, "endTime": 274145, "taskId": 6, "workflowId": -1, "jobId": 3}, {"startTime": 274145, "endTime": 286681, "taskId": 7, "workflowId": -1, "jobId": 3}, {"startTime": 286681, "endTime": 302681, "taskId": 1, "workflowId": -1, "jobId": 5}, {"startTime": 302681, "endTime": 317921, "taskId": 5, "workflowId": -1, "jobId": 5}, {"startTime": 317921, "endTime": 333476, "taskId": 3, "workflowId": -1, "jobId": 6}, {"startTime": 333476, "endTime": 349476, "taskId": 1, "workflowId": -1, "jobId": 6}, {"startTime": 349476, "endTime": 362012, "taskId": 7, "workflowId": -1, "jobId": 4}, {"startTime": 362012, "endTime": 377252, "taskId": 5, "workflowId": -1, "jobId": 6}, {"startTime": 377252, "endTime": 390162, "taskId": 0, "workflowId": -1, "jobId": 5}, {"startTime": 390162, "endTime": 406275, "taskId": 6, "workflowId": -1, "jobId": 5}, {"startTime": 406275, "endTime": 421515, "taskId": 5, "workflowId": -1, "jobId": 7}, {"startTime": 421515, "endTime": 432384, "taskId": 4, "workflowId": -1, "jobId": 6}, {"startTime": 432384, "endTime": 448384, "taskId": 1, "workflowId": -1, "jobId": 8}, {"startTime": 448384, "endTime": 464497, "taskId": 6, "workflowId": -1, "jobId": 6}, {"startTime": 464497, "endTime": 479737, "taskId": 5, "workflowId": -1, "jobId": 8}, {"startTime": 479737, "endTime": 490606, "taskId": 4, "workflowId": -1, "jobId": 7}, {"startTime": 490606, "endTime": 503142, "taskId": 7, "workflowId": -1, "jobId": 6}, {"startTime": 503142, "endTime": 516052, "taskId": 0, "workflowId": -1, "jobId": 7}, {"startTime": 516052, "endTime": 531292, "taskId": 5, "workflowId": -1, "jobId": 9}, {"startTime": 531292, "endTime": 547292, "taskId": 1, "workflowId": -1, "jobId": 10}, {"startTime": 547292, "endTime": 562847, "taskId": 3, "workflowId": -1, "jobId": 11}, {"startTime": 562847, "endTime": 578087, "taskId": 5, "workflowId": -1, "jobId": 10}, {"startTime": 578087, "endTime": 590997, "taskId": 0, "workflowId": -1, "jobId": 8}, {"startTime": 590997, "endTime": 607110, "taskId": 6, "workflowId": -1, "jobId": 8}, {"startTime": 607110, "endTime": 617979, "taskId": 4, "workflowId": -1, "jobId": 9}, {"startTime": 617979, "endTime": 632721, "taskId": 2, "workflowId": -1, "jobId": 10}, {"startTime": 632721, "endTime": 645257, "taskId": 7, "workflowId": -1, "jobId": 8}, {"startTime": 645257, "endTime": 660812, "taskId": 3, "workflowId": -1, "jobId": 13}, {"startTime": 660812, "endTime": 671681, "taskId": 4, "workflowId": -1, "jobId": 10}, {"startTime": 671681, "endTime": 686921, "taskId": 5, "workflowId": -1, "jobId": 12}, {"startTime": 686921, "endTime": 701663, "taskId": 2, "workflowId": -1, "jobId": 11}, {"startTime": 701663, "endTime": 714199, "taskId": 7, "workflowId": -1, "jobId": 9}, {"startTime": 714199, "endTime": 730312, "taskId": 6, "workflowId": -1, "jobId": 10}, {"startTime": 730312, "endTime": 746312, "taskId": 1, "workflowId": -1, "jobId": 14}, {"startTime": 746312, "endTime": 761054, "taskId": 2, "workflowId": -1, "jobId": 12}, {"startTime": 761054, "endTime": 773590, "taskId": 7, "workflowId": -1, "jobId": 10}, {"startTime": 773590, "endTime": 784459, "taskId": 1, "workflowId": -1, "jobId": 15}, {"startTime": 784459, "endTime": 789590, "taskId": 1, "workflowId": -1, "jobId": 15}, {"startTime": 789590, "endTime": 805703, "taskId": 6, "workflowId": -1, "jobId": 11}, {"startTime": 805703, "endTime": 820445, "taskId": 2, "workflowId": -1, "jobId": 13}, {"startTime": 820445, "endTime": 835685, "taskId": 5, "workflowId": -1, "jobId": 15}, {"startTime": 835685, "endTime": 848595, "taskId": 0, "workflowId": -1, "jobId": 12}, {"startTime": 848595, "endTime": 861131, "taskId": 7, "workflowId": -1, "jobId": 11}]}, {"frequency": 1.5, "activePower": 8, "idlePower": 2.7, "memory": 2, "allocations": [{"startTime": 60725, "endTime": 63339, "taskId": 1, "workflowId": 0, "jobId": -1}, {"startTime": 63339, "endTime": 63341, "taskId": 5, "workflowId": 0, "jobId": -1}, {"startTime": 63341, "endTime": 65410, "taskId": 6, "workflowId": 0, "jobId": -1}, {"startTime": 65410, "endTime": 66316, "taskId": 4, "workflowId": 0, "jobId": -1}, {"startTime": 66316, "endTime": 67838, "taskId": 2, "workflowId": 1, "jobId": -1}, {"startTime": 67838, "endTime": 67903, "taskId": 2, "workflowId": 1, "jobId": -1}, {"startTime": 67903, "endTime": 68871, "taskId": 2, "workflowId": 1, "jobId": -1}, {"startTime": 68871, "endTime": 68872, "taskId": 4, "workflowId": 0, "jobId": -1}, {"startTime": 68872, "endTime": 69457, "taskId": 5, "workflowId": 0, "jobId": -1}, {"startTime": 69457, "endTime": 69551, "taskId": 5, "workflowId": 0, "jobId": -1}, {"startTime": 69551, "endTime": 69632, "taskId": 8, "workflowId": 0, "jobId": -1}, {"startTime": 69632, "endTime": 70734, "taskId": 4, "workflowId": 0, "jobId": -1}, {"startTime": 70734, "endTime": 71218, "taskId": 11, "workflowId": 1, "jobId": -1}, {"startTime": 71218, "endTime": 71754, "taskId": 11, "workflowId": 1, "jobId": -1}, {"startTime": 71754, "endTime": 71858, "taskId": 11, "workflowId": 1, "jobId": -1}, {"startTime": 71858, "endTime": 72012, "taskId": 11, "workflowId": 1, "jobId": -1}, {"startTime": 72012, "endTime": 72888, "taskId": 11, "workflowId": 1, "jobId": -1}, {"startTime": 72888, "endTime": 73218, "taskId": 4, "workflowId": 0, "jobId": -1}, {"startTime": 73218, "endTime": 73467, "taskId": 13, "workflowId": 0, "jobId": -1}, {"startTime": 73467, "endTime": 73484, "taskId": 8, "workflowId": 0, "jobId": -1}, {"startTime": 73484, "endTime": 75180, "taskId": 8, "workflowId": 0, "jobId": -1}, {"startTime": 75180, "endTime": 75209, "taskId": 13, "workflowId": 1, "jobId": -1}, {"startTime": 75209, "endTime": 75681, "taskId": 13, "workflowId": 1, "jobId": -1}, {"startTime": 75681, "endTime": 75770, "taskId": 13, "workflowId": 1, "jobId": -1}, {"startTime": 75770, "endTime": 76512, "taskId": 13, "workflowId": 1, "jobId": -1}, {"startTime": 76512, "endTime": 77130, "taskId": 13, "workflowId": 1, "jobId": -1}, {"startTime": 77130, "endTime": 77769, "taskId": 13, "workflowId": 0, "jobId": -1}, {"startTime": 77769, "endTime": 78196, "taskId": 13, "workflowId": 0, "jobId": -1}, {"startTime": 78196, "endTime": 78207, "taskId": 20, "workflowId": 1, "jobId": -1}, {"startTime": 78207, "endTime": 78716, "taskId": 20, "workflowId": 1, "jobId": -1}, {"startTime": 78716, "endTime": 78794, "taskId": 20, "workflowId": 1, "jobId": -1}, {"startTime": 78794, "endTime": 79023, "taskId": 20, "workflowId": 1, "jobId": -1}, {"startTime": 79023, "endTime": 79514, "taskId": 20, "workflowId": 1, "jobId": -1}, {"startTime": 79514, "endTime": 79753, "taskId": 10, "workflowId": 0, "jobId": -1}, {"startTime": 79753, "endTime": 80774, "taskId": 10, "workflowId": 0, "jobId": -1}, {"startTime": 80774, "endTime": 81052, "taskId": 10, "workflowId": 0, "jobId": -1}, {"startTime": 81052, "endTime": 81060, "taskId": 10, "workflowId": 0, "jobId": -1}, {"startTime": 81060, "endTime": 81399, "taskId": 18, "workflowId": 1, "jobId": -1}, {"startTime": 81399, "endTime": 82878, "taskId": 18, "workflowId": 1, "jobId": -1}, {"startTime": 82878, "endTime": 83789, "taskId": 19, "workflowId": 1, "jobId": -1}, {"startTime": 83789, "endTime": 84813, "taskId": 19, "workflowId": 1, "jobId": -1}, {"startTime": 84813, "endTime": 85123, "taskId": 19, "workflowId": 1, "jobId": -1}, {"startTime": 85123, "endTime": 85450, "taskId": 19, "workflowId": 1, "jobId": -1}, {"startTime": 85450, "endTime": 85469, "taskId": 21, "workflowId": 1, "jobId": -1}, {"startTime": 85469, "endTime": 85663, "taskId": 21, "workflowId": 1, "jobId": -1}, {"startTime": 85663, "endTime": 86474, "taskId": 21, "workflowId": 1, "jobId": -1}, {"startTime": 86474, "endTime": 86565, "taskId": 21, "workflowId": 1, "jobId": -1}, {"startTime": 86565, "endTime": 86672, "taskId": 21, "workflowId": 1, "jobId": -1}, {"startTime": 86672, "endTime": 86872, "taskId": 21, "workflowId": 0, "jobId": -1}, {"startTime": 86872, "endTime": 86965, "taskId": 21, "workflowId": 0, "jobId": -1}, {"startTime": 86965, "endTime": 87729, "taskId": 21, "workflowId": 0, "jobId": -1}, {"startTime": 87729, "endTime": 88626, "taskId": 19, "workflowId": 0, "jobId": -1}, {"startTime": 88626, "endTime": 88798, "taskId": 19, "workflowId": 0, "jobId": -1}, {"startTime": 88798, "endTime": 88889, "taskId": 19, "workflowId": 0, "jobId": -1}, {"startTime": 88889, "endTime": 88956, "taskId": 22, "workflowId": 0, "jobId": -1}, {"startTime": 88956, "endTime": 89017, "taskId": 23, "workflowId": 1, "jobId": -1}, {"startTime": 89017, "endTime": 89197, "taskId": 23, "workflowId": 1, "jobId": -1}, {"startTime": 89197, "endTime": 89783, "taskId": 23, "workflowId": 1, "jobId": -1}, {"startTime": 89783, "endTime": 89853, "taskId": 23, "workflowId": 1, "jobId": -1}, {"startTime": 89853, "endTime": 89902, "taskId": 23, "workflowId": 1, "jobId": -1}, {"startTime": 89902, "endTime": 89952, "taskId": 17, "workflowId": 0, "jobId": -1}, {"startTime": 89952, "endTime": 90351, "taskId": 17, "workflowId": 0, "jobId": -1}, {"startTime": 90351, "endTime": 90354, "taskId": 17, "workflowId": 0, "jobId": -1}, {"startTime": 90354, "endTime": 90671, "taskId": 17, "workflowId": 0, "jobId": -1}, {"startTime": 90671, "endTime": 90710, "taskId": 17, "workflowId": 0, "jobId": -1}, {"startTime": 90710, "endTime": 90979, "taskId": 17, "workflowId": 0, "jobId": -1}, {"startTime": 90979, "endTime": 91282, "taskId": 17, "workflowId": 0, "jobId": -1}, {"startTime": 91282, "endTime": 91370, "taskId": 24, "workflowId": 1, "jobId": -1}, {"startTime": 91370, "endTime": 92192, "taskId": 25, "workflowId": 1, "jobId": -1}, {"startTime": 92192, "endTime": 92526, "taskId": 20, "workflowId": 0, "jobId": -1}, {"startTime": 92526, "endTime": 92796, "taskId": 22, "workflowId": 1, "jobId": -1}, {"startTime": 92796, "endTime": 92941, "taskId": 22, "workflowId": 1, "jobId": -1}, {"startTime": 92941, "endTime": 93221, "taskId": 20, "workflowId": 0, "jobId": -1}, {"startTime": 93221, "endTime": 93241, "taskId": 24, "workflowId": 1, "jobId": -1}, {"startTime": 93241, "endTime": 93250, "taskId": 24, "workflowId": 1, "jobId": -1}, {"startTime": 93250, "endTime": 93721, "taskId": 24, "workflowId": 1, "jobId": -1}, {"startTime": 93721, "endTime": 93904, "taskId": 24, "workflowId": 1, "jobId": -1}, {"startTime": 93904, "endTime": 94025, "taskId": 24, "workflowId": 1, "jobId": -1}, {"startTime": 94025, "endTime": 94640, "taskId": 22, "workflowId": 0, "jobId": -1}, {"startTime": 94640, "endTime": 95054, "taskId": 22, "workflowId": 0, "jobId": -1}, {"startTime": 95054, "endTime": 95423, "taskId": 22, "workflowId": 0, "jobId": -1}, {"startTime": 95423, "endTime": 96209, "taskId": 27, "workflowId": 1, "jobId": -1}, {"startTime": 96209, "endTime": 96467, "taskId": 27, "workflowId": 1, "jobId": -1}, {"startTime": 96467, "endTime": 96474, "taskId": 27, "workflowId": 1, "jobId": -1}, {"startTime": 96474, "endTime": 96530, "taskId": 27, "workflowId": 1, "jobId": -1}, {"startTime": 96530, "endTime": 96575, "taskId": 26, "workflowId": 1, "jobId": -1}, {"startTime": 96575, "endTime": 96578, "taskId": 16, "workflowId": 0, "jobId": -1}, {"startTime": 96578, "endTime": 97148, "taskId": 17, "workflowId": 1, "jobId": -1}, {"startTime": 97148, "endTime": 97250, "taskId": 17, "workflowId": 1, "jobId": -1}, {"startTime": 97250, "endTime": 97674, "taskId": 17, "workflowId": 1, "jobId": -1}, {"startTime": 97674, "endTime": 98496, "taskId": 17, "workflowId": 1, "jobId": -1}, {"startTime": 98496, "endTime": 98700, "taskId": 17, "workflowId": 1, "jobId": -1}, {"startTime": 98700, "endTime": 99168, "taskId": 26, "workflowId": 1, "jobId": -1}, {"startTime": 99168, "endTime": 99230, "taskId": 26, "workflowId": 1, "jobId": -1}, {"startTime": 99230, "endTime": 99299, "taskId": 26, "workflowId": 1, "jobId": -1}, {"startTime": 99299, "endTime": 99435, "taskId": 26, "workflowId": 1, "jobId": -1}, {"startTime": 99435, "endTime": 100114, "taskId": 26, "workflowId": 1, "jobId": -1}, {"startTime": 100114, "endTime": 100442, "taskId": 26, "workflowId": 1, "jobId": -1}, {"startTime": 100442, "endTime": 101051, "taskId": 26, "workflowId": 1, "jobId": -1}, {"startTime": 101051, "endTime": 101079, "taskId": 26, "workflowId": 1, "jobId": -1}, {"startTime": 101079, "endTime": 102202, "taskId": 10, "workflowId": 1, "jobId": -1}, {"startTime": 102202, "endTime": 102266, "taskId": 27, "workflowId": 0, "jobId": -1}, {"startTime": 102266, "endTime": 102922, "taskId": 28, "workflowId": 1, "jobId": -1}, {"startTime": 102922, "endTime": 103221, "taskId": 28, "workflowId": 1, "jobId": -1}, {"startTime": 103221, "endTime": 103284, "taskId": 28, "workflowId": 1, "jobId": -1}, {"startTime": 103284, "endTime": 103286, "taskId": 28, "workflowId": 1, "jobId": -1}, {"startTime": 103286, "endTime": 103532, "taskId": 28, "workflowId": 1, "jobId": -1}, {"startTime": 103532, "endTime": 104287, "taskId": 28, "workflowId": 1, "jobId": -1}, {"startTime": 104287, "endTime": 104793, "taskId": 10, "workflowId": 1, "jobId": -1}, {"startTime": 104793, "endTime": 104809, "taskId": 10, "workflowId": 1, "jobId": -1}, {"startTime": 104809, "endTime": 104873, "taskId": 10, "workflowId": 1, "jobId": -1}, {"startTime": 104873, "endTime": 104918, "taskId": 10, "workflowId": 1, "jobId": -1}, {"startTime": 104918, "endTime": 105168, "taskId": 30, "workflowId": 1, "jobId": -1}, {"startTime": 105168, "endTime": 105622, "taskId": 28, "workflowId": 0, "jobId": -1}, {"startTime": 105622, "endTime": 105716, "taskId": 28, "workflowId": 0, "jobId": -1}, {"startTime": 105716, "endTime": 106356, "taskId": 28, "workflowId": 0, "jobId": -1}, {"startTime": 106356, "endTime": 106473, "taskId": 28, "workflowId": 0, "jobId": -1}, {"startTime": 106473, "endTime": 107292, "taskId": 30, "workflowId": 1, "jobId": -1}, {"startTime": 107292, "endTime": 107556, "taskId": 30, "workflowId": 1, "jobId": -1}, {"startTime": 107556, "endTime": 107805, "taskId": 30, "workflowId": 1, "jobId": -1}, {"startTime": 107805, "endTime": 107972, "taskId": 30, "workflowId": 1, "jobId": -1}, {"startTime": 107972, "endTime": 107979, "taskId": 29, "workflowId": 0, "jobId": -1}, {"startTime": 107979, "endTime": 109183, "taskId": 29, "workflowId": 0, "jobId": -1}, {"startTime": 109183, "endTime": 109311, "taskId": 29, "workflowId": 0, "jobId": -1}, {"startTime": 109311, "endTime": 109457, "taskId": 29, "workflowId": 0, "jobId": -1}, {"startTime": 109457, "endTime": 109722, "taskId": 29, "workflowId": 0, "jobId": -1}, {"startTime": 109722, "endTime": 110476, "taskId": 31, "workflowId": 0, "jobId": -1}, {"startTime": 110476, "endTime": 110926, "taskId": 31, "workflowId": 0, "jobId": -1}, {"startTime": 110926, "endTime": 111054, "taskId": 31, "workflowId": 0, "jobId": -1}, {"startTime": 111054, "endTime": 111500, "taskId": 31, "workflowId": 0, "jobId": -1}, {"startTime": 111500, "endTime": 111680, "taskId": 5, "workflowId": 1, "jobId": -1}, {"startTime": 111680, "endTime": 111956, "taskId": 5, "workflowId": 1, "jobId": -1}, {"startTime": 111956, "endTime": 112440, "taskId": 5, "workflowId": 1, "jobId": -1}, {"startTime": 112440, "endTime": 112704, "taskId": 5, "workflowId": 1, "jobId": -1}, {"startTime": 112704, "endTime": 112710, "taskId": 24, "workflowId": 0, "jobId": -1}, {"startTime": 112710, "endTime": 113194, "taskId": 24, "workflowId": 0, "jobId": -1}, {"startTime": 113194, "endTime": 114090, "taskId": 24, "workflowId": 0, "jobId": -1}, {"startTime": 114090, "endTime": 114846, "taskId": 25, "workflowId": 0, "jobId": -1}, {"startTime": 114846, "endTime": 115742, "taskId": 25, "workflowId": 0, "jobId": -1}, {"startTime": 115742, "endTime": 116736, "taskId": 26, "workflowId": 0, "jobId": -1}, {"startTime": 119187, "endTime": 119652, "taskId": 30, "workflowId": 3, "jobId": -1}]}, {"frequency": 1.5, "activePower": 8, "idlePower": 2.7, "memory": 2, "allocations": [{"startTime": 25298, "endTime": 25307, "taskId": 5, "workflowId": -1, "jobId": 0}, {"startTime": 25307, "endTime": 40040, "taskId": 1, "workflowId": -1, "jobId": 0}, {"startTime": 40040, "endTime": 40538, "taskId": 1, "workflowId": -1, "jobId": 0}, {"startTime": 40538, "endTime": 41307, "taskId": 1, "workflowId": -1, "jobId": 0}, {"startTime": 41307, "endTime": 52176, "taskId": 2, "workflowId": -1, "jobId": 0}, {"startTime": 52176, "endTime": 56049, "taskId": 2, "workflowId": -1, "jobId": 0}, {"startTime": 56049, "endTime": 66918, "taskId": 4, "workflowId": -1, "jobId": 0}, {"startTime": 66918, "endTime": 83031, "taskId": 6, "workflowId": -1, "jobId": 0}, {"startTime": 83031, "endTime": 99031, "taskId": 1, "workflowId": -1, "jobId": 1}, {"startTime": 99031, "endTime": 113773, "taskId": 2, "workflowId": -1, "jobId": 1}, {"startTime": 113773, "endTime": 126683, "taskId": 0, "workflowId": -1, "jobId": 1}, {"startTime": 126683, "endTime": 142238, "taskId": 3, "workflowId": -1, "jobId": 2}, {"startTime": 142238, "endTime": 158238, "taskId": 1, "workflowId": -1, "jobId": 2}, {"startTime": 158238, "endTime": 172980, "taskId": 2, "workflowId": -1, "jobId": 2}, {"startTime": 172980, "endTime": 188535, "taskId": 3, "workflowId": -1, "jobId": 3}, {"startTime": 188535, "endTime": 204535, "taskId": 1, "workflowId": -1, "jobId": 3}, {"startTime": 204535, "endTime": 219775, "taskId": 5, "workflowId": -1, "jobId": 3}, {"startTime": 219775, "endTime": 235330, "taskId": 3, "workflowId": -1, "jobId": 4}, {"startTime": 235330, "endTime": 251330, "taskId": 1, "workflowId": -1, "jobId": 4}, {"startTime": 251330, "endTime": 266570, "taskId": 5, "workflowId": -1, "jobId": 4}, {"startTime": 266570, "endTime": 282125, "taskId": 3, "workflowId": -1, "jobId": 5}, {"startTime": 282125, "endTime": 296867, "taskId": 2, "workflowId": -1, "jobId": 4}, {"startTime": 296867, "endTime": 307736, "taskId": 4, "workflowId": -1, "jobId": 4}, {"startTime": 307736, "endTime": 320646, "taskId": 0, "workflowId": -1, "jobId": 4}, {"startTime": 320646, "endTime": 336759, "taskId": 6, "workflowId": -1, "jobId": 4}, {"startTime": 336759, "endTime": 351501, "taskId": 2, "workflowId": -1, "jobId": 5}, {"startTime": 351501, "endTime": 362370, "taskId": 4, "workflowId": -1, "jobId": 5}, {"startTime": 362370, "endTime": 377925, "taskId": 3, "workflowId": -1, "jobId": 7}, {"startTime": 377925, "endTime": 393925, "taskId": 1, "workflowId": -1, "jobId": 7}, {"startTime": 393925, "endTime": 408667, "taskId": 2, "workflowId": -1, "jobId": 6}, {"startTime": 408667, "endTime": 419536, "taskId": 3, "workflowId": -1, "jobId": 8}, {"startTime": 419536, "endTime": 424222, "taskId": 3, "workflowId": -1, "jobId": 8}, {"startTime": 424222, "endTime": 436758, "taskId": 7, "workflowId": -1, "jobId": 5}, {"startTime": 436758, "endTime": 449668, "taskId": 0, "workflowId": -1, "jobId": 6}, {"startTime": 449668, "endTime": 464410, "taskId": 2, "workflowId": -1, "jobId": 7}, {"startTime": 464410, "endTime": 479965, "taskId": 3, "workflowId": -1, "jobId": 9}, {"startTime": 479965, "endTime": 492501, "taskId": 1, "workflowId": -1, "jobId": 9}, {"startTime": 492501, "endTime": 495965, "taskId": 1, "workflowId": -1, "jobId": 9}, {"startTime": 495965, "endTime": 508875, "taskId": 3, "workflowId": -1, "jobId": 10}, {"startTime": 508875, "endTime": 511520, "taskId": 3, "workflowId": -1, "jobId": 10}, {"startTime": 511520, "endTime": 526262, "taskId": 2, "workflowId": -1, "jobId": 8}, {"startTime": 526262, "endTime": 542375, "taskId": 6, "workflowId": -1, "jobId": 7}, {"startTime": 542375, "endTime": 553244, "taskId": 4, "workflowId": -1, "jobId": 8}, {"startTime": 553244, "endTime": 565780, "taskId": 7, "workflowId": -1, "jobId": 7}, {"startTime": 565780, "endTime": 580522, "taskId": 2, "workflowId": -1, "jobId": 9}, {"startTime": 580522, "endTime": 596522, "taskId": 1, "workflowId": -1, "jobId": 11}, {"startTime": 596522, "endTime": 612077, "taskId": 3, "workflowId": -1, "jobId": 12}, {"startTime": 612077, "endTime": 627317, "taskId": 5, "workflowId": -1, "jobId": 11}, {"startTime": 627317, "endTime": 643317, "taskId": 1, "workflowId": -1, "jobId": 12}, {"startTime": 643317, "endTime": 656227, "taskId": 0, "workflowId": -1, "jobId": 9}, {"startTime": 656227, "endTime": 672340, "taskId": 6, "workflowId": -1, "jobId": 9}, {"startTime": 672340, "endTime": 688340, "taskId": 1, "workflowId": -1, "jobId": 13}, {"startTime": 688340, "endTime": 700876, "taskId": 3, "workflowId": -1, "jobId": 14}, {"startTime": 700876, "endTime": 703895, "taskId": 3, "workflowId": -1, "jobId": 14}, {"startTime": 703895, "endTime": 716805, "taskId": 0, "workflowId": -1, "jobId": 10}, {"startTime": 716805, "endTime": 727674, "taskId": 4, "workflowId": -1, "jobId": 11}, {"startTime": 727674, "endTime": 742914, "taskId": 5, "workflowId": -1, "jobId": 13}, {"startTime": 742914, "endTime": 758469, "taskId": 3, "workflowId": -1, "jobId": 15}, {"startTime": 758469, "endTime": 771379, "taskId": 0, "workflowId": -1, "jobId": 11}, {"startTime": 771379, "endTime": 786619, "taskId": 5, "workflowId": -1, "jobId": 14}, {"startTime": 786619, "endTime": 797488, "taskId": 4, "workflowId": -1, "jobId": 12}, {"startTime": 797488, "endTime": 813043, "taskId": 3, "workflowId": -1, "jobId": 16}, {"startTime": 813043, "endTime": 828283, "taskId": 1, "workflowId": -1, "jobId": 16}, {"startTime": 828283, "endTime": 829043, "taskId": 1, "workflowId": -1, "jobId": 16}, {"startTime": 829043, "endTime": 841953, "taskId": 3, "workflowId": -1, "jobId": 17}, {"startTime": 841953, "endTime": 844598, "taskId": 3, "workflowId": -1, "jobId": 17}, {"startTime": 844598, "endTime": 855467, "taskId": 4, "workflowId": -1, "jobId": 13}]}]