[{"frequency": 1.4, "activePower": 4.5, "idlePower": 2, "memory": 1, "allocations": [{"startTime": 25168, "endTime": 28393, "taskId": 0, "workflowId": 2, "jobId": -1}, {"startTime": 28393, "endTime": 30756, "taskId": 1, "workflowId": 2, "jobId": -1}, {"startTime": 30756, "endTime": 32669, "taskId": 6, "workflowId": 2, "jobId": -1}, {"startTime": 48108, "endTime": 49136, "taskId": 12, "workflowId": 2, "jobId": -1}, {"startTime": 55529, "endTime": 57071, "taskId": 16, "workflowId": 2, "jobId": -1}, {"startTime": 108721, "endTime": 109519, "taskId": 8, "workflowId": 1, "jobId": -1}, {"startTime": 169143, "endTime": 170996, "taskId": 0, "workflowId": 0, "jobId": -1}, {"startTime": 170996, "endTime": 173676, "taskId": 5, "workflowId": 0, "jobId": -1}, {"startTime": 173676, "endTime": 173694, "taskId": 2, "workflowId": 0, "jobId": -1}, {"startTime": 173694, "endTime": 176631, "taskId": 2, "workflowId": 0, "jobId": -1}, {"startTime": 176631, "endTime": 177964, "taskId": 4, "workflowId": 0, "jobId": -1}, {"startTime": 180565, "endTime": 181628, "taskId": 7, "workflowId": 0, "jobId": -1}, {"startTime": 181628, "endTime": 184507, "taskId": 9, "workflowId": 0, "jobId": -1}, {"startTime": 184507, "endTime": 187822, "taskId": 11, "workflowId": 0, "jobId": -1}, {"startTime": 187822, "endTime": 189259, "taskId": 13, "workflowId": 0, "jobId": -1}, {"startTime": 189259, "endTime": 192212, "taskId": 12, "workflowId": 0, "jobId": -1}, {"startTime": 192212, "endTime": 195646, "taskId": 15, "workflowId": 0, "jobId": -1}, {"startTime": 195646, "endTime": 197087, "taskId": 16, "workflowId": 0, "jobId": -1}]}, {"frequency": 1.4, "activePower": 4.5, "idlePower": 2, "memory": 1, "allocations": [{"startTime": 27363, "endTime": 41491, "taskId": 1, "workflowId": -1, "jobId": 0}, {"startTime": 41491, "endTime": 50564, "taskId": 5, "workflowId": -1, "jobId": 0}, {"startTime": 50564, "endTime": 64692, "taskId": 1, "workflowId": -1, "jobId": 1}, {"startTime": 73765, "endTime": 87893, "taskId": 1, "workflowId": -1, "jobId": 2}, {"startTime": 92223, "endTime": 95361, "taskId": 6, "workflowId": -1, "jobId": 3}, {"startTime": 95361, "endTime": 96966, "taskId": 0, "workflowId": -1, "jobId": 2}, {"startTime": 96966, "endTime": 111094, "taskId": 1, "workflowId": -1, "jobId": 3}, {"startTime": 111094, "endTime": 120167, "taskId": 6, "workflowId": -1, "jobId": 3}, {"startTime": 120167, "endTime": 134295, "taskId": 1, "workflowId": -1, "jobId": 4}, {"startTime": 141939, "endTime": 143368, "taskId": 3, "workflowId": -1, "jobId": 2}, {"startTime": 143368, "endTime": 157496, "taskId": 1, "workflowId": -1, "jobId": 5}, {"startTime": 163359, "endTime": 166569, "taskId": 0, "workflowId": -1, "jobId": 4}, {"startTime": 166569, "endTime": 180697, "taskId": 1, "workflowId": -1, "jobId": 6}, {"startTime": 189770, "endTime": 203898, "taskId": 1, "workflowId": -1, "jobId": 7}, {"startTime": 212971, "endTime": 227099, "taskId": 1, "workflowId": -1, "jobId": 8}, {"startTime": 231357, "endTime": 236172, "taskId": 0, "workflowId": -1, "jobId": 6}, {"startTime": 236172, "endTime": 250300, "taskId": 1, "workflowId": -1, "jobId": 9}, {"startTime": 259373, "endTime": 273501, "taskId": 1, "workflowId": -1, "jobId": 10}, {"startTime": 273501, "endTime": 274775, "taskId": 6, "workflowId": -1, "jobId": 10}, {"startTime": 282574, "endTime": 296702, "taskId": 1, "workflowId": -1, "jobId": 11}, {"startTime": 299355, "endTime": 305775, "taskId": 0, "workflowId": -1, "jobId": 8}, {"startTime": 305775, "endTime": 319903, "taskId": 1, "workflowId": -1, "jobId": 12}, {"startTime": 328976, "endTime": 343104, "taskId": 1, "workflowId": -1, "jobId": 13}, {"startTime": 351663, "endTime": 352177, "taskId": 6, "workflowId": -1, "jobId": 15}, {"startTime": 352177, "endTime": 366305, "taskId": 1, "workflowId": -1, "jobId": 14}, {"startTime": 367353, "endTime": 375378, "taskId": 0, "workflowId": -1, "jobId": 10}, {"startTime": 375378, "endTime": 389506, "taskId": 1, "workflowId": -1, "jobId": 15}, {"startTime": 398579, "endTime": 412707, "taskId": 1, "workflowId": -1, "jobId": 16}, {"startTime": 416523, "endTime": 421780, "taskId": 6, "workflowId": -1, "jobId": 18}, {"startTime": 421780, "endTime": 435908, "taskId": 1, "workflowId": -1, "jobId": 17}, {"startTime": 435908, "endTime": 444182, "taskId": 3, "workflowId": -1, "jobId": 7}, {"startTime": 444182, "endTime": 444981, "taskId": 6, "workflowId": -1, "jobId": 18}, {"startTime": 444981, "endTime": 459109, "taskId": 1, "workflowId": -1, "jobId": 18}, {"startTime": 468182, "endTime": 482310, "taskId": 1, "workflowId": -1, "jobId": 19}]}, {"frequency": 1.4, "activePower": 4.5, "idlePower": 2, "memory": 1, "allocations": [{"startTime": 25168, "endTime": 26094, "taskId": 2, "workflowId": 3, "jobId": -1}, {"startTime": 26094, "endTime": 28174, "taskId": 3, "workflowId": 3, "jobId": -1}, {"startTime": 30682, "endTime": 31523, "taskId": 6, "workflowId": 3, "jobId": -1}, {"startTime": 31523, "endTime": 32238, "taskId": 9, "workflowId": 3, "jobId": -1}, {"startTime": 32238, "endTime": 34574, "taskId": 6, "workflowId": 3, "jobId": -1}, {"startTime": 170996, "endTime": 173694, "taskId": 1, "workflowId": 0, "jobId": -1}, {"startTime": 173694, "endTime": 173951, "taskId": 3, "workflowId": 0, "jobId": -1}, {"startTime": 173951, "endTime": 177037, "taskId": 3, "workflowId": 0, "jobId": -1}, {"startTime": 177037, "endTime": 180565, "taskId": 6, "workflowId": 0, "jobId": -1}, {"startTime": 180565, "endTime": 182206, "taskId": 8, "workflowId": 0, "jobId": -1}, {"startTime": 182206, "endTime": 185681, "taskId": 10, "workflowId": 0, "jobId": -1}, {"startTime": 187822, "endTime": 190140, "taskId": 14, "workflowId": 0, "jobId": -1}, {"startTime": 195646, "endTime": 197603, "taskId": 17, "workflowId": 0, "jobId": -1}]}, {"frequency": 1.4, "activePower": 4.5, "idlePower": 2, "memory": 1, "allocations": [{"startTime": 27363, "endTime": 27369, "taskId": 5, "workflowId": -1, "jobId": 0}, {"startTime": 27369, "endTime": 43720, "taskId": 0, "workflowId": -1, "jobId": 0}, {"startTime": 50564, "endTime": 57423, "taskId": 5, "workflowId": -1, "jobId": 0}, {"startTime": 61362, "endTime": 77712, "taskId": 0, "workflowId": -1, "jobId": 1}, {"startTime": 77712, "endTime": 93650, "taskId": 5, "workflowId": -1, "jobId": 1}, {"startTime": 95361, "endTime": 96966, "taskId": 6, "workflowId": -1, "jobId": 3}, {"startTime": 96966, "endTime": 111712, "taskId": 0, "workflowId": -1, "jobId": 2}, {"startTime": 120167, "endTime": 122927, "taskId": 6, "workflowId": -1, "jobId": 3}, {"startTime": 129360, "endTime": 145710, "taskId": 0, "workflowId": -1, "jobId": 3}, {"startTime": 145710, "endTime": 159527, "taskId": 3, "workflowId": -1, "jobId": 2}, {"startTime": 166569, "endTime": 179709, "taskId": 0, "workflowId": -1, "jobId": 4}, {"startTime": 179709, "endTime": 195647, "taskId": 5, "workflowId": -1, "jobId": 3}, {"startTime": 197358, "endTime": 213708, "taskId": 0, "workflowId": -1, "jobId": 5}, {"startTime": 221943, "endTime": 236172, "taskId": 6, "workflowId": -1, "jobId": 9}, {"startTime": 236172, "endTime": 247707, "taskId": 0, "workflowId": -1, "jobId": 6}, {"startTime": 247707, "endTime": 250054, "taskId": 6, "workflowId": -1, "jobId": 9}, {"startTime": 250054, "endTime": 265356, "taskId": 6, "workflowId": -1, "jobId": 10}, {"startTime": 265356, "endTime": 281706, "taskId": 0, "workflowId": -1, "jobId": 7}, {"startTime": 305775, "endTime": 315705, "taskId": 0, "workflowId": -1, "jobId": 8}, {"startTime": 315705, "endTime": 330951, "taskId": 3, "workflowId": -1, "jobId": 5}, {"startTime": 333354, "endTime": 349704, "taskId": 0, "workflowId": -1, "jobId": 9}, {"startTime": 352177, "endTime": 368239, "taskId": 6, "workflowId": -1, "jobId": 15}, {"startTime": 373283, "endTime": 375378, "taskId": 6, "workflowId": -1, "jobId": 16}, {"startTime": 375378, "endTime": 383703, "taskId": 0, "workflowId": -1, "jobId": 10}, {"startTime": 383703, "endTime": 398184, "taskId": 6, "workflowId": -1, "jobId": 16}, {"startTime": 401352, "endTime": 417702, "taskId": 0, "workflowId": -1, "jobId": 11}, {"startTime": 421780, "endTime": 428379, "taskId": 6, "workflowId": -1, "jobId": 18}, {"startTime": 428379, "endTime": 435351, "taskId": 3, "workflowId": -1, "jobId": 7}, {"startTime": 435351, "endTime": 451701, "taskId": 0, "workflowId": -1, "jobId": 12}, {"startTime": 451701, "endTime": 455622, "taskId": 6, "workflowId": -1, "jobId": 18}]}]