[{"frequency": 1.4, "activePower": 4.5, "idlePower": 2, "memory": 1, "allocations": [{"startTime": 32048, "endTime": 32974, "taskId": 2, "workflowId": 3, "jobId": -1}, {"startTime": 32974, "endTime": 35829, "taskId": 10, "workflowId": 3, "jobId": -1}, {"startTime": 37839, "endTime": 41328, "taskId": 3, "workflowId": 2, "jobId": -1}, {"startTime": 46104, "endTime": 47771, "taskId": 13, "workflowId": 3, "jobId": -1}, {"startTime": 51610, "endTime": 54965, "taskId": 9, "workflowId": 2, "jobId": -1}, {"startTime": 56665, "endTime": 60205, "taskId": 11, "workflowId": 2, "jobId": -1}, {"startTime": 74033, "endTime": 74804, "taskId": 17, "workflowId": 2, "jobId": -1}, {"startTime": 102131, "endTime": 103976, "taskId": 3, "workflowId": 1, "jobId": -1}, {"startTime": 111518, "endTime": 113660, "taskId": 7, "workflowId": 1, "jobId": -1}, {"startTime": 169143, "endTime": 170996, "taskId": 0, "workflowId": 0, "jobId": -1}, {"startTime": 170996, "endTime": 173676, "taskId": 5, "workflowId": 0, "jobId": -1}, {"startTime": 173676, "endTime": 173694, "taskId": 2, "workflowId": 0, "jobId": -1}, {"startTime": 173694, "endTime": 176631, "taskId": 2, "workflowId": 0, "jobId": -1}, {"startTime": 176631, "endTime": 177964, "taskId": 4, "workflowId": 0, "jobId": -1}, {"startTime": 180565, "endTime": 181628, "taskId": 7, "workflowId": 0, "jobId": -1}, {"startTime": 181628, "endTime": 184507, "taskId": 9, "workflowId": 0, "jobId": -1}, {"startTime": 184507, "endTime": 187822, "taskId": 11, "workflowId": 0, "jobId": -1}, {"startTime": 187822, "endTime": 189259, "taskId": 13, "workflowId": 0, "jobId": -1}, {"startTime": 189259, "endTime": 192212, "taskId": 12, "workflowId": 0, "jobId": -1}, {"startTime": 192212, "endTime": 195646, "taskId": 15, "workflowId": 0, "jobId": -1}, {"startTime": 195646, "endTime": 197087, "taskId": 16, "workflowId": 0, "jobId": -1}]}, {"frequency": 1.4, "activePower": 4.5, "idlePower": 2, "memory": 1, "allocations": [{"startTime": 34318, "endTime": 48446, "taskId": 1, "workflowId": -1, "jobId": 0}, {"startTime": 48446, "endTime": 57519, "taskId": 3, "workflowId": -1, "jobId": 0}, {"startTime": 57519, "endTime": 71647, "taskId": 1, "workflowId": -1, "jobId": 1}, {"startTime": 80720, "endTime": 94848, "taskId": 1, "workflowId": -1, "jobId": 2}, {"startTime": 102316, "endTime": 103921, "taskId": 0, "workflowId": -1, "jobId": 2}, {"startTime": 103921, "endTime": 118049, "taskId": 1, "workflowId": -1, "jobId": 3}, {"startTime": 118049, "endTime": 123833, "taskId": 7, "workflowId": -1, "jobId": 1}, {"startTime": 127122, "endTime": 141250, "taskId": 1, "workflowId": -1, "jobId": 4}, {"startTime": 142418, "endTime": 150323, "taskId": 6, "workflowId": -1, "jobId": 5}, {"startTime": 150323, "endTime": 164451, "taskId": 1, "workflowId": -1, "jobId": 5}, {"startTime": 170314, "endTime": 173524, "taskId": 0, "workflowId": -1, "jobId": 4}, {"startTime": 173524, "endTime": 187652, "taskId": 1, "workflowId": -1, "jobId": 6}, {"startTime": 196725, "endTime": 210853, "taskId": 1, "workflowId": -1, "jobId": 7}, {"startTime": 217339, "endTime": 219926, "taskId": 4, "workflowId": -1, "jobId": 3}, {"startTime": 219926, "endTime": 234054, "taskId": 1, "workflowId": -1, "jobId": 8}, {"startTime": 238312, "endTime": 243127, "taskId": 0, "workflowId": -1, "jobId": 6}, {"startTime": 243127, "endTime": 257255, "taskId": 1, "workflowId": -1, "jobId": 9}, {"startTime": 266328, "endTime": 280456, "taskId": 1, "workflowId": -1, "jobId": 10}, {"startTime": 289529, "endTime": 303657, "taskId": 1, "workflowId": -1, "jobId": 11}, {"startTime": 306310, "endTime": 312730, "taskId": 0, "workflowId": -1, "jobId": 8}, {"startTime": 312730, "endTime": 326858, "taskId": 1, "workflowId": -1, "jobId": 12}, {"startTime": 335931, "endTime": 350059, "taskId": 1, "workflowId": -1, "jobId": 13}, {"startTime": 350059, "endTime": 359132, "taskId": 6, "workflowId": -1, "jobId": 14}, {"startTime": 359132, "endTime": 373260, "taskId": 1, "workflowId": -1, "jobId": 14}, {"startTime": 374308, "endTime": 382333, "taskId": 0, "workflowId": -1, "jobId": 10}, {"startTime": 382333, "endTime": 396461, "taskId": 1, "workflowId": -1, "jobId": 15}, {"startTime": 405534, "endTime": 419662, "taskId": 1, "workflowId": -1, "jobId": 16}, {"startTime": 419662, "endTime": 428735, "taskId": 5, "workflowId": -1, "jobId": 8}, {"startTime": 428735, "endTime": 442863, "taskId": 1, "workflowId": -1, "jobId": 17}, {"startTime": 442863, "endTime": 448655, "taskId": 6, "workflowId": -1, "jobId": 18}, {"startTime": 448655, "endTime": 451936, "taskId": 6, "workflowId": -1, "jobId": 19}, {"startTime": 451936, "endTime": 466064, "taskId": 1, "workflowId": -1, "jobId": 18}, {"startTime": 475137, "endTime": 489265, "taskId": 1, "workflowId": -1, "jobId": 19}]}, {"frequency": 1.4, "activePower": 4.5, "idlePower": 2, "memory": 1, "allocations": [{"startTime": 37844, "endTime": 38559, "taskId": 9, "workflowId": 3, "jobId": -1}, {"startTime": 38559, "endTime": 41937, "taskId": 5, "workflowId": 3, "jobId": -1}, {"startTime": 170996, "endTime": 173694, "taskId": 1, "workflowId": 0, "jobId": -1}, {"startTime": 173694, "endTime": 173951, "taskId": 3, "workflowId": 0, "jobId": -1}, {"startTime": 173951, "endTime": 177037, "taskId": 3, "workflowId": 0, "jobId": -1}, {"startTime": 177037, "endTime": 180565, "taskId": 6, "workflowId": 0, "jobId": -1}, {"startTime": 180565, "endTime": 182206, "taskId": 8, "workflowId": 0, "jobId": -1}, {"startTime": 182206, "endTime": 185681, "taskId": 10, "workflowId": 0, "jobId": -1}, {"startTime": 187822, "endTime": 190140, "taskId": 14, "workflowId": 0, "jobId": -1}, {"startTime": 195646, "endTime": 197603, "taskId": 17, "workflowId": 0, "jobId": -1}]}, {"frequency": 1.4, "activePower": 4.5, "idlePower": 2, "memory": 1, "allocations": [{"startTime": 34318, "endTime": 34324, "taskId": 3, "workflowId": -1, "jobId": 0}, {"startTime": 34324, "endTime": 50675, "taskId": 0, "workflowId": -1, "jobId": 0}, {"startTime": 57519, "endTime": 63687, "taskId": 3, "workflowId": -1, "jobId": 0}, {"startTime": 68317, "endTime": 84667, "taskId": 0, "workflowId": -1, "jobId": 1}, {"startTime": 84667, "endTime": 100605, "taskId": 5, "workflowId": -1, "jobId": 1}, {"startTime": 103921, "endTime": 118667, "taskId": 0, "workflowId": -1, "jobId": 2}, {"startTime": 136315, "endTime": 152665, "taskId": 0, "workflowId": -1, "jobId": 3}, {"startTime": 152665, "endTime": 153810, "taskId": 6, "workflowId": -1, "jobId": 5}, {"startTime": 153810, "endTime": 162524, "taskId": 2, "workflowId": -1, "jobId": 2}, {"startTime": 162524, "endTime": 170050, "taskId": 6, "workflowId": -1, "jobId": 5}, {"startTime": 173524, "endTime": 186664, "taskId": 0, "workflowId": -1, "jobId": 4}, {"startTime": 186664, "endTime": 202602, "taskId": 5, "workflowId": -1, "jobId": 3}, {"startTime": 204313, "endTime": 220663, "taskId": 0, "workflowId": -1, "jobId": 5}, {"startTime": 220663, "endTime": 228871, "taskId": 4, "workflowId": -1, "jobId": 3}, {"startTime": 243127, "endTime": 254662, "taskId": 0, "workflowId": -1, "jobId": 6}, {"startTime": 254662, "endTime": 271238, "taskId": 6, "workflowId": -1, "jobId": 10}, {"startTime": 272311, "endTime": 288661, "taskId": 0, "workflowId": -1, "jobId": 7}, {"startTime": 312730, "endTime": 322660, "taskId": 0, "workflowId": -1, "jobId": 8}, {"startTime": 336998, "endTime": 340309, "taskId": 6, "workflowId": -1, "jobId": 14}, {"startTime": 340309, "endTime": 356659, "taskId": 0, "workflowId": -1, "jobId": 9}, {"startTime": 359132, "endTime": 363324, "taskId": 6, "workflowId": -1, "jobId": 14}, {"startTime": 382333, "endTime": 390658, "taskId": 0, "workflowId": -1, "jobId": 10}, {"startTime": 390658, "endTime": 396442, "taskId": 7, "workflowId": -1, "jobId": 5}, {"startTime": 408307, "endTime": 424657, "taskId": 0, "workflowId": -1, "jobId": 11}, {"startTime": 424657, "endTime": 428735, "taskId": 6, "workflowId": -1, "jobId": 18}, {"startTime": 428735, "endTime": 435600, "taskId": 5, "workflowId": -1, "jobId": 8}, {"startTime": 435600, "endTime": 442306, "taskId": 6, "workflowId": -1, "jobId": 18}, {"startTime": 442306, "endTime": 458656, "taskId": 0, "workflowId": -1, "jobId": 12}, {"startTime": 458656, "endTime": 471951, "taskId": 6, "workflowId": -1, "jobId": 19}]}]