[{"frequency": 1.5, "activePower": 8, "idlePower": 2.7, "memory": 2, "allocations": [{"startTime": 46567, "endTime": 60131, "taskId": 6, "workflowId": -1, "jobId": 0}, {"startTime": 60131, "endTime": 60131, "taskId": 0, "workflowId": 2, "jobId": -1}, {"startTime": 60131, "endTime": 61689, "taskId": 5, "workflowId": 2, "jobId": -1}, {"startTime": 78849, "endTime": 89915, "taskId": 2, "workflowId": -1, "jobId": 1}, {"startTime": 108635, "endTime": 125102, "taskId": 3, "workflowId": -1, "jobId": 2}, {"startTime": 192802, "endTime": 208674, "taskId": 1, "workflowId": -1, "jobId": 5}, {"startTime": 215694, "endTime": 217500, "taskId": 0, "workflowId": 0, "jobId": -1}, {"startTime": 222049, "endTime": 237921, "taskId": 1, "workflowId": -1, "jobId": 6}, {"startTime": 237921, "endTime": 254388, "taskId": 3, "workflowId": -1, "jobId": 6}, {"startTime": 254388, "endTime": 270260, "taskId": 1, "workflowId": -1, "jobId": 7}, {"startTime": 270260, "endTime": 272980, "taskId": 10, "workflowId": 0, "jobId": -1}, {"startTime": 280543, "endTime": 296415, "taskId": 1, "workflowId": -1, "jobId": 8}, {"startTime": 296415, "endTime": 297666, "taskId": 11, "workflowId": 0, "jobId": -1}, {"startTime": 297666, "endTime": 314133, "taskId": 3, "workflowId": -1, "jobId": 8}, {"startTime": 314133, "endTime": 315287, "taskId": 13, "workflowId": 0, "jobId": -1}, {"startTime": 315287, "endTime": 316917, "taskId": 14, "workflowId": 0, "jobId": -1}, {"startTime": 316917, "endTime": 327983, "taskId": 2, "workflowId": -1, "jobId": 8}, {"startTime": 327983, "endTime": 343855, "taskId": 1, "workflowId": -1, "jobId": 9}, {"startTime": 343855, "endTime": 345831, "taskId": 17, "workflowId": 1, "jobId": -1}, {"startTime": 387941, "endTime": 404408, "taskId": 3, "workflowId": -1, "jobId": 11}, {"startTime": 404408, "endTime": 415474, "taskId": 2, "workflowId": -1, "jobId": 11}, {"startTime": 433227, "endTime": 444144, "taskId": 0, "workflowId": -1, "jobId": 10}, {"startTime": 450009, "endTime": 466476, "taskId": 3, "workflowId": -1, "jobId": 13}, {"startTime": 466476, "endTime": 472988, "taskId": 5, "workflowId": -1, "jobId": 11}]}, {"frequency": 1.5, "activePower": 8, "idlePower": 2.7, "memory": 2, "allocations": [{"startTime": 46567, "endTime": 57633, "taskId": 2, "workflowId": -1, "jobId": 0}, {"startTime": 57633, "endTime": 68550, "taskId": 0, "workflowId": -1, "jobId": 0}, {"startTime": 68550, "endTime": 71787, "taskId": 2, "workflowId": 3, "jobId": -1}, {"startTime": 71787, "endTime": 74222, "taskId": 14, "workflowId": 2, "jobId": -1}, {"startTime": 75814, "endTime": 91686, "taskId": 1, "workflowId": -1, "jobId": 1}, {"startTime": 143413, "endTime": 154479, "taskId": 2, "workflowId": -1, "jobId": 3}, {"startTime": 217500, "endTime": 219274, "taskId": 3, "workflowId": 0, "jobId": -1}, {"startTime": 239897, "endTime": 250814, "taskId": 0, "workflowId": -1, "jobId": 5}, {"startTime": 250814, "endTime": 253266, "taskId": 7, "workflowId": 1, "jobId": -1}, {"startTime": 253266, "endTime": 256542, "taskId": 11, "workflowId": 1, "jobId": -1}, {"startTime": 260683, "endTime": 262377, "taskId": 6, "workflowId": 0, "jobId": -1}, {"startTime": 262377, "endTime": 275941, "taskId": 6, "workflowId": -1, "jobId": 7}, {"startTime": 275941, "endTime": 279145, "taskId": 9, "workflowId": 0, "jobId": -1}, {"startTime": 279145, "endTime": 282327, "taskId": 8, "workflowId": 0, "jobId": -1}, {"startTime": 282327, "endTime": 298794, "taskId": 3, "workflowId": -1, "jobId": 7}, {"startTime": 298794, "endTime": 309860, "taskId": 2, "workflowId": -1, "jobId": 7}, {"startTime": 309860, "endTime": 311113, "taskId": 15, "workflowId": 1, "jobId": -1}, {"startTime": 311113, "endTime": 312725, "taskId": 12, "workflowId": 0, "jobId": -1}, {"startTime": 312725, "endTime": 315099, "taskId": 16, "workflowId": 1, "jobId": -1}, {"startTime": 315099, "endTime": 316884, "taskId": 15, "workflowId": 0, "jobId": -1}, {"startTime": 317229, "endTime": 328146, "taskId": 0, "workflowId": -1, "jobId": 7}, {"startTime": 339037, "endTime": 354909, "taskId": 1, "workflowId": -1, "jobId": 10}, {"startTime": 355895, "endTime": 366812, "taskId": 0, "workflowId": -1, "jobId": 8}, {"startTime": 384531, "endTime": 398095, "taskId": 6, "workflowId": -1, "jobId": 11}, {"startTime": 398095, "endTime": 409012, "taskId": 0, "workflowId": -1, "jobId": 9}, {"startTime": 409012, "endTime": 424884, "taskId": 1, "workflowId": -1, "jobId": 12}, {"startTime": 426778, "endTime": 442650, "taskId": 1, "workflowId": -1, "jobId": 13}, {"startTime": 466233, "endTime": 477299, "taskId": 2, "workflowId": -1, "jobId": 13}]}, {"frequency": 1.5, "activePower": 8, "idlePower": 2.7, "memory": 2, "allocations": [{"startTime": 63011, "endTime": 65909, "taskId": 9, "workflowId": 2, "jobId": -1}, {"startTime": 65909, "endTime": 66939, "taskId": 13, "workflowId": 2, "jobId": -1}, {"startTime": 78230, "endTime": 79992, "taskId": 4, "workflowId": 3, "jobId": -1}, {"startTime": 105061, "endTime": 120933, "taskId": 1, "workflowId": -1, "jobId": 2}, {"startTime": 123899, "endTime": 134816, "taskId": 0, "workflowId": -1, "jobId": 2}, {"startTime": 134816, "endTime": 150688, "taskId": 1, "workflowId": -1, "jobId": 3}, {"startTime": 150688, "endTime": 167155, "taskId": 3, "workflowId": -1, "jobId": 3}, {"startTime": 167155, "endTime": 170169, "taskId": 0, "workflowId": 1, "jobId": -1}, {"startTime": 170169, "endTime": 186041, "taskId": 1, "workflowId": -1, "jobId": 4}, {"startTime": 186041, "endTime": 199605, "taskId": 6, "workflowId": -1, "jobId": 4}, {"startTime": 199605, "endTime": 202221, "taskId": 3, "workflowId": 1, "jobId": -1}, {"startTime": 202221, "endTime": 203217, "taskId": 1, "workflowId": 1, "jobId": -1}, {"startTime": 203217, "endTime": 204591, "taskId": 4, "workflowId": 1, "jobId": -1}, {"startTime": 204591, "endTime": 205725, "taskId": 2, "workflowId": 1, "jobId": -1}, {"startTime": 205725, "endTime": 216791, "taskId": 2, "workflowId": -1, "jobId": 4}, {"startTime": 216791, "endTime": 227708, "taskId": 0, "workflowId": -1, "jobId": 4}, {"startTime": 227708, "endTime": 244175, "taskId": 3, "workflowId": -1, "jobId": 5}, {"startTime": 244175, "endTime": 245108, "taskId": 6, "workflowId": 1, "jobId": -1}, {"startTime": 245108, "endTime": 256174, "taskId": 2, "workflowId": -1, "jobId": 5}, {"startTime": 256174, "endTime": 258839, "taskId": 2, "workflowId": 0, "jobId": -1}, {"startTime": 258839, "endTime": 260683, "taskId": 1, "workflowId": 0, "jobId": -1}, {"startTime": 260683, "endTime": 271749, "taskId": 2, "workflowId": -1, "jobId": 6}, {"startTime": 271749, "endTime": 274499, "taskId": 10, "workflowId": 1, "jobId": -1}, {"startTime": 274499, "endTime": 276844, "taskId": 13, "workflowId": 1, "jobId": -1}, {"startTime": 276844, "endTime": 279909, "taskId": 12, "workflowId": 1, "jobId": -1}, {"startTime": 279909, "endTime": 281960, "taskId": 7, "workflowId": 0, "jobId": -1}, {"startTime": 316917, "endTime": 320182, "taskId": 17, "workflowId": 0, "jobId": -1}, {"startTime": 325873, "endTime": 342340, "taskId": 3, "workflowId": -1, "jobId": 9}, {"startTime": 342340, "endTime": 358031, "taskId": 7, "workflowId": -1, "jobId": 9}, {"startTime": 358031, "endTime": 374498, "taskId": 3, "workflowId": -1, "jobId": 10}, {"startTime": 418975, "endTime": 435442, "taskId": 3, "workflowId": -1, "jobId": 12}]}, {"frequency": 1.5, "activePower": 8, "idlePower": 2.7, "memory": 2, "allocations": [{"startTime": 46567, "endTime": 63034, "taskId": 3, "workflowId": -1, "jobId": 0}, {"startTime": 63034, "endTime": 78906, "taskId": 1, "workflowId": -1, "jobId": 0}, {"startTime": 78906, "endTime": 80740, "taskId": 15, "workflowId": 2, "jobId": -1}, {"startTime": 80740, "endTime": 83694, "taskId": 10, "workflowId": 2, "jobId": -1}, {"startTime": 83694, "endTime": 100161, "taskId": 3, "workflowId": -1, "jobId": 1}, {"startTime": 100161, "endTime": 102717, "taskId": 6, "workflowId": 3, "jobId": -1}, {"startTime": 102717, "endTime": 118408, "taskId": 7, "workflowId": -1, "jobId": 1}, {"startTime": 118408, "endTime": 129325, "taskId": 0, "workflowId": -1, "jobId": 1}, {"startTime": 129325, "endTime": 140391, "taskId": 2, "workflowId": -1, "jobId": 2}, {"startTime": 162565, "endTime": 173482, "taskId": 0, "workflowId": -1, "jobId": 3}, {"startTime": 173482, "endTime": 175401, "taskId": 5, "workflowId": 1, "jobId": -1}, {"startTime": 175401, "endTime": 191868, "taskId": 3, "workflowId": -1, "jobId": 4}, {"startTime": 194047, "endTime": 200559, "taskId": 5, "workflowId": -1, "jobId": 4}, {"startTime": 217500, "endTime": 219775, "taskId": 4, "workflowId": 0, "jobId": -1}, {"startTime": 219775, "endTime": 221999, "taskId": 5, "workflowId": 0, "jobId": -1}, {"startTime": 230911, "endTime": 244475, "taskId": 6, "workflowId": -1, "jobId": 6}, {"startTime": 245108, "endTime": 248069, "taskId": 9, "workflowId": 1, "jobId": -1}, {"startTime": 248069, "endTime": 249643, "taskId": 8, "workflowId": 1, "jobId": -1}, {"startTime": 274499, "endTime": 275881, "taskId": 14, "workflowId": 1, "jobId": -1}, {"startTime": 278563, "endTime": 289480, "taskId": 0, "workflowId": -1, "jobId": 6}, {"startTime": 316884, "endTime": 319451, "taskId": 16, "workflowId": 0, "jobId": -1}, {"startTime": 337105, "endTime": 348171, "taskId": 2, "workflowId": -1, "jobId": 9}, {"startTime": 368284, "endTime": 384156, "taskId": 1, "workflowId": -1, "jobId": 11}, {"startTime": 384156, "endTime": 395222, "taskId": 2, "workflowId": -1, "jobId": 10}, {"startTime": 433951, "endTime": 445017, "taskId": 2, "workflowId": -1, "jobId": 12}, {"startTime": 456025, "endTime": 471897, "taskId": 1, "workflowId": -1, "jobId": 14}]}]