[{"frequency": 2.83, "activePower": 95.4, "idlePower": 49.6, "memory": 2, "allocations": [{"startTime": 27506, "endTime": 29009, "taskId": 3, "workflowId": 3, "jobId": -1}, {"startTime": 40775, "endTime": 42413, "taskId": 9, "workflowId": 3, "jobId": -1}, {"startTime": 45202, "endTime": 46595, "taskId": 1, "workflowId": 1, "jobId": -1}, {"startTime": 46595, "endTime": 47465, "taskId": 8, "workflowId": 1, "jobId": -1}, {"startTime": 52159, "endTime": 53284, "taskId": 12, "workflowId": 3, "jobId": -1}, {"startTime": 80174, "endTime": 80918, "taskId": 6, "workflowId": 2, "jobId": -1}, {"startTime": 80939, "endTime": 82042, "taskId": 1, "workflowId": 0, "jobId": -1}, {"startTime": 82042, "endTime": 82745, "taskId": 7, "workflowId": 0, "jobId": -1}, {"startTime": 82745, "endTime": 83203, "taskId": 8, "workflowId": 0, "jobId": -1}, {"startTime": 83203, "endTime": 83565, "taskId": 8, "workflowId": 0, "jobId": -1}, {"startTime": 83565, "endTime": 83765, "taskId": 9, "workflowId": 0, "jobId": -1}, {"startTime": 83765, "endTime": 84035, "taskId": 9, "workflowId": 0, "jobId": -1}, {"startTime": 84035, "endTime": 84276, "taskId": 11, "workflowId": 0, "jobId": -1}, {"startTime": 84276, "endTime": 84608, "taskId": 11, "workflowId": 0, "jobId": -1}, {"startTime": 84608, "endTime": 85066, "taskId": 10, "workflowId": 0, "jobId": -1}, {"startTime": 85066, "endTime": 86000, "taskId": 10, "workflowId": 0, "jobId": -1}, {"startTime": 86000, "endTime": 87747, "taskId": 13, "workflowId": 0, "jobId": -1}, {"startTime": 87747, "endTime": 88951, "taskId": 14, "workflowId": 0, "jobId": -1}, {"startTime": 88951, "endTime": 90050, "taskId": 15, "workflowId": 0, "jobId": -1}, {"startTime": 90050, "endTime": 90936, "taskId": 18, "workflowId": 0, "jobId": -1}, {"startTime": 94106, "endTime": 94585, "taskId": 12, "workflowId": 2, "jobId": -1}, {"startTime": 100473, "endTime": 101938, "taskId": 17, "workflowId": 2, "jobId": -1}]}, {"frequency": 2.83, "activePower": 95.4, "idlePower": 49.6, "memory": 2, "allocations": [{"startTime": 22719, "endTime": 30607, "taskId": 0, "workflowId": -1, "jobId": 0}, {"startTime": 50107, "endTime": 50917, "taskId": 6, "workflowId": -1, "jobId": 1}, {"startTime": 50917, "endTime": 58805, "taskId": 0, "workflowId": -1, "jobId": 1}, {"startTime": 62200, "endTime": 70052, "taskId": 1, "workflowId": -1, "jobId": 1}, {"startTime": 77495, "endTime": 79115, "taskId": 6, "workflowId": -1, "jobId": 2}, {"startTime": 79115, "endTime": 87003, "taskId": 0, "workflowId": -1, "jobId": 2}, {"startTime": 101681, "endTime": 107313, "taskId": 1, "workflowId": -1, "jobId": 2}, {"startTime": 107313, "endTime": 115201, "taskId": 0, "workflowId": -1, "jobId": 3}, {"startTime": 135511, "endTime": 143399, "taskId": 0, "workflowId": -1, "jobId": 4}, {"startTime": 163709, "endTime": 171597, "taskId": 0, "workflowId": -1, "jobId": 5}, {"startTime": 180643, "endTime": 188495, "taskId": 1, "workflowId": -1, "jobId": 4}, {"startTime": 191907, "endTime": 199795, "taskId": 0, "workflowId": -1, "jobId": 6}, {"startTime": 215457, "endTime": 218525, "taskId": 7, "workflowId": -1, "jobId": 3}, {"startTime": 220105, "endTime": 227993, "taskId": 0, "workflowId": -1, "jobId": 7}, {"startTime": 235589, "endTime": 243543, "taskId": 4, "workflowId": -1, "jobId": 7}, {"startTime": 248303, "endTime": 256191, "taskId": 0, "workflowId": -1, "jobId": 8}, {"startTime": 259605, "endTime": 267457, "taskId": 1, "workflowId": -1, "jobId": 6}, {"startTime": 276501, "endTime": 284389, "taskId": 0, "workflowId": -1, "jobId": 9}, {"startTime": 286449, "endTime": 294272, "taskId": 5, "workflowId": -1, "jobId": 5}, {"startTime": 299086, "endTime": 304699, "taskId": 1, "workflowId": -1, "jobId": 7}, {"startTime": 304699, "endTime": 312587, "taskId": 0, "workflowId": -1, "jobId": 10}, {"startTime": 323987, "endTime": 326184, "taskId": 6, "workflowId": -1, "jobId": 11}, {"startTime": 326819, "endTime": 332897, "taskId": 4, "workflowId": -1, "jobId": 10}, {"startTime": 332897, "endTime": 340785, "taskId": 0, "workflowId": -1, "jobId": 11}, {"startTime": 361095, "endTime": 368983, "taskId": 0, "workflowId": -1, "jobId": 12}, {"startTime": 378048, "endTime": 385900, "taskId": 1, "workflowId": -1, "jobId": 9}, {"startTime": 387639, "endTime": 389293, "taskId": 4, "workflowId": -1, "jobId": 12}, {"startTime": 389293, "endTime": 397181, "taskId": 0, "workflowId": -1, "jobId": 13}, {"startTime": 417491, "endTime": 425379, "taskId": 0, "workflowId": -1, "jobId": 14}, {"startTime": 433539, "endTime": 435736, "taskId": 6, "workflowId": -1, "jobId": 15}, {"startTime": 445689, "endTime": 453577, "taskId": 0, "workflowId": -1, "jobId": 15}, {"startTime": 453577, "endTime": 457010, "taskId": 4, "workflowId": -1, "jobId": 14}, {"startTime": 457010, "endTime": 464862, "taskId": 1, "workflowId": -1, "jobId": 11}]}, {"frequency": 2.83, "activePower": 95.4, "idlePower": 49.6, "memory": 2, "allocations": [{"startTime": 45202, "endTime": 46852, "taskId": 5, "workflowId": 1, "jobId": -1}, {"startTime": 80939, "endTime": 82579, "taskId": 2, "workflowId": 0, "jobId": -1}, {"startTime": 82579, "endTime": 83037, "taskId": 6, "workflowId": 0, "jobId": -1}, {"startTime": 83037, "endTime": 83565, "taskId": 6, "workflowId": 0, "jobId": -1}, {"startTime": 83565, "endTime": 84276, "taskId": 8, "workflowId": 0, "jobId": -1}, {"startTime": 84276, "endTime": 84585, "taskId": 4, "workflowId": 0, "jobId": -1}, {"startTime": 84585, "endTime": 84734, "taskId": 4, "workflowId": 0, "jobId": -1}, {"startTime": 84734, "endTime": 85296, "taskId": 4, "workflowId": 0, "jobId": -1}, {"startTime": 85296, "endTime": 85754, "taskId": 5, "workflowId": 0, "jobId": -1}, {"startTime": 85754, "endTime": 86159, "taskId": 3, "workflowId": 0, "jobId": -1}, {"startTime": 86159, "endTime": 87851, "taskId": 12, "workflowId": 0, "jobId": -1}, {"startTime": 88951, "endTime": 90636, "taskId": 16, "workflowId": 0, "jobId": -1}, {"startTime": 90636, "endTime": 91945, "taskId": 17, "workflowId": 0, "jobId": -1}]}, {"frequency": 2.83, "activePower": 95.4, "idlePower": 49.6, "memory": 2, "allocations": [{"startTime": 22719, "endTime": 30571, "taskId": 1, "workflowId": -1, "jobId": 0}, {"startTime": 30571, "endTime": 33639, "taskId": 7, "workflowId": -1, "jobId": 0}, {"startTime": 50917, "endTime": 52304, "taskId": 6, "workflowId": -1, "jobId": 1}, {"startTime": 79115, "endTime": 79692, "taskId": 6, "workflowId": -1, "jobId": 2}, {"startTime": 104883, "endTime": 107080, "taskId": 6, "workflowId": -1, "jobId": 3}, {"startTime": 107313, "endTime": 109533, "taskId": 1, "workflowId": -1, "jobId": 2}, {"startTime": 141162, "endTime": 149014, "taskId": 1, "workflowId": -1, "jobId": 3}, {"startTime": 220124, "endTime": 227976, "taskId": 1, "workflowId": -1, "jobId": 5}, {"startTime": 279703, "endTime": 282771, "taskId": 7, "workflowId": -1, "jobId": 4}, {"startTime": 304699, "endTime": 306938, "taskId": 1, "workflowId": -1, "jobId": 7}, {"startTime": 332897, "endTime": 334773, "taskId": 4, "workflowId": -1, "jobId": 10}, {"startTime": 338567, "endTime": 346419, "taskId": 1, "workflowId": -1, "jobId": 8}, {"startTime": 378763, "endTime": 380960, "taskId": 6, "workflowId": -1, "jobId": 13}, {"startTime": 389293, "endTime": 395593, "taskId": 4, "workflowId": -1, "jobId": 12}, {"startTime": 417529, "endTime": 425381, "taskId": 1, "workflowId": -1, "jobId": 10}, {"startTime": 448459, "endTime": 452239, "taskId": 4, "workflowId": -1, "jobId": 14}, {"startTime": 452239, "endTime": 457399, "taskId": 2, "workflowId": -1, "jobId": 10}, {"startTime": 457399, "endTime": 458140, "taskId": 4, "workflowId": -1, "jobId": 14}]}]