[{"frequency": 2.83, "activePower": 95.4, "idlePower": 49.6, "memory": 2, "allocations": [{"startTime": 29930, "endTime": 31526, "taskId": 0, "workflowId": 2, "jobId": -1}, {"startTime": 31526, "endTime": 31886, "taskId": 2, "workflowId": 2, "jobId": -1}, {"startTime": 31886, "endTime": 32187, "taskId": 3, "workflowId": 2, "jobId": -1}, {"startTime": 32187, "endTime": 39176, "taskId": 1, "workflowId": -1, "jobId": 0}, {"startTime": 39176, "endTime": 41730, "taskId": 2, "workflowId": -1, "jobId": 0}, {"startTime": 41730, "endTime": 43487, "taskId": 3, "workflowId": -1, "jobId": 0}, {"startTime": 43487, "endTime": 44592, "taskId": 3, "workflowId": -1, "jobId": 0}, {"startTime": 44592, "endTime": 48668, "taskId": 3, "workflowId": -1, "jobId": 0}, {"startTime": 48668, "endTime": 48739, "taskId": 7, "workflowId": 3, "jobId": -1}, {"startTime": 48739, "endTime": 49583, "taskId": 5, "workflowId": 3, "jobId": -1}, {"startTime": 50205, "endTime": 55388, "taskId": 6, "workflowId": -1, "jobId": 0}, {"startTime": 55388, "endTime": 62377, "taskId": 1, "workflowId": -1, "jobId": 1}, {"startTime": 66186, "endTime": 74274, "taskId": 0, "workflowId": -1, "jobId": 1}, {"startTime": 75427, "endTime": 78589, "taskId": 6, "workflowId": -1, "jobId": 2}, {"startTime": 78589, "endTime": 85578, "taskId": 1, "workflowId": -1, "jobId": 2}, {"startTime": 89475, "endTime": 97018, "taskId": 3, "workflowId": -1, "jobId": 1}, {"startTime": 97047, "endTime": 100185, "taskId": 6, "workflowId": -1, "jobId": 3}, {"startTime": 100185, "endTime": 101791, "taskId": 0, "workflowId": -1, "jobId": 2}, {"startTime": 101791, "endTime": 108780, "taskId": 1, "workflowId": -1, "jobId": 3}, {"startTime": 110035, "endTime": 110515, "taskId": 17, "workflowId": 1, "jobId": -1}, {"startTime": 110515, "endTime": 112290, "taskId": 6, "workflowId": -1, "jobId": 3}, {"startTime": 118667, "endTime": 124991, "taskId": 6, "workflowId": -1, "jobId": 4}, {"startTime": 124991, "endTime": 131980, "taskId": 1, "workflowId": -1, "jobId": 4}, {"startTime": 134184, "endTime": 142272, "taskId": 0, "workflowId": -1, "jobId": 3}, {"startTime": 146763, "endTime": 148192, "taskId": 3, "workflowId": -1, "jobId": 2}, {"startTime": 148192, "endTime": 155181, "taskId": 1, "workflowId": -1, "jobId": 5}, {"startTime": 161907, "endTime": 168183, "taskId": 6, "workflowId": -1, "jobId": 6}, {"startTime": 168183, "endTime": 169144, "taskId": 0, "workflowId": -1, "jobId": 4}, {"startTime": 169144, "endTime": 170061, "taskId": 0, "workflowId": 0, "jobId": -1}, {"startTime": 170061, "endTime": 171387, "taskId": 5, "workflowId": 0, "jobId": -1}, {"startTime": 171387, "endTime": 171393, "taskId": 3, "workflowId": 0, "jobId": -1}, {"startTime": 171393, "endTime": 178382, "taskId": 1, "workflowId": -1, "jobId": 6}, {"startTime": 178382, "endTime": 178981, "taskId": 7, "workflowId": -1, "jobId": 2}, {"startTime": 178981, "endTime": 180680, "taskId": 15, "workflowId": 0, "jobId": -1}, {"startTime": 180680, "endTime": 181393, "taskId": 16, "workflowId": 0, "jobId": -1}, {"startTime": 183527, "endTime": 191727, "taskId": 6, "workflowId": -1, "jobId": 7}, {"startTime": 194594, "endTime": 201583, "taskId": 1, "workflowId": -1, "jobId": 7}, {"startTime": 202182, "endTime": 210270, "taskId": 0, "workflowId": -1, "jobId": 5}, {"startTime": 211425, "endTime": 215736, "taskId": 2, "workflowId": -1, "jobId": 3}, {"startTime": 217795, "endTime": 224784, "taskId": 1, "workflowId": -1, "jobId": 8}, {"startTime": 226767, "endTime": 234967, "taskId": 6, "workflowId": -1, "jobId": 9}, {"startTime": 236181, "endTime": 240996, "taskId": 0, "workflowId": -1, "jobId": 6}, {"startTime": 240996, "endTime": 247985, "taskId": 1, "workflowId": -1, "jobId": 9}, {"startTime": 248387, "endTime": 256587, "taskId": 6, "workflowId": -1, "jobId": 10}, {"startTime": 261339, "endTime": 264197, "taskId": 3, "workflowId": -1, "jobId": 4}, {"startTime": 264197, "endTime": 271186, "taskId": 1, "workflowId": -1, "jobId": 10}, {"startTime": 272027, "endTime": 279912, "taskId": 5, "workflowId": -1, "jobId": 5}, {"startTime": 287398, "endTime": 294387, "taskId": 1, "workflowId": -1, "jobId": 11}, {"startTime": 304179, "endTime": 310599, "taskId": 0, "workflowId": -1, "jobId": 8}, {"startTime": 310599, "endTime": 317588, "taskId": 1, "workflowId": -1, "jobId": 12}, {"startTime": 318627, "endTime": 319995, "taskId": 3, "workflowId": -1, "jobId": 5}, {"startTime": 319995, "endTime": 327880, "taskId": 5, "workflowId": -1, "jobId": 6}, {"startTime": 330917, "endTime": 333800, "taskId": 2, "workflowId": -1, "jobId": 5}, {"startTime": 333800, "endTime": 340789, "taskId": 1, "workflowId": -1, "jobId": 13}, {"startTime": 356487, "endTime": 357001, "taskId": 6, "workflowId": -1, "jobId": 15}, {"startTime": 357001, "endTime": 363990, "taskId": 1, "workflowId": -1, "jobId": 14}, {"startTime": 367963, "endTime": 372177, "taskId": 5, "workflowId": -1, "jobId": 7}, {"startTime": 372177, "endTime": 380202, "taskId": 0, "workflowId": -1, "jobId": 10}, {"startTime": 380202, "endTime": 387191, "taskId": 1, "workflowId": -1, "jobId": 15}, {"startTime": 390663, "endTime": 394974, "taskId": 2, "workflowId": -1, "jobId": 6}, {"startTime": 398229, "endTime": 403403, "taskId": 4, "workflowId": -1, "jobId": 6}, {"startTime": 403403, "endTime": 410392, "taskId": 1, "workflowId": -1, "jobId": 16}, {"startTime": 415931, "endTime": 423816, "taskId": 5, "workflowId": -1, "jobId": 8}, {"startTime": 426604, "endTime": 433593, "taskId": 1, "workflowId": -1, "jobId": 17}, {"startTime": 440175, "endTime": 448263, "taskId": 0, "workflowId": -1, "jobId": 12}, {"startTime": 449805, "endTime": 456794, "taskId": 1, "workflowId": -1, "jobId": 18}, {"startTime": 464587, "endTime": 472787, "taskId": 6, "workflowId": -1, "jobId": 20}, {"startTime": 473006, "endTime": 479995, "taskId": 1, "workflowId": -1, "jobId": 19}]}, {"frequency": 2.83, "activePower": 95.4, "idlePower": 49.6, "memory": 2, "allocations": [{"startTime": 29930, "endTime": 30388, "taskId": 2, "workflowId": 3, "jobId": -1}, {"startTime": 30388, "endTime": 31526, "taskId": 4, "workflowId": 3, "jobId": -1}, {"startTime": 31526, "endTime": 31753, "taskId": 5, "workflowId": 2, "jobId": -1}, {"startTime": 31753, "endTime": 32187, "taskId": 5, "workflowId": 2, "jobId": -1}, {"startTime": 32187, "endTime": 32200, "taskId": 0, "workflowId": -1, "jobId": 0}, {"startTime": 32200, "endTime": 32427, "taskId": 0, "workflowId": -1, "jobId": 0}, {"startTime": 32427, "endTime": 33121, "taskId": 0, "workflowId": -1, "jobId": 0}, {"startTime": 33121, "endTime": 40275, "taskId": 0, "workflowId": -1, "jobId": 0}, {"startTime": 40275, "endTime": 41730, "taskId": 4, "workflowId": -1, "jobId": 0}, {"startTime": 41730, "endTime": 43487, "taskId": 2, "workflowId": -1, "jobId": 0}, {"startTime": 43487, "endTime": 43714, "taskId": 15, "workflowId": 2, "jobId": -1}, {"startTime": 43714, "endTime": 44181, "taskId": 15, "workflowId": 2, "jobId": -1}, {"startTime": 44181, "endTime": 44772, "taskId": 15, "workflowId": 2, "jobId": -1}, {"startTime": 44772, "endTime": 45154, "taskId": 17, "workflowId": 2, "jobId": -1}, {"startTime": 45154, "endTime": 45425, "taskId": 6, "workflowId": 3, "jobId": -1}, {"startTime": 45616, "endTime": 48478, "taskId": 7, "workflowId": -1, "jobId": 0}, {"startTime": 48478, "endTime": 48739, "taskId": 5, "workflowId": 3, "jobId": -1}, {"startTime": 48739, "endTime": 50090, "taskId": 7, "workflowId": 3, "jobId": -1}, {"startTime": 50090, "endTime": 51148, "taskId": 17, "workflowId": 3, "jobId": -1}, {"startTime": 53807, "endTime": 55388, "taskId": 6, "workflowId": -1, "jobId": 1}, {"startTime": 55388, "endTime": 58405, "taskId": 6, "workflowId": -1, "jobId": 0}, {"startTime": 78589, "endTime": 80155, "taskId": 6, "workflowId": -1, "jobId": 2}, {"startTime": 80155, "endTime": 88040, "taskId": 5, "workflowId": -1, "jobId": 1}, {"startTime": 91933, "endTime": 96244, "taskId": 2, "workflowId": -1, "jobId": 1}, {"startTime": 100185, "endTime": 101791, "taskId": 6, "workflowId": -1, "jobId": 3}, {"startTime": 101791, "endTime": 108273, "taskId": 0, "workflowId": -1, "jobId": 2}, {"startTime": 108273, "endTime": 108710, "taskId": 5, "workflowId": 1, "jobId": -1}, {"startTime": 108710, "endTime": 108775, "taskId": 7, "workflowId": -1, "jobId": 1}, {"startTime": 108775, "endTime": 110035, "taskId": 14, "workflowId": 1, "jobId": -1}, {"startTime": 110035, "endTime": 110620, "taskId": 16, "workflowId": 1, "jobId": -1}, {"startTime": 110620, "endTime": 111852, "taskId": 7, "workflowId": -1, "jobId": 1}, {"startTime": 124991, "endTime": 126867, "taskId": 6, "workflowId": -1, "jobId": 4}, {"startTime": 128123, "endTime": 136008, "taskId": 5, "workflowId": -1, "jobId": 2}, {"startTime": 140287, "endTime": 148192, "taskId": 6, "workflowId": -1, "jobId": 5}, {"startTime": 148192, "endTime": 154306, "taskId": 3, "workflowId": -1, "jobId": 2}, {"startTime": 168183, "endTime": 169144, "taskId": 6, "workflowId": -1, "jobId": 6}, {"startTime": 169144, "endTime": 176271, "taskId": 0, "workflowId": -1, "jobId": 4}, {"startTime": 176271, "endTime": 177520, "taskId": 5, "workflowId": -1, "jobId": 3}, {"startTime": 177520, "endTime": 178231, "taskId": 13, "workflowId": 0, "jobId": -1}, {"startTime": 178231, "endTime": 180680, "taskId": 5, "workflowId": -1, "jobId": 3}, {"startTime": 180680, "endTime": 181648, "taskId": 17, "workflowId": 0, "jobId": -1}, {"startTime": 204051, "endTime": 211594, "taskId": 3, "workflowId": -1, "jobId": 3}, {"startTime": 215208, "endTime": 220549, "taskId": 4, "workflowId": -1, "jobId": 3}, {"startTime": 224059, "endTime": 231944, "taskId": 5, "workflowId": -1, "jobId": 4}, {"startTime": 240996, "endTime": 244269, "taskId": 0, "workflowId": -1, "jobId": 6}, {"startTime": 264197, "endTime": 268882, "taskId": 3, "workflowId": -1, "jobId": 4}, {"startTime": 270007, "endTime": 270180, "taskId": 6, "workflowId": -1, "jobId": 11}, {"startTime": 270180, "endTime": 278268, "taskId": 0, "workflowId": -1, "jobId": 7}, {"startTime": 291627, "endTime": 299827, "taskId": 6, "workflowId": -1, "jobId": 12}, {"startTime": 310599, "endTime": 312267, "taskId": 0, "workflowId": -1, "jobId": 8}, {"startTime": 313247, "endTime": 319995, "taskId": 6, "workflowId": -1, "jobId": 13}, {"startTime": 319995, "endTime": 326170, "taskId": 3, "workflowId": -1, "jobId": 5}, {"startTime": 333800, "endTime": 335228, "taskId": 2, "workflowId": -1, "jobId": 5}, {"startTime": 337222, "endTime": 338178, "taskId": 4, "workflowId": -1, "jobId": 5}, {"startTime": 338178, "endTime": 346266, "taskId": 0, "workflowId": -1, "jobId": 9}, {"startTime": 357001, "endTime": 364687, "taskId": 6, "workflowId": -1, "jobId": 15}, {"startTime": 372177, "endTime": 375848, "taskId": 5, "workflowId": -1, "jobId": 7}, {"startTime": 375915, "endTime": 380202, "taskId": 3, "workflowId": -1, "jobId": 6}, {"startTime": 380202, "endTime": 380265, "taskId": 0, "workflowId": -1, "jobId": 10}, {"startTime": 380382, "endTime": 383244, "taskId": 7, "workflowId": -1, "jobId": 5}, {"startTime": 399727, "endTime": 403403, "taskId": 6, "workflowId": -1, "jobId": 17}, {"startTime": 403403, "endTime": 403570, "taskId": 4, "workflowId": -1, "jobId": 6}, {"startTime": 406176, "endTime": 414264, "taskId": 0, "workflowId": -1, "jobId": 11}, {"startTime": 421347, "endTime": 429547, "taskId": 6, "workflowId": -1, "jobId": 18}, {"startTime": 433203, "endTime": 440746, "taskId": 3, "workflowId": -1, "jobId": 7}, {"startTime": 442967, "endTime": 451167, "taskId": 6, "workflowId": -1, "jobId": 19}]}, {"frequency": 2.83, "activePower": 95.4, "idlePower": 49.6, "memory": 2, "allocations": [{"startTime": 29930, "endTime": 30648, "taskId": 1, "workflowId": 3, "jobId": -1}, {"startTime": 30648, "endTime": 31526, "taskId": 6, "workflowId": 3, "jobId": -1}, {"startTime": 31526, "endTime": 32187, "taskId": 1, "workflowId": 2, "jobId": -1}, {"startTime": 32187, "endTime": 32200, "taskId": 5, "workflowId": 2, "jobId": -1}, {"startTime": 32200, "endTime": 32695, "taskId": 4, "workflowId": 2, "jobId": -1}, {"startTime": 32695, "endTime": 33240, "taskId": 4, "workflowId": 2, "jobId": -1}, {"startTime": 33240, "endTime": 34187, "taskId": 6, "workflowId": 2, "jobId": -1}, {"startTime": 34187, "endTime": 34842, "taskId": 7, "workflowId": 2, "jobId": -1}, {"startTime": 34842, "endTime": 35686, "taskId": 10, "workflowId": 2, "jobId": -1}, {"startTime": 35686, "endTime": 37174, "taskId": 8, "workflowId": 2, "jobId": -1}, {"startTime": 37174, "endTime": 38834, "taskId": 9, "workflowId": 2, "jobId": -1}, {"startTime": 38834, "endTime": 39061, "taskId": 11, "workflowId": 2, "jobId": -1}, {"startTime": 39061, "endTime": 39755, "taskId": 11, "workflowId": 2, "jobId": -1}, {"startTime": 39755, "endTime": 40586, "taskId": 11, "workflowId": 2, "jobId": -1}, {"startTime": 40586, "endTime": 40813, "taskId": 13, "workflowId": 2, "jobId": -1}, {"startTime": 40813, "endTime": 40860, "taskId": 13, "workflowId": 2, "jobId": -1}, {"startTime": 40860, "endTime": 41027, "taskId": 13, "workflowId": 2, "jobId": -1}, {"startTime": 41027, "endTime": 41125, "taskId": 10, "workflowId": 3, "jobId": -1}, {"startTime": 41125, "endTime": 41730, "taskId": 3, "workflowId": -1, "jobId": 0}, {"startTime": 41730, "endTime": 45616, "taskId": 4, "workflowId": -1, "jobId": 0}, {"startTime": 45616, "endTime": 46721, "taskId": 8, "workflowId": 3, "jobId": -1}, {"startTime": 46721, "endTime": 47038, "taskId": 8, "workflowId": 3, "jobId": -1}, {"startTime": 47038, "endTime": 47285, "taskId": 8, "workflowId": 3, "jobId": -1}, {"startTime": 47285, "endTime": 48390, "taskId": 14, "workflowId": 3, "jobId": -1}, {"startTime": 48390, "endTime": 48905, "taskId": 14, "workflowId": 3, "jobId": -1}, {"startTime": 48905, "endTime": 50079, "taskId": 18, "workflowId": 3, "jobId": -1}, {"startTime": 50079, "endTime": 51229, "taskId": 15, "workflowId": 3, "jobId": -1}, {"startTime": 55389, "endTime": 62008, "taskId": 6, "workflowId": -1, "jobId": 1}, {"startTime": 80155, "endTime": 83627, "taskId": 6, "workflowId": -1, "jobId": 2}, {"startTime": 93194, "endTime": 98535, "taskId": 4, "workflowId": -1, "jobId": 1}, {"startTime": 101791, "endTime": 102131, "taskId": 6, "workflowId": -1, "jobId": 3}, {"startTime": 102131, "endTime": 102569, "taskId": 4, "workflowId": 1, "jobId": -1}, {"startTime": 102569, "endTime": 104085, "taskId": 2, "workflowId": 1, "jobId": -1}, {"startTime": 104085, "endTime": 105418, "taskId": 12, "workflowId": 1, "jobId": -1}, {"startTime": 105418, "endTime": 106239, "taskId": 7, "workflowId": 1, "jobId": -1}, {"startTime": 106239, "endTime": 106478, "taskId": 7, "workflowId": 1, "jobId": -1}, {"startTime": 106478, "endTime": 107478, "taskId": 10, "workflowId": 1, "jobId": -1}, {"startTime": 107478, "endTime": 107915, "taskId": 9, "workflowId": 1, "jobId": -1}, {"startTime": 107915, "endTime": 108299, "taskId": 9, "workflowId": 1, "jobId": -1}, {"startTime": 108299, "endTime": 108694, "taskId": 8, "workflowId": 1, "jobId": -1}, {"startTime": 108694, "endTime": 110035, "taskId": 6, "workflowId": -1, "jobId": 3}, {"startTime": 110035, "endTime": 110968, "taskId": 18, "workflowId": 1, "jobId": -1}, {"startTime": 148192, "endTime": 148487, "taskId": 6, "workflowId": -1, "jobId": 5}, {"startTime": 151679, "endTime": 155990, "taskId": 2, "workflowId": -1, "jobId": 2}, {"startTime": 169144, "endTime": 170061, "taskId": 6, "workflowId": -1, "jobId": 6}, {"startTime": 170061, "endTime": 171396, "taskId": 1, "workflowId": 0, "jobId": -1}, {"startTime": 171396, "endTime": 173044, "taskId": 3, "workflowId": 0, "jobId": -1}, {"startTime": 173044, "endTime": 173090, "taskId": 6, "workflowId": -1, "jobId": 6}, {"startTime": 173090, "endTime": 173929, "taskId": 7, "workflowId": -1, "jobId": 2}, {"startTime": 173929, "endTime": 174455, "taskId": 7, "workflowId": 0, "jobId": -1}, {"startTime": 174455, "endTime": 175880, "taskId": 9, "workflowId": 0, "jobId": -1}, {"startTime": 175880, "endTime": 177520, "taskId": 11, "workflowId": 0, "jobId": -1}, {"startTime": 177520, "endTime": 178667, "taskId": 14, "workflowId": 0, "jobId": -1}, {"startTime": 178981, "endTime": 179345, "taskId": 7, "workflowId": -1, "jobId": 2}, {"startTime": 180680, "endTime": 184867, "taskId": 5, "workflowId": -1, "jobId": 3}, {"startTime": 205147, "endTime": 213347, "taskId": 6, "workflowId": -1, "jobId": 8}, {"startTime": 241104, "endTime": 243966, "taskId": 7, "workflowId": -1, "jobId": 3}, {"startTime": 270180, "endTime": 271171, "taskId": 6, "workflowId": -1, "jobId": 11}, {"startTime": 271171, "endTime": 275482, "taskId": 2, "workflowId": -1, "jobId": 4}, {"startTime": 276215, "endTime": 281556, "taskId": 4, "workflowId": -1, "jobId": 4}, {"startTime": 310743, "endTime": 313605, "taskId": 7, "workflowId": -1, "jobId": 4}, {"startTime": 319995, "endTime": 321447, "taskId": 6, "workflowId": -1, "jobId": 13}, {"startTime": 334867, "endTime": 338178, "taskId": 6, "workflowId": -1, "jobId": 14}, {"startTime": 338178, "endTime": 342563, "taskId": 4, "workflowId": -1, "jobId": 5}, {"startTime": 378107, "endTime": 380202, "taskId": 6, "workflowId": -1, "jobId": 16}, {"startTime": 380202, "endTime": 383458, "taskId": 3, "workflowId": -1, "jobId": 6}, {"startTime": 403403, "endTime": 407927, "taskId": 6, "workflowId": -1, "jobId": 17}]}, {"frequency": 2.83, "activePower": 95.4, "idlePower": 49.6, "memory": 2, "allocations": [{"startTime": 29930, "endTime": 30959, "taskId": 3, "workflowId": 3, "jobId": -1}, {"startTime": 30959, "endTime": 31526, "taskId": 5, "workflowId": 3, "jobId": -1}, {"startTime": 31526, "endTime": 32187, "taskId": 4, "workflowId": 2, "jobId": -1}, {"startTime": 32187, "endTime": 32695, "taskId": 1, "workflowId": 2, "jobId": -1}, {"startTime": 32695, "endTime": 33227, "taskId": 3, "workflowId": 2, "jobId": -1}, {"startTime": 33227, "endTime": 34120, "taskId": 3, "workflowId": 2, "jobId": -1}, {"startTime": 34120, "endTime": 41663, "taskId": 5, "workflowId": -1, "jobId": 0}, {"startTime": 41663, "endTime": 41890, "taskId": 5, "workflowId": -1, "jobId": 0}, {"startTime": 41890, "endTime": 42005, "taskId": 5, "workflowId": -1, "jobId": 0}, {"startTime": 42005, "endTime": 42232, "taskId": 12, "workflowId": 2, "jobId": -1}, {"startTime": 42232, "endTime": 42514, "taskId": 12, "workflowId": 2, "jobId": -1}, {"startTime": 42514, "endTime": 42584, "taskId": 14, "workflowId": 2, "jobId": -1}, {"startTime": 42584, "endTime": 42926, "taskId": 14, "workflowId": 2, "jobId": -1}, {"startTime": 42926, "endTime": 43768, "taskId": 14, "workflowId": 2, "jobId": -1}, {"startTime": 43768, "endTime": 43995, "taskId": 4, "workflowId": 3, "jobId": -1}, {"startTime": 43995, "endTime": 44349, "taskId": 9, "workflowId": 3, "jobId": -1}, {"startTime": 44349, "endTime": 44772, "taskId": 6, "workflowId": 3, "jobId": -1}, {"startTime": 44772, "endTime": 45043, "taskId": 16, "workflowId": 2, "jobId": -1}, {"startTime": 45043, "endTime": 45446, "taskId": 16, "workflowId": 2, "jobId": -1}, {"startTime": 45446, "endTime": 45535, "taskId": 16, "workflowId": 2, "jobId": -1}, {"startTime": 45535, "endTime": 46046, "taskId": 12, "workflowId": 3, "jobId": -1}, {"startTime": 46046, "endTime": 46871, "taskId": 13, "workflowId": 3, "jobId": -1}, {"startTime": 46871, "endTime": 47285, "taskId": 10, "workflowId": 3, "jobId": -1}, {"startTime": 47285, "endTime": 48186, "taskId": 11, "workflowId": 3, "jobId": -1}, {"startTime": 48186, "endTime": 48669, "taskId": 11, "workflowId": 3, "jobId": -1}, {"startTime": 48669, "endTime": 49570, "taskId": 10, "workflowId": 3, "jobId": -1}, {"startTime": 49570, "endTime": 50828, "taskId": 16, "workflowId": 3, "jobId": -1}, {"startTime": 101826, "endTime": 102131, "taskId": 7, "workflowId": -1, "jobId": 1}, {"startTime": 102131, "endTime": 103044, "taskId": 3, "workflowId": 1, "jobId": -1}, {"startTime": 103044, "endTime": 104798, "taskId": 1, "workflowId": 1, "jobId": -1}, {"startTime": 104798, "endTime": 106153, "taskId": 6, "workflowId": 1, "jobId": -1}, {"startTime": 106153, "endTime": 106548, "taskId": 11, "workflowId": 1, "jobId": -1}, {"startTime": 106548, "endTime": 107399, "taskId": 11, "workflowId": 1, "jobId": -1}, {"startTime": 107399, "endTime": 108220, "taskId": 13, "workflowId": 1, "jobId": -1}, {"startTime": 108220, "endTime": 108775, "taskId": 13, "workflowId": 1, "jobId": -1}, {"startTime": 108775, "endTime": 110035, "taskId": 7, "workflowId": -1, "jobId": 1}, {"startTime": 110035, "endTime": 111620, "taskId": 15, "workflowId": 1, "jobId": -1}, {"startTime": 154201, "endTime": 159542, "taskId": 4, "workflowId": -1, "jobId": 2}, {"startTime": 170061, "endTime": 171523, "taskId": 2, "workflowId": 0, "jobId": -1}, {"startTime": 171523, "endTime": 172183, "taskId": 4, "workflowId": 0, "jobId": -1}, {"startTime": 172183, "endTime": 173929, "taskId": 6, "workflowId": 0, "jobId": -1}, {"startTime": 173929, "endTime": 174741, "taskId": 8, "workflowId": 0, "jobId": -1}, {"startTime": 174741, "endTime": 176460, "taskId": 10, "workflowId": 0, "jobId": -1}, {"startTime": 176460, "endTime": 177520, "taskId": 7, "workflowId": -1, "jobId": 2}, {"startTime": 177520, "endTime": 178981, "taskId": 12, "workflowId": 0, "jobId": -1}, {"startTime": 271171, "endTime": 278207, "taskId": 6, "workflowId": -1, "jobId": 11}, {"startTime": 338178, "endTime": 343067, "taskId": 6, "workflowId": -1, "jobId": 14}, {"startTime": 380202, "endTime": 386307, "taskId": 6, "workflowId": -1, "jobId": 16}]}]