[{"frequency": 2.83, "activePower": 118, "idlePower": 56.7, "memory": 4, "allocations": [{"startTime": 35449, "endTime": 36571, "taskId": 0, "workflowId": 3, "jobId": -1}, {"startTime": 36572, "endTime": 37703, "taskId": 2, "workflowId": 3, "jobId": -1}, {"startTime": 37703, "endTime": 46116, "taskId": 1, "workflowId": -1, "jobId": 0}, {"startTime": 46116, "endTime": 53306, "taskId": 6, "workflowId": -1, "jobId": 0}, {"startTime": 53306, "endTime": 54520, "taskId": 16, "workflowId": 3, "jobId": -1}, {"startTime": 54520, "endTime": 55478, "taskId": 7, "workflowId": 2, "jobId": -1}, {"startTime": 55478, "endTime": 56496, "taskId": 9, "workflowId": 2, "jobId": -1}, {"startTime": 56496, "endTime": 56827, "taskId": 9, "workflowId": 2, "jobId": -1}, {"startTime": 56827, "endTime": 57014, "taskId": 9, "workflowId": 2, "jobId": -1}, {"startTime": 57014, "endTime": 57242, "taskId": 12, "workflowId": 2, "jobId": -1}, {"startTime": 57242, "endTime": 57403, "taskId": 12, "workflowId": 2, "jobId": -1}, {"startTime": 57403, "endTime": 58084, "taskId": 16, "workflowId": 2, "jobId": -1}, {"startTime": 58084, "endTime": 58202, "taskId": 16, "workflowId": 2, "jobId": -1}, {"startTime": 58202, "endTime": 58650, "taskId": 18, "workflowId": 2, "jobId": -1}, {"startTime": 58650, "endTime": 58890, "taskId": 18, "workflowId": 2, "jobId": -1}, {"startTime": 58890, "endTime": 59085, "taskId": 18, "workflowId": 2, "jobId": -1}, {"startTime": 59085, "endTime": 59118, "taskId": 7, "workflowId": -1, "jobId": 0}, {"startTime": 59118, "endTime": 59313, "taskId": 7, "workflowId": -1, "jobId": 0}, {"startTime": 59313, "endTime": 59486, "taskId": 17, "workflowId": 3, "jobId": -1}, {"startTime": 59486, "endTime": 59817, "taskId": 2, "workflowId": 2, "jobId": -1}, {"startTime": 59817, "endTime": 60466, "taskId": 10, "workflowId": 3, "jobId": -1}, {"startTime": 66950, "endTime": 75363, "taskId": 1, "workflowId": -1, "jobId": 1}, {"startTime": 75363, "endTime": 76369, "taskId": 6, "workflowId": -1, "jobId": 1}, {"startTime": 76369, "endTime": 82156, "taskId": 0, "workflowId": -1, "jobId": 1}, {"startTime": 96197, "endTime": 104610, "taskId": 1, "workflowId": -1, "jobId": 2}, {"startTime": 104610, "endTime": 111443, "taskId": 7, "workflowId": -1, "jobId": 2}, {"startTime": 111443, "endTime": 114895, "taskId": 5, "workflowId": -1, "jobId": 2}, {"startTime": 115035, "endTime": 120822, "taskId": 0, "workflowId": -1, "jobId": 2}, {"startTime": 125444, "endTime": 133857, "taskId": 1, "workflowId": -1, "jobId": 3}, {"startTime": 134549, "endTime": 140415, "taskId": 2, "workflowId": -1, "jobId": 3}, {"startTime": 148313, "endTime": 151765, "taskId": 5, "workflowId": -1, "jobId": 3}, {"startTime": 153701, "endTime": 154691, "taskId": 0, "workflowId": -1, "jobId": 3}, {"startTime": 154691, "endTime": 163104, "taskId": 1, "workflowId": -1, "jobId": 4}, {"startTime": 163104, "endTime": 164199, "taskId": 7, "workflowId": 1, "jobId": -1}, {"startTime": 164199, "endTime": 164404, "taskId": 8, "workflowId": 1, "jobId": -1}, {"startTime": 164404, "endTime": 165034, "taskId": 8, "workflowId": 1, "jobId": -1}, {"startTime": 165034, "endTime": 166771, "taskId": 11, "workflowId": 1, "jobId": -1}, {"startTime": 166771, "endTime": 166831, "taskId": 14, "workflowId": 1, "jobId": -1}, {"startTime": 166831, "endTime": 167504, "taskId": 2, "workflowId": -1, "jobId": 4}, {"startTime": 167504, "endTime": 172697, "taskId": 2, "workflowId": -1, "jobId": 4}, {"startTime": 183938, "endTime": 192351, "taskId": 1, "workflowId": -1, "jobId": 5}, {"startTime": 192367, "endTime": 192873, "taskId": 0, "workflowId": -1, "jobId": 4}, {"startTime": 192873, "endTime": 201601, "taskId": 3, "workflowId": -1, "jobId": 5}, {"startTime": 213185, "endTime": 215694, "taskId": 1, "workflowId": -1, "jobId": 6}, {"startTime": 215694, "endTime": 216651, "taskId": 0, "workflowId": 0, "jobId": -1}, {"startTime": 216651, "endTime": 217591, "taskId": 3, "workflowId": 0, "jobId": -1}, {"startTime": 217591, "endTime": 219004, "taskId": 2, "workflowId": 0, "jobId": -1}, {"startTime": 219004, "endTime": 220091, "taskId": 7, "workflowId": 0, "jobId": -1}, {"startTime": 220091, "endTime": 220754, "taskId": 11, "workflowId": 0, "jobId": -1}, {"startTime": 220754, "endTime": 221609, "taskId": 12, "workflowId": 0, "jobId": -1}, {"startTime": 221609, "endTime": 221667, "taskId": 15, "workflowId": 0, "jobId": -1}, {"startTime": 221667, "endTime": 222279, "taskId": 13, "workflowId": 0, "jobId": -1}, {"startTime": 222555, "endTime": 223907, "taskId": 16, "workflowId": 0, "jobId": -1}, {"startTime": 223907, "endTime": 232635, "taskId": 3, "workflowId": -1, "jobId": 6}, {"startTime": 242432, "endTime": 250845, "taskId": 1, "workflowId": -1, "jobId": 7}, {"startTime": 252771, "endTime": 254941, "taskId": 6, "workflowId": -1, "jobId": 7}, {"startTime": 254941, "endTime": 263669, "taskId": 3, "workflowId": -1, "jobId": 7}, {"startTime": 263677, "endTime": 269543, "taskId": 2, "workflowId": -1, "jobId": 7}, {"startTime": 269699, "endTime": 271679, "taskId": 0, "workflowId": -1, "jobId": 6}, {"startTime": 271679, "endTime": 280092, "taskId": 1, "workflowId": -1, "jobId": 8}, {"startTime": 283495, "endTime": 285975, "taskId": 6, "workflowId": -1, "jobId": 8}, {"startTime": 285975, "endTime": 294703, "taskId": 3, "workflowId": -1, "jobId": 8}, {"startTime": 295793, "endTime": 295959, "taskId": 5, "workflowId": -1, "jobId": 7}, {"startTime": 295959, "endTime": 301825, "taskId": 2, "workflowId": -1, "jobId": 8}, {"startTime": 308365, "endTime": 314152, "taskId": 0, "workflowId": -1, "jobId": 7}, {"startTime": 314219, "endTime": 317009, "taskId": 6, "workflowId": -1, "jobId": 9}, {"startTime": 317009, "endTime": 325737, "taskId": 3, "workflowId": -1, "jobId": 9}, {"startTime": 328241, "endTime": 330173, "taskId": 2, "workflowId": -1, "jobId": 9}, {"startTime": 330173, "endTime": 338586, "taskId": 1, "workflowId": -1, "jobId": 10}, {"startTime": 344943, "endTime": 345151, "taskId": 6, "workflowId": -1, "jobId": 10}, {"startTime": 345151, "endTime": 347031, "taskId": 4, "workflowId": -1, "jobId": 4}, {"startTime": 347031, "endTime": 348043, "taskId": 0, "workflowId": -1, "jobId": 8}, {"startTime": 348043, "endTime": 356771, "taskId": 3, "workflowId": -1, "jobId": 10}, {"startTime": 359420, "endTime": 367833, "taskId": 1, "workflowId": -1, "jobId": 11}, {"startTime": 369533, "endTime": 372985, "taskId": 5, "workflowId": -1, "jobId": 9}, {"startTime": 375667, "endTime": 379077, "taskId": 6, "workflowId": -1, "jobId": 11}, {"startTime": 379077, "endTime": 387805, "taskId": 3, "workflowId": -1, "jobId": 11}, {"startTime": 388667, "endTime": 397080, "taskId": 1, "workflowId": -1, "jobId": 12}, {"startTime": 406391, "endTime": 406403, "taskId": 6, "workflowId": -1, "jobId": 12}, {"startTime": 406403, "endTime": 409855, "taskId": 5, "workflowId": -1, "jobId": 10}, {"startTime": 410111, "endTime": 418839, "taskId": 3, "workflowId": -1, "jobId": 12}, {"startTime": 422013, "endTime": 424363, "taskId": 4, "workflowId": -1, "jobId": 5}, {"startTime": 424363, "endTime": 425087, "taskId": 0, "workflowId": -1, "jobId": 10}, {"startTime": 425087, "endTime": 430953, "taskId": 2, "workflowId": -1, "jobId": 12}, {"startTime": 437115, "endTime": 441145, "taskId": 6, "workflowId": -1, "jobId": 13}, {"startTime": 441145, "endTime": 449873, "taskId": 3, "workflowId": -1, "jobId": 13}, {"startTime": 457369, "endTime": 463235, "taskId": 2, "workflowId": -1, "jobId": 13}, {"startTime": 467839, "endTime": 475029, "taskId": 6, "workflowId": -1, "jobId": 14}]}, {"frequency": 2.83, "activePower": 118, "idlePower": 56.7, "memory": 4, "allocations": [{"startTime": 36572, "endTime": 37193, "taskId": 1, "workflowId": 3, "jobId": -1}, {"startTime": 37703, "endTime": 46431, "taskId": 3, "workflowId": -1, "jobId": 0}, {"startTime": 46431, "endTime": 54520, "taskId": 7, "workflowId": -1, "jobId": 0}, {"startTime": 54520, "endTime": 54748, "taskId": 6, "workflowId": 2, "jobId": -1}, {"startTime": 54748, "endTime": 55746, "taskId": 6, "workflowId": 2, "jobId": -1}, {"startTime": 55746, "endTime": 56425, "taskId": 1, "workflowId": 2, "jobId": -1}, {"startTime": 56425, "endTime": 56764, "taskId": 1, "workflowId": 2, "jobId": -1}, {"startTime": 56764, "endTime": 57014, "taskId": 2, "workflowId": 2, "jobId": -1}, {"startTime": 57014, "endTime": 57403, "taskId": 11, "workflowId": 2, "jobId": -1}, {"startTime": 57403, "endTime": 57443, "taskId": 12, "workflowId": 2, "jobId": -1}, {"startTime": 57443, "endTime": 57851, "taskId": 12, "workflowId": 2, "jobId": -1}, {"startTime": 57851, "endTime": 58084, "taskId": 12, "workflowId": 2, "jobId": -1}, {"startTime": 58084, "endTime": 58182, "taskId": 15, "workflowId": 2, "jobId": -1}, {"startTime": 58182, "endTime": 59057, "taskId": 15, "workflowId": 2, "jobId": -1}, {"startTime": 59057, "endTime": 59297, "taskId": 13, "workflowId": 2, "jobId": -1}, {"startTime": 59297, "endTime": 59388, "taskId": 16, "workflowId": 3, "jobId": -1}, {"startTime": 59388, "endTime": 59486, "taskId": 2, "workflowId": 2, "jobId": -1}, {"startTime": 59486, "endTime": 59819, "taskId": 16, "workflowId": 3, "jobId": -1}, {"startTime": 59819, "endTime": 60305, "taskId": 11, "workflowId": 3, "jobId": -1}, {"startTime": 68427, "endTime": 68737, "taskId": 6, "workflowId": -1, "jobId": 1}, {"startTime": 68737, "endTime": 77465, "taskId": 3, "workflowId": -1, "jobId": 1}, {"startTime": 99151, "endTime": 99771, "taskId": 6, "workflowId": -1, "jobId": 2}, {"startTime": 99771, "endTime": 108499, "taskId": 3, "workflowId": -1, "jobId": 2}, {"startTime": 111443, "endTime": 112927, "taskId": 7, "workflowId": -1, "jobId": 2}, {"startTime": 114565, "endTime": 119532, "taskId": 4, "workflowId": -1, "jobId": 1}, {"startTime": 129875, "endTime": 130805, "taskId": 6, "workflowId": -1, "jobId": 3}, {"startTime": 130805, "endTime": 139533, "taskId": 3, "workflowId": -1, "jobId": 3}, {"startTime": 154691, "endTime": 159488, "taskId": 0, "workflowId": -1, "jobId": 3}, {"startTime": 160117, "endTime": 161715, "taskId": 0, "workflowId": 1, "jobId": -1}, {"startTime": 161715, "endTime": 161839, "taskId": 1, "workflowId": 1, "jobId": -1}, {"startTime": 161839, "endTime": 162243, "taskId": 3, "workflowId": -1, "jobId": 4}, {"startTime": 162243, "endTime": 170567, "taskId": 3, "workflowId": -1, "jobId": 4}, {"startTime": 170567, "endTime": 173586, "taskId": 6, "workflowId": -1, "jobId": 4}, {"startTime": 185183, "endTime": 188635, "taskId": 5, "workflowId": -1, "jobId": 4}, {"startTime": 191323, "endTime": 191427, "taskId": 6, "workflowId": -1, "jobId": 5}, {"startTime": 191427, "endTime": 192873, "taskId": 4, "workflowId": -1, "jobId": 2}, {"startTime": 192873, "endTime": 198154, "taskId": 0, "workflowId": -1, "jobId": 4}, {"startTime": 199113, "endTime": 204979, "taskId": 2, "workflowId": -1, "jobId": 5}, {"startTime": 215694, "endTime": 221598, "taskId": 1, "workflowId": -1, "jobId": 6}, {"startTime": 221667, "endTime": 222555, "taskId": 15, "workflowId": 0, "jobId": -1}, {"startTime": 222555, "endTime": 223907, "taskId": 17, "workflowId": 0, "jobId": -1}, {"startTime": 223907, "endTime": 223916, "taskId": 16, "workflowId": 0, "jobId": -1}, {"startTime": 223916, "endTime": 229246, "taskId": 6, "workflowId": -1, "jobId": 6}, {"startTime": 231033, "endTime": 231395, "taskId": 0, "workflowId": -1, "jobId": 5}, {"startTime": 231395, "endTime": 237261, "taskId": 2, "workflowId": -1, "jobId": 6}, {"startTime": 254941, "endTime": 258923, "taskId": 6, "workflowId": -1, "jobId": 7}, {"startTime": 258923, "endTime": 262375, "taskId": 5, "workflowId": -1, "jobId": 6}, {"startTime": 264706, "endTime": 268289, "taskId": 7, "workflowId": -1, "jobId": 7}, {"startTime": 268289, "endTime": 271679, "taskId": 4, "workflowId": -1, "jobId": 3}, {"startTime": 271679, "endTime": 275486, "taskId": 0, "workflowId": -1, "jobId": 6}, {"startTime": 285975, "endTime": 290685, "taskId": 6, "workflowId": -1, "jobId": 8}, {"startTime": 295959, "endTime": 299245, "taskId": 5, "workflowId": -1, "jobId": 7}, {"startTime": 300926, "endTime": 309339, "taskId": 1, "workflowId": -1, "jobId": 9}, {"startTime": 317009, "endTime": 321409, "taskId": 6, "workflowId": -1, "jobId": 9}, {"startTime": 329564, "endTime": 330173, "taskId": 7, "workflowId": -1, "jobId": 9}, {"startTime": 330173, "endTime": 334107, "taskId": 2, "workflowId": -1, "jobId": 9}, {"startTime": 345151, "endTime": 347031, "taskId": 6, "workflowId": -1, "jobId": 10}, {"startTime": 347031, "endTime": 348043, "taskId": 4, "workflowId": -1, "jobId": 4}, {"startTime": 348043, "endTime": 352818, "taskId": 0, "workflowId": -1, "jobId": 8}, {"startTime": 360523, "endTime": 366389, "taskId": 2, "workflowId": -1, "jobId": 10}, {"startTime": 379077, "endTime": 382857, "taskId": 6, "workflowId": -1, "jobId": 11}, {"startTime": 385697, "endTime": 391484, "taskId": 0, "workflowId": -1, "jobId": 9}, {"startTime": 392805, "endTime": 398671, "taskId": 2, "workflowId": -1, "jobId": 11}, {"startTime": 406403, "endTime": 413581, "taskId": 6, "workflowId": -1, "jobId": 12}, {"startTime": 417914, "endTime": 426327, "taskId": 1, "workflowId": -1, "jobId": 13}, {"startTime": 426851, "endTime": 435168, "taskId": 7, "workflowId": -1, "jobId": 12}, {"startTime": 441145, "endTime": 443273, "taskId": 6, "workflowId": -1, "jobId": 13}, {"startTime": 443273, "endTime": 446725, "taskId": 5, "workflowId": -1, "jobId": 11}, {"startTime": 447161, "endTime": 455574, "taskId": 1, "workflowId": -1, "jobId": 14}, {"startTime": 459280, "endTime": 467597, "taskId": 7, "workflowId": -1, "jobId": 13}]}, {"frequency": 2.83, "activePower": 118, "idlePower": 56.7, "memory": 4, "allocations": [{"startTime": 37703, "endTime": 43569, "taskId": 2, "workflowId": -1, "jobId": 0}, {"startTime": 43569, "endTime": 48536, "taskId": 4, "workflowId": -1, "jobId": 0}, {"startTime": 48552, "endTime": 49486, "taskId": 4, "workflowId": 3, "jobId": -1}, {"startTime": 49486, "endTime": 50485, "taskId": 5, "workflowId": 3, "jobId": -1}, {"startTime": 51388, "endTime": 52116, "taskId": 9, "workflowId": 3, "jobId": -1}, {"startTime": 52117, "endTime": 52605, "taskId": 15, "workflowId": 3, "jobId": -1}, {"startTime": 52605, "endTime": 53413, "taskId": 14, "workflowId": 3, "jobId": -1}, {"startTime": 53413, "endTime": 53510, "taskId": 13, "workflowId": 3, "jobId": -1}, {"startTime": 53510, "endTime": 54520, "taskId": 13, "workflowId": 3, "jobId": -1}, {"startTime": 54520, "endTime": 54851, "taskId": 4, "workflowId": 2, "jobId": -1}, {"startTime": 54851, "endTime": 56271, "taskId": 4, "workflowId": 2, "jobId": -1}, {"startTime": 56271, "endTime": 56499, "taskId": 5, "workflowId": 2, "jobId": -1}, {"startTime": 56499, "endTime": 57097, "taskId": 5, "workflowId": 2, "jobId": -1}, {"startTime": 57097, "endTime": 57403, "taskId": 13, "workflowId": 2, "jobId": -1}, {"startTime": 57403, "endTime": 57521, "taskId": 14, "workflowId": 2, "jobId": -1}, {"startTime": 57521, "endTime": 57643, "taskId": 14, "workflowId": 2, "jobId": -1}, {"startTime": 57643, "endTime": 57871, "taskId": 14, "workflowId": 2, "jobId": -1}, {"startTime": 57871, "endTime": 58694, "taskId": 14, "workflowId": 2, "jobId": -1}, {"startTime": 58694, "endTime": 59123, "taskId": 17, "workflowId": 2, "jobId": -1}, {"startTime": 59123, "endTime": 59142, "taskId": 17, "workflowId": 2, "jobId": -1}, {"startTime": 59142, "endTime": 59891, "taskId": 17, "workflowId": 2, "jobId": -1}, {"startTime": 68737, "endTime": 69985, "taskId": 6, "workflowId": -1, "jobId": 1}, {"startTime": 69985, "endTime": 75851, "taskId": 2, "workflowId": -1, "jobId": 1}, {"startTime": 75851, "endTime": 76369, "taskId": 7, "workflowId": -1, "jobId": 1}, {"startTime": 76369, "endTime": 76407, "taskId": 6, "workflowId": -1, "jobId": 1}, {"startTime": 76407, "endTime": 84206, "taskId": 7, "workflowId": -1, "jobId": 1}, {"startTime": 99771, "endTime": 102267, "taskId": 6, "workflowId": -1, "jobId": 2}, {"startTime": 102267, "endTime": 108133, "taskId": 2, "workflowId": -1, "jobId": 2}, {"startTime": 130805, "endTime": 137065, "taskId": 6, "workflowId": -1, "jobId": 3}, {"startTime": 160599, "endTime": 161715, "taskId": 6, "workflowId": -1, "jobId": 4}, {"startTime": 161715, "endTime": 161839, "taskId": 2, "workflowId": 1, "jobId": -1}, {"startTime": 161839, "endTime": 162243, "taskId": 1, "workflowId": 1, "jobId": -1}, {"startTime": 162243, "endTime": 162317, "taskId": 4, "workflowId": 1, "jobId": -1}, {"startTime": 162317, "endTime": 162848, "taskId": 4, "workflowId": 1, "jobId": -1}, {"startTime": 162848, "endTime": 163865, "taskId": 5, "workflowId": 1, "jobId": -1}, {"startTime": 163865, "endTime": 164199, "taskId": 9, "workflowId": 1, "jobId": -1}, {"startTime": 164199, "endTime": 164404, "taskId": 7, "workflowId": 1, "jobId": -1}, {"startTime": 164404, "endTime": 165862, "taskId": 10, "workflowId": 1, "jobId": -1}, {"startTime": 166771, "endTime": 166831, "taskId": 13, "workflowId": 1, "jobId": -1}, {"startTime": 166831, "endTime": 167504, "taskId": 14, "workflowId": 1, "jobId": -1}, {"startTime": 167504, "endTime": 169069, "taskId": 12, "workflowId": 1, "jobId": -1}, {"startTime": 169069, "endTime": 169733, "taskId": 15, "workflowId": 1, "jobId": -1}, {"startTime": 169733, "endTime": 170780, "taskId": 17, "workflowId": 1, "jobId": -1}, {"startTime": 170780, "endTime": 179097, "taskId": 7, "workflowId": -1, "jobId": 4}, {"startTime": 191427, "endTime": 192873, "taskId": 6, "workflowId": -1, "jobId": 5}, {"startTime": 192873, "endTime": 196394, "taskId": 4, "workflowId": -1, "jobId": 2}, {"startTime": 199848, "endTime": 208165, "taskId": 7, "workflowId": -1, "jobId": 5}, {"startTime": 216651, "endTime": 217629, "taskId": 1, "workflowId": 0, "jobId": -1}, {"startTime": 217629, "endTime": 218527, "taskId": 6, "workflowId": 0, "jobId": -1}, {"startTime": 218527, "endTime": 219969, "taskId": 10, "workflowId": 0, "jobId": -1}, {"startTime": 219969, "endTime": 221667, "taskId": 9, "workflowId": 0, "jobId": -1}, {"startTime": 222047, "endTime": 222053, "taskId": 6, "workflowId": -1, "jobId": 6}, {"startTime": 222053, "endTime": 223907, "taskId": 5, "workflowId": -1, "jobId": 5}, {"startTime": 223907, "endTime": 224286, "taskId": 17, "workflowId": 0, "jobId": -1}, {"startTime": 231395, "endTime": 236820, "taskId": 0, "workflowId": -1, "jobId": 5}, {"startTime": 258923, "endTime": 259961, "taskId": 6, "workflowId": -1, "jobId": 7}, {"startTime": 268289, "endTime": 271679, "taskId": 7, "workflowId": -1, "jobId": 7}, {"startTime": 271679, "endTime": 273256, "taskId": 4, "workflowId": -1, "jobId": 3}, {"startTime": 297135, "endTime": 305452, "taskId": 7, "workflowId": -1, "jobId": 8}, {"startTime": 330173, "endTime": 332663, "taskId": 7, "workflowId": -1, "jobId": 9}, {"startTime": 332663, "endTime": 336115, "taskId": 5, "workflowId": -1, "jobId": 8}, {"startTime": 347031, "endTime": 348043, "taskId": 6, "workflowId": -1, "jobId": 10}, {"startTime": 348043, "endTime": 350118, "taskId": 4, "workflowId": -1, "jobId": 4}, {"startTime": 361993, "endTime": 370310, "taskId": 7, "workflowId": -1, "jobId": 10}, {"startTime": 394422, "endTime": 402739, "taskId": 7, "workflowId": -1, "jobId": 11}, {"startTime": 424363, "endTime": 425087, "taskId": 4, "workflowId": -1, "jobId": 5}, {"startTime": 425087, "endTime": 430150, "taskId": 0, "workflowId": -1, "jobId": 10}, {"startTime": 443273, "endTime": 444305, "taskId": 6, "workflowId": -1, "jobId": 13}]}, {"frequency": 2.83, "activePower": 118, "idlePower": 56.7, "memory": 4, "allocations": [{"startTime": 37703, "endTime": 43490, "taskId": 0, "workflowId": -1, "jobId": 0}, {"startTime": 43490, "endTime": 46942, "taskId": 5, "workflowId": -1, "jobId": 0}, {"startTime": 46942, "endTime": 47527, "taskId": 2, "workflowId": 3, "jobId": -1}, {"startTime": 47527, "endTime": 48552, "taskId": 3, "workflowId": 3, "jobId": -1}, {"startTime": 48552, "endTime": 49907, "taskId": 6, "workflowId": 3, "jobId": -1}, {"startTime": 49907, "endTime": 51388, "taskId": 7, "workflowId": 3, "jobId": -1}, {"startTime": 51388, "endTime": 52605, "taskId": 8, "workflowId": 3, "jobId": -1}, {"startTime": 52605, "endTime": 53510, "taskId": 15, "workflowId": 3, "jobId": -1}, {"startTime": 53510, "endTime": 54285, "taskId": 12, "workflowId": 3, "jobId": -1}, {"startTime": 54285, "endTime": 54520, "taskId": 17, "workflowId": 3, "jobId": -1}, {"startTime": 54520, "endTime": 55720, "taskId": 3, "workflowId": 2, "jobId": -1}, {"startTime": 55720, "endTime": 56546, "taskId": 8, "workflowId": 2, "jobId": -1}, {"startTime": 56546, "endTime": 57403, "taskId": 8, "workflowId": 2, "jobId": -1}, {"startTime": 57403, "endTime": 57832, "taskId": 10, "workflowId": 2, "jobId": -1}, {"startTime": 57832, "endTime": 58969, "taskId": 10, "workflowId": 2, "jobId": -1}, {"startTime": 58969, "endTime": 59209, "taskId": 11, "workflowId": 2, "jobId": -1}, {"startTime": 59209, "endTime": 59417, "taskId": 11, "workflowId": 2, "jobId": -1}, {"startTime": 59417, "endTime": 59540, "taskId": 13, "workflowId": 3, "jobId": -1}, {"startTime": 59540, "endTime": 59748, "taskId": 13, "workflowId": 3, "jobId": -1}, {"startTime": 59748, "endTime": 60074, "taskId": 17, "workflowId": 3, "jobId": -1}, {"startTime": 69985, "endTime": 74573, "taskId": 6, "workflowId": -1, "jobId": 1}, {"startTime": 74573, "endTime": 78025, "taskId": 5, "workflowId": -1, "jobId": 1}, {"startTime": 102267, "endTime": 106341, "taskId": 6, "workflowId": -1, "jobId": 2}, {"startTime": 134990, "endTime": 143307, "taskId": 7, "workflowId": -1, "jobId": 3}, {"startTime": 161715, "endTime": 161839, "taskId": 4, "workflowId": 1, "jobId": -1}, {"startTime": 161839, "endTime": 162317, "taskId": 2, "workflowId": 1, "jobId": -1}, {"startTime": 162317, "endTime": 162444, "taskId": 6, "workflowId": 1, "jobId": -1}, {"startTime": 162444, "endTime": 162812, "taskId": 6, "workflowId": 1, "jobId": -1}, {"startTime": 162812, "endTime": 164199, "taskId": 3, "workflowId": 1, "jobId": -1}, {"startTime": 164199, "endTime": 165435, "taskId": 9, "workflowId": 1, "jobId": -1}, {"startTime": 165435, "endTime": 166771, "taskId": 6, "workflowId": -1, "jobId": 4}, {"startTime": 166771, "endTime": 166831, "taskId": 12, "workflowId": 1, "jobId": -1}, {"startTime": 166831, "endTime": 168014, "taskId": 13, "workflowId": 1, "jobId": -1}, {"startTime": 168014, "endTime": 169733, "taskId": 6, "workflowId": -1, "jobId": 4}, {"startTime": 169733, "endTime": 170992, "taskId": 16, "workflowId": 1, "jobId": -1}, {"startTime": 192873, "endTime": 198513, "taskId": 6, "workflowId": -1, "jobId": 5}, {"startTime": 216651, "endTime": 217830, "taskId": 5, "workflowId": 0, "jobId": -1}, {"startTime": 217830, "endTime": 219036, "taskId": 4, "workflowId": 0, "jobId": -1}, {"startTime": 219036, "endTime": 220723, "taskId": 8, "workflowId": 0, "jobId": -1}, {"startTime": 220754, "endTime": 221618, "taskId": 14, "workflowId": 0, "jobId": -1}, {"startTime": 222053, "endTime": 223907, "taskId": 6, "workflowId": -1, "jobId": 6}, {"startTime": 223907, "endTime": 225505, "taskId": 5, "workflowId": -1, "jobId": 5}, {"startTime": 232277, "endTime": 240594, "taskId": 7, "workflowId": -1, "jobId": 6}, {"startTime": 271679, "endTime": 273023, "taskId": 7, "workflowId": -1, "jobId": 7}, {"startTime": 332663, "endTime": 337881, "taskId": 7, "workflowId": -1, "jobId": 9}, {"startTime": 348043, "endTime": 352133, "taskId": 6, "workflowId": -1, "jobId": 10}, {"startTime": 425087, "endTime": 426980, "taskId": 4, "workflowId": -1, "jobId": 5}]}]