[{"frequency": 1.4, "activePower": 4.5, "idlePower": 2, "memory": 1, "allocations": [{"startTime": 39397, "endTime": 42791, "taskId": 0, "workflowId": 3, "jobId": -1}, {"startTime": 42791, "endTime": 43530, "taskId": 5, "workflowId": 3, "jobId": -1}, {"startTime": 43530, "endTime": 45337, "taskId": 3, "workflowId": 2, "jobId": -1}, {"startTime": 45337, "endTime": 45461, "taskId": 5, "workflowId": 3, "jobId": -1}, {"startTime": 51015, "endTime": 52422, "taskId": 8, "workflowId": 2, "jobId": -1}, {"startTime": 52422, "endTime": 54737, "taskId": 9, "workflowId": 2, "jobId": -1}, {"startTime": 59393, "endTime": 61645, "taskId": 14, "workflowId": 3, "jobId": -1}, {"startTime": 61645, "endTime": 64322, "taskId": 16, "workflowId": 2, "jobId": -1}, {"startTime": 69207, "endTime": 69960, "taskId": 15, "workflowId": 3, "jobId": -1}, {"startTime": 69960, "endTime": 71400, "taskId": 20, "workflowId": 3, "jobId": -1}, {"startTime": 81989, "endTime": 84944, "taskId": 23, "workflowId": 3, "jobId": -1}, {"startTime": 85927, "endTime": 88778, "taskId": 27, "workflowId": 2, "jobId": -1}, {"startTime": 91154, "endTime": 92838, "taskId": 26, "workflowId": 3, "jobId": -1}, {"startTime": 92838, "endTime": 94568, "taskId": 29, "workflowId": 3, "jobId": -1}, {"startTime": 166487, "endTime": 169108, "taskId": 7, "workflowId": 1, "jobId": -1}, {"startTime": 198004, "endTime": 198929, "taskId": 24, "workflowId": 1, "jobId": -1}, {"startTime": 200071, "endTime": 201393, "taskId": 23, "workflowId": 1, "jobId": -1}, {"startTime": 325993, "endTime": 328961, "taskId": 0, "workflowId": 0, "jobId": -1}, {"startTime": 328961, "endTime": 330006, "taskId": 1, "workflowId": 0, "jobId": -1}, {"startTime": 330006, "endTime": 331694, "taskId": 3, "workflowId": 0, "jobId": -1}, {"startTime": 331694, "endTime": 333856, "taskId": 4, "workflowId": 0, "jobId": -1}, {"startTime": 333856, "endTime": 336541, "taskId": 10, "workflowId": 0, "jobId": -1}, {"startTime": 336541, "endTime": 336704, "taskId": 10, "workflowId": 0, "jobId": -1}, {"startTime": 336704, "endTime": 338192, "taskId": 12, "workflowId": 0, "jobId": -1}, {"startTime": 338192, "endTime": 339497, "taskId": 12, "workflowId": 0, "jobId": -1}, {"startTime": 339497, "endTime": 341148, "taskId": 9, "workflowId": 0, "jobId": -1}, {"startTime": 341148, "endTime": 342143, "taskId": 9, "workflowId": 0, "jobId": -1}, {"startTime": 342143, "endTime": 344165, "taskId": 13, "workflowId": 0, "jobId": -1}, {"startTime": 344165, "endTime": 345828, "taskId": 19, "workflowId": 0, "jobId": -1}, {"startTime": 345828, "endTime": 348528, "taskId": 17, "workflowId": 0, "jobId": -1}, {"startTime": 348528, "endTime": 349052, "taskId": 17, "workflowId": 0, "jobId": -1}, {"startTime": 349052, "endTime": 350805, "taskId": 15, "workflowId": 0, "jobId": -1}, {"startTime": 350805, "endTime": 351909, "taskId": 23, "workflowId": 0, "jobId": -1}, {"startTime": 351909, "endTime": 352543, "taskId": 22, "workflowId": 0, "jobId": -1}, {"startTime": 352543, "endTime": 353647, "taskId": 22, "workflowId": 0, "jobId": -1}, {"startTime": 353647, "endTime": 355332, "taskId": 16, "workflowId": 0, "jobId": -1}, {"startTime": 355332, "endTime": 356364, "taskId": 16, "workflowId": 0, "jobId": -1}, {"startTime": 356364, "endTime": 358926, "taskId": 29, "workflowId": 0, "jobId": -1}, {"startTime": 358926, "endTime": 360917, "taskId": 30, "workflowId": 0, "jobId": -1}, {"startTime": 360917, "endTime": 362578, "taskId": 24, "workflowId": 0, "jobId": -1}]}, {"frequency": 1.4, "activePower": 4.5, "idlePower": 2, "memory": 1, "allocations": [{"startTime": 36120, "endTime": 52035, "taskId": 1, "workflowId": -1, "jobId": 0}, {"startTime": 52035, "endTime": 62906, "taskId": 0, "workflowId": -1, "jobId": 0}, {"startTime": 62906, "endTime": 74621, "taskId": 3, "workflowId": -1, "jobId": 1}, {"startTime": 74621, "endTime": 80816, "taskId": 2, "workflowId": -1, "jobId": 1}, {"startTime": 80816, "endTime": 96731, "taskId": 1, "workflowId": -1, "jobId": 2}, {"startTime": 96731, "endTime": 103164, "taskId": 7, "workflowId": -1, "jobId": 2}, {"startTime": 103164, "endTime": 119079, "taskId": 1, "workflowId": -1, "jobId": 3}, {"startTime": 119079, "endTime": 125512, "taskId": 0, "workflowId": -1, "jobId": 2}, {"startTime": 125512, "endTime": 129950, "taskId": 1, "workflowId": -1, "jobId": 4}, {"startTime": 129950, "endTime": 141427, "taskId": 1, "workflowId": -1, "jobId": 4}, {"startTime": 141427, "endTime": 144016, "taskId": 2, "workflowId": -1, "jobId": 3}, {"startTime": 144016, "endTime": 147860, "taskId": 2, "workflowId": -1, "jobId": 3}, {"startTime": 147860, "endTime": 152382, "taskId": 1, "workflowId": -1, "jobId": 5}, {"startTime": 152382, "endTime": 163775, "taskId": 1, "workflowId": -1, "jobId": 5}, {"startTime": 163775, "endTime": 166364, "taskId": 3, "workflowId": -1, "jobId": 5}, {"startTime": 166364, "endTime": 175490, "taskId": 3, "workflowId": -1, "jobId": 5}, {"startTime": 175490, "endTime": 186758, "taskId": 2, "workflowId": -1, "jobId": 4}, {"startTime": 186758, "endTime": 188532, "taskId": 6, "workflowId": -1, "jobId": 1}, {"startTime": 188532, "endTime": 200247, "taskId": 3, "workflowId": -1, "jobId": 6}, {"startTime": 200247, "endTime": 204685, "taskId": 0, "workflowId": -1, "jobId": 4}, {"startTime": 204685, "endTime": 204945, "taskId": 6, "workflowId": -1, "jobId": 1}, {"startTime": 204945, "endTime": 207033, "taskId": 2, "workflowId": -1, "jobId": 5}, {"startTime": 207033, "endTime": 214904, "taskId": 2, "workflowId": -1, "jobId": 5}, {"startTime": 214904, "endTime": 230819, "taskId": 1, "workflowId": -1, "jobId": 8}, {"startTime": 230819, "endTime": 237252, "taskId": 5, "workflowId": -1, "jobId": 6}, {"startTime": 237252, "endTime": 253167, "taskId": 1, "workflowId": -1, "jobId": 9}, {"startTime": 253167, "endTime": 258236, "taskId": 5, "workflowId": -1, "jobId": 6}, {"startTime": 258236, "endTime": 259600, "taskId": 7, "workflowId": -1, "jobId": 8}, {"startTime": 259600, "endTime": 275515, "taskId": 1, "workflowId": -1, "jobId": 10}, {"startTime": 275515, "endTime": 283341, "taskId": 0, "workflowId": -1, "jobId": 6}, {"startTime": 283341, "endTime": 289114, "taskId": 2, "workflowId": -1, "jobId": 7}, {"startTime": 289114, "endTime": 290140, "taskId": 7, "workflowId": -1, "jobId": 8}, {"startTime": 290140, "endTime": 301855, "taskId": 3, "workflowId": -1, "jobId": 10}, {"startTime": 301855, "endTime": 303601, "taskId": 7, "workflowId": -1, "jobId": 8}, {"startTime": 303601, "endTime": 304296, "taskId": 7, "workflowId": -1, "jobId": 8}, {"startTime": 304296, "endTime": 320211, "taskId": 1, "workflowId": -1, "jobId": 12}, {"startTime": 320211, "endTime": 326644, "taskId": 7, "workflowId": -1, "jobId": 8}, {"startTime": 326644, "endTime": 331231, "taskId": 1, "workflowId": -1, "jobId": 13}, {"startTime": 331231, "endTime": 342559, "taskId": 1, "workflowId": -1, "jobId": 13}, {"startTime": 342559, "endTime": 344471, "taskId": 0, "workflowId": -1, "jobId": 8}, {"startTime": 344471, "endTime": 346878, "taskId": 0, "workflowId": -1, "jobId": 8}, {"startTime": 346878, "endTime": 348992, "taskId": 2, "workflowId": -1, "jobId": 9}, {"startTime": 348992, "endTime": 364907, "taskId": 1, "workflowId": -1, "jobId": 14}, {"startTime": 364907, "endTime": 366346, "taskId": 11, "workflowId": -1, "jobId": 5}, {"startTime": 366346, "endTime": 378061, "taskId": 3, "workflowId": -1, "jobId": 13}, {"startTime": 378061, "endTime": 379188, "taskId": 2, "workflowId": -1, "jobId": 10}, {"startTime": 379188, "endTime": 389329, "taskId": 2, "workflowId": -1, "jobId": 10}, {"startTime": 389329, "endTime": 390456, "taskId": 10, "workflowId": -1, "jobId": 6}, {"startTime": 390456, "endTime": 391748, "taskId": 11, "workflowId": -1, "jobId": 5}, {"startTime": 391748, "endTime": 393688, "taskId": 3, "workflowId": -1, "jobId": 14}, {"startTime": 393688, "endTime": 409603, "taskId": 1, "workflowId": -1, "jobId": 16}, {"startTime": 409603, "endTime": 416036, "taskId": 0, "workflowId": -1, "jobId": 10}, {"startTime": 416036, "endTime": 431951, "taskId": 1, "workflowId": -1, "jobId": 17}, {"startTime": 431951, "endTime": 438384, "taskId": 11, "workflowId": -1, "jobId": 5}, {"startTime": 438384, "endTime": 454299, "taskId": 1, "workflowId": -1, "jobId": 18}, {"startTime": 454299, "endTime": 460732, "taskId": 0, "workflowId": -1, "jobId": 11}, {"startTime": 460732, "endTime": 465170, "taskId": 1, "workflowId": -1, "jobId": 19}, {"startTime": 465170, "endTime": 476647, "taskId": 1, "workflowId": -1, "jobId": 19}, {"startTime": 476647, "endTime": 479733, "taskId": 11, "workflowId": -1, "jobId": 5}]}, {"frequency": 1.4, "activePower": 4.5, "idlePower": 2, "memory": 1, "allocations": [{"startTime": 43530, "endTime": 46755, "taskId": 6, "workflowId": 2, "jobId": -1}, {"startTime": 52422, "endTime": 55263, "taskId": 13, "workflowId": 2, "jobId": -1}, {"startTime": 61650, "endTime": 61966, "taskId": 14, "workflowId": 3, "jobId": -1}, {"startTime": 81989, "endTime": 83947, "taskId": 24, "workflowId": 3, "jobId": -1}, {"startTime": 83947, "endTime": 85802, "taskId": 25, "workflowId": 3, "jobId": -1}, {"startTime": 198004, "endTime": 199763, "taskId": 30, "workflowId": 1, "jobId": -1}, {"startTime": 328961, "endTime": 331955, "taskId": 2, "workflowId": 0, "jobId": -1}, {"startTime": 331955, "endTime": 333602, "taskId": 5, "workflowId": 0, "jobId": -1}, {"startTime": 333602, "endTime": 333606, "taskId": 6, "workflowId": 0, "jobId": -1}, {"startTime": 333606, "endTime": 335452, "taskId": 6, "workflowId": 0, "jobId": -1}, {"startTime": 335452, "endTime": 338137, "taskId": 11, "workflowId": 0, "jobId": -1}, {"startTime": 338137, "endTime": 338245, "taskId": 14, "workflowId": 0, "jobId": -1}, {"startTime": 338245, "endTime": 340740, "taskId": 14, "workflowId": 0, "jobId": -1}, {"startTime": 340740, "endTime": 340783, "taskId": 7, "workflowId": 0, "jobId": -1}, {"startTime": 340783, "endTime": 342391, "taskId": 7, "workflowId": 0, "jobId": -1}, {"startTime": 342391, "endTime": 345093, "taskId": 8, "workflowId": 0, "jobId": -1}, {"startTime": 345093, "endTime": 347100, "taskId": 21, "workflowId": 0, "jobId": -1}, {"startTime": 347100, "endTime": 348317, "taskId": 20, "workflowId": 0, "jobId": -1}, {"startTime": 348317, "endTime": 349800, "taskId": 20, "workflowId": 0, "jobId": -1}, {"startTime": 349800, "endTime": 353173, "taskId": 18, "workflowId": 0, "jobId": -1}, {"startTime": 353173, "endTime": 355890, "taskId": 27, "workflowId": 0, "jobId": -1}, {"startTime": 355890, "endTime": 355962, "taskId": 27, "workflowId": 0, "jobId": -1}, {"startTime": 355962, "endTime": 358246, "taskId": 28, "workflowId": 0, "jobId": -1}, {"startTime": 358246, "endTime": 360431, "taskId": 25, "workflowId": 0, "jobId": -1}, {"startTime": 360431, "endTime": 361894, "taskId": 26, "workflowId": 0, "jobId": -1}, {"startTime": 361894, "endTime": 363718, "taskId": 31, "workflowId": 0, "jobId": -1}]}, {"frequency": 1.4, "activePower": 4.5, "idlePower": 2, "memory": 1, "allocations": [{"startTime": 36120, "endTime": 47835, "taskId": 3, "workflowId": -1, "jobId": 0}, {"startTime": 47835, "endTime": 59103, "taskId": 2, "workflowId": -1, "jobId": 0}, {"startTime": 59103, "endTime": 75018, "taskId": 1, "workflowId": -1, "jobId": 1}, {"startTime": 75018, "endTime": 80816, "taskId": 0, "workflowId": -1, "jobId": 1}, {"startTime": 80816, "endTime": 85889, "taskId": 2, "workflowId": -1, "jobId": 1}, {"startTime": 85889, "endTime": 90962, "taskId": 0, "workflowId": -1, "jobId": 1}, {"startTime": 90962, "endTime": 102677, "taskId": 3, "workflowId": -1, "jobId": 2}, {"startTime": 102677, "endTime": 103165, "taskId": 6, "workflowId": -1, "jobId": 1}, {"startTime": 103165, "endTime": 103650, "taskId": 7, "workflowId": -1, "jobId": 2}, {"startTime": 103650, "endTime": 112583, "taskId": 2, "workflowId": -1, "jobId": 2}, {"startTime": 112583, "endTime": 114918, "taskId": 2, "workflowId": -1, "jobId": 2}, {"startTime": 114918, "endTime": 125789, "taskId": 3, "workflowId": -1, "jobId": 3}, {"startTime": 125789, "endTime": 126633, "taskId": 3, "workflowId": -1, "jobId": 3}, {"startTime": 126633, "endTime": 131071, "taskId": 0, "workflowId": -1, "jobId": 2}, {"startTime": 131071, "endTime": 137415, "taskId": 7, "workflowId": -1, "jobId": 2}, {"startTime": 137415, "endTime": 137728, "taskId": 2, "workflowId": -1, "jobId": 3}, {"startTime": 137728, "endTime": 140004, "taskId": 3, "workflowId": -1, "jobId": 4}, {"startTime": 140004, "endTime": 148683, "taskId": 3, "workflowId": -1, "jobId": 4}, {"startTime": 148683, "endTime": 149443, "taskId": 3, "workflowId": -1, "jobId": 4}, {"startTime": 149443, "endTime": 152032, "taskId": 2, "workflowId": -1, "jobId": 3}, {"startTime": 152032, "endTime": 153965, "taskId": 2, "workflowId": -1, "jobId": 3}, {"startTime": 153965, "endTime": 156554, "taskId": 0, "workflowId": -1, "jobId": 3}, {"startTime": 156554, "endTime": 164836, "taskId": 0, "workflowId": -1, "jobId": 3}, {"startTime": 164836, "endTime": 167425, "taskId": 7, "workflowId": -1, "jobId": 2}, {"startTime": 167425, "endTime": 170208, "taskId": 6, "workflowId": -1, "jobId": 1}, {"startTime": 170208, "endTime": 186123, "taskId": 1, "workflowId": -1, "jobId": 6}, {"startTime": 186123, "endTime": 192556, "taskId": 0, "workflowId": -1, "jobId": 4}, {"startTime": 192556, "endTime": 196994, "taskId": 1, "workflowId": -1, "jobId": 7}, {"startTime": 196994, "endTime": 199342, "taskId": 1, "workflowId": -1, "jobId": 7}, {"startTime": 199342, "endTime": 208471, "taskId": 1, "workflowId": -1, "jobId": 7}, {"startTime": 208471, "endTime": 210559, "taskId": 6, "workflowId": -1, "jobId": 1}, {"startTime": 213934, "endTime": 214904, "taskId": 3, "workflowId": -1, "jobId": 7}, {"startTime": 214904, "endTime": 216213, "taskId": 2, "workflowId": -1, "jobId": 5}, {"startTime": 216213, "endTime": 226958, "taskId": 3, "workflowId": -1, "jobId": 7}, {"startTime": 226958, "endTime": 237829, "taskId": 0, "workflowId": -1, "jobId": 5}, {"startTime": 237829, "endTime": 238710, "taskId": 5, "workflowId": -1, "jobId": 6}, {"startTime": 238710, "endTime": 239336, "taskId": 2, "workflowId": -1, "jobId": 6}, {"startTime": 239336, "endTime": 249978, "taskId": 3, "workflowId": -1, "jobId": 8}, {"startTime": 249978, "endTime": 251051, "taskId": 3, "workflowId": -1, "jobId": 8}, {"startTime": 251051, "endTime": 261693, "taskId": 2, "workflowId": -1, "jobId": 6}, {"startTime": 261693, "endTime": 264738, "taskId": 0, "workflowId": -1, "jobId": 6}, {"startTime": 264738, "endTime": 272564, "taskId": 3, "workflowId": -1, "jobId": 9}, {"startTime": 272564, "endTime": 276453, "taskId": 3, "workflowId": -1, "jobId": 9}, {"startTime": 276453, "endTime": 281948, "taskId": 2, "workflowId": -1, "jobId": 7}, {"startTime": 281948, "endTime": 297863, "taskId": 1, "workflowId": -1, "jobId": 11}, {"startTime": 297863, "endTime": 308734, "taskId": 0, "workflowId": -1, "jobId": 7}, {"startTime": 308734, "endTime": 311324, "taskId": 2, "workflowId": -1, "jobId": 8}, {"startTime": 311324, "endTime": 319754, "taskId": 2, "workflowId": -1, "jobId": 8}, {"startTime": 319754, "endTime": 320002, "taskId": 2, "workflowId": -1, "jobId": 8}, {"startTime": 320002, "endTime": 331717, "taskId": 3, "workflowId": -1, "jobId": 11}, {"startTime": 331717, "endTime": 334392, "taskId": 7, "workflowId": -1, "jobId": 8}, {"startTime": 334392, "endTime": 340944, "taskId": 0, "workflowId": -1, "jobId": 8}, {"startTime": 340944, "endTime": 345263, "taskId": 3, "workflowId": -1, "jobId": 12}, {"startTime": 345263, "endTime": 352659, "taskId": 3, "workflowId": -1, "jobId": 12}, {"startTime": 352659, "endTime": 354571, "taskId": 2, "workflowId": -1, "jobId": 9}, {"startTime": 354571, "endTime": 361813, "taskId": 2, "workflowId": -1, "jobId": 9}, {"startTime": 361813, "endTime": 363725, "taskId": 7, "workflowId": -1, "jobId": 8}, {"startTime": 363725, "endTime": 371340, "taskId": 10, "workflowId": -1, "jobId": 6}, {"startTime": 371340, "endTime": 372467, "taskId": 1, "workflowId": -1, "jobId": 15}, {"startTime": 372467, "endTime": 387255, "taskId": 1, "workflowId": -1, "jobId": 15}, {"startTime": 387255, "endTime": 388382, "taskId": 0, "workflowId": -1, "jobId": 9}, {"startTime": 388382, "endTime": 398125, "taskId": 0, "workflowId": -1, "jobId": 9}, {"startTime": 398125, "endTime": 407900, "taskId": 3, "workflowId": -1, "jobId": 14}, {"startTime": 407900, "endTime": 419168, "taskId": 2, "workflowId": -1, "jobId": 11}, {"startTime": 419168, "endTime": 423606, "taskId": 3, "workflowId": -1, "jobId": 15}, {"startTime": 423606, "endTime": 430883, "taskId": 3, "workflowId": -1, "jobId": 15}, {"startTime": 430883, "endTime": 435321, "taskId": 0, "workflowId": -1, "jobId": 10}, {"startTime": 438384, "endTime": 441300, "taskId": 11, "workflowId": -1, "jobId": 5}, {"startTime": 441300, "endTime": 442553, "taskId": 2, "workflowId": -1, "jobId": 12}, {"startTime": 442553, "endTime": 444386, "taskId": 3, "workflowId": -1, "jobId": 16}, {"startTime": 444386, "endTime": 452568, "taskId": 3, "workflowId": -1, "jobId": 16}, {"startTime": 452568, "endTime": 454268, "taskId": 3, "workflowId": -1, "jobId": 16}, {"startTime": 454268, "endTime": 464283, "taskId": 2, "workflowId": -1, "jobId": 12}, {"startTime": 464283, "endTime": 468721, "taskId": 0, "workflowId": -1, "jobId": 11}, {"startTime": 468721, "endTime": 480436, "taskId": 3, "workflowId": -1, "jobId": 17}]}]