[{"frequency": 2.83, "activePower": 118, "idlePower": 56.7, "memory": 4, "allocations": [{"startTime": 45202, "endTime": 45560, "taskId": 2, "workflowId": 1, "jobId": -1}, {"startTime": 47904, "endTime": 49091, "taskId": 6, "workflowId": 3, "jobId": -1}, {"startTime": 54556, "endTime": 55365, "taskId": 11, "workflowId": 3, "jobId": -1}, {"startTime": 55553, "endTime": 55952, "taskId": 14, "workflowId": 3, "jobId": -1}, {"startTime": 71004, "endTime": 71469, "taskId": 13, "workflowId": 1, "jobId": -1}, {"startTime": 80445, "endTime": 80939, "taskId": 6, "workflowId": 2, "jobId": -1}, {"startTime": 80939, "endTime": 82042, "taskId": 1, "workflowId": 0, "jobId": -1}, {"startTime": 82042, "endTime": 82745, "taskId": 7, "workflowId": 0, "jobId": -1}, {"startTime": 82745, "endTime": 83062, "taskId": 8, "workflowId": 0, "jobId": -1}, {"startTime": 83062, "endTime": 83203, "taskId": 8, "workflowId": 0, "jobId": -1}, {"startTime": 83203, "endTime": 83565, "taskId": 8, "workflowId": 0, "jobId": -1}, {"startTime": 83565, "endTime": 83765, "taskId": 9, "workflowId": 0, "jobId": -1}, {"startTime": 83765, "endTime": 84035, "taskId": 9, "workflowId": 0, "jobId": -1}, {"startTime": 84035, "endTime": 84276, "taskId": 11, "workflowId": 0, "jobId": -1}, {"startTime": 84276, "endTime": 84608, "taskId": 11, "workflowId": 0, "jobId": -1}, {"startTime": 84608, "endTime": 84734, "taskId": 5, "workflowId": 0, "jobId": -1}, {"startTime": 84734, "endTime": 85754, "taskId": 4, "workflowId": 0, "jobId": -1}, {"startTime": 85754, "endTime": 86159, "taskId": 3, "workflowId": 0, "jobId": -1}, {"startTime": 86159, "endTime": 87851, "taskId": 12, "workflowId": 0, "jobId": -1}, {"startTime": 87851, "endTime": 88101, "taskId": 6, "workflowId": 2, "jobId": -1}, {"startTime": 88101, "endTime": 88810, "taskId": 10, "workflowId": 2, "jobId": -1}, {"startTime": 88951, "endTime": 90050, "taskId": 15, "workflowId": 0, "jobId": -1}, {"startTime": 90050, "endTime": 90936, "taskId": 18, "workflowId": 0, "jobId": -1}, {"startTime": 99668, "endTime": 100147, "taskId": 12, "workflowId": 2, "jobId": -1}, {"startTime": 105903, "endTime": 107368, "taskId": 17, "workflowId": 2, "jobId": -1}]}, {"frequency": 2.83, "activePower": 118, "idlePower": 56.7, "memory": 4, "allocations": [{"startTime": 36612, "endTime": 44500, "taskId": 0, "workflowId": -1, "jobId": 0}, {"startTime": 64810, "endTime": 72698, "taskId": 0, "workflowId": -1, "jobId": 1}, {"startTime": 76093, "endTime": 83945, "taskId": 1, "workflowId": -1, "jobId": 1}, {"startTime": 93008, "endTime": 100896, "taskId": 0, "workflowId": -1, "jobId": 2}, {"startTime": 115574, "endTime": 121206, "taskId": 1, "workflowId": -1, "jobId": 2}, {"startTime": 121206, "endTime": 129094, "taskId": 0, "workflowId": -1, "jobId": 3}, {"startTime": 149404, "endTime": 157292, "taskId": 0, "workflowId": -1, "jobId": 4}, {"startTime": 177602, "endTime": 185490, "taskId": 0, "workflowId": -1, "jobId": 5}, {"startTime": 194536, "endTime": 202388, "taskId": 1, "workflowId": -1, "jobId": 4}, {"startTime": 205800, "endTime": 213688, "taskId": 0, "workflowId": -1, "jobId": 6}, {"startTime": 233998, "endTime": 241886, "taskId": 0, "workflowId": -1, "jobId": 7}, {"startTime": 262196, "endTime": 270084, "taskId": 0, "workflowId": -1, "jobId": 8}, {"startTime": 273498, "endTime": 281350, "taskId": 1, "workflowId": -1, "jobId": 6}, {"startTime": 290394, "endTime": 298282, "taskId": 0, "workflowId": -1, "jobId": 9}, {"startTime": 310302, "endTime": 312880, "taskId": 4, "workflowId": -1, "jobId": 9}, {"startTime": 312880, "endTime": 312979, "taskId": 3, "workflowId": -1, "jobId": 4}, {"startTime": 312979, "endTime": 318592, "taskId": 1, "workflowId": -1, "jobId": 7}, {"startTime": 318592, "endTime": 326480, "taskId": 0, "workflowId": -1, "jobId": 10}, {"startTime": 340712, "endTime": 346790, "taskId": 4, "workflowId": -1, "jobId": 10}, {"startTime": 346790, "endTime": 354678, "taskId": 0, "workflowId": -1, "jobId": 11}, {"startTime": 374988, "endTime": 382876, "taskId": 0, "workflowId": -1, "jobId": 12}, {"startTime": 391941, "endTime": 399793, "taskId": 1, "workflowId": -1, "jobId": 9}, {"startTime": 401532, "endTime": 403186, "taskId": 4, "workflowId": -1, "jobId": 12}, {"startTime": 403186, "endTime": 411074, "taskId": 0, "workflowId": -1, "jobId": 13}, {"startTime": 431384, "endTime": 439272, "taskId": 0, "workflowId": -1, "jobId": 14}, {"startTime": 439272, "endTime": 447226, "taskId": 4, "workflowId": -1, "jobId": 13}, {"startTime": 459582, "endTime": 467470, "taskId": 0, "workflowId": -1, "jobId": 15}]}, {"frequency": 2.83, "activePower": 118, "idlePower": 56.7, "memory": 4, "allocations": [{"startTime": 80939, "endTime": 82579, "taskId": 2, "workflowId": 0, "jobId": -1}, {"startTime": 82579, "endTime": 83037, "taskId": 6, "workflowId": 0, "jobId": -1}, {"startTime": 83037, "endTime": 83565, "taskId": 6, "workflowId": 0, "jobId": -1}, {"startTime": 83565, "endTime": 83599, "taskId": 8, "workflowId": 0, "jobId": -1}, {"startTime": 83599, "endTime": 84023, "taskId": 8, "workflowId": 0, "jobId": -1}, {"startTime": 84023, "endTime": 84276, "taskId": 8, "workflowId": 0, "jobId": -1}, {"startTime": 84276, "endTime": 84585, "taskId": 10, "workflowId": 0, "jobId": -1}, {"startTime": 84585, "endTime": 84734, "taskId": 10, "workflowId": 0, "jobId": -1}, {"startTime": 84734, "endTime": 85668, "taskId": 10, "workflowId": 0, "jobId": -1}, {"startTime": 85668, "endTime": 86000, "taskId": 5, "workflowId": 0, "jobId": -1}, {"startTime": 86000, "endTime": 87747, "taskId": 13, "workflowId": 0, "jobId": -1}, {"startTime": 87747, "endTime": 88951, "taskId": 14, "workflowId": 0, "jobId": -1}, {"startTime": 88951, "endTime": 90636, "taskId": 16, "workflowId": 0, "jobId": -1}, {"startTime": 90636, "endTime": 91945, "taskId": 17, "workflowId": 0, "jobId": -1}, {"startTime": 99668, "endTime": 101349, "taskId": 13, "workflowId": 2, "jobId": -1}]}, {"frequency": 2.83, "activePower": 118, "idlePower": 56.7, "memory": 4, "allocations": [{"startTime": 36612, "endTime": 44464, "taskId": 1, "workflowId": -1, "jobId": 0}, {"startTime": 44464, "endTime": 47235, "taskId": 3, "workflowId": -1, "jobId": 0}, {"startTime": 121206, "endTime": 123426, "taskId": 1, "workflowId": -1, "jobId": 2}, {"startTime": 123426, "endTime": 128586, "taskId": 2, "workflowId": -1, "jobId": 2}, {"startTime": 128586, "endTime": 136540, "taskId": 4, "workflowId": -1, "jobId": 3}, {"startTime": 155055, "endTime": 162907, "taskId": 1, "workflowId": -1, "jobId": 3}, {"startTime": 194850, "endTime": 202673, "taskId": 5, "workflowId": -1, "jobId": 3}, {"startTime": 234017, "endTime": 241869, "taskId": 1, "workflowId": -1, "jobId": 5}, {"startTime": 294324, "endTime": 299484, "taskId": 2, "workflowId": -1, "jobId": 6}, {"startTime": 312880, "endTime": 312979, "taskId": 4, "workflowId": -1, "jobId": 9}, {"startTime": 312979, "endTime": 315651, "taskId": 3, "workflowId": -1, "jobId": 4}, {"startTime": 315651, "endTime": 318592, "taskId": 4, "workflowId": -1, "jobId": 9}, {"startTime": 318592, "endTime": 320831, "taskId": 1, "workflowId": -1, "jobId": 7}, {"startTime": 320831, "endTime": 323167, "taskId": 4, "workflowId": -1, "jobId": 9}, {"startTime": 346790, "endTime": 348666, "taskId": 4, "workflowId": -1, "jobId": 10}, {"startTime": 352460, "endTime": 360312, "taskId": 1, "workflowId": -1, "jobId": 8}, {"startTime": 380228, "endTime": 385388, "taskId": 2, "workflowId": -1, "jobId": 8}, {"startTime": 403186, "endTime": 409486, "taskId": 4, "workflowId": -1, "jobId": 12}, {"startTime": 409486, "endTime": 417309, "taskId": 5, "workflowId": -1, "jobId": 7}, {"startTime": 431422, "endTime": 439274, "taskId": 1, "workflowId": -1, "jobId": 10}]}]