[{"frequency": 2.83, "activePower": 118, "idlePower": 56.7, "memory": 4, "allocations": [{"startTime": 41802, "endTime": 42829, "taskId": 6, "workflowId": 2, "jobId": -1}, {"startTime": 53855, "endTime": 54884, "taskId": 11, "workflowId": 2, "jobId": -1}, {"startTime": 69546, "endTime": 70045, "taskId": 7, "workflowId": 1, "jobId": -1}, {"startTime": 70045, "endTime": 71135, "taskId": 6, "workflowId": 1, "jobId": -1}, {"startTime": 73381, "endTime": 74539, "taskId": 0, "workflowId": 3, "jobId": -1}, {"startTime": 74539, "endTime": 75533, "taskId": 0, "workflowId": 0, "jobId": -1}, {"startTime": 75533, "endTime": 76200, "taskId": 4, "workflowId": 0, "jobId": -1}, {"startTime": 76200, "endTime": 77194, "taskId": 3, "workflowId": 0, "jobId": -1}, {"startTime": 77194, "endTime": 77592, "taskId": 10, "workflowId": 0, "jobId": -1}, {"startTime": 77592, "endTime": 79285, "taskId": 2, "workflowId": 0, "jobId": -1}, {"startTime": 79285, "endTime": 79810, "taskId": 9, "workflowId": 0, "jobId": -1}, {"startTime": 79810, "endTime": 80173, "taskId": 9, "workflowId": 0, "jobId": -1}, {"startTime": 80173, "endTime": 80388, "taskId": 5, "workflowId": 0, "jobId": -1}, {"startTime": 80388, "endTime": 81096, "taskId": 5, "workflowId": 0, "jobId": -1}, {"startTime": 81096, "endTime": 81540, "taskId": 12, "workflowId": 0, "jobId": -1}, {"startTime": 81540, "endTime": 82042, "taskId": 18, "workflowId": 0, "jobId": -1}, {"startTime": 82110, "endTime": 83832, "taskId": 7, "workflowId": 0, "jobId": -1}, {"startTime": 83832, "endTime": 85012, "taskId": 13, "workflowId": 0, "jobId": -1}, {"startTime": 85012, "endTime": 86045, "taskId": 19, "workflowId": 0, "jobId": -1}, {"startTime": 86045, "endTime": 86308, "taskId": 24, "workflowId": 0, "jobId": -1}, {"startTime": 86308, "endTime": 86610, "taskId": 24, "workflowId": 0, "jobId": -1}, {"startTime": 86610, "endTime": 87494, "taskId": 22, "workflowId": 0, "jobId": -1}, {"startTime": 87494, "endTime": 88059, "taskId": 22, "workflowId": 0, "jobId": -1}, {"startTime": 88059, "endTime": 89181, "taskId": 26, "workflowId": 0, "jobId": -1}, {"startTime": 89181, "endTime": 89676, "taskId": 26, "workflowId": 0, "jobId": -1}, {"startTime": 89676, "endTime": 90904, "taskId": 27, "workflowId": 0, "jobId": -1}, {"startTime": 90904, "endTime": 92375, "taskId": 28, "workflowId": 0, "jobId": -1}, {"startTime": 92375, "endTime": 92481, "taskId": 14, "workflowId": 1, "jobId": -1}, {"startTime": 92481, "endTime": 93497, "taskId": 31, "workflowId": 0, "jobId": -1}, {"startTime": 93497, "endTime": 94139, "taskId": 31, "workflowId": 0, "jobId": -1}, {"startTime": 94139, "endTime": 94628, "taskId": 21, "workflowId": 1, "jobId": -1}, {"startTime": 94628, "endTime": 96213, "taskId": 30, "workflowId": 1, "jobId": -1}]}, {"frequency": 2.83, "activePower": 118, "idlePower": 56.7, "memory": 4, "allocations": [{"startTime": 37292, "endTime": 45212, "taskId": 0, "workflowId": -1, "jobId": 0}, {"startTime": 45212, "endTime": 50623, "taskId": 1, "workflowId": -1, "jobId": 0}, {"startTime": 57905, "endTime": 65825, "taskId": 0, "workflowId": -1, "jobId": 1}, {"startTime": 65959, "endTime": 72274, "taskId": 7, "workflowId": -1, "jobId": 1}, {"startTime": 73486, "endTime": 78518, "taskId": 2, "workflowId": -1, "jobId": 1}, {"startTime": 78518, "endTime": 86438, "taskId": 0, "workflowId": -1, "jobId": 2}, {"startTime": 89316, "endTime": 94688, "taskId": 3, "workflowId": -1, "jobId": 2}, {"startTime": 99131, "endTime": 107051, "taskId": 0, "workflowId": -1, "jobId": 3}, {"startTime": 109680, "endTime": 115271, "taskId": 2, "workflowId": -1, "jobId": 2}, {"startTime": 115271, "endTime": 115328, "taskId": 12, "workflowId": -1, "jobId": 1}, {"startTime": 115328, "endTime": 119744, "taskId": 3, "workflowId": -1, "jobId": 3}, {"startTime": 119744, "endTime": 127664, "taskId": 0, "workflowId": -1, "jobId": 4}, {"startTime": 140357, "endTime": 148277, "taskId": 0, "workflowId": -1, "jobId": 5}, {"startTime": 152519, "endTime": 157930, "taskId": 1, "workflowId": -1, "jobId": 3}, {"startTime": 159232, "endTime": 160970, "taskId": 14, "workflowId": -1, "jobId": 2}, {"startTime": 160970, "endTime": 168890, "taskId": 0, "workflowId": -1, "jobId": 6}, {"startTime": 180627, "endTime": 181583, "taskId": 7, "workflowId": -1, "jobId": 5}, {"startTime": 181583, "endTime": 189503, "taskId": 0, "workflowId": -1, "jobId": 7}, {"startTime": 189503, "endTime": 190928, "taskId": 12, "workflowId": -1, "jobId": 2}, {"startTime": 190928, "endTime": 193364, "taskId": 1, "workflowId": -1, "jobId": 4}, {"startTime": 193364, "endTime": 198736, "taskId": 3, "workflowId": -1, "jobId": 6}, {"startTime": 198912, "endTime": 202196, "taskId": 13, "workflowId": -1, "jobId": 4}, {"startTime": 202196, "endTime": 210116, "taskId": 0, "workflowId": -1, "jobId": 8}, {"startTime": 218262, "endTime": 219376, "taskId": 2, "workflowId": -1, "jobId": 5}, {"startTime": 219376, "endTime": 222809, "taskId": 3, "workflowId": -1, "jobId": 7}, {"startTime": 222809, "endTime": 230729, "taskId": 0, "workflowId": -1, "jobId": 9}, {"startTime": 239317, "endTime": 243422, "taskId": 13, "workflowId": -1, "jobId": 5}, {"startTime": 243422, "endTime": 251342, "taskId": 0, "workflowId": -1, "jobId": 10}, {"startTime": 254456, "endTime": 260047, "taskId": 2, "workflowId": -1, "jobId": 6}, {"startTime": 264035, "endTime": 271955, "taskId": 0, "workflowId": -1, "jobId": 11}, {"startTime": 271955, "endTime": 273712, "taskId": 1, "workflowId": -1, "jobId": 6}, {"startTime": 273712, "endTime": 276208, "taskId": 8, "workflowId": -1, "jobId": 3}, {"startTime": 281172, "endTime": 284648, "taskId": 14, "workflowId": -1, "jobId": 4}, {"startTime": 284648, "endTime": 292568, "taskId": 0, "workflowId": -1, "jobId": 12}, {"startTime": 292568, "endTime": 297412, "taskId": 10, "workflowId": -1, "jobId": 8}, {"startTime": 297412, "endTime": 302784, "taskId": 3, "workflowId": -1, "jobId": 10}, {"startTime": 305261, "endTime": 313181, "taskId": 0, "workflowId": -1, "jobId": 13}, {"startTime": 323424, "endTime": 325874, "taskId": 3, "workflowId": -1, "jobId": 11}, {"startTime": 325874, "endTime": 333794, "taskId": 0, "workflowId": -1, "jobId": 14}, {"startTime": 344225, "endTime": 344564, "taskId": 5, "workflowId": -1, "jobId": 11}, {"startTime": 344564, "endTime": 346487, "taskId": 1, "workflowId": -1, "jobId": 8}, {"startTime": 346487, "endTime": 354407, "taskId": 0, "workflowId": -1, "jobId": 15}, {"startTime": 354407, "endTime": 354946, "taskId": 1, "workflowId": -1, "jobId": 8}, {"startTime": 354946, "endTime": 359896, "taskId": 10, "workflowId": -1, "jobId": 10}, {"startTime": 360532, "endTime": 363038, "taskId": 13, "workflowId": -1, "jobId": 8}, {"startTime": 363038, "endTime": 367100, "taskId": 2, "workflowId": -1, "jobId": 9}, {"startTime": 367100, "endTime": 375020, "taskId": 0, "workflowId": -1, "jobId": 16}, {"startTime": 375448, "endTime": 380820, "taskId": 3, "workflowId": -1, "jobId": 13}, {"startTime": 382973, "endTime": 387713, "taskId": 1, "workflowId": -1, "jobId": 9}, {"startTime": 387713, "endTime": 395633, "taskId": 0, "workflowId": -1, "jobId": 17}, {"startTime": 399232, "endTime": 401460, "taskId": 2, "workflowId": -1, "jobId": 10}, {"startTime": 401460, "endTime": 406832, "taskId": 3, "workflowId": -1, "jobId": 14}, {"startTime": 408326, "endTime": 416246, "taskId": 0, "workflowId": -1, "jobId": 18}, {"startTime": 421382, "endTime": 426793, "taskId": 1, "workflowId": -1, "jobId": 10}, {"startTime": 427472, "endTime": 428939, "taskId": 3, "workflowId": -1, "jobId": 15}, {"startTime": 428939, "endTime": 436859, "taskId": 0, "workflowId": -1, "jobId": 19}, {"startTime": 449552, "endTime": 457472, "taskId": 0, "workflowId": -1, "jobId": 20}, {"startTime": 459791, "endTime": 465202, "taskId": 1, "workflowId": -1, "jobId": 11}, {"startTime": 470165, "endTime": 478085, "taskId": 0, "workflowId": -1, "jobId": 21}]}, {"frequency": 2.83, "activePower": 118, "idlePower": 56.7, "memory": 4, "allocations": [{"startTime": 70050, "endTime": 71020, "taskId": 7, "workflowId": 1, "jobId": -1}, {"startTime": 74540, "endTime": 75025, "taskId": 0, "workflowId": 3, "jobId": -1}, {"startTime": 75369, "endTime": 75533, "taskId": 14, "workflowId": 1, "jobId": -1}, {"startTime": 75533, "endTime": 75534, "taskId": 3, "workflowId": 0, "jobId": -1}, {"startTime": 75534, "endTime": 76333, "taskId": 1, "workflowId": 0, "jobId": -1}, {"startTime": 76333, "endTime": 76528, "taskId": 8, "workflowId": 0, "jobId": -1}, {"startTime": 76528, "endTime": 76990, "taskId": 8, "workflowId": 0, "jobId": -1}, {"startTime": 76990, "endTime": 77725, "taskId": 6, "workflowId": 0, "jobId": -1}, {"startTime": 77725, "endTime": 78250, "taskId": 6, "workflowId": 0, "jobId": -1}, {"startTime": 78250, "endTime": 78382, "taskId": 6, "workflowId": 0, "jobId": -1}, {"startTime": 78382, "endTime": 78907, "taskId": 11, "workflowId": 0, "jobId": -1}, {"startTime": 78907, "endTime": 79649, "taskId": 11, "workflowId": 0, "jobId": -1}, {"startTime": 79649, "endTime": 80572, "taskId": 10, "workflowId": 0, "jobId": -1}, {"startTime": 80572, "endTime": 80752, "taskId": 10, "workflowId": 0, "jobId": -1}, {"startTime": 80752, "endTime": 81403, "taskId": 15, "workflowId": 0, "jobId": -1}, {"startTime": 81403, "endTime": 81950, "taskId": 17, "workflowId": 0, "jobId": -1}, {"startTime": 81950, "endTime": 82474, "taskId": 13, "workflowId": 0, "jobId": -1}, {"startTime": 82474, "endTime": 83924, "taskId": 16, "workflowId": 0, "jobId": -1}, {"startTime": 83924, "endTime": 84556, "taskId": 21, "workflowId": 0, "jobId": -1}, {"startTime": 84556, "endTime": 84801, "taskId": 14, "workflowId": 0, "jobId": -1}, {"startTime": 84801, "endTime": 85433, "taskId": 14, "workflowId": 0, "jobId": -1}, {"startTime": 85433, "endTime": 86729, "taskId": 23, "workflowId": 0, "jobId": -1}, {"startTime": 86729, "endTime": 88391, "taskId": 20, "workflowId": 0, "jobId": -1}, {"startTime": 88391, "endTime": 88885, "taskId": 25, "workflowId": 0, "jobId": -1}, {"startTime": 88885, "endTime": 90037, "taskId": 25, "workflowId": 0, "jobId": -1}, {"startTime": 90037, "endTime": 91036, "taskId": 29, "workflowId": 0, "jobId": -1}, {"startTime": 91036, "endTime": 92481, "taskId": 30, "workflowId": 0, "jobId": -1}, {"startTime": 92481, "endTime": 93497, "taskId": 14, "workflowId": 1, "jobId": -1}, {"startTime": 93497, "endTime": 94581, "taskId": 16, "workflowId": 1, "jobId": -1}, {"startTime": 94628, "endTime": 94728, "taskId": 21, "workflowId": 1, "jobId": -1}, {"startTime": 95820, "endTime": 96951, "taskId": 16, "workflowId": 3, "jobId": -1}]}, {"frequency": 2.83, "activePower": 118, "idlePower": 56.7, "memory": 4, "allocations": [{"startTime": 37292, "endTime": 42664, "taskId": 3, "workflowId": -1, "jobId": 0}, {"startTime": 42664, "endTime": 48255, "taskId": 2, "workflowId": -1, "jobId": 0}, {"startTime": 63304, "endTime": 68676, "taskId": 3, "workflowId": -1, "jobId": 1}, {"startTime": 75701, "endTime": 78519, "taskId": 1, "workflowId": -1, "jobId": 1}, {"startTime": 78519, "endTime": 79078, "taskId": 2, "workflowId": -1, "jobId": 1}, {"startTime": 79078, "endTime": 81671, "taskId": 1, "workflowId": -1, "jobId": 1}, {"startTime": 105724, "endTime": 113317, "taskId": 6, "workflowId": -1, "jobId": 1}, {"startTime": 113317, "endTime": 114110, "taskId": 12, "workflowId": -1, "jobId": 1}, {"startTime": 114110, "endTime": 119521, "taskId": 1, "workflowId": -1, "jobId": 2}, {"startTime": 119521, "endTime": 119744, "taskId": 12, "workflowId": -1, "jobId": 1}, {"startTime": 119744, "endTime": 120700, "taskId": 3, "workflowId": -1, "jobId": 3}, {"startTime": 120700, "endTime": 124518, "taskId": 12, "workflowId": -1, "jobId": 1}, {"startTime": 141340, "endTime": 146712, "taskId": 3, "workflowId": -1, "jobId": 4}, {"startTime": 146712, "endTime": 152303, "taskId": 2, "workflowId": -1, "jobId": 3}, {"startTime": 160970, "endTime": 165419, "taskId": 14, "workflowId": -1, "jobId": 2}, {"startTime": 167352, "endTime": 172724, "taskId": 3, "workflowId": -1, "jobId": 5}, {"startTime": 181583, "endTime": 182068, "taskId": 7, "workflowId": -1, "jobId": 5}, {"startTime": 182068, "endTime": 187659, "taskId": 2, "workflowId": -1, "jobId": 4}, {"startTime": 187659, "endTime": 192533, "taskId": 7, "workflowId": -1, "jobId": 5}, {"startTime": 192533, "endTime": 193364, "taskId": 12, "workflowId": -1, "jobId": 2}, {"startTime": 193364, "endTime": 196339, "taskId": 1, "workflowId": -1, "jobId": 4}, {"startTime": 196339, "endTime": 198974, "taskId": 12, "workflowId": -1, "jobId": 2}, {"startTime": 202196, "endTime": 203305, "taskId": 13, "workflowId": -1, "jobId": 4}, {"startTime": 219376, "endTime": 222809, "taskId": 2, "workflowId": -1, "jobId": 5}, {"startTime": 222809, "endTime": 223853, "taskId": 3, "workflowId": -1, "jobId": 7}, {"startTime": 223853, "endTime": 224748, "taskId": 3, "workflowId": -1, "jobId": 7}, {"startTime": 224748, "endTime": 225792, "taskId": 2, "workflowId": -1, "jobId": 5}, {"startTime": 229337, "endTime": 234748, "taskId": 1, "workflowId": -1, "jobId": 5}, {"startTime": 243422, "endTime": 243710, "taskId": 13, "workflowId": -1, "jobId": 5}, {"startTime": 245388, "endTime": 250760, "taskId": 3, "workflowId": -1, "jobId": 8}, {"startTime": 264896, "endTime": 267746, "taskId": 8, "workflowId": -1, "jobId": 3}, {"startTime": 267746, "endTime": 271400, "taskId": 1, "workflowId": -1, "jobId": 6}, {"startTime": 271400, "endTime": 276772, "taskId": 3, "workflowId": -1, "jobId": 9}, {"startTime": 284648, "endTime": 287359, "taskId": 14, "workflowId": -1, "jobId": 4}, {"startTime": 290650, "endTime": 296241, "taskId": 2, "workflowId": -1, "jobId": 7}, {"startTime": 296241, "endTime": 297412, "taskId": 15, "workflowId": -1, "jobId": 7}, {"startTime": 297412, "endTime": 297518, "taskId": 10, "workflowId": -1, "jobId": 8}, {"startTime": 297518, "endTime": 299494, "taskId": 15, "workflowId": -1, "jobId": 7}, {"startTime": 306155, "endTime": 311566, "taskId": 1, "workflowId": -1, "jobId": 7}, {"startTime": 325874, "endTime": 328796, "taskId": 3, "workflowId": -1, "jobId": 11}, {"startTime": 328796, "endTime": 334387, "taskId": 2, "workflowId": -1, "jobId": 8}, {"startTime": 344564, "endTime": 346487, "taskId": 5, "workflowId": -1, "jobId": 11}, {"startTime": 346487, "endTime": 349436, "taskId": 1, "workflowId": -1, "jobId": 8}, {"startTime": 349436, "endTime": 349975, "taskId": 3, "workflowId": -1, "jobId": 12}, {"startTime": 349975, "endTime": 354808, "taskId": 3, "workflowId": -1, "jobId": 12}, {"startTime": 354808, "endTime": 360783, "taskId": 5, "workflowId": -1, "jobId": 11}, {"startTime": 363038, "endTime": 364925, "taskId": 13, "workflowId": -1, "jobId": 8}, {"startTime": 367100, "endTime": 368629, "taskId": 2, "workflowId": -1, "jobId": 9}, {"startTime": 368629, "endTime": 371776, "taskId": 15, "workflowId": -1, "jobId": 9}, {"startTime": 387713, "endTime": 388384, "taskId": 1, "workflowId": -1, "jobId": 9}, {"startTime": 400031, "endTime": 401460, "taskId": 5, "workflowId": -1, "jobId": 13}, {"startTime": 401460, "endTime": 404823, "taskId": 2, "workflowId": -1, "jobId": 10}, {"startTime": 404823, "endTime": 411631, "taskId": 5, "workflowId": -1, "jobId": 13}, {"startTime": 428939, "endTime": 432844, "taskId": 3, "workflowId": -1, "jobId": 15}, {"startTime": 435426, "endTime": 441017, "taskId": 2, "workflowId": -1, "jobId": 11}, {"startTime": 453484, "endTime": 458856, "taskId": 3, "workflowId": -1, "jobId": 16}]}]