[{"frequency": 2.4, "activePower": 9, "idlePower": 2.75, "memory": 2, "allocations": [{"startTime": 39161, "endTime": 40980, "taskId": 0, "workflowId": 3, "jobId": -1}, {"startTime": 40980, "endTime": 42963, "taskId": 2, "workflowId": 3, "jobId": -1}, {"startTime": 45202, "endTime": 45996, "taskId": 4, "workflowId": 1, "jobId": -1}, {"startTime": 51629, "endTime": 52655, "taskId": 8, "workflowId": 1, "jobId": -1}, {"startTime": 73718, "endTime": 74256, "taskId": 14, "workflowId": 1, "jobId": -1}, {"startTime": 77046, "endTime": 78771, "taskId": 3, "workflowId": 2, "jobId": -1}, {"startTime": 80939, "endTime": 82240, "taskId": 1, "workflowId": 0, "jobId": -1}, {"startTime": 82240, "endTime": 83069, "taskId": 7, "workflowId": 0, "jobId": -1}, {"startTime": 83069, "endTime": 83609, "taskId": 8, "workflowId": 0, "jobId": -1}, {"startTime": 83609, "endTime": 84035, "taskId": 8, "workflowId": 0, "jobId": -1}, {"startTime": 84035, "endTime": 84272, "taskId": 9, "workflowId": 0, "jobId": -1}, {"startTime": 84272, "endTime": 84589, "taskId": 9, "workflowId": 0, "jobId": -1}, {"startTime": 84589, "endTime": 84874, "taskId": 11, "workflowId": 0, "jobId": -1}, {"startTime": 84874, "endTime": 85265, "taskId": 11, "workflowId": 0, "jobId": -1}, {"startTime": 85265, "endTime": 85805, "taskId": 10, "workflowId": 0, "jobId": -1}, {"startTime": 85805, "endTime": 86907, "taskId": 10, "workflowId": 0, "jobId": -1}, {"startTime": 86907, "endTime": 88967, "taskId": 13, "workflowId": 0, "jobId": -1}, {"startTime": 88967, "endTime": 90387, "taskId": 14, "workflowId": 0, "jobId": -1}, {"startTime": 90387, "endTime": 91683, "taskId": 15, "workflowId": 0, "jobId": -1}, {"startTime": 91683, "endTime": 92727, "taskId": 18, "workflowId": 0, "jobId": -1}]}, {"frequency": 2.4, "activePower": 9, "idlePower": 2.75, "memory": 2, "allocations": [{"startTime": 41311, "endTime": 50612, "taskId": 0, "workflowId": -1, "jobId": 0}, {"startTime": 69509, "endTime": 78810, "taskId": 0, "workflowId": -1, "jobId": 1}, {"startTime": 80792, "endTime": 90050, "taskId": 1, "workflowId": -1, "jobId": 1}, {"startTime": 96087, "endTime": 97707, "taskId": 6, "workflowId": -1, "jobId": 2}, {"startTime": 97707, "endTime": 107008, "taskId": 0, "workflowId": -1, "jobId": 2}, {"startTime": 120273, "endTime": 125905, "taskId": 1, "workflowId": -1, "jobId": 2}, {"startTime": 125905, "endTime": 135206, "taskId": 0, "workflowId": -1, "jobId": 3}, {"startTime": 146803, "endTime": 154103, "taskId": 5, "workflowId": -1, "jobId": 2}, {"startTime": 154103, "endTime": 163404, "taskId": 0, "workflowId": -1, "jobId": 4}, {"startTime": 169803, "endTime": 173421, "taskId": 7, "workflowId": -1, "jobId": 2}, {"startTime": 182301, "endTime": 191602, "taskId": 0, "workflowId": -1, "jobId": 5}, {"startTime": 199235, "endTime": 208493, "taskId": 1, "workflowId": -1, "jobId": 4}, {"startTime": 210499, "endTime": 219800, "taskId": 0, "workflowId": -1, "jobId": 6}, {"startTime": 233027, "endTime": 235617, "taskId": 6, "workflowId": -1, "jobId": 7}, {"startTime": 238697, "endTime": 247998, "taskId": 0, "workflowId": -1, "jobId": 7}, {"startTime": 266895, "endTime": 276196, "taskId": 0, "workflowId": -1, "jobId": 8}, {"startTime": 278197, "endTime": 287455, "taskId": 1, "workflowId": -1, "jobId": 6}, {"startTime": 295093, "endTime": 304394, "taskId": 0, "workflowId": -1, "jobId": 9}, {"startTime": 317579, "endTime": 317678, "taskId": 3, "workflowId": -1, "jobId": 4}, {"startTime": 317678, "endTime": 323291, "taskId": 1, "workflowId": -1, "jobId": 7}, {"startTime": 323291, "endTime": 332592, "taskId": 0, "workflowId": -1, "jobId": 10}, {"startTime": 351489, "endTime": 360790, "taskId": 0, "workflowId": -1, "jobId": 11}, {"startTime": 379687, "endTime": 388988, "taskId": 0, "workflowId": -1, "jobId": 12}, {"startTime": 388988, "endTime": 392256, "taskId": 3, "workflowId": -1, "jobId": 5}, {"startTime": 396640, "endTime": 405898, "taskId": 1, "workflowId": -1, "jobId": 9}, {"startTime": 407885, "endTime": 417186, "taskId": 0, "workflowId": -1, "jobId": 13}, {"startTime": 436083, "endTime": 445384, "taskId": 0, "workflowId": -1, "jobId": 14}, {"startTime": 464281, "endTime": 473582, "taskId": 0, "workflowId": -1, "jobId": 15}]}, {"frequency": 2.4, "activePower": 9, "idlePower": 2.75, "memory": 2, "allocations": [{"startTime": 40980, "endTime": 41842, "taskId": 4, "workflowId": 3, "jobId": -1}, {"startTime": 45202, "endTime": 45915, "taskId": 7, "workflowId": 1, "jobId": -1}, {"startTime": 80939, "endTime": 82873, "taskId": 2, "workflowId": 0, "jobId": -1}, {"startTime": 82873, "endTime": 83413, "taskId": 6, "workflowId": 0, "jobId": -1}, {"startTime": 83413, "endTime": 84035, "taskId": 6, "workflowId": 0, "jobId": -1}, {"startTime": 84035, "endTime": 84076, "taskId": 8, "workflowId": 0, "jobId": -1}, {"startTime": 84076, "endTime": 84874, "taskId": 8, "workflowId": 0, "jobId": -1}, {"startTime": 84874, "endTime": 85238, "taskId": 4, "workflowId": 0, "jobId": -1}, {"startTime": 85238, "endTime": 85414, "taskId": 4, "workflowId": 0, "jobId": -1}, {"startTime": 85414, "endTime": 86077, "taskId": 4, "workflowId": 0, "jobId": -1}, {"startTime": 86077, "endTime": 86617, "taskId": 5, "workflowId": 0, "jobId": -1}, {"startTime": 86617, "endTime": 87095, "taskId": 3, "workflowId": 0, "jobId": -1}, {"startTime": 87095, "endTime": 89090, "taskId": 12, "workflowId": 0, "jobId": -1}, {"startTime": 90387, "endTime": 92374, "taskId": 16, "workflowId": 0, "jobId": -1}, {"startTime": 92374, "endTime": 93917, "taskId": 17, "workflowId": 0, "jobId": -1}]}, {"frequency": 2.4, "activePower": 9, "idlePower": 2.75, "memory": 2, "allocations": [{"startTime": 41311, "endTime": 50569, "taskId": 1, "workflowId": -1, "jobId": 0}, {"startTime": 50569, "endTime": 56654, "taskId": 2, "workflowId": -1, "jobId": 0}, {"startTime": 71721, "endTime": 81100, "taskId": 4, "workflowId": -1, "jobId": 1}, {"startTime": 97707, "endTime": 98677, "taskId": 6, "workflowId": -1, "jobId": 2}, {"startTime": 102131, "endTime": 111510, "taskId": 4, "workflowId": -1, "jobId": 2}, {"startTime": 125905, "endTime": 129531, "taskId": 1, "workflowId": -1, "jobId": 2}, {"startTime": 154103, "endTime": 156028, "taskId": 5, "workflowId": -1, "jobId": 2}, {"startTime": 159754, "endTime": 169012, "taskId": 1, "workflowId": -1, "jobId": 3}, {"startTime": 238716, "endTime": 247974, "taskId": 1, "workflowId": -1, "jobId": 5}, {"startTime": 298295, "endTime": 301913, "taskId": 7, "workflowId": -1, "jobId": 4}, {"startTime": 317678, "endTime": 320847, "taskId": 3, "workflowId": -1, "jobId": 4}, {"startTime": 323291, "endTime": 326936, "taskId": 1, "workflowId": -1, "jobId": 7}, {"startTime": 357159, "endTime": 366417, "taskId": 1, "workflowId": -1, "jobId": 8}, {"startTime": 384927, "endTime": 391012, "taskId": 2, "workflowId": -1, "jobId": 8}, {"startTime": 436121, "endTime": 445379, "taskId": 1, "workflowId": -1, "jobId": 10}, {"startTime": 467051, "endTime": 476430, "taskId": 4, "workflowId": -1, "jobId": 14}]}]