[{"frequency": 2.83, "activePower": 95.4, "idlePower": 49.6, "memory": 2, "allocations": [{"startTime": 27242, "endTime": 27973, "taskId": 4, "workflowId": 3, "jobId": -1}, {"startTime": 45202, "endTime": 45875, "taskId": 4, "workflowId": 1, "jobId": -1}, {"startTime": 45875, "endTime": 46233, "taskId": 2, "workflowId": 1, "jobId": -1}, {"startTime": 50141, "endTime": 52338, "taskId": 6, "workflowId": -1, "jobId": 1}, {"startTime": 75219, "endTime": 76206, "taskId": 5, "workflowId": 2, "jobId": -1}, {"startTime": 80939, "endTime": 81397, "taskId": 5, "workflowId": 0, "jobId": -1}, {"startTime": 81397, "endTime": 82417, "taskId": 4, "workflowId": 0, "jobId": -1}, {"startTime": 82417, "endTime": 83520, "taskId": 1, "workflowId": 0, "jobId": -1}, {"startTime": 83520, "endTime": 84223, "taskId": 7, "workflowId": 0, "jobId": -1}, {"startTime": 92747, "endTime": 93456, "taskId": 10, "workflowId": 2, "jobId": -1}, {"startTime": 220139, "endTime": 228027, "taskId": 0, "workflowId": -1, "jobId": 7}, {"startTime": 259639, "endTime": 267491, "taskId": 1, "workflowId": -1, "jobId": 6}, {"startTime": 324021, "endTime": 326218, "taskId": 6, "workflowId": -1, "jobId": 11}, {"startTime": 332931, "endTime": 340819, "taskId": 0, "workflowId": -1, "jobId": 11}, {"startTime": 408229, "endTime": 411297, "taskId": 7, "workflowId": -1, "jobId": 6}, {"startTime": 417525, "endTime": 425413, "taskId": 0, "workflowId": -1, "jobId": 14}]}, {"frequency": 2.83, "activePower": 95.4, "idlePower": 49.6, "memory": 2, "allocations": [{"startTime": 49682, "endTime": 51034, "taskId": 15, "workflowId": 3, "jobId": -1}, {"startTime": 51034, "endTime": 58922, "taskId": 0, "workflowId": -1, "jobId": 1}, {"startTime": 80939, "endTime": 80939, "taskId": 0, "workflowId": 0, "jobId": -1}, {"startTime": 80939, "endTime": 82579, "taskId": 2, "workflowId": 0, "jobId": -1}, {"startTime": 82579, "endTime": 83565, "taskId": 6, "workflowId": 0, "jobId": -1}, {"startTime": 93211, "endTime": 93784, "taskId": 11, "workflowId": 0, "jobId": -1}, {"startTime": 98420, "endTime": 99729, "taskId": 17, "workflowId": 0, "jobId": -1}, {"startTime": 180677, "endTime": 188529, "taskId": 1, "workflowId": -1, "jobId": 4}, {"startTime": 220158, "endTime": 228010, "taskId": 1, "workflowId": -1, "jobId": 5}, {"startTime": 229954, "endTime": 232725, "taskId": 3, "workflowId": -1, "jobId": 3}, {"startTime": 299120, "endTime": 306972, "taskId": 1, "workflowId": -1, "jobId": 7}]}, {"frequency": 2.83, "activePower": 95.4, "idlePower": 49.6, "memory": 2, "allocations": [{"startTime": 45202, "endTime": 45202, "taskId": 0, "workflowId": 1, "jobId": -1}, {"startTime": 48557, "endTime": 49682, "taskId": 12, "workflowId": 3, "jobId": -1}, {"startTime": 75499, "endTime": 83322, "taskId": 5, "workflowId": -1, "jobId": 1}, {"startTime": 83322, "endTime": 91210, "taskId": 0, "workflowId": -1, "jobId": 2}, {"startTime": 91210, "endTime": 92741, "taskId": 8, "workflowId": 0, "jobId": -1}, {"startTime": 92741, "endTime": 93211, "taskId": 9, "workflowId": 0, "jobId": -1}, {"startTime": 93784, "endTime": 95531, "taskId": 13, "workflowId": 0, "jobId": -1}, {"startTime": 95531, "endTime": 97223, "taskId": 12, "workflowId": 0, "jobId": -1}, {"startTime": 97223, "endTime": 98322, "taskId": 15, "workflowId": 0, "jobId": -1}, {"startTime": 107347, "endTime": 115235, "taskId": 0, "workflowId": -1, "jobId": 3}, {"startTime": 135545, "endTime": 143433, "taskId": 0, "workflowId": -1, "jobId": 4}, {"startTime": 143433, "endTime": 151285, "taskId": 1, "workflowId": -1, "jobId": 3}, {"startTime": 163743, "endTime": 171631, "taskId": 0, "workflowId": -1, "jobId": 5}, {"startTime": 174803, "endTime": 182757, "taskId": 4, "workflowId": -1, "jobId": 5}, {"startTime": 191941, "endTime": 199829, "taskId": 0, "workflowId": -1, "jobId": 6}, {"startTime": 276535, "endTime": 284423, "taskId": 0, "workflowId": -1, "jobId": 9}, {"startTime": 338601, "endTime": 346453, "taskId": 1, "workflowId": -1, "jobId": 8}, {"startTime": 357263, "endTime": 365217, "taskId": 4, "workflowId": -1, "jobId": 11}, {"startTime": 378082, "endTime": 385934, "taskId": 1, "workflowId": -1, "jobId": 9}, {"startTime": 389327, "endTime": 397215, "taskId": 0, "workflowId": -1, "jobId": 13}, {"startTime": 417563, "endTime": 425415, "taskId": 1, "workflowId": -1, "jobId": 10}, {"startTime": 445723, "endTime": 453611, "taskId": 0, "workflowId": -1, "jobId": 15}, {"startTime": 457044, "endTime": 464896, "taskId": 1, "workflowId": -1, "jobId": 11}]}, {"frequency": 2.83, "activePower": 95.4, "idlePower": 49.6, "memory": 2, "allocations": [{"startTime": 22753, "endTime": 30605, "taskId": 1, "workflowId": -1, "jobId": 0}, {"startTime": 30605, "endTime": 38493, "taskId": 0, "workflowId": -1, "jobId": 0}, {"startTime": 40211, "endTime": 40940, "taskId": 7, "workflowId": 3, "jobId": -1}, {"startTime": 45202, "endTime": 46820, "taskId": 3, "workflowId": 1, "jobId": -1}, {"startTime": 53163, "endTime": 61117, "taskId": 4, "workflowId": -1, "jobId": 1}, {"startTime": 62234, "endTime": 70086, "taskId": 1, "workflowId": -1, "jobId": 1}, {"startTime": 80939, "endTime": 81344, "taskId": 3, "workflowId": 0, "jobId": -1}, {"startTime": 93211, "endTime": 94603, "taskId": 10, "workflowId": 0, "jobId": -1}, {"startTime": 95531, "endTime": 96735, "taskId": 14, "workflowId": 0, "jobId": -1}, {"startTime": 96735, "endTime": 98420, "taskId": 16, "workflowId": 0, "jobId": -1}, {"startTime": 98420, "endTime": 99306, "taskId": 18, "workflowId": 0, "jobId": -1}, {"startTime": 101715, "endTime": 109567, "taskId": 1, "workflowId": -1, "jobId": 2}, {"startTime": 117894, "endTime": 119027, "taskId": 16, "workflowId": 2, "jobId": -1}, {"startTime": 132305, "endTime": 134502, "taskId": 6, "workflowId": -1, "jobId": 4}, {"startTime": 248337, "endTime": 256225, "taskId": 0, "workflowId": -1, "jobId": 8}, {"startTime": 304733, "endTime": 312621, "taskId": 0, "workflowId": -1, "jobId": 10}, {"startTime": 361129, "endTime": 369017, "taskId": 0, "workflowId": -1, "jobId": 12}, {"startTime": 433573, "endTime": 435770, "taskId": 6, "workflowId": -1, "jobId": 15}]}]