[{"frequency": 1.5, "activePower": 8, "idlePower": 2.7, "memory": 4, "allocations": [{"startTime": 58672, "endTime": 58798, "taskId": 1, "workflowId": 3, "jobId": -1}, {"startTime": 58798, "endTime": 60162, "taskId": 0, "workflowId": 0, "jobId": -1}, {"startTime": 60162, "endTime": 60724, "taskId": 0, "workflowId": 0, "jobId": -1}, {"startTime": 60724, "endTime": 62538, "taskId": 2, "workflowId": 0, "jobId": -1}, {"startTime": 62538, "endTime": 63340, "taskId": 6, "workflowId": 0, "jobId": -1}, {"startTime": 63340, "endTime": 64822, "taskId": 3, "workflowId": 0, "jobId": -1}, {"startTime": 64822, "endTime": 65408, "taskId": 5, "workflowId": 0, "jobId": -1}, {"startTime": 65408, "endTime": 66315, "taskId": 5, "workflowId": 0, "jobId": -1}, {"startTime": 66315, "endTime": 67839, "taskId": 4, "workflowId": 1, "jobId": -1}, {"startTime": 67839, "endTime": 68028, "taskId": 4, "workflowId": 1, "jobId": -1}, {"startTime": 68028, "endTime": 68870, "taskId": 5, "workflowId": 0, "jobId": -1}, {"startTime": 68870, "endTime": 68871, "taskId": 5, "workflowId": 0, "jobId": -1}, {"startTime": 68871, "endTime": 69237, "taskId": 6, "workflowId": 1, "jobId": -1}, {"startTime": 69237, "endTime": 69552, "taskId": 6, "workflowId": 1, "jobId": -1}, {"startTime": 69552, "endTime": 69614, "taskId": 6, "workflowId": 1, "jobId": -1}, {"startTime": 69614, "endTime": 69633, "taskId": 6, "workflowId": 1, "jobId": -1}, {"startTime": 69633, "endTime": 69634, "taskId": 6, "workflowId": 1, "jobId": -1}, {"startTime": 69634, "endTime": 69867, "taskId": 6, "workflowId": 1, "jobId": -1}, {"startTime": 69867, "endTime": 70457, "taskId": 9, "workflowId": 1, "jobId": -1}, {"startTime": 70457, "endTime": 70733, "taskId": 9, "workflowId": 1, "jobId": -1}, {"startTime": 70733, "endTime": 70734, "taskId": 13, "workflowId": 0, "jobId": -1}, {"startTime": 70734, "endTime": 70891, "taskId": 4, "workflowId": 0, "jobId": -1}, {"startTime": 70891, "endTime": 71219, "taskId": 7, "workflowId": 1, "jobId": -1}, {"startTime": 71219, "endTime": 72575, "taskId": 7, "workflowId": 1, "jobId": -1}, {"startTime": 72575, "endTime": 72904, "taskId": 12, "workflowId": 1, "jobId": -1}, {"startTime": 72904, "endTime": 73496, "taskId": 12, "workflowId": 1, "jobId": -1}, {"startTime": 73496, "endTime": 73519, "taskId": 12, "workflowId": 1, "jobId": -1}, {"startTime": 73519, "endTime": 73888, "taskId": 12, "workflowId": 1, "jobId": -1}, {"startTime": 73888, "endTime": 74664, "taskId": 12, "workflowId": 1, "jobId": -1}, {"startTime": 74664, "endTime": 75049, "taskId": 14, "workflowId": 1, "jobId": -1}, {"startTime": 75049, "endTime": 75283, "taskId": 14, "workflowId": 1, "jobId": -1}, {"startTime": 75283, "endTime": 75457, "taskId": 14, "workflowId": 1, "jobId": -1}, {"startTime": 75457, "endTime": 75769, "taskId": 14, "workflowId": 1, "jobId": -1}, {"startTime": 75769, "endTime": 75884, "taskId": 14, "workflowId": 1, "jobId": -1}, {"startTime": 75884, "endTime": 75915, "taskId": 14, "workflowId": 1, "jobId": -1}, {"startTime": 75915, "endTime": 76277, "taskId": 14, "workflowId": 1, "jobId": -1}, {"startTime": 76277, "endTime": 76493, "taskId": 13, "workflowId": 0, "jobId": -1}, {"startTime": 76493, "endTime": 78923, "taskId": 15, "workflowId": 1, "jobId": -1}, {"startTime": 78923, "endTime": 79432, "taskId": 7, "workflowId": 0, "jobId": -1}, {"startTime": 79432, "endTime": 81157, "taskId": 12, "workflowId": 0, "jobId": -1}, {"startTime": 81157, "endTime": 81512, "taskId": 7, "workflowId": 0, "jobId": -1}, {"startTime": 81512, "endTime": 81673, "taskId": 7, "workflowId": 0, "jobId": -1}, {"startTime": 81673, "endTime": 81729, "taskId": 7, "workflowId": 0, "jobId": -1}, {"startTime": 81729, "endTime": 81881, "taskId": 7, "workflowId": 0, "jobId": -1}, {"startTime": 81881, "endTime": 81905, "taskId": 7, "workflowId": 0, "jobId": -1}, {"startTime": 81905, "endTime": 81960, "taskId": 7, "workflowId": 0, "jobId": -1}, {"startTime": 81960, "endTime": 82169, "taskId": 11, "workflowId": 0, "jobId": -1}, {"startTime": 82169, "endTime": 84372, "taskId": 18, "workflowId": 1, "jobId": -1}, {"startTime": 84372, "endTime": 84904, "taskId": 11, "workflowId": 0, "jobId": -1}, {"startTime": 84904, "endTime": 84936, "taskId": 11, "workflowId": 0, "jobId": -1}, {"startTime": 84936, "endTime": 84994, "taskId": 11, "workflowId": 0, "jobId": -1}, {"startTime": 84994, "endTime": 85023, "taskId": 11, "workflowId": 0, "jobId": -1}, {"startTime": 85023, "endTime": 85063, "taskId": 11, "workflowId": 0, "jobId": -1}, {"startTime": 85063, "endTime": 85791, "taskId": 9, "workflowId": 0, "jobId": -1}, {"startTime": 85791, "endTime": 86001, "taskId": 9, "workflowId": 0, "jobId": -1}, {"startTime": 86001, "endTime": 86113, "taskId": 9, "workflowId": 0, "jobId": -1}, {"startTime": 86113, "endTime": 86239, "taskId": 9, "workflowId": 0, "jobId": -1}, {"startTime": 86239, "endTime": 86863, "taskId": 9, "workflowId": 0, "jobId": -1}, {"startTime": 86863, "endTime": 86987, "taskId": 11, "workflowId": 0, "jobId": -1}, {"startTime": 86987, "endTime": 87029, "taskId": 21, "workflowId": 0, "jobId": -1}, {"startTime": 87029, "endTime": 87987, "taskId": 21, "workflowId": 0, "jobId": -1}, {"startTime": 87987, "endTime": 88044, "taskId": 21, "workflowId": 0, "jobId": -1}, {"startTime": 88044, "endTime": 88205, "taskId": 17, "workflowId": 0, "jobId": -1}, {"startTime": 88205, "endTime": 90159, "taskId": 15, "workflowId": 0, "jobId": -1}, {"startTime": 90159, "endTime": 90344, "taskId": 17, "workflowId": 0, "jobId": -1}, {"startTime": 90344, "endTime": 91024, "taskId": 17, "workflowId": 0, "jobId": -1}, {"startTime": 91024, "endTime": 91342, "taskId": 17, "workflowId": 0, "jobId": -1}, {"startTime": 91342, "endTime": 91466, "taskId": 17, "workflowId": 0, "jobId": -1}, {"startTime": 91466, "endTime": 91949, "taskId": 17, "workflowId": 0, "jobId": -1}, {"startTime": 91949, "endTime": 92112, "taskId": 22, "workflowId": 0, "jobId": -1}, {"startTime": 92112, "endTime": 92622, "taskId": 22, "workflowId": 1, "jobId": -1}, {"startTime": 92622, "endTime": 95151, "taskId": 22, "workflowId": 1, "jobId": -1}, {"startTime": 95151, "endTime": 95931, "taskId": 22, "workflowId": 0, "jobId": -1}, {"startTime": 95931, "endTime": 96143, "taskId": 22, "workflowId": 0, "jobId": -1}, {"startTime": 96143, "endTime": 96181, "taskId": 22, "workflowId": 0, "jobId": -1}, {"startTime": 96181, "endTime": 96318, "taskId": 22, "workflowId": 0, "jobId": -1}, {"startTime": 96318, "endTime": 96439, "taskId": 22, "workflowId": 0, "jobId": -1}, {"startTime": 96439, "endTime": 96456, "taskId": 22, "workflowId": 0, "jobId": -1}, {"startTime": 96456, "endTime": 96504, "taskId": 26, "workflowId": 1, "jobId": -1}, {"startTime": 96504, "endTime": 98627, "taskId": 17, "workflowId": 1, "jobId": -1}, {"startTime": 98627, "endTime": 99359, "taskId": 26, "workflowId": 1, "jobId": -1}, {"startTime": 99359, "endTime": 99476, "taskId": 26, "workflowId": 1, "jobId": -1}, {"startTime": 99476, "endTime": 101003, "taskId": 26, "workflowId": 1, "jobId": -1}, {"startTime": 101003, "endTime": 102308, "taskId": 1, "workflowId": 1, "jobId": -1}, {"startTime": 102308, "endTime": 102393, "taskId": 1, "workflowId": 1, "jobId": -1}, {"startTime": 102393, "endTime": 102408, "taskId": 28, "workflowId": 1, "jobId": -1}, {"startTime": 102408, "endTime": 105402, "taskId": 28, "workflowId": 1, "jobId": -1}, {"startTime": 105402, "endTime": 105882, "taskId": 1, "workflowId": 1, "jobId": -1}, {"startTime": 105882, "endTime": 106023, "taskId": 30, "workflowId": 1, "jobId": -1}, {"startTime": 106023, "endTime": 106071, "taskId": 30, "workflowId": 1, "jobId": -1}, {"startTime": 106071, "endTime": 106700, "taskId": 30, "workflowId": 1, "jobId": -1}, {"startTime": 106700, "endTime": 107214, "taskId": 30, "workflowId": 1, "jobId": -1}, {"startTime": 107214, "endTime": 107630, "taskId": 30, "workflowId": 1, "jobId": -1}, {"startTime": 107630, "endTime": 107632, "taskId": 31, "workflowId": 0, "jobId": -1}, {"startTime": 107632, "endTime": 109388, "taskId": 30, "workflowId": 0, "jobId": -1}, {"startTime": 109388, "endTime": 110140, "taskId": 31, "workflowId": 0, "jobId": -1}, {"startTime": 110140, "endTime": 110592, "taskId": 31, "workflowId": 0, "jobId": -1}, {"startTime": 110592, "endTime": 110717, "taskId": 31, "workflowId": 0, "jobId": -1}, {"startTime": 110717, "endTime": 111164, "taskId": 31, "workflowId": 0, "jobId": -1}, {"startTime": 111164, "endTime": 111346, "taskId": 32, "workflowId": 1, "jobId": -1}, {"startTime": 111346, "endTime": 111622, "taskId": 5, "workflowId": 1, "jobId": -1}, {"startTime": 111622, "endTime": 111777, "taskId": 5, "workflowId": 1, "jobId": -1}, {"startTime": 111777, "endTime": 112552, "taskId": 5, "workflowId": 1, "jobId": -1}, {"startTime": 112552, "endTime": 112837, "taskId": 32, "workflowId": 1, "jobId": -1}, {"startTime": 112837, "endTime": 113289, "taskId": 31, "workflowId": 1, "jobId": -1}, {"startTime": 113289, "endTime": 113409, "taskId": 31, "workflowId": 1, "jobId": -1}, {"startTime": 113409, "endTime": 113695, "taskId": 31, "workflowId": 1, "jobId": -1}, {"startTime": 113695, "endTime": 113707, "taskId": 31, "workflowId": 1, "jobId": -1}, {"startTime": 113707, "endTime": 113876, "taskId": 31, "workflowId": 1, "jobId": -1}, {"startTime": 113876, "endTime": 114307, "taskId": 31, "workflowId": 1, "jobId": -1}, {"startTime": 114307, "endTime": 114594, "taskId": 32, "workflowId": 1, "jobId": -1}, {"startTime": 114594, "endTime": 114669, "taskId": 16, "workflowId": 1, "jobId": -1}, {"startTime": 114669, "endTime": 116321, "taskId": 25, "workflowId": 0, "jobId": -1}, {"startTime": 116321, "endTime": 117079, "taskId": 13, "workflowId": 2, "jobId": -1}, {"startTime": 117079, "endTime": 118263, "taskId": 2, "workflowId": 3, "jobId": -1}, {"startTime": 133955, "endTime": 136176, "taskId": 18, "workflowId": 3, "jobId": -1}, {"startTime": 150425, "endTime": 151291, "taskId": 23, "workflowId": 3, "jobId": -1}, {"startTime": 165350, "endTime": 166200, "taskId": 27, "workflowId": 3, "jobId": -1}]}, {"frequency": 1.5, "activePower": 8, "idlePower": 2.7, "memory": 4, "allocations": [{"startTime": 32999, "endTime": 48554, "taskId": 3, "workflowId": -1, "jobId": 0}, {"startTime": 48554, "endTime": 63784, "taskId": 5, "workflowId": -1, "jobId": 0}, {"startTime": 63784, "endTime": 76694, "taskId": 0, "workflowId": -1, "jobId": 0}, {"startTime": 76694, "endTime": 89230, "taskId": 7, "workflowId": -1, "jobId": 0}, {"startTime": 89230, "endTime": 104785, "taskId": 3, "workflowId": -1, "jobId": 1}, {"startTime": 104785, "endTime": 120025, "taskId": 5, "workflowId": -1, "jobId": 1}, {"startTime": 120025, "endTime": 130894, "taskId": 4, "workflowId": -1, "jobId": 1}, {"startTime": 130894, "endTime": 147007, "taskId": 6, "workflowId": -1, "jobId": 1}, {"startTime": 147007, "endTime": 159543, "taskId": 7, "workflowId": -1, "jobId": 1}, {"startTime": 159543, "endTime": 174783, "taskId": 5, "workflowId": -1, "jobId": 2}, {"startTime": 174783, "endTime": 185652, "taskId": 4, "workflowId": -1, "jobId": 2}, {"startTime": 185652, "endTime": 198562, "taskId": 0, "workflowId": -1, "jobId": 2}, {"startTime": 198562, "endTime": 211098, "taskId": 6, "workflowId": -1, "jobId": 2}, {"startTime": 211098, "endTime": 214675, "taskId": 6, "workflowId": -1, "jobId": 2}, {"startTime": 214675, "endTime": 227211, "taskId": 7, "workflowId": -1, "jobId": 2}, {"startTime": 227211, "endTime": 241953, "taskId": 2, "workflowId": -1, "jobId": 3}, {"startTime": 241953, "endTime": 252822, "taskId": 4, "workflowId": -1, "jobId": 3}, {"startTime": 252822, "endTime": 265732, "taskId": 0, "workflowId": -1, "jobId": 3}, {"startTime": 265732, "endTime": 281845, "taskId": 6, "workflowId": -1, "jobId": 3}, {"startTime": 281845, "endTime": 294381, "taskId": 7, "workflowId": -1, "jobId": 3}, {"startTime": 294381, "endTime": 310381, "taskId": 1, "workflowId": -1, "jobId": 5}, {"startTime": 310381, "endTime": 325621, "taskId": 5, "workflowId": -1, "jobId": 5}, {"startTime": 325621, "endTime": 341176, "taskId": 3, "workflowId": -1, "jobId": 6}, {"startTime": 341176, "endTime": 355918, "taskId": 1, "workflowId": -1, "jobId": 6}, {"startTime": 355918, "endTime": 357176, "taskId": 1, "workflowId": -1, "jobId": 6}, {"startTime": 357176, "endTime": 369712, "taskId": 7, "workflowId": -1, "jobId": 4}, {"startTime": 369712, "endTime": 384952, "taskId": 5, "workflowId": -1, "jobId": 6}, {"startTime": 384952, "endTime": 397862, "taskId": 0, "workflowId": -1, "jobId": 5}, {"startTime": 397862, "endTime": 413975, "taskId": 6, "workflowId": -1, "jobId": 5}, {"startTime": 413975, "endTime": 429215, "taskId": 5, "workflowId": -1, "jobId": 7}, {"startTime": 429215, "endTime": 440084, "taskId": 4, "workflowId": -1, "jobId": 6}, {"startTime": 440084, "endTime": 456084, "taskId": 1, "workflowId": -1, "jobId": 8}, {"startTime": 456084, "endTime": 472197, "taskId": 6, "workflowId": -1, "jobId": 6}, {"startTime": 472197, "endTime": 487437, "taskId": 5, "workflowId": -1, "jobId": 8}, {"startTime": 487437, "endTime": 498306, "taskId": 4, "workflowId": -1, "jobId": 7}, {"startTime": 498306, "endTime": 510842, "taskId": 7, "workflowId": -1, "jobId": 6}, {"startTime": 510842, "endTime": 523752, "taskId": 0, "workflowId": -1, "jobId": 7}, {"startTime": 523752, "endTime": 538992, "taskId": 5, "workflowId": -1, "jobId": 9}, {"startTime": 538992, "endTime": 554992, "taskId": 1, "workflowId": -1, "jobId": 10}, {"startTime": 554992, "endTime": 570547, "taskId": 3, "workflowId": -1, "jobId": 11}, {"startTime": 570547, "endTime": 585787, "taskId": 5, "workflowId": -1, "jobId": 10}, {"startTime": 585787, "endTime": 598697, "taskId": 0, "workflowId": -1, "jobId": 8}, {"startTime": 598697, "endTime": 614810, "taskId": 6, "workflowId": -1, "jobId": 8}, {"startTime": 614810, "endTime": 625679, "taskId": 4, "workflowId": -1, "jobId": 9}, {"startTime": 625679, "endTime": 640421, "taskId": 2, "workflowId": -1, "jobId": 10}, {"startTime": 640421, "endTime": 652957, "taskId": 7, "workflowId": -1, "jobId": 8}, {"startTime": 652957, "endTime": 668512, "taskId": 3, "workflowId": -1, "jobId": 13}, {"startTime": 668512, "endTime": 679381, "taskId": 4, "workflowId": -1, "jobId": 10}, {"startTime": 679381, "endTime": 694621, "taskId": 5, "workflowId": -1, "jobId": 12}, {"startTime": 694621, "endTime": 709363, "taskId": 2, "workflowId": -1, "jobId": 11}, {"startTime": 709363, "endTime": 721899, "taskId": 7, "workflowId": -1, "jobId": 9}, {"startTime": 721899, "endTime": 738012, "taskId": 6, "workflowId": -1, "jobId": 10}, {"startTime": 738012, "endTime": 754012, "taskId": 1, "workflowId": -1, "jobId": 14}, {"startTime": 754012, "endTime": 768754, "taskId": 2, "workflowId": -1, "jobId": 12}, {"startTime": 768754, "endTime": 781290, "taskId": 7, "workflowId": -1, "jobId": 10}, {"startTime": 781290, "endTime": 792159, "taskId": 1, "workflowId": -1, "jobId": 15}, {"startTime": 792159, "endTime": 797290, "taskId": 1, "workflowId": -1, "jobId": 15}, {"startTime": 797290, "endTime": 813403, "taskId": 6, "workflowId": -1, "jobId": 11}, {"startTime": 813403, "endTime": 828145, "taskId": 2, "workflowId": -1, "jobId": 13}, {"startTime": 828145, "endTime": 843385, "taskId": 5, "workflowId": -1, "jobId": 15}]}, {"frequency": 1.5, "activePower": 8, "idlePower": 2.7, "memory": 4, "allocations": [{"startTime": 58672, "endTime": 58799, "taskId": 2, "workflowId": 3, "jobId": -1}, {"startTime": 58799, "endTime": 60163, "taskId": 1, "workflowId": 3, "jobId": -1}, {"startTime": 60163, "endTime": 60546, "taskId": 2, "workflowId": 3, "jobId": -1}, {"startTime": 60546, "endTime": 60726, "taskId": 2, "workflowId": 3, "jobId": -1}, {"startTime": 60726, "endTime": 63340, "taskId": 1, "workflowId": 0, "jobId": -1}, {"startTime": 63340, "endTime": 63341, "taskId": 5, "workflowId": 0, "jobId": -1}, {"startTime": 63341, "endTime": 65409, "taskId": 6, "workflowId": 0, "jobId": -1}, {"startTime": 65409, "endTime": 66316, "taskId": 4, "workflowId": 0, "jobId": -1}, {"startTime": 66316, "endTime": 67840, "taskId": 2, "workflowId": 1, "jobId": -1}, {"startTime": 67840, "endTime": 67902, "taskId": 2, "workflowId": 1, "jobId": -1}, {"startTime": 67902, "endTime": 68871, "taskId": 2, "workflowId": 1, "jobId": -1}, {"startTime": 68871, "endTime": 68872, "taskId": 4, "workflowId": 0, "jobId": -1}, {"startTime": 68872, "endTime": 69215, "taskId": 5, "workflowId": 0, "jobId": -1}, {"startTime": 69215, "endTime": 69456, "taskId": 5, "workflowId": 0, "jobId": -1}, {"startTime": 69456, "endTime": 69553, "taskId": 5, "workflowId": 0, "jobId": -1}, {"startTime": 69553, "endTime": 69634, "taskId": 8, "workflowId": 0, "jobId": -1}, {"startTime": 69634, "endTime": 70733, "taskId": 4, "workflowId": 0, "jobId": -1}, {"startTime": 70733, "endTime": 71219, "taskId": 11, "workflowId": 1, "jobId": -1}, {"startTime": 71219, "endTime": 72170, "taskId": 11, "workflowId": 1, "jobId": -1}, {"startTime": 72170, "endTime": 72323, "taskId": 11, "workflowId": 1, "jobId": -1}, {"startTime": 72323, "endTime": 72887, "taskId": 11, "workflowId": 1, "jobId": -1}, {"startTime": 72887, "endTime": 72932, "taskId": 4, "workflowId": 0, "jobId": -1}, {"startTime": 72932, "endTime": 73216, "taskId": 4, "workflowId": 0, "jobId": -1}, {"startTime": 73216, "endTime": 73483, "taskId": 13, "workflowId": 0, "jobId": -1}, {"startTime": 73483, "endTime": 73519, "taskId": 8, "workflowId": 0, "jobId": -1}, {"startTime": 73519, "endTime": 75195, "taskId": 8, "workflowId": 0, "jobId": -1}, {"startTime": 75195, "endTime": 75208, "taskId": 13, "workflowId": 1, "jobId": -1}, {"startTime": 75208, "endTime": 75230, "taskId": 13, "workflowId": 1, "jobId": -1}, {"startTime": 75230, "endTime": 76493, "taskId": 13, "workflowId": 1, "jobId": -1}, {"startTime": 76493, "endTime": 77145, "taskId": 13, "workflowId": 1, "jobId": -1}, {"startTime": 77145, "endTime": 77750, "taskId": 13, "workflowId": 0, "jobId": -1}, {"startTime": 77750, "endTime": 78205, "taskId": 13, "workflowId": 0, "jobId": -1}, {"startTime": 78205, "endTime": 78214, "taskId": 13, "workflowId": 0, "jobId": -1}, {"startTime": 78214, "endTime": 78863, "taskId": 20, "workflowId": 1, "jobId": -1}, {"startTime": 78863, "endTime": 79532, "taskId": 20, "workflowId": 1, "jobId": -1}, {"startTime": 79532, "endTime": 80409, "taskId": 10, "workflowId": 0, "jobId": -1}, {"startTime": 80409, "endTime": 80705, "taskId": 10, "workflowId": 0, "jobId": -1}, {"startTime": 80705, "endTime": 81017, "taskId": 10, "workflowId": 0, "jobId": -1}, {"startTime": 81017, "endTime": 81078, "taskId": 10, "workflowId": 0, "jobId": -1}, {"startTime": 81078, "endTime": 82096, "taskId": 19, "workflowId": 1, "jobId": -1}, {"startTime": 82096, "endTime": 82201, "taskId": 14, "workflowId": 0, "jobId": -1}, {"startTime": 82201, "endTime": 82254, "taskId": 14, "workflowId": 0, "jobId": -1}, {"startTime": 82254, "endTime": 83352, "taskId": 14, "workflowId": 0, "jobId": -1}, {"startTime": 83352, "endTime": 83358, "taskId": 19, "workflowId": 1, "jobId": -1}, {"startTime": 83358, "endTime": 84128, "taskId": 19, "workflowId": 1, "jobId": -1}, {"startTime": 84128, "endTime": 84181, "taskId": 9, "workflowId": 0, "jobId": -1}, {"startTime": 84181, "endTime": 84222, "taskId": 9, "workflowId": 0, "jobId": -1}, {"startTime": 84222, "endTime": 84875, "taskId": 9, "workflowId": 0, "jobId": -1}, {"startTime": 84875, "endTime": 85063, "taskId": 9, "workflowId": 0, "jobId": -1}, {"startTime": 85063, "endTime": 85516, "taskId": 19, "workflowId": 1, "jobId": -1}, {"startTime": 85516, "endTime": 85791, "taskId": 19, "workflowId": 1, "jobId": -1}, {"startTime": 85791, "endTime": 85841, "taskId": 19, "workflowId": 1, "jobId": -1}, {"startTime": 85841, "endTime": 86329, "taskId": 21, "workflowId": 1, "jobId": -1}, {"startTime": 86329, "endTime": 86865, "taskId": 21, "workflowId": 1, "jobId": -1}, {"startTime": 86865, "endTime": 86906, "taskId": 21, "workflowId": 1, "jobId": -1}, {"startTime": 86906, "endTime": 87000, "taskId": 21, "workflowId": 1, "jobId": -1}, {"startTime": 87000, "endTime": 87029, "taskId": 21, "workflowId": 1, "jobId": -1}, {"startTime": 87029, "endTime": 87063, "taskId": 21, "workflowId": 1, "jobId": -1}, {"startTime": 87063, "endTime": 88205, "taskId": 19, "workflowId": 0, "jobId": -1}, {"startTime": 88205, "endTime": 88220, "taskId": 19, "workflowId": 0, "jobId": -1}, {"startTime": 88220, "endTime": 88223, "taskId": 19, "workflowId": 0, "jobId": -1}, {"startTime": 88223, "endTime": 88531, "taskId": 25, "workflowId": 1, "jobId": -1}, {"startTime": 88531, "endTime": 88903, "taskId": 23, "workflowId": 1, "jobId": -1}, {"startTime": 88903, "endTime": 89146, "taskId": 23, "workflowId": 1, "jobId": -1}, {"startTime": 89146, "endTime": 90704, "taskId": 23, "workflowId": 1, "jobId": -1}, {"startTime": 90704, "endTime": 91187, "taskId": 25, "workflowId": 1, "jobId": -1}, {"startTime": 91187, "endTime": 91967, "taskId": 25, "workflowId": 1, "jobId": -1}, {"startTime": 91967, "endTime": 92403, "taskId": 25, "workflowId": 1, "jobId": -1}, {"startTime": 92403, "endTime": 92507, "taskId": 25, "workflowId": 1, "jobId": -1}, {"startTime": 92507, "endTime": 92686, "taskId": 25, "workflowId": 1, "jobId": -1}, {"startTime": 92686, "endTime": 93975, "taskId": 20, "workflowId": 0, "jobId": -1}, {"startTime": 93975, "endTime": 94168, "taskId": 20, "workflowId": 0, "jobId": -1}, {"startTime": 94168, "endTime": 94210, "taskId": 20, "workflowId": 0, "jobId": -1}, {"startTime": 94210, "endTime": 94315, "taskId": 24, "workflowId": 1, "jobId": -1}, {"startTime": 94315, "endTime": 94399, "taskId": 24, "workflowId": 1, "jobId": -1}, {"startTime": 94399, "endTime": 94619, "taskId": 24, "workflowId": 1, "jobId": -1}, {"startTime": 94619, "endTime": 95102, "taskId": 24, "workflowId": 1, "jobId": -1}, {"startTime": 95102, "endTime": 95678, "taskId": 27, "workflowId": 1, "jobId": -1}, {"startTime": 95678, "endTime": 96209, "taskId": 27, "workflowId": 1, "jobId": -1}, {"startTime": 96209, "endTime": 96257, "taskId": 16, "workflowId": 0, "jobId": -1}, {"startTime": 96257, "endTime": 96318, "taskId": 16, "workflowId": 0, "jobId": -1}, {"startTime": 96318, "endTime": 96504, "taskId": 16, "workflowId": 0, "jobId": -1}, {"startTime": 96504, "endTime": 96549, "taskId": 16, "workflowId": 0, "jobId": -1}, {"startTime": 96549, "endTime": 96564, "taskId": 16, "workflowId": 0, "jobId": -1}, {"startTime": 96564, "endTime": 97284, "taskId": 16, "workflowId": 0, "jobId": -1}, {"startTime": 97284, "endTime": 97291, "taskId": 16, "workflowId": 0, "jobId": -1}, {"startTime": 97291, "endTime": 97359, "taskId": 16, "workflowId": 0, "jobId": -1}, {"startTime": 97359, "endTime": 97364, "taskId": 16, "workflowId": 0, "jobId": -1}, {"startTime": 97364, "endTime": 98361, "taskId": 23, "workflowId": 0, "jobId": -1}, {"startTime": 98361, "endTime": 99141, "taskId": 23, "workflowId": 0, "jobId": -1}, {"startTime": 99141, "endTime": 99186, "taskId": 23, "workflowId": 0, "jobId": -1}, {"startTime": 99186, "endTime": 99281, "taskId": 23, "workflowId": 0, "jobId": -1}, {"startTime": 99281, "endTime": 99476, "taskId": 18, "workflowId": 0, "jobId": -1}, {"startTime": 99476, "endTime": 100061, "taskId": 18, "workflowId": 0, "jobId": -1}, {"startTime": 100061, "endTime": 100383, "taskId": 27, "workflowId": 0, "jobId": -1}, {"startTime": 100383, "endTime": 100393, "taskId": 27, "workflowId": 0, "jobId": -1}, {"startTime": 100393, "endTime": 100522, "taskId": 27, "workflowId": 0, "jobId": -1}, {"startTime": 100522, "endTime": 100656, "taskId": 27, "workflowId": 0, "jobId": -1}, {"startTime": 100656, "endTime": 101228, "taskId": 27, "workflowId": 0, "jobId": -1}, {"startTime": 101228, "endTime": 101346, "taskId": 27, "workflowId": 0, "jobId": -1}, {"startTime": 101346, "endTime": 101413, "taskId": 27, "workflowId": 0, "jobId": -1}, {"startTime": 101413, "endTime": 102393, "taskId": 27, "workflowId": 0, "jobId": -1}, {"startTime": 102393, "endTime": 102893, "taskId": 27, "workflowId": 0, "jobId": -1}, {"startTime": 102893, "endTime": 103098, "taskId": 28, "workflowId": 0, "jobId": -1}, {"startTime": 103098, "endTime": 103266, "taskId": 10, "workflowId": 1, "jobId": -1}, {"startTime": 103266, "endTime": 103592, "taskId": 10, "workflowId": 1, "jobId": -1}, {"startTime": 103592, "endTime": 103709, "taskId": 10, "workflowId": 1, "jobId": -1}, {"startTime": 103709, "endTime": 105179, "taskId": 10, "workflowId": 1, "jobId": -1}, {"startTime": 105179, "endTime": 106147, "taskId": 28, "workflowId": 0, "jobId": -1}, {"startTime": 106147, "endTime": 106222, "taskId": 28, "workflowId": 0, "jobId": -1}, {"startTime": 106222, "endTime": 106700, "taskId": 28, "workflowId": 0, "jobId": -1}, {"startTime": 106700, "endTime": 106723, "taskId": 28, "workflowId": 0, "jobId": -1}, {"startTime": 106723, "endTime": 106724, "taskId": 28, "workflowId": 0, "jobId": -1}, {"startTime": 106724, "endTime": 107177, "taskId": 28, "workflowId": 0, "jobId": -1}, {"startTime": 107177, "endTime": 107310, "taskId": 28, "workflowId": 0, "jobId": -1}, {"startTime": 107310, "endTime": 107723, "taskId": 29, "workflowId": 0, "jobId": -1}, {"startTime": 107723, "endTime": 107730, "taskId": 29, "workflowId": 0, "jobId": -1}, {"startTime": 107730, "endTime": 107930, "taskId": 29, "workflowId": 0, "jobId": -1}, {"startTime": 107930, "endTime": 108055, "taskId": 29, "workflowId": 0, "jobId": -1}, {"startTime": 108055, "endTime": 108809, "taskId": 29, "workflowId": 0, "jobId": -1}, {"startTime": 108809, "endTime": 108960, "taskId": 29, "workflowId": 0, "jobId": -1}, {"startTime": 108960, "endTime": 109060, "taskId": 29, "workflowId": 0, "jobId": -1}, {"startTime": 109060, "endTime": 109990, "taskId": 29, "workflowId": 1, "jobId": -1}, {"startTime": 109990, "endTime": 110391, "taskId": 29, "workflowId": 1, "jobId": -1}, {"startTime": 110391, "endTime": 110572, "taskId": 29, "workflowId": 1, "jobId": -1}, {"startTime": 110572, "endTime": 110838, "taskId": 8, "workflowId": 1, "jobId": -1}, {"startTime": 110838, "endTime": 111145, "taskId": 8, "workflowId": 1, "jobId": -1}, {"startTime": 111145, "endTime": 111353, "taskId": 8, "workflowId": 1, "jobId": -1}, {"startTime": 111353, "endTime": 111372, "taskId": 8, "workflowId": 1, "jobId": -1}, {"startTime": 111372, "endTime": 111777, "taskId": 8, "workflowId": 1, "jobId": -1}, {"startTime": 111777, "endTime": 111903, "taskId": 8, "workflowId": 1, "jobId": -1}, {"startTime": 111903, "endTime": 112043, "taskId": 24, "workflowId": 0, "jobId": -1}, {"startTime": 112043, "endTime": 112224, "taskId": 31, "workflowId": 1, "jobId": -1}, {"startTime": 112224, "endTime": 112584, "taskId": 31, "workflowId": 1, "jobId": -1}, {"startTime": 112584, "endTime": 112807, "taskId": 31, "workflowId": 1, "jobId": -1}, {"startTime": 112807, "endTime": 112837, "taskId": 31, "workflowId": 1, "jobId": -1}, {"startTime": 112837, "endTime": 113409, "taskId": 24, "workflowId": 0, "jobId": -1}, {"startTime": 113409, "endTime": 113876, "taskId": 24, "workflowId": 0, "jobId": -1}, {"startTime": 113876, "endTime": 114083, "taskId": 24, "workflowId": 0, "jobId": -1}, {"startTime": 114083, "endTime": 114894, "taskId": 3, "workflowId": 1, "jobId": -1}, {"startTime": 114894, "endTime": 115113, "taskId": 3, "workflowId": 1, "jobId": -1}, {"startTime": 115113, "endTime": 115687, "taskId": 16, "workflowId": 1, "jobId": -1}, {"startTime": 115687, "endTime": 116000, "taskId": 16, "workflowId": 1, "jobId": -1}, {"startTime": 116000, "endTime": 116107, "taskId": 26, "workflowId": 0, "jobId": -1}, {"startTime": 116107, "endTime": 116994, "taskId": 26, "workflowId": 0, "jobId": -1}, {"startTime": 116994, "endTime": 119278, "taskId": 15, "workflowId": 2, "jobId": -1}, {"startTime": 150425, "endTime": 153691, "taskId": 25, "workflowId": 3, "jobId": -1}]}, {"frequency": 1.5, "activePower": 8, "idlePower": 2.7, "memory": 4, "allocations": [{"startTime": 32999, "endTime": 33009, "taskId": 5, "workflowId": -1, "jobId": 0}, {"startTime": 33009, "endTime": 47741, "taskId": 1, "workflowId": -1, "jobId": 0}, {"startTime": 47741, "endTime": 48239, "taskId": 1, "workflowId": -1, "jobId": 0}, {"startTime": 48239, "endTime": 49009, "taskId": 1, "workflowId": -1, "jobId": 0}, {"startTime": 49009, "endTime": 59878, "taskId": 2, "workflowId": -1, "jobId": 0}, {"startTime": 59878, "endTime": 63751, "taskId": 2, "workflowId": -1, "jobId": 0}, {"startTime": 63751, "endTime": 74620, "taskId": 4, "workflowId": -1, "jobId": 0}, {"startTime": 74620, "endTime": 90733, "taskId": 6, "workflowId": -1, "jobId": 0}, {"startTime": 90733, "endTime": 106733, "taskId": 1, "workflowId": -1, "jobId": 1}, {"startTime": 106733, "endTime": 121475, "taskId": 2, "workflowId": -1, "jobId": 1}, {"startTime": 121475, "endTime": 134385, "taskId": 0, "workflowId": -1, "jobId": 1}, {"startTime": 134385, "endTime": 146921, "taskId": 3, "workflowId": -1, "jobId": 2}, {"startTime": 146921, "endTime": 149940, "taskId": 3, "workflowId": -1, "jobId": 2}, {"startTime": 149940, "endTime": 165940, "taskId": 1, "workflowId": -1, "jobId": 2}, {"startTime": 165940, "endTime": 180682, "taskId": 2, "workflowId": -1, "jobId": 2}, {"startTime": 180682, "endTime": 196237, "taskId": 3, "workflowId": -1, "jobId": 3}, {"startTime": 196237, "endTime": 212237, "taskId": 1, "workflowId": -1, "jobId": 3}, {"startTime": 212237, "endTime": 227477, "taskId": 5, "workflowId": -1, "jobId": 3}, {"startTime": 227477, "endTime": 243032, "taskId": 3, "workflowId": -1, "jobId": 4}, {"startTime": 243032, "endTime": 259032, "taskId": 1, "workflowId": -1, "jobId": 4}, {"startTime": 259032, "endTime": 274272, "taskId": 5, "workflowId": -1, "jobId": 4}, {"startTime": 274272, "endTime": 289827, "taskId": 3, "workflowId": -1, "jobId": 5}, {"startTime": 289827, "endTime": 304569, "taskId": 2, "workflowId": -1, "jobId": 4}, {"startTime": 304569, "endTime": 315438, "taskId": 4, "workflowId": -1, "jobId": 4}, {"startTime": 315438, "endTime": 328348, "taskId": 0, "workflowId": -1, "jobId": 4}, {"startTime": 328348, "endTime": 344461, "taskId": 6, "workflowId": -1, "jobId": 4}, {"startTime": 344461, "endTime": 359203, "taskId": 2, "workflowId": -1, "jobId": 5}, {"startTime": 359203, "endTime": 370072, "taskId": 4, "workflowId": -1, "jobId": 5}, {"startTime": 370072, "endTime": 385627, "taskId": 3, "workflowId": -1, "jobId": 7}, {"startTime": 385627, "endTime": 401627, "taskId": 1, "workflowId": -1, "jobId": 7}, {"startTime": 401627, "endTime": 416369, "taskId": 2, "workflowId": -1, "jobId": 6}, {"startTime": 416369, "endTime": 427238, "taskId": 3, "workflowId": -1, "jobId": 8}, {"startTime": 427238, "endTime": 431924, "taskId": 3, "workflowId": -1, "jobId": 8}, {"startTime": 431924, "endTime": 444460, "taskId": 7, "workflowId": -1, "jobId": 5}, {"startTime": 444460, "endTime": 457370, "taskId": 0, "workflowId": -1, "jobId": 6}, {"startTime": 457370, "endTime": 472112, "taskId": 2, "workflowId": -1, "jobId": 7}, {"startTime": 472112, "endTime": 487667, "taskId": 3, "workflowId": -1, "jobId": 9}, {"startTime": 487667, "endTime": 503667, "taskId": 1, "workflowId": -1, "jobId": 9}, {"startTime": 503667, "endTime": 516577, "taskId": 3, "workflowId": -1, "jobId": 10}, {"startTime": 516577, "endTime": 519222, "taskId": 3, "workflowId": -1, "jobId": 10}, {"startTime": 519222, "endTime": 533964, "taskId": 2, "workflowId": -1, "jobId": 8}, {"startTime": 533964, "endTime": 550077, "taskId": 6, "workflowId": -1, "jobId": 7}, {"startTime": 550077, "endTime": 560946, "taskId": 4, "workflowId": -1, "jobId": 8}, {"startTime": 560946, "endTime": 573482, "taskId": 7, "workflowId": -1, "jobId": 7}, {"startTime": 573482, "endTime": 588224, "taskId": 2, "workflowId": -1, "jobId": 9}, {"startTime": 588224, "endTime": 604224, "taskId": 1, "workflowId": -1, "jobId": 11}, {"startTime": 604224, "endTime": 619779, "taskId": 3, "workflowId": -1, "jobId": 12}, {"startTime": 619779, "endTime": 635019, "taskId": 5, "workflowId": -1, "jobId": 11}, {"startTime": 635019, "endTime": 651019, "taskId": 1, "workflowId": -1, "jobId": 12}, {"startTime": 651019, "endTime": 663929, "taskId": 0, "workflowId": -1, "jobId": 9}, {"startTime": 663929, "endTime": 680042, "taskId": 6, "workflowId": -1, "jobId": 9}, {"startTime": 680042, "endTime": 696042, "taskId": 1, "workflowId": -1, "jobId": 13}, {"startTime": 696042, "endTime": 708578, "taskId": 3, "workflowId": -1, "jobId": 14}, {"startTime": 708578, "endTime": 711597, "taskId": 3, "workflowId": -1, "jobId": 14}, {"startTime": 711597, "endTime": 724507, "taskId": 0, "workflowId": -1, "jobId": 10}, {"startTime": 724507, "endTime": 735376, "taskId": 4, "workflowId": -1, "jobId": 11}, {"startTime": 735376, "endTime": 750616, "taskId": 5, "workflowId": -1, "jobId": 13}, {"startTime": 750616, "endTime": 766171, "taskId": 3, "workflowId": -1, "jobId": 15}, {"startTime": 766171, "endTime": 779081, "taskId": 0, "workflowId": -1, "jobId": 11}, {"startTime": 779081, "endTime": 794321, "taskId": 5, "workflowId": -1, "jobId": 14}, {"startTime": 794321, "endTime": 805190, "taskId": 4, "workflowId": -1, "jobId": 12}, {"startTime": 805190, "endTime": 820745, "taskId": 3, "workflowId": -1, "jobId": 16}, {"startTime": 820745, "endTime": 836745, "taskId": 1, "workflowId": -1, "jobId": 16}, {"startTime": 836745, "endTime": 852300, "taskId": 3, "workflowId": -1, "jobId": 17}]}]