[{"frequency": 1.5, "activePower": 8, "idlePower": 2.7, "memory": 2, "allocations": [{"startTime": 46404, "endTime": 48002, "taskId": 7, "workflowId": 3, "jobId": -1}, {"startTime": 48002, "endTime": 49272, "taskId": 5, "workflowId": 2, "jobId": -1}, {"startTime": 61644, "endTime": 63249, "taskId": 17, "workflowId": 3, "jobId": -1}, {"startTime": 63249, "endTime": 65463, "taskId": 18, "workflowId": 3, "jobId": -1}, {"startTime": 86574, "endTime": 87294, "taskId": 17, "workflowId": 2, "jobId": -1}, {"startTime": 102131, "endTime": 102957, "taskId": 4, "workflowId": 1, "jobId": -1}, {"startTime": 109068, "endTime": 111067, "taskId": 7, "workflowId": 1, "jobId": -1}, {"startTime": 131798, "endTime": 132704, "taskId": 17, "workflowId": 1, "jobId": -1}, {"startTime": 169143, "endTime": 170872, "taskId": 0, "workflowId": 0, "jobId": -1}, {"startTime": 170872, "endTime": 173373, "taskId": 5, "workflowId": 0, "jobId": -1}, {"startTime": 173373, "endTime": 173390, "taskId": 2, "workflowId": 0, "jobId": -1}, {"startTime": 173390, "endTime": 176131, "taskId": 2, "workflowId": 0, "jobId": -1}, {"startTime": 176131, "endTime": 177375, "taskId": 4, "workflowId": 0, "jobId": -1}, {"startTime": 179803, "endTime": 180795, "taskId": 7, "workflowId": 0, "jobId": -1}, {"startTime": 180795, "endTime": 183482, "taskId": 9, "workflowId": 0, "jobId": -1}, {"startTime": 183482, "endTime": 186576, "taskId": 11, "workflowId": 0, "jobId": -1}, {"startTime": 186576, "endTime": 187917, "taskId": 13, "workflowId": 0, "jobId": -1}, {"startTime": 187917, "endTime": 190673, "taskId": 12, "workflowId": 0, "jobId": -1}, {"startTime": 190673, "endTime": 193878, "taskId": 15, "workflowId": 0, "jobId": -1}, {"startTime": 193878, "endTime": 195223, "taskId": 16, "workflowId": 0, "jobId": -1}]}, {"frequency": 1.5, "activePower": 8, "idlePower": 2.7, "memory": 2, "allocations": [{"startTime": 43418, "endTime": 56604, "taskId": 1, "workflowId": -1, "jobId": 0}, {"startTime": 56604, "endTime": 66619, "taskId": 6, "workflowId": -1, "jobId": 0}, {"startTime": 66619, "endTime": 79805, "taskId": 1, "workflowId": -1, "jobId": 1}, {"startTime": 89820, "endTime": 103006, "taskId": 1, "workflowId": -1, "jobId": 2}, {"startTime": 111416, "endTime": 113021, "taskId": 0, "workflowId": -1, "jobId": 2}, {"startTime": 113021, "endTime": 126207, "taskId": 1, "workflowId": -1, "jobId": 3}, {"startTime": 136222, "endTime": 149408, "taskId": 1, "workflowId": -1, "jobId": 4}, {"startTime": 159423, "endTime": 172609, "taskId": 1, "workflowId": -1, "jobId": 5}, {"startTime": 179414, "endTime": 182624, "taskId": 0, "workflowId": -1, "jobId": 4}, {"startTime": 182624, "endTime": 195810, "taskId": 1, "workflowId": -1, "jobId": 6}, {"startTime": 205825, "endTime": 219011, "taskId": 1, "workflowId": -1, "jobId": 7}, {"startTime": 219011, "endTime": 226439, "taskId": 6, "workflowId": -1, "jobId": 8}, {"startTime": 226439, "endTime": 229026, "taskId": 4, "workflowId": -1, "jobId": 3}, {"startTime": 229026, "endTime": 242212, "taskId": 1, "workflowId": -1, "jobId": 8}, {"startTime": 247412, "endTime": 252227, "taskId": 0, "workflowId": -1, "jobId": 6}, {"startTime": 252227, "endTime": 265413, "taskId": 1, "workflowId": -1, "jobId": 9}, {"startTime": 275428, "endTime": 288614, "taskId": 1, "workflowId": -1, "jobId": 10}, {"startTime": 288614, "endTime": 298629, "taskId": 4, "workflowId": -1, "jobId": 4}, {"startTime": 298629, "endTime": 311815, "taskId": 1, "workflowId": -1, "jobId": 11}, {"startTime": 315410, "endTime": 321830, "taskId": 0, "workflowId": -1, "jobId": 8}, {"startTime": 321830, "endTime": 335016, "taskId": 1, "workflowId": -1, "jobId": 12}, {"startTime": 345031, "endTime": 358217, "taskId": 1, "workflowId": -1, "jobId": 13}, {"startTime": 368232, "endTime": 381418, "taskId": 1, "workflowId": -1, "jobId": 14}, {"startTime": 383408, "endTime": 391433, "taskId": 0, "workflowId": -1, "jobId": 10}, {"startTime": 391433, "endTime": 404619, "taskId": 1, "workflowId": -1, "jobId": 15}, {"startTime": 404619, "endTime": 406791, "taskId": 7, "workflowId": -1, "jobId": 5}, {"startTime": 414634, "endTime": 427820, "taskId": 1, "workflowId": -1, "jobId": 16}, {"startTime": 437835, "endTime": 451021, "taskId": 1, "workflowId": -1, "jobId": 17}, {"startTime": 451406, "endTime": 461036, "taskId": 0, "workflowId": -1, "jobId": 12}, {"startTime": 461036, "endTime": 474222, "taskId": 1, "workflowId": -1, "jobId": 18}]}, {"frequency": 1.5, "activePower": 8, "idlePower": 2.7, "memory": 2, "allocations": [{"startTime": 46404, "endTime": 48007, "taskId": 10, "workflowId": 3, "jobId": -1}, {"startTime": 48007, "endTime": 49091, "taskId": 7, "workflowId": 3, "jobId": -1}, {"startTime": 49091, "endTime": 50152, "taskId": 10, "workflowId": 3, "jobId": -1}, {"startTime": 63250, "endTime": 63641, "taskId": 17, "workflowId": 3, "jobId": -1}, {"startTime": 102132, "endTime": 104992, "taskId": 2, "workflowId": 1, "jobId": -1}, {"startTime": 170872, "endTime": 173390, "taskId": 1, "workflowId": 0, "jobId": -1}, {"startTime": 173390, "endTime": 173630, "taskId": 3, "workflowId": 0, "jobId": -1}, {"startTime": 173630, "endTime": 176510, "taskId": 3, "workflowId": 0, "jobId": -1}, {"startTime": 176510, "endTime": 179803, "taskId": 6, "workflowId": 0, "jobId": -1}, {"startTime": 179803, "endTime": 181335, "taskId": 8, "workflowId": 0, "jobId": -1}, {"startTime": 181335, "endTime": 184578, "taskId": 10, "workflowId": 0, "jobId": -1}, {"startTime": 186576, "endTime": 188739, "taskId": 14, "workflowId": 0, "jobId": -1}, {"startTime": 193878, "endTime": 195704, "taskId": 17, "workflowId": 0, "jobId": -1}]}, {"frequency": 1.5, "activePower": 8, "idlePower": 2.7, "memory": 2, "allocations": [{"startTime": 43418, "endTime": 43423, "taskId": 6, "workflowId": -1, "jobId": 0}, {"startTime": 43423, "endTime": 58683, "taskId": 0, "workflowId": -1, "jobId": 0}, {"startTime": 66619, "endTime": 72070, "taskId": 6, "workflowId": -1, "jobId": 0}, {"startTime": 77417, "endTime": 92677, "taskId": 0, "workflowId": -1, "jobId": 1}, {"startTime": 113021, "endTime": 126676, "taskId": 0, "workflowId": -1, "jobId": 2}, {"startTime": 145415, "endTime": 160675, "taskId": 0, "workflowId": -1, "jobId": 3}, {"startTime": 182624, "endTime": 194674, "taskId": 0, "workflowId": -1, "jobId": 4}, {"startTime": 213413, "endTime": 228673, "taskId": 0, "workflowId": -1, "jobId": 5}, {"startTime": 228673, "endTime": 229026, "taskId": 6, "workflowId": -1, "jobId": 8}, {"startTime": 229026, "endTime": 236515, "taskId": 4, "workflowId": -1, "jobId": 3}, {"startTime": 236515, "endTime": 244205, "taskId": 6, "workflowId": -1, "jobId": 8}, {"startTime": 252227, "endTime": 262672, "taskId": 0, "workflowId": -1, "jobId": 6}, {"startTime": 281238, "endTime": 281411, "taskId": 6, "workflowId": -1, "jobId": 11}, {"startTime": 281411, "endTime": 296671, "taskId": 0, "workflowId": -1, "jobId": 7}, {"startTime": 296671, "endTime": 298629, "taskId": 6, "workflowId": -1, "jobId": 11}, {"startTime": 298629, "endTime": 298690, "taskId": 4, "workflowId": -1, "jobId": 4}, {"startTime": 298690, "endTime": 312030, "taskId": 6, "workflowId": -1, "jobId": 11}, {"startTime": 321830, "endTime": 330670, "taskId": 0, "workflowId": -1, "jobId": 8}, {"startTime": 330670, "endTime": 344900, "taskId": 3, "workflowId": -1, "jobId": 5}, {"startTime": 349409, "endTime": 364669, "taskId": 0, "workflowId": -1, "jobId": 9}, {"startTime": 391433, "endTime": 398668, "taskId": 0, "workflowId": -1, "jobId": 10}, {"startTime": 398668, "endTime": 401894, "taskId": 7, "workflowId": -1, "jobId": 5}, {"startTime": 401894, "endTime": 410027, "taskId": 2, "workflowId": -1, "jobId": 6}, {"startTime": 417407, "endTime": 432667, "taskId": 0, "workflowId": -1, "jobId": 11}, {"startTime": 461036, "endTime": 466666, "taskId": 0, "workflowId": -1, "jobId": 12}]}]