[{"frequency": 1.5, "activePower": 8, "idlePower": 2.7, "memory": 2, "allocations": [{"startTime": 41885, "endTime": 44035, "taskId": 0, "workflowId": 0, "jobId": -1}, {"startTime": 44035, "endTime": 45245, "taskId": 1, "workflowId": 0, "jobId": -1}, {"startTime": 45245, "endTime": 46733, "taskId": 2, "workflowId": 0, "jobId": -1}, {"startTime": 46733, "endTime": 48391, "taskId": 3, "workflowId": 0, "jobId": -1}, {"startTime": 48391, "endTime": 50722, "taskId": 4, "workflowId": 0, "jobId": -1}, {"startTime": 50722, "endTime": 51407, "taskId": 6, "workflowId": 0, "jobId": -1}, {"startTime": 51407, "endTime": 51445, "taskId": 6, "workflowId": 0, "jobId": -1}, {"startTime": 51445, "endTime": 52326, "taskId": 18, "workflowId": 0, "jobId": -1}, {"startTime": 52326, "endTime": 53577, "taskId": 20, "workflowId": 0, "jobId": -1}, {"startTime": 53577, "endTime": 53959, "taskId": 24, "workflowId": 0, "jobId": -1}, {"startTime": 53959, "endTime": 54644, "taskId": 9, "workflowId": 0, "jobId": -1}, {"startTime": 54644, "endTime": 56487, "taskId": 9, "workflowId": 0, "jobId": -1}, {"startTime": 56487, "endTime": 56760, "taskId": 21, "workflowId": 0, "jobId": -1}, {"startTime": 56760, "endTime": 58995, "taskId": 21, "workflowId": 0, "jobId": -1}, {"startTime": 58995, "endTime": 59139, "taskId": 21, "workflowId": 0, "jobId": -1}, {"startTime": 59139, "endTime": 59222, "taskId": 11, "workflowId": 0, "jobId": -1}, {"startTime": 59222, "endTime": 59283, "taskId": 11, "workflowId": 0, "jobId": -1}, {"startTime": 59283, "endTime": 59824, "taskId": 11, "workflowId": 0, "jobId": -1}, {"startTime": 59824, "endTime": 60171, "taskId": 22, "workflowId": 0, "jobId": -1}, {"startTime": 60171, "endTime": 62541, "taskId": 7, "workflowId": 0, "jobId": -1}, {"startTime": 62541, "endTime": 62910, "taskId": 22, "workflowId": 0, "jobId": -1}, {"startTime": 62910, "endTime": 63424, "taskId": 14, "workflowId": 0, "jobId": -1}, {"startTime": 63424, "endTime": 63481, "taskId": 17, "workflowId": 0, "jobId": -1}, {"startTime": 63481, "endTime": 63616, "taskId": 17, "workflowId": 0, "jobId": -1}, {"startTime": 63616, "endTime": 65540, "taskId": 17, "workflowId": 0, "jobId": -1}, {"startTime": 65540, "endTime": 66571, "taskId": 14, "workflowId": 0, "jobId": -1}, {"startTime": 66571, "endTime": 68120, "taskId": 3, "workflowId": 2, "jobId": -1}, {"startTime": 68120, "endTime": 71106, "taskId": 11, "workflowId": 2, "jobId": -1}, {"startTime": 71106, "endTime": 72334, "taskId": 14, "workflowId": 1, "jobId": -1}, {"startTime": 72824, "endTime": 73797, "taskId": 13, "workflowId": 2, "jobId": -1}, {"startTime": 73797, "endTime": 76277, "taskId": 16, "workflowId": 1, "jobId": -1}, {"startTime": 88352, "endTime": 91101, "taskId": 21, "workflowId": 2, "jobId": -1}, {"startTime": 95315, "endTime": 97118, "taskId": 20, "workflowId": 3, "jobId": -1}]}, {"frequency": 1.5, "activePower": 8, "idlePower": 2.7, "memory": 2, "allocations": [{"startTime": 44112, "endTime": 57132, "taskId": 1, "workflowId": -1, "jobId": 0}, {"startTime": 57132, "endTime": 72088, "taskId": 2, "workflowId": -1, "jobId": 0}, {"startTime": 72088, "endTime": 72269, "taskId": 7, "workflowId": -1, "jobId": 0}, {"startTime": 72269, "endTime": 86493, "taskId": 0, "workflowId": -1, "jobId": 1}, {"startTime": 86493, "endTime": 87426, "taskId": 7, "workflowId": -1, "jobId": 0}, {"startTime": 87426, "endTime": 91126, "taskId": 5, "workflowId": -1, "jobId": 1}, {"startTime": 91126, "endTime": 104146, "taskId": 1, "workflowId": -1, "jobId": 2}, {"startTime": 104146, "endTime": 109232, "taskId": 9, "workflowId": -1, "jobId": 1}, {"startTime": 109232, "endTime": 114633, "taskId": 2, "workflowId": -1, "jobId": 2}, {"startTime": 114633, "endTime": 127653, "taskId": 1, "workflowId": -1, "jobId": 3}, {"startTime": 127653, "endTime": 128583, "taskId": 9, "workflowId": -1, "jobId": 1}, {"startTime": 128583, "endTime": 142807, "taskId": 0, "workflowId": -1, "jobId": 3}, {"startTime": 142807, "endTime": 157772, "taskId": 2, "workflowId": -1, "jobId": 3}, {"startTime": 161647, "endTime": 174667, "taskId": 1, "workflowId": -1, "jobId": 5}, {"startTime": 176556, "endTime": 182638, "taskId": 3, "workflowId": -1, "jobId": 4}, {"startTime": 184897, "endTime": 185154, "taskId": 0, "workflowId": -1, "jobId": 5}, {"startTime": 185154, "endTime": 198174, "taskId": 1, "workflowId": -1, "jobId": 6}, {"startTime": 206912, "endTime": 208661, "taskId": 2, "workflowId": -1, "jobId": 5}, {"startTime": 208661, "endTime": 221681, "taskId": 1, "workflowId": -1, "jobId": 7}, {"startTime": 221681, "endTime": 235905, "taskId": 0, "workflowId": -1, "jobId": 6}, {"startTime": 239472, "endTime": 241211, "taskId": 2, "workflowId": -1, "jobId": 6}, {"startTime": 241211, "endTime": 255435, "taskId": 0, "workflowId": -1, "jobId": 7}, {"startTime": 255435, "endTime": 255675, "taskId": 3, "workflowId": -1, "jobId": 6}, {"startTime": 255675, "endTime": 261517, "taskId": 1, "workflowId": -1, "jobId": 9}, {"startTime": 261517, "endTime": 268695, "taskId": 1, "workflowId": -1, "jobId": 9}, {"startTime": 269368, "endTime": 283592, "taskId": 0, "workflowId": -1, "jobId": 8}, {"startTime": 283592, "endTime": 291407, "taskId": 2, "workflowId": -1, "jobId": 7}, {"startTime": 297525, "endTime": 311749, "taskId": 0, "workflowId": -1, "jobId": 9}, {"startTime": 311749, "endTime": 326714, "taskId": 2, "workflowId": -1, "jobId": 8}, {"startTime": 326714, "endTime": 336032, "taskId": 0, "workflowId": -1, "jobId": 10}, {"startTime": 336032, "endTime": 340424, "taskId": 0, "workflowId": -1, "jobId": 10}, {"startTime": 340424, "endTime": 349703, "taskId": 7, "workflowId": -1, "jobId": 6}, {"startTime": 349703, "endTime": 349742, "taskId": 1, "workflowId": -1, "jobId": 13}, {"startTime": 349742, "endTime": 362723, "taskId": 1, "workflowId": -1, "jobId": 13}, {"startTime": 362723, "endTime": 362762, "taskId": 7, "workflowId": -1, "jobId": 6}, {"startTime": 362762, "endTime": 369712, "taskId": 6, "workflowId": -1, "jobId": 4}, {"startTime": 369712, "endTime": 373210, "taskId": 2, "workflowId": -1, "jobId": 10}, {"startTime": 373210, "endTime": 386230, "taskId": 1, "workflowId": -1, "jobId": 14}, {"startTime": 386230, "endTime": 392312, "taskId": 3, "workflowId": -1, "jobId": 10}, {"startTime": 396717, "endTime": 409737, "taskId": 1, "workflowId": -1, "jobId": 15}, {"startTime": 410153, "endTime": 424377, "taskId": 0, "workflowId": -1, "jobId": 13}, {"startTime": 424377, "endTime": 426468, "taskId": 11, "workflowId": -1, "jobId": 11}, {"startTime": 434832, "endTime": 438310, "taskId": 2, "workflowId": -1, "jobId": 12}, {"startTime": 438310, "endTime": 452534, "taskId": 0, "workflowId": -1, "jobId": 14}, {"startTime": 452534, "endTime": 458600, "taskId": 2, "workflowId": -1, "jobId": 12}, {"startTime": 466467, "endTime": 467238, "taskId": 0, "workflowId": -1, "jobId": 15}, {"startTime": 467238, "endTime": 480258, "taskId": 1, "workflowId": -1, "jobId": 18}, {"startTime": 480258, "endTime": 495223, "taskId": 2, "workflowId": -1, "jobId": 13}]}, {"frequency": 1.5, "activePower": 8, "idlePower": 2.7, "memory": 2, "allocations": [{"startTime": 46733, "endTime": 48842, "taskId": 5, "workflowId": 0, "jobId": -1}, {"startTime": 48842, "endTime": 50292, "taskId": 10, "workflowId": 0, "jobId": -1}, {"startTime": 50292, "endTime": 51858, "taskId": 12, "workflowId": 0, "jobId": -1}, {"startTime": 51858, "endTime": 54372, "taskId": 8, "workflowId": 0, "jobId": -1}, {"startTime": 54372, "endTime": 54386, "taskId": 13, "workflowId": 0, "jobId": -1}, {"startTime": 54386, "endTime": 55057, "taskId": 13, "workflowId": 0, "jobId": -1}, {"startTime": 55057, "endTime": 57024, "taskId": 13, "workflowId": 0, "jobId": -1}, {"startTime": 57024, "endTime": 57084, "taskId": 13, "workflowId": 0, "jobId": -1}, {"startTime": 57084, "endTime": 57173, "taskId": 24, "workflowId": 0, "jobId": -1}, {"startTime": 57173, "endTime": 57427, "taskId": 24, "workflowId": 0, "jobId": -1}, {"startTime": 57427, "endTime": 57858, "taskId": 24, "workflowId": 0, "jobId": -1}, {"startTime": 57858, "endTime": 58574, "taskId": 24, "workflowId": 0, "jobId": -1}, {"startTime": 58574, "endTime": 59592, "taskId": 24, "workflowId": 0, "jobId": -1}, {"startTime": 59592, "endTime": 60079, "taskId": 19, "workflowId": 0, "jobId": -1}, {"startTime": 60079, "endTime": 60171, "taskId": 7, "workflowId": 0, "jobId": -1}, {"startTime": 60171, "endTime": 61795, "taskId": 19, "workflowId": 0, "jobId": -1}, {"startTime": 61795, "endTime": 62054, "taskId": 19, "workflowId": 0, "jobId": -1}, {"startTime": 62054, "endTime": 62511, "taskId": 23, "workflowId": 0, "jobId": -1}, {"startTime": 62511, "endTime": 63424, "taskId": 23, "workflowId": 0, "jobId": -1}, {"startTime": 63424, "endTime": 63616, "taskId": 23, "workflowId": 0, "jobId": -1}, {"startTime": 63616, "endTime": 63678, "taskId": 23, "workflowId": 0, "jobId": -1}, {"startTime": 63678, "endTime": 65588, "taskId": 15, "workflowId": 0, "jobId": -1}, {"startTime": 65588, "endTime": 67108, "taskId": 16, "workflowId": 0, "jobId": -1}, {"startTime": 67108, "endTime": 69048, "taskId": 5, "workflowId": 2, "jobId": -1}, {"startTime": 69048, "endTime": 70138, "taskId": 6, "workflowId": 1, "jobId": -1}, {"startTime": 70138, "endTime": 72824, "taskId": 8, "workflowId": 2, "jobId": -1}, {"startTime": 73797, "endTime": 74058, "taskId": 13, "workflowId": 2, "jobId": -1}, {"startTime": 74429, "endTime": 75671, "taskId": 8, "workflowId": 3, "jobId": -1}]}, {"frequency": 1.5, "activePower": 8, "idlePower": 2.7, "memory": 2, "allocations": [{"startTime": 44112, "endTime": 44121, "taskId": 2, "workflowId": -1, "jobId": 0}, {"startTime": 44121, "endTime": 58345, "taskId": 0, "workflowId": -1, "jobId": 0}, {"startTime": 59077, "endTime": 67619, "taskId": 7, "workflowId": -1, "jobId": 0}, {"startTime": 67619, "endTime": 80639, "taskId": 1, "workflowId": -1, "jobId": 1}, {"startTime": 80639, "endTime": 95604, "taskId": 2, "workflowId": -1, "jobId": 1}, {"startTime": 95604, "endTime": 100075, "taskId": 5, "workflowId": -1, "jobId": 1}, {"startTime": 100075, "endTime": 100426, "taskId": 9, "workflowId": -1, "jobId": 1}, {"startTime": 100426, "endTime": 114650, "taskId": 0, "workflowId": -1, "jobId": 2}, {"startTime": 114650, "endTime": 124214, "taskId": 2, "workflowId": -1, "jobId": 2}, {"startTime": 124214, "endTime": 132665, "taskId": 4, "workflowId": -1, "jobId": 1}, {"startTime": 132665, "endTime": 137872, "taskId": 9, "workflowId": -1, "jobId": 1}, {"startTime": 138140, "endTime": 151160, "taskId": 1, "workflowId": -1, "jobId": 4}, {"startTime": 156740, "endTime": 170964, "taskId": 0, "workflowId": -1, "jobId": 4}, {"startTime": 174352, "endTime": 189317, "taskId": 2, "workflowId": -1, "jobId": 4}, {"startTime": 189317, "endTime": 203284, "taskId": 0, "workflowId": -1, "jobId": 5}, {"startTime": 208661, "endTime": 221877, "taskId": 2, "workflowId": -1, "jobId": 5}, {"startTime": 232168, "endTime": 245188, "taskId": 1, "workflowId": -1, "jobId": 8}, {"startTime": 245188, "endTime": 258414, "taskId": 2, "workflowId": -1, "jobId": 6}, {"startTime": 258414, "endTime": 264256, "taskId": 3, "workflowId": -1, "jobId": 6}, {"startTime": 272032, "endTime": 279182, "taskId": 2, "workflowId": -1, "jobId": 7}, {"startTime": 279182, "endTime": 292202, "taskId": 1, "workflowId": -1, "jobId": 10}, {"startTime": 302689, "endTime": 315709, "taskId": 1, "workflowId": -1, "jobId": 11}, {"startTime": 324828, "endTime": 325344, "taskId": 6, "workflowId": -1, "jobId": 4}, {"startTime": 325344, "endTime": 325682, "taskId": 7, "workflowId": -1, "jobId": 6}, {"startTime": 325682, "endTime": 326196, "taskId": 0, "workflowId": -1, "jobId": 10}, {"startTime": 326196, "endTime": 339216, "taskId": 1, "workflowId": -1, "jobId": 12}, {"startTime": 339216, "endTime": 354181, "taskId": 2, "workflowId": -1, "jobId": 9}, {"startTime": 354181, "endTime": 354220, "taskId": 0, "workflowId": -1, "jobId": 11}, {"startTime": 354220, "endTime": 368405, "taskId": 0, "workflowId": -1, "jobId": 11}, {"startTime": 369712, "endTime": 370878, "taskId": 6, "workflowId": -1, "jobId": 4}, {"startTime": 373210, "endTime": 384677, "taskId": 2, "workflowId": -1, "jobId": 10}, {"startTime": 384677, "endTime": 398901, "taskId": 0, "workflowId": -1, "jobId": 12}, {"startTime": 402272, "endTime": 417237, "taskId": 2, "workflowId": -1, "jobId": 11}, {"startTime": 417237, "endTime": 420224, "taskId": 11, "workflowId": -1, "jobId": 11}, {"startTime": 420224, "endTime": 433244, "taskId": 1, "workflowId": -1, "jobId": 16}, {"startTime": 438310, "endTime": 443731, "taskId": 2, "workflowId": -1, "jobId": 12}, {"startTime": 443731, "endTime": 456751, "taskId": 1, "workflowId": -1, "jobId": 17}, {"startTime": 456751, "endTime": 464922, "taskId": 5, "workflowId": -1, "jobId": 10}, {"startTime": 467238, "endTime": 480691, "taskId": 0, "workflowId": -1, "jobId": 15}]}]