[{"frequency": 2.4, "activePower": 9, "idlePower": 2.75, "memory": 2, "allocations": [{"startTime": 37958, "endTime": 39959, "taskId": 0, "workflowId": 2, "jobId": -1}, {"startTime": 39960, "endTime": 40214, "taskId": 2, "workflowId": 2, "jobId": -1}, {"startTime": 40214, "endTime": 40529, "taskId": 1, "workflowId": -1, "jobId": 0}, {"startTime": 40529, "endTime": 41847, "taskId": 1, "workflowId": -1, "jobId": 0}, {"startTime": 41847, "endTime": 49498, "taskId": 1, "workflowId": -1, "jobId": 0}, {"startTime": 49498, "endTime": 56721, "taskId": 5, "workflowId": -1, "jobId": 0}, {"startTime": 56721, "endTime": 58602, "taskId": 6, "workflowId": 2, "jobId": -1}, {"startTime": 58602, "endTime": 61821, "taskId": 6, "workflowId": -1, "jobId": 0}, {"startTime": 61821, "endTime": 62563, "taskId": 6, "workflowId": -1, "jobId": 0}, {"startTime": 62563, "endTime": 62915, "taskId": 1, "workflowId": -1, "jobId": 1}, {"startTime": 62915, "endTime": 63240, "taskId": 1, "workflowId": -1, "jobId": 1}, {"startTime": 63240, "endTime": 64317, "taskId": 1, "workflowId": -1, "jobId": 1}, {"startTime": 64317, "endTime": 69653, "taskId": 1, "workflowId": -1, "jobId": 1}, {"startTime": 69653, "endTime": 71847, "taskId": 1, "workflowId": -1, "jobId": 1}, {"startTime": 71847, "endTime": 72097, "taskId": 5, "workflowId": -1, "jobId": 1}, {"startTime": 72097, "endTime": 72361, "taskId": 5, "workflowId": -1, "jobId": 1}, {"startTime": 72361, "endTime": 73103, "taskId": 5, "workflowId": -1, "jobId": 1}, {"startTime": 73103, "endTime": 73979, "taskId": 5, "workflowId": -1, "jobId": 1}, {"startTime": 73979, "endTime": 77539, "taskId": 2, "workflowId": -1, "jobId": 1}, {"startTime": 77539, "endTime": 79070, "taskId": 2, "workflowId": -1, "jobId": 1}, {"startTime": 79070, "endTime": 80552, "taskId": 2, "workflowId": -1, "jobId": 1}, {"startTime": 80552, "endTime": 81293, "taskId": 0, "workflowId": 3, "jobId": -1}, {"startTime": 81293, "endTime": 81294, "taskId": 13, "workflowId": -1, "jobId": 0}, {"startTime": 81294, "endTime": 81559, "taskId": 3, "workflowId": 3, "jobId": -1}, {"startTime": 81559, "endTime": 82087, "taskId": 9, "workflowId": -1, "jobId": 1}, {"startTime": 82087, "endTime": 83979, "taskId": 9, "workflowId": -1, "jobId": 1}, {"startTime": 83979, "endTime": 84911, "taskId": 9, "workflowId": -1, "jobId": 1}, {"startTime": 84911, "endTime": 86533, "taskId": 1, "workflowId": -1, "jobId": 2}, {"startTime": 86533, "endTime": 86943, "taskId": 1, "workflowId": -1, "jobId": 2}, {"startTime": 86943, "endTime": 88141, "taskId": 1, "workflowId": -1, "jobId": 2}, {"startTime": 88141, "endTime": 91621, "taskId": 1, "workflowId": -1, "jobId": 2}, {"startTime": 91621, "endTime": 92485, "taskId": 1, "workflowId": -1, "jobId": 2}, {"startTime": 92485, "endTime": 92665, "taskId": 1, "workflowId": -1, "jobId": 2}, {"startTime": 92665, "endTime": 94195, "taskId": 1, "workflowId": -1, "jobId": 2}, {"startTime": 94195, "endTime": 94386, "taskId": 10, "workflowId": -1, "jobId": 1}, {"startTime": 94386, "endTime": 94413, "taskId": 10, "workflowId": -1, "jobId": 1}, {"startTime": 94413, "endTime": 95350, "taskId": 10, "workflowId": -1, "jobId": 1}, {"startTime": 95350, "endTime": 99160, "taskId": 10, "workflowId": -1, "jobId": 1}, {"startTime": 99160, "endTime": 99351, "taskId": 9, "workflowId": 3, "jobId": -1}, {"startTime": 99351, "endTime": 99791, "taskId": 15, "workflowId": 3, "jobId": -1}, {"startTime": 99791, "endTime": 100161, "taskId": 10, "workflowId": 3, "jobId": -1}, {"startTime": 100161, "endTime": 100601, "taskId": 10, "workflowId": 3, "jobId": -1}, {"startTime": 100601, "endTime": 101161, "taskId": 12, "workflowId": -1, "jobId": 1}, {"startTime": 101161, "endTime": 101820, "taskId": 11, "workflowId": 3, "jobId": -1}, {"startTime": 101820, "endTime": 102502, "taskId": 5, "workflowId": -1, "jobId": 2}, {"startTime": 102502, "endTime": 103303, "taskId": 5, "workflowId": -1, "jobId": 2}, {"startTime": 103303, "endTime": 103665, "taskId": 5, "workflowId": -1, "jobId": 2}, {"startTime": 103665, "endTime": 104191, "taskId": 5, "workflowId": -1, "jobId": 2}, {"startTime": 104191, "endTime": 104791, "taskId": 5, "workflowId": -1, "jobId": 2}, {"startTime": 104791, "endTime": 107086, "taskId": 5, "workflowId": -1, "jobId": 2}, {"startTime": 107086, "endTime": 107123, "taskId": 5, "workflowId": -1, "jobId": 2}, {"startTime": 107123, "endTime": 107259, "taskId": 5, "workflowId": -1, "jobId": 2}, {"startTime": 107259, "endTime": 108505, "taskId": 1, "workflowId": -1, "jobId": 3}, {"startTime": 108505, "endTime": 109043, "taskId": 1, "workflowId": -1, "jobId": 3}, {"startTime": 109043, "endTime": 109434, "taskId": 1, "workflowId": -1, "jobId": 3}, {"startTime": 109434, "endTime": 109960, "taskId": 1, "workflowId": -1, "jobId": 3}, {"startTime": 109960, "endTime": 110361, "taskId": 1, "workflowId": -1, "jobId": 3}, {"startTime": 110361, "endTime": 110538, "taskId": 1, "workflowId": -1, "jobId": 3}, {"startTime": 110538, "endTime": 110805, "taskId": 1, "workflowId": -1, "jobId": 3}, {"startTime": 110805, "endTime": 116543, "taskId": 1, "workflowId": -1, "jobId": 3}, {"startTime": 116543, "endTime": 117711, "taskId": 17, "workflowId": 3, "jobId": -1}, {"startTime": 117711, "endTime": 118038, "taskId": 14, "workflowId": -1, "jobId": 2}, {"startTime": 118038, "endTime": 118614, "taskId": 14, "workflowId": -1, "jobId": 2}, {"startTime": 118614, "endTime": 118926, "taskId": 7, "workflowId": -1, "jobId": 3}, {"startTime": 118926, "endTime": 127860, "taskId": 7, "workflowId": -1, "jobId": 3}, {"startTime": 127860, "endTime": 129463, "taskId": 13, "workflowId": 3, "jobId": -1}, {"startTime": 129463, "endTime": 129464, "taskId": 23, "workflowId": 3, "jobId": -1}, {"startTime": 129464, "endTime": 129606, "taskId": 19, "workflowId": 3, "jobId": -1}, {"startTime": 129606, "endTime": 131187, "taskId": 1, "workflowId": -1, "jobId": 4}, {"startTime": 131187, "endTime": 131414, "taskId": 1, "workflowId": -1, "jobId": 4}, {"startTime": 131414, "endTime": 138890, "taskId": 1, "workflowId": -1, "jobId": 4}, {"startTime": 138890, "endTime": 141510, "taskId": 14, "workflowId": -1, "jobId": 3}, {"startTime": 141510, "endTime": 141823, "taskId": 2, "workflowId": -1, "jobId": 3}, {"startTime": 141823, "endTime": 148657, "taskId": 3, "workflowId": -1, "jobId": 4}, {"startTime": 148657, "endTime": 149779, "taskId": 6, "workflowId": -1, "jobId": 2}, {"startTime": 149779, "endTime": 151021, "taskId": 6, "workflowId": -1, "jobId": 2}, {"startTime": 151021, "endTime": 151954, "taskId": 6, "workflowId": -1, "jobId": 2}, {"startTime": 151954, "endTime": 152143, "taskId": 1, "workflowId": -1, "jobId": 5}, {"startTime": 152143, "endTime": 152970, "taskId": 1, "workflowId": -1, "jobId": 5}, {"startTime": 152970, "endTime": 154092, "taskId": 1, "workflowId": -1, "jobId": 5}, {"startTime": 154092, "endTime": 161238, "taskId": 1, "workflowId": -1, "jobId": 5}, {"startTime": 161238, "endTime": 161446, "taskId": 13, "workflowId": -1, "jobId": 2}, {"startTime": 161446, "endTime": 162020, "taskId": 1, "workflowId": 1, "jobId": -1}, {"startTime": 162020, "endTime": 162193, "taskId": 7, "workflowId": 1, "jobId": -1}, {"startTime": 162193, "endTime": 163471, "taskId": 4, "workflowId": 1, "jobId": -1}, {"startTime": 163471, "endTime": 163549, "taskId": 11, "workflowId": 1, "jobId": -1}, {"startTime": 163549, "endTime": 163550, "taskId": 11, "workflowId": 1, "jobId": -1}, {"startTime": 163550, "endTime": 163971, "taskId": 10, "workflowId": 1, "jobId": -1}, {"startTime": 163971, "endTime": 164246, "taskId": 10, "workflowId": 1, "jobId": -1}, {"startTime": 164246, "endTime": 164251, "taskId": 9, "workflowId": -1, "jobId": 3}, {"startTime": 164251, "endTime": 164728, "taskId": 9, "workflowId": -1, "jobId": 3}, {"startTime": 164728, "endTime": 165138, "taskId": 9, "workflowId": -1, "jobId": 3}, {"startTime": 165138, "endTime": 165222, "taskId": 9, "workflowId": -1, "jobId": 3}, {"startTime": 165222, "endTime": 165895, "taskId": 9, "workflowId": -1, "jobId": 3}, {"startTime": 165895, "endTime": 165924, "taskId": 9, "workflowId": -1, "jobId": 3}, {"startTime": 165924, "endTime": 166664, "taskId": 9, "workflowId": -1, "jobId": 3}, {"startTime": 166664, "endTime": 167224, "taskId": 9, "workflowId": -1, "jobId": 3}, {"startTime": 167224, "endTime": 169220, "taskId": 3, "workflowId": -1, "jobId": 5}, {"startTime": 169220, "endTime": 169281, "taskId": 3, "workflowId": -1, "jobId": 5}, {"startTime": 169281, "endTime": 169671, "taskId": 3, "workflowId": -1, "jobId": 5}, {"startTime": 169671, "endTime": 170651, "taskId": 3, "workflowId": -1, "jobId": 5}, {"startTime": 170651, "endTime": 171672, "taskId": 3, "workflowId": -1, "jobId": 5}, {"startTime": 171672, "endTime": 174058, "taskId": 3, "workflowId": -1, "jobId": 5}, {"startTime": 174058, "endTime": 174302, "taskId": 29, "workflowId": 1, "jobId": -1}, {"startTime": 174302, "endTime": 174838, "taskId": 1, "workflowId": -1, "jobId": 6}, {"startTime": 174838, "endTime": 175178, "taskId": 1, "workflowId": -1, "jobId": 6}, {"startTime": 175178, "endTime": 175433, "taskId": 1, "workflowId": -1, "jobId": 6}, {"startTime": 175433, "endTime": 175958, "taskId": 1, "workflowId": -1, "jobId": 6}, {"startTime": 175958, "endTime": 176011, "taskId": 1, "workflowId": -1, "jobId": 6}, {"startTime": 176011, "endTime": 176026, "taskId": 1, "workflowId": -1, "jobId": 6}, {"startTime": 176026, "endTime": 176039, "taskId": 1, "workflowId": -1, "jobId": 6}, {"startTime": 176039, "endTime": 183444, "taskId": 1, "workflowId": -1, "jobId": 6}, {"startTime": 183444, "endTime": 183586, "taskId": 1, "workflowId": -1, "jobId": 6}, {"startTime": 183586, "endTime": 184012, "taskId": 24, "workflowId": 1, "jobId": -1}, {"startTime": 184012, "endTime": 184126, "taskId": 31, "workflowId": 1, "jobId": -1}, {"startTime": 184126, "endTime": 184955, "taskId": 31, "workflowId": 1, "jobId": -1}, {"startTime": 184955, "endTime": 185132, "taskId": 31, "workflowId": 1, "jobId": -1}, {"startTime": 185132, "endTime": 185193, "taskId": 24, "workflowId": 1, "jobId": -1}, {"startTime": 185193, "endTime": 185246, "taskId": 24, "workflowId": 1, "jobId": -1}, {"startTime": 185246, "endTime": 185726, "taskId": 25, "workflowId": 1, "jobId": -1}, {"startTime": 185726, "endTime": 185973, "taskId": 25, "workflowId": 1, "jobId": -1}, {"startTime": 185973, "endTime": 186366, "taskId": 25, "workflowId": 1, "jobId": -1}, {"startTime": 186366, "endTime": 186424, "taskId": 22, "workflowId": 1, "jobId": -1}, {"startTime": 186424, "endTime": 187181, "taskId": 22, "workflowId": 1, "jobId": -1}, {"startTime": 187181, "endTime": 187735, "taskId": 22, "workflowId": 1, "jobId": -1}, {"startTime": 187735, "endTime": 188186, "taskId": 30, "workflowId": 1, "jobId": -1}, {"startTime": 188186, "endTime": 188761, "taskId": 30, "workflowId": 1, "jobId": -1}, {"startTime": 188761, "endTime": 188943, "taskId": 14, "workflowId": -1, "jobId": 4}, {"startTime": 188943, "endTime": 189350, "taskId": 14, "workflowId": -1, "jobId": 4}, {"startTime": 189350, "endTime": 192626, "taskId": 0, "workflowId": -1, "jobId": 4}, {"startTime": 192626, "endTime": 199460, "taskId": 3, "workflowId": -1, "jobId": 6}, {"startTime": 199460, "endTime": 201119, "taskId": 5, "workflowId": -1, "jobId": 5}, {"startTime": 201119, "endTime": 203570, "taskId": 5, "workflowId": -1, "jobId": 5}, {"startTime": 203570, "endTime": 204485, "taskId": 10, "workflowId": -1, "jobId": 3}, {"startTime": 204485, "endTime": 205590, "taskId": 10, "workflowId": -1, "jobId": 3}, {"startTime": 205590, "endTime": 205893, "taskId": 9, "workflowId": -1, "jobId": 4}, {"startTime": 205893, "endTime": 206144, "taskId": 9, "workflowId": -1, "jobId": 4}, {"startTime": 206144, "endTime": 208595, "taskId": 9, "workflowId": -1, "jobId": 4}, {"startTime": 208595, "endTime": 209039, "taskId": 9, "workflowId": -1, "jobId": 4}, {"startTime": 209039, "endTime": 210564, "taskId": 2, "workflowId": -1, "jobId": 5}, {"startTime": 210564, "endTime": 215612, "taskId": 2, "workflowId": -1, "jobId": 5}, {"startTime": 218028, "endTime": 218998, "taskId": 3, "workflowId": -1, "jobId": 7}, {"startTime": 218998, "endTime": 228282, "taskId": 1, "workflowId": -1, "jobId": 8}, {"startTime": 228282, "endTime": 231492, "taskId": 5, "workflowId": -1, "jobId": 6}, {"startTime": 231492, "endTime": 233903, "taskId": 5, "workflowId": -1, "jobId": 6}, {"startTime": 241346, "endTime": 250630, "taskId": 1, "workflowId": -1, "jobId": 9}, {"startTime": 250630, "endTime": 255730, "taskId": 10, "workflowId": -1, "jobId": 4}, {"startTime": 255730, "endTime": 255835, "taskId": 14, "workflowId": -1, "jobId": 7}, {"startTime": 255835, "endTime": 263058, "taskId": 5, "workflowId": -1, "jobId": 7}, {"startTime": 263694, "endTime": 272978, "taskId": 1, "workflowId": -1, "jobId": 10}, {"startTime": 275411, "endTime": 276569, "taskId": 7, "workflowId": -1, "jobId": 9}, {"startTime": 276569, "endTime": 283142, "taskId": 2, "workflowId": -1, "jobId": 7}, {"startTime": 286042, "endTime": 295326, "taskId": 1, "workflowId": -1, "jobId": 11}, {"startTime": 297214, "endTime": 301202, "taskId": 12, "workflowId": -1, "jobId": 5}, {"startTime": 301202, "endTime": 307544, "taskId": 0, "workflowId": -1, "jobId": 7}, {"startTime": 307544, "endTime": 308124, "taskId": 13, "workflowId": -1, "jobId": 5}, {"startTime": 308124, "endTime": 308390, "taskId": 6, "workflowId": -1, "jobId": 5}, {"startTime": 308390, "endTime": 317674, "taskId": 1, "workflowId": -1, "jobId": 12}, {"startTime": 319636, "endTime": 326470, "taskId": 3, "workflowId": -1, "jobId": 11}, {"startTime": 327677, "endTime": 327724, "taskId": 7, "workflowId": -1, "jobId": 11}, {"startTime": 327724, "endTime": 328334, "taskId": 1, "workflowId": 0, "jobId": -1}, {"startTime": 328334, "endTime": 329319, "taskId": 3, "workflowId": 0, "jobId": -1}, {"startTime": 329319, "endTime": 329471, "taskId": 7, "workflowId": 0, "jobId": -1}, {"startTime": 329471, "endTime": 330432, "taskId": 5, "workflowId": 0, "jobId": -1}, {"startTime": 330432, "endTime": 330739, "taskId": 11, "workflowId": 0, "jobId": -1}, {"startTime": 330739, "endTime": 331119, "taskId": 1, "workflowId": -1, "jobId": 13}, {"startTime": 331119, "endTime": 331998, "taskId": 1, "workflowId": -1, "jobId": 13}, {"startTime": 331998, "endTime": 333178, "taskId": 1, "workflowId": -1, "jobId": 13}, {"startTime": 333178, "endTime": 340023, "taskId": 1, "workflowId": -1, "jobId": 13}, {"startTime": 340023, "endTime": 340876, "taskId": 26, "workflowId": 0, "jobId": -1}, {"startTime": 340876, "endTime": 344099, "taskId": 7, "workflowId": -1, "jobId": 11}, {"startTime": 344099, "endTime": 345038, "taskId": 2, "workflowId": -1, "jobId": 9}, {"startTime": 345038, "endTime": 351872, "taskId": 3, "workflowId": -1, "jobId": 12}, {"startTime": 351872, "endTime": 352046, "taskId": 15, "workflowId": -1, "jobId": 4}, {"startTime": 352046, "endTime": 353086, "taskId": 13, "workflowId": -1, "jobId": 6}, {"startTime": 353086, "endTime": 362370, "taskId": 1, "workflowId": -1, "jobId": 14}, {"startTime": 362370, "endTime": 366660, "taskId": 10, "workflowId": -1, "jobId": 6}, {"startTime": 366660, "endTime": 369748, "taskId": 12, "workflowId": -1, "jobId": 6}, {"startTime": 369748, "endTime": 370313, "taskId": 15, "workflowId": -1, "jobId": 4}, {"startTime": 370313, "endTime": 370440, "taskId": 14, "workflowId": -1, "jobId": 11}, {"startTime": 370440, "endTime": 377274, "taskId": 3, "workflowId": -1, "jobId": 13}, {"startTime": 377274, "endTime": 377864, "taskId": 13, "workflowId": -1, "jobId": 6}, {"startTime": 377864, "endTime": 378522, "taskId": 2, "workflowId": -1, "jobId": 10}, {"startTime": 378522, "endTime": 384437, "taskId": 2, "workflowId": -1, "jobId": 10}, {"startTime": 384437, "endTime": 390764, "taskId": 5, "workflowId": -1, "jobId": 11}, {"startTime": 395842, "endTime": 397782, "taskId": 3, "workflowId": -1, "jobId": 14}, {"startTime": 397782, "endTime": 407066, "taskId": 1, "workflowId": -1, "jobId": 16}, {"startTime": 407066, "endTime": 409336, "taskId": 14, "workflowId": -1, "jobId": 12}, {"startTime": 409336, "endTime": 409850, "taskId": 12, "workflowId": -1, "jobId": 7}, {"startTime": 409850, "endTime": 411629, "taskId": 5, "workflowId": -1, "jobId": 12}, {"startTime": 411629, "endTime": 418202, "taskId": 2, "workflowId": -1, "jobId": 11}, {"startTime": 418202, "endTime": 420130, "taskId": 6, "workflowId": -1, "jobId": 7}, {"startTime": 420130, "endTime": 429414, "taskId": 1, "workflowId": -1, "jobId": 17}, {"startTime": 430331, "endTime": 432209, "taskId": 14, "workflowId": -1, "jobId": 13}, {"startTime": 432209, "endTime": 441455, "taskId": 7, "workflowId": -1, "jobId": 15}, {"startTime": 442478, "endTime": 451762, "taskId": 1, "workflowId": -1, "jobId": 18}, {"startTime": 451762, "endTime": 454239, "taskId": 4, "workflowId": -1, "jobId": 9}, {"startTime": 458342, "endTime": 464826, "taskId": 7, "workflowId": -1, "jobId": 16}, {"startTime": 464826, "endTime": 474110, "taskId": 1, "workflowId": -1, "jobId": 19}]}, {"frequency": 2.4, "activePower": 9, "idlePower": 2.75, "memory": 2, "allocations": [{"startTime": 39399, "endTime": 39960, "taskId": 0, "workflowId": 3, "jobId": -1}, {"startTime": 39960, "endTime": 40214, "taskId": 3, "workflowId": 2, "jobId": -1}, {"startTime": 40214, "endTime": 41014, "taskId": 3, "workflowId": -1, "jobId": 0}, {"startTime": 41014, "endTime": 47048, "taskId": 3, "workflowId": -1, "jobId": 0}, {"startTime": 47048, "endTime": 56294, "taskId": 7, "workflowId": -1, "jobId": 0}, {"startTime": 56294, "endTime": 56653, "taskId": 4, "workflowId": -1, "jobId": 0}, {"startTime": 56653, "endTime": 58175, "taskId": 9, "workflowId": -1, "jobId": 0}, {"startTime": 58175, "endTime": 60806, "taskId": 9, "workflowId": -1, "jobId": 0}, {"startTime": 60806, "endTime": 62563, "taskId": 15, "workflowId": 2, "jobId": -1}, {"startTime": 62563, "endTime": 62915, "taskId": 6, "workflowId": -1, "jobId": 0}, {"startTime": 63250, "endTime": 65617, "taskId": 11, "workflowId": -1, "jobId": 0}, {"startTime": 65617, "endTime": 72451, "taskId": 3, "workflowId": -1, "jobId": 1}, {"startTime": 72451, "endTime": 72965, "taskId": 11, "workflowId": -1, "jobId": 0}, {"startTime": 72965, "endTime": 73707, "taskId": 11, "workflowId": -1, "jobId": 0}, {"startTime": 73707, "endTime": 73979, "taskId": 11, "workflowId": -1, "jobId": 0}, {"startTime": 73979, "endTime": 74449, "taskId": 5, "workflowId": -1, "jobId": 1}, {"startTime": 74449, "endTime": 77499, "taskId": 5, "workflowId": -1, "jobId": 1}, {"startTime": 77499, "endTime": 78143, "taskId": 0, "workflowId": -1, "jobId": 1}, {"startTime": 78143, "endTime": 79070, "taskId": 0, "workflowId": -1, "jobId": 1}, {"startTime": 79070, "endTime": 79812, "taskId": 0, "workflowId": -1, "jobId": 1}, {"startTime": 79812, "endTime": 83841, "taskId": 0, "workflowId": -1, "jobId": 1}, {"startTime": 83841, "endTime": 84306, "taskId": 29, "workflowId": 2, "jobId": -1}, {"startTime": 84306, "endTime": 84345, "taskId": 29, "workflowId": 2, "jobId": -1}, {"startTime": 84345, "endTime": 84810, "taskId": 29, "workflowId": 2, "jobId": -1}, {"startTime": 84810, "endTime": 84903, "taskId": 29, "workflowId": 2, "jobId": -1}, {"startTime": 84903, "endTime": 84911, "taskId": 5, "workflowId": 3, "jobId": -1}, {"startTime": 84911, "endTime": 85306, "taskId": 9, "workflowId": -1, "jobId": 1}, {"startTime": 85306, "endTime": 85407, "taskId": 9, "workflowId": -1, "jobId": 1}, {"startTime": 85407, "endTime": 85810, "taskId": 9, "workflowId": -1, "jobId": 1}, {"startTime": 85810, "endTime": 85880, "taskId": 9, "workflowId": -1, "jobId": 1}, {"startTime": 85880, "endTime": 86533, "taskId": 9, "workflowId": -1, "jobId": 1}, {"startTime": 86533, "endTime": 86740, "taskId": 2, "workflowId": 3, "jobId": -1}, {"startTime": 86740, "endTime": 87184, "taskId": 5, "workflowId": 3, "jobId": -1}, {"startTime": 87184, "endTime": 87236, "taskId": 31, "workflowId": 2, "jobId": -1}, {"startTime": 87236, "endTime": 87745, "taskId": 31, "workflowId": 2, "jobId": -1}, {"startTime": 87745, "endTime": 87772, "taskId": 31, "workflowId": 2, "jobId": -1}, {"startTime": 87772, "endTime": 88885, "taskId": 31, "workflowId": 2, "jobId": -1}, {"startTime": 88885, "endTime": 89637, "taskId": 4, "workflowId": 3, "jobId": -1}, {"startTime": 89637, "endTime": 90786, "taskId": 4, "workflowId": 3, "jobId": -1}, {"startTime": 91020, "endTime": 91621, "taskId": 3, "workflowId": -1, "jobId": 2}, {"startTime": 91621, "endTime": 94413, "taskId": 3, "workflowId": -1, "jobId": 2}, {"startTime": 94413, "endTime": 95350, "taskId": 3, "workflowId": -1, "jobId": 2}, {"startTime": 95350, "endTime": 95992, "taskId": 3, "workflowId": -1, "jobId": 2}, {"startTime": 95992, "endTime": 97854, "taskId": 3, "workflowId": -1, "jobId": 2}, {"startTime": 97854, "endTime": 98664, "taskId": 6, "workflowId": -1, "jobId": 1}, {"startTime": 98664, "endTime": 99655, "taskId": 6, "workflowId": -1, "jobId": 1}, {"startTime": 99655, "endTime": 100005, "taskId": 6, "workflowId": -1, "jobId": 1}, {"startTime": 100005, "endTime": 100430, "taskId": 6, "workflowId": -1, "jobId": 1}, {"startTime": 100430, "endTime": 101806, "taskId": 6, "workflowId": -1, "jobId": 1}, {"startTime": 101806, "endTime": 102167, "taskId": 6, "workflowId": -1, "jobId": 1}, {"startTime": 102167, "endTime": 102502, "taskId": 16, "workflowId": 3, "jobId": -1}, {"startTime": 102502, "endTime": 102694, "taskId": 17, "workflowId": 3, "jobId": -1}, {"startTime": 102694, "endTime": 103704, "taskId": 12, "workflowId": -1, "jobId": 0}, {"startTime": 103704, "endTime": 107259, "taskId": 11, "workflowId": -1, "jobId": 1}, {"startTime": 107259, "endTime": 107745, "taskId": 5, "workflowId": -1, "jobId": 2}, {"startTime": 107745, "endTime": 108505, "taskId": 2, "workflowId": -1, "jobId": 2}, {"startTime": 108505, "endTime": 109043, "taskId": 2, "workflowId": -1, "jobId": 2}, {"startTime": 109043, "endTime": 109480, "taskId": 2, "workflowId": -1, "jobId": 2}, {"startTime": 109480, "endTime": 109808, "taskId": 2, "workflowId": -1, "jobId": 2}, {"startTime": 109808, "endTime": 109823, "taskId": 2, "workflowId": -1, "jobId": 2}, {"startTime": 109823, "endTime": 114318, "taskId": 2, "workflowId": -1, "jobId": 2}, {"startTime": 114318, "endTime": 114783, "taskId": 18, "workflowId": 3, "jobId": -1}, {"startTime": 114783, "endTime": 115100, "taskId": 0, "workflowId": -1, "jobId": 2}, {"startTime": 115100, "endTime": 115236, "taskId": 0, "workflowId": -1, "jobId": 2}, {"startTime": 115236, "endTime": 116420, "taskId": 0, "workflowId": -1, "jobId": 2}, {"startTime": 116420, "endTime": 116554, "taskId": 3, "workflowId": -1, "jobId": 3}, {"startTime": 116554, "endTime": 116687, "taskId": 3, "workflowId": -1, "jobId": 3}, {"startTime": 116687, "endTime": 123254, "taskId": 3, "workflowId": -1, "jobId": 3}, {"startTime": 123254, "endTime": 124197, "taskId": 14, "workflowId": -1, "jobId": 2}, {"startTime": 124197, "endTime": 124857, "taskId": 14, "workflowId": -1, "jobId": 2}, {"startTime": 124857, "endTime": 125745, "taskId": 14, "workflowId": -1, "jobId": 2}, {"startTime": 125745, "endTime": 126688, "taskId": 14, "workflowId": -1, "jobId": 2}, {"startTime": 126688, "endTime": 128290, "taskId": 14, "workflowId": -1, "jobId": 2}, {"startTime": 128290, "endTime": 129233, "taskId": 21, "workflowId": 3, "jobId": -1}, {"startTime": 129233, "endTime": 130084, "taskId": 14, "workflowId": 3, "jobId": -1}, {"startTime": 130084, "endTime": 130731, "taskId": 4, "workflowId": -1, "jobId": 2}, {"startTime": 130731, "endTime": 132454, "taskId": 4, "workflowId": -1, "jobId": 2}, {"startTime": 132454, "endTime": 132539, "taskId": 4, "workflowId": -1, "jobId": 2}, {"startTime": 132539, "endTime": 132623, "taskId": 4, "workflowId": -1, "jobId": 2}, {"startTime": 132623, "endTime": 134262, "taskId": 5, "workflowId": -1, "jobId": 3}, {"startTime": 134262, "endTime": 137040, "taskId": 5, "workflowId": -1, "jobId": 3}, {"startTime": 137040, "endTime": 139846, "taskId": 5, "workflowId": -1, "jobId": 3}, {"startTime": 139846, "endTime": 140686, "taskId": 20, "workflowId": 3, "jobId": -1}, {"startTime": 140686, "endTime": 141488, "taskId": 25, "workflowId": 3, "jobId": -1}, {"startTime": 141488, "endTime": 141510, "taskId": 26, "workflowId": 3, "jobId": -1}, {"startTime": 141510, "endTime": 141823, "taskId": 14, "workflowId": -1, "jobId": 3}, {"startTime": 141823, "endTime": 148083, "taskId": 2, "workflowId": -1, "jobId": 3}, {"startTime": 148083, "endTime": 150447, "taskId": 10, "workflowId": -1, "jobId": 2}, {"startTime": 150447, "endTime": 152066, "taskId": 10, "workflowId": -1, "jobId": 2}, {"startTime": 152066, "endTime": 152911, "taskId": 0, "workflowId": -1, "jobId": 3}, {"startTime": 152911, "endTime": 153927, "taskId": 0, "workflowId": -1, "jobId": 3}, {"startTime": 153927, "endTime": 156291, "taskId": 0, "workflowId": -1, "jobId": 3}, {"startTime": 156291, "endTime": 158408, "taskId": 0, "workflowId": -1, "jobId": 3}, {"startTime": 158408, "endTime": 160250, "taskId": 13, "workflowId": -1, "jobId": 2}, {"startTime": 160250, "endTime": 161446, "taskId": 14, "workflowId": -1, "jobId": 4}, {"startTime": 161446, "endTime": 162192, "taskId": 2, "workflowId": 1, "jobId": -1}, {"startTime": 162192, "endTime": 162193, "taskId": 5, "workflowId": 1, "jobId": -1}, {"startTime": 162193, "endTime": 162950, "taskId": 7, "workflowId": 1, "jobId": -1}, {"startTime": 162950, "endTime": 163549, "taskId": 7, "workflowId": 1, "jobId": -1}, {"startTime": 163549, "endTime": 163550, "taskId": 9, "workflowId": 1, "jobId": -1}, {"startTime": 163550, "endTime": 163690, "taskId": 11, "workflowId": 1, "jobId": -1}, {"startTime": 163690, "endTime": 164000, "taskId": 11, "workflowId": 1, "jobId": -1}, {"startTime": 164000, "endTime": 164049, "taskId": 11, "workflowId": 1, "jobId": -1}, {"startTime": 164049, "endTime": 164246, "taskId": 11, "workflowId": 1, "jobId": -1}, {"startTime": 164246, "endTime": 164329, "taskId": 10, "workflowId": 1, "jobId": -1}, {"startTime": 164329, "endTime": 164500, "taskId": 10, "workflowId": 1, "jobId": -1}, {"startTime": 164500, "endTime": 164740, "taskId": 10, "workflowId": 1, "jobId": -1}, {"startTime": 164740, "endTime": 165069, "taskId": 10, "workflowId": 1, "jobId": -1}, {"startTime": 165069, "endTime": 165138, "taskId": 10, "workflowId": 1, "jobId": -1}, {"startTime": 165138, "endTime": 165199, "taskId": 13, "workflowId": 1, "jobId": -1}, {"startTime": 165199, "endTime": 165222, "taskId": 13, "workflowId": 1, "jobId": -1}, {"startTime": 165222, "endTime": 165257, "taskId": 12, "workflowId": 1, "jobId": -1}, {"startTime": 165257, "endTime": 165796, "taskId": 12, "workflowId": 1, "jobId": -1}, {"startTime": 165796, "endTime": 166001, "taskId": 19, "workflowId": 1, "jobId": -1}, {"startTime": 166001, "endTime": 166452, "taskId": 19, "workflowId": 1, "jobId": -1}, {"startTime": 166452, "endTime": 166453, "taskId": 19, "workflowId": 1, "jobId": -1}, {"startTime": 166453, "endTime": 166657, "taskId": 19, "workflowId": 1, "jobId": -1}, {"startTime": 166657, "endTime": 167192, "taskId": 15, "workflowId": 1, "jobId": -1}, {"startTime": 167192, "endTime": 167224, "taskId": 11, "workflowId": -1, "jobId": 2}, {"startTime": 167224, "endTime": 167597, "taskId": 9, "workflowId": -1, "jobId": 3}, {"startTime": 167597, "endTime": 167658, "taskId": 9, "workflowId": -1, "jobId": 3}, {"startTime": 167658, "endTime": 168438, "taskId": 9, "workflowId": -1, "jobId": 3}, {"startTime": 168438, "endTime": 168712, "taskId": 9, "workflowId": -1, "jobId": 3}, {"startTime": 168712, "endTime": 169195, "taskId": 9, "workflowId": -1, "jobId": 3}, {"startTime": 169195, "endTime": 169220, "taskId": 9, "workflowId": -1, "jobId": 3}, {"startTime": 169220, "endTime": 169281, "taskId": 9, "workflowId": 1, "jobId": -1}, {"startTime": 169281, "endTime": 169325, "taskId": 30, "workflowId": 3, "jobId": -1}, {"startTime": 169325, "endTime": 169469, "taskId": 15, "workflowId": -1, "jobId": 1}, {"startTime": 169469, "endTime": 169492, "taskId": 11, "workflowId": -1, "jobId": 2}, {"startTime": 169492, "endTime": 170232, "taskId": 11, "workflowId": -1, "jobId": 2}, {"startTime": 170232, "endTime": 170879, "taskId": 11, "workflowId": -1, "jobId": 2}, {"startTime": 170879, "endTime": 175274, "taskId": 7, "workflowId": -1, "jobId": 5}, {"startTime": 175274, "endTime": 176039, "taskId": 2, "workflowId": -1, "jobId": 4}, {"startTime": 176039, "endTime": 176655, "taskId": 2, "workflowId": -1, "jobId": 4}, {"startTime": 176655, "endTime": 177091, "taskId": 2, "workflowId": -1, "jobId": 4}, {"startTime": 177091, "endTime": 177426, "taskId": 2, "workflowId": -1, "jobId": 4}, {"startTime": 177426, "endTime": 180125, "taskId": 2, "workflowId": -1, "jobId": 4}, {"startTime": 180125, "endTime": 180905, "taskId": 2, "workflowId": -1, "jobId": 4}, {"startTime": 180905, "endTime": 181050, "taskId": 2, "workflowId": -1, "jobId": 4}, {"startTime": 181050, "endTime": 181192, "taskId": 2, "workflowId": -1, "jobId": 4}, {"startTime": 181192, "endTime": 181521, "taskId": 2, "workflowId": -1, "jobId": 4}, {"startTime": 181521, "endTime": 181847, "taskId": 2, "workflowId": -1, "jobId": 4}, {"startTime": 181847, "endTime": 181972, "taskId": 26, "workflowId": 1, "jobId": -1}, {"startTime": 181972, "endTime": 181975, "taskId": 11, "workflowId": -1, "jobId": 2}, {"startTime": 181975, "endTime": 182218, "taskId": 4, "workflowId": -1, "jobId": 3}, {"startTime": 182218, "endTime": 182588, "taskId": 4, "workflowId": -1, "jobId": 3}, {"startTime": 182588, "endTime": 182989, "taskId": 4, "workflowId": -1, "jobId": 3}, {"startTime": 182989, "endTime": 183088, "taskId": 4, "workflowId": -1, "jobId": 3}, {"startTime": 183088, "endTime": 183359, "taskId": 4, "workflowId": -1, "jobId": 3}, {"startTime": 183359, "endTime": 184155, "taskId": 4, "workflowId": -1, "jobId": 3}, {"startTime": 184155, "endTime": 185181, "taskId": 4, "workflowId": -1, "jobId": 3}, {"startTime": 185181, "endTime": 185921, "taskId": 4, "workflowId": -1, "jobId": 3}, {"startTime": 185921, "endTime": 186810, "taskId": 4, "workflowId": -1, "jobId": 3}, {"startTime": 186810, "endTime": 187581, "taskId": 4, "workflowId": -1, "jobId": 3}, {"startTime": 187581, "endTime": 187971, "taskId": 4, "workflowId": -1, "jobId": 3}, {"startTime": 187971, "endTime": 188422, "taskId": 6, "workflowId": 1, "jobId": -1}, {"startTime": 188422, "endTime": 188462, "taskId": 26, "workflowId": 1, "jobId": -1}, {"startTime": 188462, "endTime": 188913, "taskId": 26, "workflowId": 1, "jobId": -1}, {"startTime": 188913, "endTime": 189233, "taskId": 12, "workflowId": -1, "jobId": 2}, {"startTime": 189233, "endTime": 189350, "taskId": 12, "workflowId": -1, "jobId": 2}, {"startTime": 189350, "endTime": 189619, "taskId": 14, "workflowId": -1, "jobId": 4}, {"startTime": 189619, "endTime": 192626, "taskId": 14, "workflowId": -1, "jobId": 4}, {"startTime": 192626, "endTime": 195211, "taskId": 0, "workflowId": -1, "jobId": 4}, {"startTime": 195211, "endTime": 195692, "taskId": 0, "workflowId": -1, "jobId": 4}, {"startTime": 195692, "endTime": 196650, "taskId": 14, "workflowId": -1, "jobId": 5}, {"startTime": 196650, "endTime": 205934, "taskId": 1, "workflowId": -1, "jobId": 7}, {"startTime": 205934, "endTime": 208939, "taskId": 10, "workflowId": -1, "jobId": 3}, {"startTime": 208939, "endTime": 209039, "taskId": 31, "workflowId": 3, "jobId": -1}, {"startTime": 209039, "endTime": 210247, "taskId": 9, "workflowId": -1, "jobId": 4}, {"startTime": 210247, "endTime": 210564, "taskId": 9, "workflowId": -1, "jobId": 4}, {"startTime": 210564, "endTime": 210598, "taskId": 31, "workflowId": 3, "jobId": -1}, {"startTime": 210598, "endTime": 212123, "taskId": 31, "workflowId": 3, "jobId": -1}, {"startTime": 212123, "endTime": 218998, "taskId": 13, "workflowId": -1, "jobId": 3}, {"startTime": 218998, "endTime": 224862, "taskId": 3, "workflowId": -1, "jobId": 7}, {"startTime": 224862, "endTime": 225032, "taskId": 4, "workflowId": -1, "jobId": 4}, {"startTime": 225032, "endTime": 226634, "taskId": 5, "workflowId": -1, "jobId": 6}, {"startTime": 226634, "endTime": 228242, "taskId": 0, "workflowId": -1, "jobId": 5}, {"startTime": 228242, "endTime": 232976, "taskId": 0, "workflowId": -1, "jobId": 5}, {"startTime": 232976, "endTime": 241823, "taskId": 11, "workflowId": -1, "jobId": 3}, {"startTime": 242805, "endTime": 243430, "taskId": 2, "workflowId": -1, "jobId": 6}, {"startTime": 243430, "endTime": 250264, "taskId": 3, "workflowId": -1, "jobId": 8}, {"startTime": 250264, "endTime": 252554, "taskId": 9, "workflowId": -1, "jobId": 5}, {"startTime": 252554, "endTime": 254542, "taskId": 14, "workflowId": -1, "jobId": 7}, {"startTime": 254542, "endTime": 258855, "taskId": 6, "workflowId": -1, "jobId": 4}, {"startTime": 258855, "endTime": 263562, "taskId": 12, "workflowId": -1, "jobId": 4}, {"startTime": 263918, "endTime": 268832, "taskId": 0, "workflowId": -1, "jobId": 6}, {"startTime": 268832, "endTime": 275666, "taskId": 3, "workflowId": -1, "jobId": 9}, {"startTime": 275906, "endTime": 276569, "taskId": 8, "workflowId": -1, "jobId": 9}, {"startTime": 276569, "endTime": 284657, "taskId": 7, "workflowId": -1, "jobId": 9}, {"startTime": 286638, "endTime": 293861, "taskId": 5, "workflowId": -1, "jobId": 8}, {"startTime": 294170, "endTime": 294234, "taskId": 11, "workflowId": -1, "jobId": 4}, {"startTime": 294234, "endTime": 301068, "taskId": 3, "workflowId": -1, "jobId": 10}, {"startTime": 301202, "endTime": 301419, "taskId": 12, "workflowId": -1, "jobId": 5}, {"startTime": 301419, "endTime": 301544, "taskId": 10, "workflowId": -1, "jobId": 5}, {"startTime": 301544, "endTime": 310334, "taskId": 7, "workflowId": -1, "jobId": 10}, {"startTime": 310334, "endTime": 310790, "taskId": 2, "workflowId": -1, "jobId": 8}, {"startTime": 310790, "endTime": 311339, "taskId": 2, "workflowId": -1, "jobId": 8}, {"startTime": 311339, "endTime": 313403, "taskId": 2, "workflowId": -1, "jobId": 8}, {"startTime": 313403, "endTime": 313952, "taskId": 2, "workflowId": -1, "jobId": 8}, {"startTime": 313952, "endTime": 316907, "taskId": 2, "workflowId": -1, "jobId": 8}, {"startTime": 316907, "endTime": 317441, "taskId": 12, "workflowId": -1, "jobId": 5}, {"startTime": 317441, "endTime": 324664, "taskId": 5, "workflowId": -1, "jobId": 9}, {"startTime": 325993, "endTime": 327724, "taskId": 0, "workflowId": 0, "jobId": -1}, {"startTime": 327724, "endTime": 329471, "taskId": 2, "workflowId": 0, "jobId": -1}, {"startTime": 329471, "endTime": 330550, "taskId": 6, "workflowId": 0, "jobId": -1}, {"startTime": 330550, "endTime": 330739, "taskId": 14, "workflowId": 0, "jobId": -1}, {"startTime": 330739, "endTime": 331257, "taskId": 11, "workflowId": 0, "jobId": -1}, {"startTime": 331257, "endTime": 331944, "taskId": 11, "workflowId": 0, "jobId": -1}, {"startTime": 331944, "endTime": 331998, "taskId": 11, "workflowId": 0, "jobId": -1}, {"startTime": 331998, "endTime": 332069, "taskId": 9, "workflowId": 0, "jobId": -1}, {"startTime": 332069, "endTime": 332705, "taskId": 9, "workflowId": 0, "jobId": -1}, {"startTime": 332705, "endTime": 334129, "taskId": 8, "workflowId": 0, "jobId": -1}, {"startTime": 334129, "endTime": 335704, "taskId": 20, "workflowId": 0, "jobId": -1}, {"startTime": 335704, "endTime": 335961, "taskId": 22, "workflowId": 0, "jobId": -1}, {"startTime": 335961, "endTime": 336097, "taskId": 23, "workflowId": 0, "jobId": -1}, {"startTime": 336097, "endTime": 336605, "taskId": 23, "workflowId": 0, "jobId": -1}, {"startTime": 336605, "endTime": 336718, "taskId": 7, "workflowId": -1, "jobId": 11}, {"startTime": 336718, "endTime": 337588, "taskId": 16, "workflowId": 0, "jobId": -1}, {"startTime": 337588, "endTime": 338303, "taskId": 27, "workflowId": 0, "jobId": -1}, {"startTime": 338303, "endTime": 338486, "taskId": 27, "workflowId": 0, "jobId": -1}, {"startTime": 338486, "endTime": 338533, "taskId": 0, "workflowId": -1, "jobId": 8}, {"startTime": 338533, "endTime": 339808, "taskId": 0, "workflowId": -1, "jobId": 8}, {"startTime": 339808, "endTime": 344828, "taskId": 0, "workflowId": -1, "jobId": 8}, {"startTime": 344828, "endTime": 345038, "taskId": 9, "workflowId": -1, "jobId": 7}, {"startTime": 345038, "endTime": 347585, "taskId": 2, "workflowId": -1, "jobId": 9}, {"startTime": 347585, "endTime": 350672, "taskId": 2, "workflowId": -1, "jobId": 9}, {"startTime": 350672, "endTime": 357895, "taskId": 5, "workflowId": -1, "jobId": 10}, {"startTime": 357895, "endTime": 362185, "taskId": 4, "workflowId": -1, "jobId": 7}, {"startTime": 362185, "endTime": 364851, "taskId": 4, "workflowId": -1, "jobId": 7}, {"startTime": 364851, "endTime": 367939, "taskId": 14, "workflowId": -1, "jobId": 10}, {"startTime": 367939, "endTime": 370175, "taskId": 14, "workflowId": -1, "jobId": 10}, {"startTime": 370313, "endTime": 370440, "taskId": 15, "workflowId": -1, "jobId": 4}, {"startTime": 370440, "endTime": 370966, "taskId": 14, "workflowId": -1, "jobId": 11}, {"startTime": 370966, "endTime": 375434, "taskId": 9, "workflowId": -1, "jobId": 8}, {"startTime": 375434, "endTime": 375940, "taskId": 1, "workflowId": -1, "jobId": 15}, {"startTime": 375940, "endTime": 384718, "taskId": 1, "workflowId": -1, "jobId": 15}, {"startTime": 384718, "endTime": 385032, "taskId": 13, "workflowId": -1, "jobId": 6}, {"startTime": 385032, "endTime": 390118, "taskId": 15, "workflowId": -1, "jobId": 4}, {"startTime": 397782, "endTime": 402676, "taskId": 3, "workflowId": -1, "jobId": 14}, {"startTime": 402676, "endTime": 405901, "taskId": 12, "workflowId": -1, "jobId": 7}, {"startTime": 405901, "endTime": 406076, "taskId": 10, "workflowId": -1, "jobId": 7}, {"startTime": 406076, "endTime": 413054, "taskId": 7, "workflowId": -1, "jobId": 14}, {"startTime": 413054, "endTime": 415322, "taskId": 0, "workflowId": -1, "jobId": 10}, {"startTime": 415322, "endTime": 416474, "taskId": 0, "workflowId": -1, "jobId": 10}, {"startTime": 416474, "endTime": 419396, "taskId": 0, "workflowId": -1, "jobId": 10}, {"startTime": 419396, "endTime": 420130, "taskId": 13, "workflowId": -1, "jobId": 7}, {"startTime": 420130, "endTime": 421244, "taskId": 6, "workflowId": -1, "jobId": 7}, {"startTime": 421244, "endTime": 428078, "taskId": 3, "workflowId": -1, "jobId": 15}, {"startTime": 432209, "endTime": 433034, "taskId": 14, "workflowId": -1, "jobId": 13}, {"startTime": 433034, "endTime": 442862, "taskId": 8, "workflowId": -1, "jobId": 15}, {"startTime": 444629, "endTime": 445394, "taskId": 4, "workflowId": -1, "jobId": 9}, {"startTime": 445394, "endTime": 446646, "taskId": 2, "workflowId": -1, "jobId": 12}, {"startTime": 446646, "endTime": 453480, "taskId": 3, "workflowId": -1, "jobId": 16}, {"startTime": 453654, "endTime": 458628, "taskId": 9, "workflowId": -1, "jobId": 10}, {"startTime": 459222, "endTime": 464826, "taskId": 8, "workflowId": -1, "jobId": 16}, {"startTime": 464826, "endTime": 467588, "taskId": 7, "workflowId": -1, "jobId": 16}, {"startTime": 472048, "endTime": 478882, "taskId": 3, "workflowId": -1, "jobId": 17}]}, {"frequency": 2.4, "activePower": 9, "idlePower": 2.75, "memory": 2, "allocations": [{"startTime": 39960, "endTime": 40214, "taskId": 1, "workflowId": 2, "jobId": -1}, {"startTime": 40214, "endTime": 41099, "taskId": 2, "workflowId": -1, "jobId": 0}, {"startTime": 41099, "endTime": 46787, "taskId": 2, "workflowId": -1, "jobId": 0}, {"startTime": 46787, "endTime": 47587, "taskId": 3, "workflowId": 2, "jobId": -1}, {"startTime": 47587, "endTime": 57415, "taskId": 8, "workflowId": -1, "jobId": 0}, {"startTime": 57415, "endTime": 61728, "taskId": 10, "workflowId": -1, "jobId": 0}, {"startTime": 61728, "endTime": 62515, "taskId": 10, "workflowId": -1, "jobId": 0}, {"startTime": 62515, "endTime": 62563, "taskId": 13, "workflowId": 2, "jobId": -1}, {"startTime": 62563, "endTime": 62674, "taskId": 15, "workflowId": 2, "jobId": -1}, {"startTime": 62674, "endTime": 63138, "taskId": 17, "workflowId": 2, "jobId": -1}, {"startTime": 63138, "endTime": 63258, "taskId": 17, "workflowId": 2, "jobId": -1}, {"startTime": 63258, "endTime": 63917, "taskId": 7, "workflowId": 2, "jobId": -1}, {"startTime": 63917, "endTime": 63934, "taskId": 13, "workflowId": 2, "jobId": -1}, {"startTime": 63934, "endTime": 65527, "taskId": 13, "workflowId": 2, "jobId": -1}, {"startTime": 65527, "endTime": 65528, "taskId": 7, "workflowId": 2, "jobId": -1}, {"startTime": 65528, "endTime": 65617, "taskId": 19, "workflowId": 2, "jobId": -1}, {"startTime": 65617, "endTime": 66248, "taskId": 11, "workflowId": -1, "jobId": 0}, {"startTime": 66248, "endTime": 66270, "taskId": 11, "workflowId": -1, "jobId": 0}, {"startTime": 66270, "endTime": 66347, "taskId": 11, "workflowId": -1, "jobId": 0}, {"startTime": 66347, "endTime": 66990, "taskId": 7, "workflowId": -1, "jobId": 1}, {"startTime": 66990, "endTime": 72097, "taskId": 7, "workflowId": -1, "jobId": 1}, {"startTime": 72097, "endTime": 75593, "taskId": 7, "workflowId": -1, "jobId": 1}, {"startTime": 75593, "endTime": 76107, "taskId": 11, "workflowId": -1, "jobId": 0}, {"startTime": 76107, "endTime": 76849, "taskId": 11, "workflowId": -1, "jobId": 0}, {"startTime": 76849, "endTime": 77499, "taskId": 11, "workflowId": -1, "jobId": 0}, {"startTime": 77499, "endTime": 79070, "taskId": 5, "workflowId": -1, "jobId": 1}, {"startTime": 79070, "endTime": 79757, "taskId": 14, "workflowId": 2, "jobId": -1}, {"startTime": 79757, "endTime": 80488, "taskId": 14, "workflowId": 2, "jobId": -1}, {"startTime": 80488, "endTime": 80489, "taskId": 0, "workflowId": 3, "jobId": -1}, {"startTime": 80489, "endTime": 81230, "taskId": 20, "workflowId": 2, "jobId": -1}, {"startTime": 81230, "endTime": 81278, "taskId": 20, "workflowId": 2, "jobId": -1}, {"startTime": 81278, "endTime": 81294, "taskId": 12, "workflowId": -1, "jobId": 0}, {"startTime": 81294, "endTime": 81559, "taskId": 2, "workflowId": 3, "jobId": -1}, {"startTime": 81559, "endTime": 81622, "taskId": 3, "workflowId": 3, "jobId": -1}, {"startTime": 81622, "endTime": 82087, "taskId": 22, "workflowId": 2, "jobId": -1}, {"startTime": 82087, "endTime": 82120, "taskId": 22, "workflowId": 2, "jobId": -1}, {"startTime": 82120, "endTime": 82121, "taskId": 25, "workflowId": 2, "jobId": -1}, {"startTime": 82121, "endTime": 82263, "taskId": 26, "workflowId": 2, "jobId": -1}, {"startTime": 82263, "endTime": 82591, "taskId": 26, "workflowId": 2, "jobId": -1}, {"startTime": 82591, "endTime": 83290, "taskId": 25, "workflowId": 2, "jobId": -1}, {"startTime": 83290, "endTime": 83728, "taskId": 28, "workflowId": 2, "jobId": -1}, {"startTime": 83728, "endTime": 83755, "taskId": 28, "workflowId": 2, "jobId": -1}, {"startTime": 83755, "endTime": 83988, "taskId": 28, "workflowId": 2, "jobId": -1}, {"startTime": 83988, "endTime": 84190, "taskId": 28, "workflowId": 2, "jobId": -1}, {"startTime": 84190, "endTime": 84340, "taskId": 3, "workflowId": 3, "jobId": -1}, {"startTime": 84340, "endTime": 84492, "taskId": 27, "workflowId": 2, "jobId": -1}, {"startTime": 84492, "endTime": 84655, "taskId": 27, "workflowId": 2, "jobId": -1}, {"startTime": 84655, "endTime": 84893, "taskId": 27, "workflowId": 2, "jobId": -1}, {"startTime": 84893, "endTime": 85150, "taskId": 27, "workflowId": 2, "jobId": -1}, {"startTime": 85150, "endTime": 85159, "taskId": 4, "workflowId": -1, "jobId": 1}, {"startTime": 85159, "endTime": 85810, "taskId": 4, "workflowId": -1, "jobId": 1}, {"startTime": 85810, "endTime": 85880, "taskId": 4, "workflowId": -1, "jobId": 1}, {"startTime": 85880, "endTime": 86003, "taskId": 4, "workflowId": -1, "jobId": 1}, {"startTime": 86003, "endTime": 86768, "taskId": 4, "workflowId": -1, "jobId": 1}, {"startTime": 86768, "endTime": 87904, "taskId": 4, "workflowId": -1, "jobId": 1}, {"startTime": 87904, "endTime": 89539, "taskId": 4, "workflowId": -1, "jobId": 1}, {"startTime": 89539, "endTime": 91621, "taskId": 4, "workflowId": -1, "jobId": 1}, {"startTime": 91621, "endTime": 92106, "taskId": 4, "workflowId": -1, "jobId": 1}, {"startTime": 92106, "endTime": 92456, "taskId": 10, "workflowId": 3, "jobId": -1}, {"startTime": 92456, "endTime": 92481, "taskId": 10, "workflowId": -1, "jobId": 1}, {"startTime": 92481, "endTime": 93266, "taskId": 7, "workflowId": -1, "jobId": 2}, {"startTime": 93266, "endTime": 94154, "taskId": 7, "workflowId": -1, "jobId": 2}, {"startTime": 94154, "endTime": 94413, "taskId": 7, "workflowId": -1, "jobId": 2}, {"startTime": 94413, "endTime": 95350, "taskId": 7, "workflowId": -1, "jobId": 2}, {"startTime": 95350, "endTime": 97556, "taskId": 7, "workflowId": -1, "jobId": 2}, {"startTime": 97556, "endTime": 101727, "taskId": 7, "workflowId": -1, "jobId": 2}, {"startTime": 101727, "endTime": 101820, "taskId": 12, "workflowId": 3, "jobId": -1}, {"startTime": 101820, "endTime": 102502, "taskId": 11, "workflowId": 3, "jobId": -1}, {"startTime": 102502, "endTime": 102585, "taskId": 13, "workflowId": 3, "jobId": -1}, {"startTime": 102585, "endTime": 103704, "taskId": 12, "workflowId": 3, "jobId": -1}, {"startTime": 103704, "endTime": 104293, "taskId": 12, "workflowId": -1, "jobId": 0}, {"startTime": 104293, "endTime": 104791, "taskId": 12, "workflowId": -1, "jobId": 0}, {"startTime": 104791, "endTime": 107679, "taskId": 12, "workflowId": -1, "jobId": 0}, {"startTime": 107679, "endTime": 107745, "taskId": 12, "workflowId": -1, "jobId": 0}, {"startTime": 107745, "endTime": 108505, "taskId": 5, "workflowId": -1, "jobId": 2}, {"startTime": 108505, "endTime": 109043, "taskId": 5, "workflowId": -1, "jobId": 2}, {"startTime": 109043, "endTime": 109423, "taskId": 12, "workflowId": -1, "jobId": 0}, {"startTime": 109423, "endTime": 109480, "taskId": 12, "workflowId": -1, "jobId": 0}, {"startTime": 109480, "endTime": 109803, "taskId": 12, "workflowId": -1, "jobId": 0}, {"startTime": 109803, "endTime": 115494, "taskId": 13, "workflowId": -1, "jobId": 0}, {"startTime": 115494, "endTime": 115817, "taskId": 13, "workflowId": -1, "jobId": 0}, {"startTime": 115817, "endTime": 116270, "taskId": 18, "workflowId": 3, "jobId": -1}, {"startTime": 116270, "endTime": 116382, "taskId": 17, "workflowId": 3, "jobId": -1}, {"startTime": 116382, "endTime": 116420, "taskId": 17, "workflowId": 3, "jobId": -1}, {"startTime": 116420, "endTime": 117312, "taskId": 0, "workflowId": -1, "jobId": 2}, {"startTime": 117312, "endTime": 117588, "taskId": 0, "workflowId": -1, "jobId": 2}, {"startTime": 117588, "endTime": 119560, "taskId": 0, "workflowId": -1, "jobId": 2}, {"startTime": 119560, "endTime": 121125, "taskId": 0, "workflowId": -1, "jobId": 2}, {"startTime": 121125, "endTime": 122728, "taskId": 14, "workflowId": -1, "jobId": 2}, {"startTime": 122728, "endTime": 122902, "taskId": 14, "workflowId": -1, "jobId": 2}, {"startTime": 122902, "endTime": 123616, "taskId": 9, "workflowId": -1, "jobId": 2}, {"startTime": 123616, "endTime": 127876, "taskId": 9, "workflowId": -1, "jobId": 2}, {"startTime": 127876, "endTime": 127938, "taskId": 7, "workflowId": 3, "jobId": -1}, {"startTime": 127938, "endTime": 128764, "taskId": 7, "workflowId": 3, "jobId": -1}, {"startTime": 128764, "endTime": 132623, "taskId": 13, "workflowId": -1, "jobId": 1}, {"startTime": 132623, "endTime": 136938, "taskId": 4, "workflowId": -1, "jobId": 2}, {"startTime": 136938, "endTime": 137040, "taskId": 4, "workflowId": -1, "jobId": 2}, {"startTime": 137040, "endTime": 137687, "taskId": 14, "workflowId": 3, "jobId": -1}, {"startTime": 137687, "endTime": 139495, "taskId": 19, "workflowId": 3, "jobId": -1}, {"startTime": 139495, "endTime": 141487, "taskId": 22, "workflowId": 3, "jobId": -1}, {"startTime": 141488, "endTime": 141510, "taskId": 25, "workflowId": 3, "jobId": -1}, {"startTime": 141510, "endTime": 141823, "taskId": 26, "workflowId": 3, "jobId": -1}, {"startTime": 141823, "endTime": 144696, "taskId": 14, "workflowId": -1, "jobId": 3}, {"startTime": 144696, "endTime": 144746, "taskId": 10, "workflowId": -1, "jobId": 2}, {"startTime": 144746, "endTime": 147110, "taskId": 7, "workflowId": -1, "jobId": 4}, {"startTime": 147110, "endTime": 153992, "taskId": 7, "workflowId": -1, "jobId": 4}, {"startTime": 153992, "endTime": 154837, "taskId": 10, "workflowId": -1, "jobId": 2}, {"startTime": 154837, "endTime": 155114, "taskId": 14, "workflowId": -1, "jobId": 3}, {"startTime": 155114, "endTime": 157201, "taskId": 14, "workflowId": -1, "jobId": 3}, {"startTime": 157201, "endTime": 161446, "taskId": 15, "workflowId": -1, "jobId": 1}, {"startTime": 161446, "endTime": 162020, "taskId": 14, "workflowId": -1, "jobId": 4}, {"startTime": 162020, "endTime": 162642, "taskId": 3, "workflowId": 1, "jobId": -1}, {"startTime": 162642, "endTime": 163426, "taskId": 3, "workflowId": 1, "jobId": -1}, {"startTime": 163426, "endTime": 163808, "taskId": 5, "workflowId": -1, "jobId": 4}, {"startTime": 163808, "endTime": 164565, "taskId": 5, "workflowId": -1, "jobId": 4}, {"startTime": 164565, "endTime": 170649, "taskId": 5, "workflowId": -1, "jobId": 4}, {"startTime": 170649, "endTime": 171094, "taskId": 21, "workflowId": 1, "jobId": -1}, {"startTime": 171094, "endTime": 171154, "taskId": 18, "workflowId": 1, "jobId": -1}, {"startTime": 171154, "endTime": 171389, "taskId": 8, "workflowId": -1, "jobId": 5}, {"startTime": 171389, "endTime": 171429, "taskId": 8, "workflowId": -1, "jobId": 5}, {"startTime": 171429, "endTime": 172324, "taskId": 8, "workflowId": -1, "jobId": 5}, {"startTime": 172324, "endTime": 172602, "taskId": 8, "workflowId": -1, "jobId": 5}, {"startTime": 172602, "endTime": 173053, "taskId": 8, "workflowId": -1, "jobId": 5}, {"startTime": 173053, "endTime": 173810, "taskId": 8, "workflowId": -1, "jobId": 5}, {"startTime": 173810, "endTime": 173855, "taskId": 8, "workflowId": -1, "jobId": 5}, {"startTime": 173855, "endTime": 174550, "taskId": 8, "workflowId": -1, "jobId": 5}, {"startTime": 174550, "endTime": 175224, "taskId": 8, "workflowId": -1, "jobId": 5}, {"startTime": 175224, "endTime": 175274, "taskId": 8, "workflowId": -1, "jobId": 5}, {"startTime": 175274, "endTime": 175808, "taskId": 7, "workflowId": -1, "jobId": 5}, {"startTime": 175808, "endTime": 175964, "taskId": 7, "workflowId": -1, "jobId": 5}, {"startTime": 175964, "endTime": 176259, "taskId": 7, "workflowId": -1, "jobId": 5}, {"startTime": 176259, "endTime": 176875, "taskId": 7, "workflowId": -1, "jobId": 5}, {"startTime": 176875, "endTime": 177016, "taskId": 7, "workflowId": -1, "jobId": 5}, {"startTime": 177016, "endTime": 177632, "taskId": 7, "workflowId": -1, "jobId": 5}, {"startTime": 177632, "endTime": 177756, "taskId": 7, "workflowId": -1, "jobId": 5}, {"startTime": 177756, "endTime": 180125, "taskId": 7, "workflowId": -1, "jobId": 5}, {"startTime": 180125, "endTime": 180948, "taskId": 27, "workflowId": 1, "jobId": -1}, {"startTime": 180948, "endTime": 180982, "taskId": 12, "workflowId": -1, "jobId": 2}, {"startTime": 180982, "endTime": 181739, "taskId": 21, "workflowId": 1, "jobId": -1}, {"startTime": 181739, "endTime": 181762, "taskId": 21, "workflowId": 1, "jobId": -1}, {"startTime": 181762, "endTime": 181805, "taskId": 21, "workflowId": 1, "jobId": -1}, {"startTime": 181805, "endTime": 181907, "taskId": 21, "workflowId": 1, "jobId": -1}, {"startTime": 181907, "endTime": 181975, "taskId": 29, "workflowId": 1, "jobId": -1}, {"startTime": 181975, "endTime": 182113, "taskId": 11, "workflowId": -1, "jobId": 2}, {"startTime": 182113, "endTime": 182256, "taskId": 11, "workflowId": -1, "jobId": 2}, {"startTime": 182256, "endTime": 182378, "taskId": 11, "workflowId": -1, "jobId": 2}, {"startTime": 182378, "endTime": 182479, "taskId": 11, "workflowId": -1, "jobId": 2}, {"startTime": 182479, "endTime": 182653, "taskId": 11, "workflowId": -1, "jobId": 2}, {"startTime": 182653, "endTime": 183013, "taskId": 11, "workflowId": -1, "jobId": 2}, {"startTime": 183013, "endTime": 183038, "taskId": 11, "workflowId": -1, "jobId": 2}, {"startTime": 183038, "endTime": 183753, "taskId": 11, "workflowId": -1, "jobId": 2}, {"startTime": 183753, "endTime": 183773, "taskId": 11, "workflowId": -1, "jobId": 2}, {"startTime": 183773, "endTime": 184553, "taskId": 11, "workflowId": -1, "jobId": 2}, {"startTime": 184553, "endTime": 184990, "taskId": 11, "workflowId": -1, "jobId": 2}, {"startTime": 184990, "endTime": 185169, "taskId": 11, "workflowId": -1, "jobId": 2}, {"startTime": 185169, "endTime": 186359, "taskId": 11, "workflowId": -1, "jobId": 2}, {"startTime": 186359, "endTime": 186975, "taskId": 11, "workflowId": -1, "jobId": 2}, {"startTime": 186975, "endTime": 188655, "taskId": 11, "workflowId": -1, "jobId": 2}, {"startTime": 188655, "endTime": 189361, "taskId": 23, "workflowId": 1, "jobId": -1}, {"startTime": 189361, "endTime": 189426, "taskId": 23, "workflowId": 1, "jobId": -1}, {"startTime": 189426, "endTime": 190381, "taskId": 15, "workflowId": -1, "jobId": 1}, {"startTime": 190381, "endTime": 192009, "taskId": 30, "workflowId": 3, "jobId": -1}, {"startTime": 192009, "endTime": 192626, "taskId": 14, "workflowId": -1, "jobId": 5}, {"startTime": 192626, "endTime": 194229, "taskId": 14, "workflowId": -1, "jobId": 4}, {"startTime": 194229, "endTime": 195211, "taskId": 5, "workflowId": -1, "jobId": 5}, {"startTime": 195211, "endTime": 197012, "taskId": 5, "workflowId": -1, "jobId": 5}, {"startTime": 197012, "endTime": 201452, "taskId": 7, "workflowId": -1, "jobId": 6}, {"startTime": 201452, "endTime": 203111, "taskId": 7, "workflowId": -1, "jobId": 6}, {"startTime": 203111, "endTime": 206258, "taskId": 7, "workflowId": -1, "jobId": 6}, {"startTime": 206258, "endTime": 207917, "taskId": 6, "workflowId": -1, "jobId": 3}, {"startTime": 207917, "endTime": 210571, "taskId": 6, "workflowId": -1, "jobId": 3}, {"startTime": 210571, "endTime": 216398, "taskId": 12, "workflowId": -1, "jobId": 3}, {"startTime": 218998, "endTime": 219954, "taskId": 13, "workflowId": -1, "jobId": 3}, {"startTime": 219954, "endTime": 223145, "taskId": 4, "workflowId": -1, "jobId": 4}, {"startTime": 223145, "endTime": 232391, "taskId": 7, "workflowId": -1, "jobId": 7}, {"startTime": 232391, "endTime": 235601, "taskId": 4, "workflowId": -1, "jobId": 4}, {"startTime": 243430, "endTime": 249378, "taskId": 2, "workflowId": -1, "jobId": 6}, {"startTime": 249378, "endTime": 249718, "taskId": 9, "workflowId": -1, "jobId": 5}, {"startTime": 249718, "endTime": 252008, "taskId": 8, "workflowId": -1, "jobId": 8}, {"startTime": 252008, "endTime": 259546, "taskId": 8, "workflowId": -1, "jobId": 8}, {"startTime": 259546, "endTime": 264889, "taskId": 13, "workflowId": -1, "jobId": 4}, {"startTime": 264889, "endTime": 268832, "taskId": 4, "workflowId": -1, "jobId": 5}, {"startTime": 268832, "endTime": 270260, "taskId": 0, "workflowId": -1, "jobId": 6}, {"startTime": 272948, "endTime": 276569, "taskId": 15, "workflowId": -1, "jobId": 3}, {"startTime": 276569, "endTime": 285734, "taskId": 8, "workflowId": -1, "jobId": 9}, {"startTime": 288278, "endTime": 293252, "taskId": 9, "workflowId": -1, "jobId": 6}, {"startTime": 294234, "endTime": 301544, "taskId": 11, "workflowId": -1, "jobId": 4}, {"startTime": 301544, "endTime": 302094, "taskId": 10, "workflowId": -1, "jobId": 5}, {"startTime": 302094, "endTime": 303017, "taskId": 8, "workflowId": -1, "jobId": 10}, {"startTime": 303017, "endTime": 310334, "taskId": 8, "workflowId": -1, "jobId": 10}, {"startTime": 310334, "endTime": 310790, "taskId": 7, "workflowId": -1, "jobId": 10}, {"startTime": 310790, "endTime": 311922, "taskId": 4, "workflowId": -1, "jobId": 6}, {"startTime": 311922, "endTime": 312471, "taskId": 4, "workflowId": -1, "jobId": 6}, {"startTime": 312471, "endTime": 317236, "taskId": 4, "workflowId": -1, "jobId": 6}, {"startTime": 317236, "endTime": 317441, "taskId": 13, "workflowId": -1, "jobId": 5}, {"startTime": 317441, "endTime": 317456, "taskId": 12, "workflowId": -1, "jobId": 5}, {"startTime": 317456, "endTime": 323500, "taskId": 13, "workflowId": -1, "jobId": 5}, {"startTime": 327724, "endTime": 328334, "taskId": 7, "workflowId": -1, "jobId": 11}, {"startTime": 328334, "endTime": 329595, "taskId": 4, "workflowId": 0, "jobId": -1}, {"startTime": 329595, "endTime": 331257, "taskId": 10, "workflowId": 0, "jobId": -1}, {"startTime": 331257, "endTime": 331964, "taskId": 14, "workflowId": 0, "jobId": -1}, {"startTime": 331964, "endTime": 332587, "taskId": 14, "workflowId": 0, "jobId": -1}, {"startTime": 332587, "endTime": 332651, "taskId": 13, "workflowId": 0, "jobId": -1}, {"startTime": 332651, "endTime": 333767, "taskId": 13, "workflowId": 0, "jobId": -1}, {"startTime": 333767, "endTime": 334938, "taskId": 21, "workflowId": 0, "jobId": -1}, {"startTime": 334938, "endTime": 335342, "taskId": 15, "workflowId": 0, "jobId": -1}, {"startTime": 335342, "endTime": 335961, "taskId": 15, "workflowId": 0, "jobId": -1}, {"startTime": 335961, "endTime": 336718, "taskId": 22, "workflowId": 0, "jobId": -1}, {"startTime": 336718, "endTime": 336906, "taskId": 29, "workflowId": 0, "jobId": -1}, {"startTime": 336906, "endTime": 337546, "taskId": 27, "workflowId": 0, "jobId": -1}, {"startTime": 337546, "endTime": 337588, "taskId": 27, "workflowId": 0, "jobId": -1}, {"startTime": 337588, "endTime": 338303, "taskId": 16, "workflowId": 0, "jobId": -1}, {"startTime": 338303, "endTime": 338486, "taskId": 29, "workflowId": 0, "jobId": -1}, {"startTime": 338486, "endTime": 338533, "taskId": 27, "workflowId": 0, "jobId": -1}, {"startTime": 338533, "endTime": 339390, "taskId": 30, "workflowId": 0, "jobId": -1}, {"startTime": 339390, "endTime": 340514, "taskId": 29, "workflowId": 0, "jobId": -1}, {"startTime": 340514, "endTime": 340818, "taskId": 30, "workflowId": 0, "jobId": -1}, {"startTime": 340818, "endTime": 341882, "taskId": 31, "workflowId": 0, "jobId": -1}, {"startTime": 341882, "endTime": 344099, "taskId": 9, "workflowId": -1, "jobId": 7}, {"startTime": 344099, "endTime": 348367, "taskId": 7, "workflowId": -1, "jobId": 11}, {"startTime": 348367, "endTime": 350914, "taskId": 9, "workflowId": -1, "jobId": 7}, {"startTime": 350914, "endTime": 353660, "taskId": 14, "workflowId": -1, "jobId": 10}, {"startTime": 353660, "endTime": 353810, "taskId": 10, "workflowId": -1, "jobId": 6}, {"startTime": 353810, "endTime": 358760, "taskId": 7, "workflowId": -1, "jobId": 12}, {"startTime": 358760, "endTime": 363056, "taskId": 7, "workflowId": -1, "jobId": 12}, {"startTime": 363056, "endTime": 367369, "taskId": 6, "workflowId": -1, "jobId": 6}, {"startTime": 367369, "endTime": 370966, "taskId": 13, "workflowId": -1, "jobId": 6}, {"startTime": 370966, "endTime": 375434, "taskId": 14, "workflowId": -1, "jobId": 11}, {"startTime": 375434, "endTime": 375770, "taskId": 9, "workflowId": -1, "jobId": 8}, {"startTime": 375770, "endTime": 375940, "taskId": 0, "workflowId": -1, "jobId": 9}, {"startTime": 375940, "endTime": 377188, "taskId": 0, "workflowId": -1, "jobId": 9}, {"startTime": 377188, "endTime": 382112, "taskId": 0, "workflowId": -1, "jobId": 9}, {"startTime": 382112, "endTime": 382426, "taskId": 8, "workflowId": -1, "jobId": 13}, {"startTime": 382426, "endTime": 391940, "taskId": 8, "workflowId": -1, "jobId": 13}, {"startTime": 399694, "endTime": 406650, "taskId": 4, "workflowId": -1, "jobId": 8}, {"startTime": 406650, "endTime": 406846, "taskId": 14, "workflowId": -1, "jobId": 12}, {"startTime": 406846, "endTime": 409116, "taskId": 8, "workflowId": -1, "jobId": 14}, {"startTime": 409116, "endTime": 413054, "taskId": 8, "workflowId": -1, "jobId": 14}, {"startTime": 413054, "endTime": 415322, "taskId": 7, "workflowId": -1, "jobId": 14}, {"startTime": 415322, "endTime": 416674, "taskId": 5, "workflowId": -1, "jobId": 12}, {"startTime": 416674, "endTime": 419341, "taskId": 5, "workflowId": -1, "jobId": 12}, {"startTime": 419341, "endTime": 420493, "taskId": 12, "workflowId": -1, "jobId": 7}, {"startTime": 420493, "endTime": 421148, "taskId": 13, "workflowId": -1, "jobId": 7}, {"startTime": 421148, "endTime": 421244, "taskId": 11, "workflowId": -1, "jobId": 6}, {"startTime": 421244, "endTime": 422515, "taskId": 6, "workflowId": -1, "jobId": 7}, {"startTime": 422515, "endTime": 429300, "taskId": 13, "workflowId": -1, "jobId": 7}, {"startTime": 433034, "endTime": 438551, "taskId": 14, "workflowId": -1, "jobId": 13}, {"startTime": 440653, "endTime": 446646, "taskId": 5, "workflowId": -1, "jobId": 13}, {"startTime": 446646, "endTime": 451967, "taskId": 2, "workflowId": -1, "jobId": 12}, {"startTime": 460340, "endTime": 464827, "taskId": 14, "workflowId": -1, "jobId": 14}, {"startTime": 464827, "endTime": 469051, "taskId": 8, "workflowId": -1, "jobId": 16}]}, {"frequency": 2.4, "activePower": 9, "idlePower": 2.75, "memory": 2, "allocations": [{"startTime": 39960, "endTime": 40214, "taskId": 5, "workflowId": 2, "jobId": -1}, {"startTime": 40214, "endTime": 46556, "taskId": 0, "workflowId": -1, "jobId": 0}, {"startTime": 46556, "endTime": 46871, "taskId": 2, "workflowId": 2, "jobId": -1}, {"startTime": 46871, "endTime": 47756, "taskId": 1, "workflowId": 2, "jobId": -1}, {"startTime": 47756, "endTime": 48577, "taskId": 8, "workflowId": 2, "jobId": -1}, {"startTime": 48577, "endTime": 49540, "taskId": 5, "workflowId": 2, "jobId": -1}, {"startTime": 49540, "endTime": 50361, "taskId": 5, "workflowId": 2, "jobId": -1}, {"startTime": 50361, "endTime": 50858, "taskId": 4, "workflowId": 2, "jobId": -1}, {"startTime": 50858, "endTime": 51679, "taskId": 4, "workflowId": 2, "jobId": -1}, {"startTime": 51679, "endTime": 52158, "taskId": 12, "workflowId": 2, "jobId": -1}, {"startTime": 52158, "endTime": 52432, "taskId": 10, "workflowId": 2, "jobId": -1}, {"startTime": 52432, "endTime": 52911, "taskId": 10, "workflowId": 2, "jobId": -1}, {"startTime": 52911, "endTime": 53783, "taskId": 9, "workflowId": 2, "jobId": -1}, {"startTime": 53783, "endTime": 54262, "taskId": 9, "workflowId": 2, "jobId": -1}, {"startTime": 54262, "endTime": 55147, "taskId": 11, "workflowId": 2, "jobId": -1}, {"startTime": 55147, "endTime": 55664, "taskId": 0, "workflowId": 3, "jobId": -1}, {"startTime": 55664, "endTime": 55672, "taskId": 7, "workflowId": 2, "jobId": -1}, {"startTime": 55672, "endTime": 55832, "taskId": 0, "workflowId": 3, "jobId": -1}, {"startTime": 55832, "endTime": 56653, "taskId": 9, "workflowId": -1, "jobId": 0}, {"startTime": 56653, "endTime": 58534, "taskId": 4, "workflowId": -1, "jobId": 0}, {"startTime": 58534, "endTime": 62788, "taskId": 4, "workflowId": -1, "jobId": 0}, {"startTime": 62788, "endTime": 63250, "taskId": 4, "workflowId": -1, "jobId": 0}, {"startTime": 63250, "endTime": 63992, "taskId": 18, "workflowId": 2, "jobId": -1}, {"startTime": 63992, "endTime": 64652, "taskId": 18, "workflowId": 2, "jobId": -1}, {"startTime": 64652, "endTime": 64668, "taskId": 18, "workflowId": 2, "jobId": -1}, {"startTime": 64668, "endTime": 65617, "taskId": 16, "workflowId": 2, "jobId": -1}, {"startTime": 65617, "endTime": 66230, "taskId": 19, "workflowId": 2, "jobId": -1}, {"startTime": 66230, "endTime": 66248, "taskId": 19, "workflowId": 2, "jobId": -1}, {"startTime": 66248, "endTime": 66347, "taskId": 16, "workflowId": 2, "jobId": -1}, {"startTime": 66347, "endTime": 66404, "taskId": 11, "workflowId": -1, "jobId": 0}, {"startTime": 66404, "endTime": 66861, "taskId": 8, "workflowId": -1, "jobId": 1}, {"startTime": 66861, "endTime": 66972, "taskId": 8, "workflowId": -1, "jobId": 1}, {"startTime": 66972, "endTime": 67603, "taskId": 8, "workflowId": -1, "jobId": 1}, {"startTime": 67603, "endTime": 68345, "taskId": 8, "workflowId": -1, "jobId": 1}, {"startTime": 68345, "endTime": 72097, "taskId": 8, "workflowId": -1, "jobId": 1}, {"startTime": 72097, "endTime": 72839, "taskId": 8, "workflowId": -1, "jobId": 1}, {"startTime": 72839, "endTime": 76232, "taskId": 8, "workflowId": -1, "jobId": 1}, {"startTime": 76232, "endTime": 76746, "taskId": 16, "workflowId": 2, "jobId": -1}, {"startTime": 76746, "endTime": 76974, "taskId": 7, "workflowId": 2, "jobId": -1}, {"startTime": 76974, "endTime": 77488, "taskId": 7, "workflowId": 2, "jobId": -1}, {"startTime": 77488, "endTime": 77489, "taskId": 21, "workflowId": 2, "jobId": -1}, {"startTime": 77489, "endTime": 77499, "taskId": 14, "workflowId": 2, "jobId": -1}, {"startTime": 77499, "endTime": 78230, "taskId": 11, "workflowId": -1, "jobId": 0}, {"startTime": 78230, "endTime": 78917, "taskId": 11, "workflowId": -1, "jobId": 0}, {"startTime": 78917, "endTime": 79353, "taskId": 11, "workflowId": -1, "jobId": 0}, {"startTime": 79353, "endTime": 79757, "taskId": 11, "workflowId": -1, "jobId": 0}, {"startTime": 79757, "endTime": 80781, "taskId": 21, "workflowId": 2, "jobId": -1}, {"startTime": 80781, "endTime": 81621, "taskId": 21, "workflowId": 2, "jobId": -1}, {"startTime": 81621, "endTime": 81622, "taskId": 2, "workflowId": 3, "jobId": -1}, {"startTime": 81622, "endTime": 82125, "taskId": 24, "workflowId": 2, "jobId": -1}, {"startTime": 82125, "endTime": 82325, "taskId": 24, "workflowId": 2, "jobId": -1}, {"startTime": 82325, "endTime": 82682, "taskId": 24, "workflowId": 2, "jobId": -1}, {"startTime": 82682, "endTime": 84026, "taskId": 23, "workflowId": 2, "jobId": -1}, {"startTime": 84026, "endTime": 84217, "taskId": 23, "workflowId": 2, "jobId": -1}, {"startTime": 84217, "endTime": 84339, "taskId": 23, "workflowId": 2, "jobId": -1}, {"startTime": 84339, "endTime": 84340, "taskId": 2, "workflowId": 3, "jobId": -1}, {"startTime": 84340, "endTime": 84655, "taskId": 3, "workflowId": 3, "jobId": -1}, {"startTime": 84655, "endTime": 85042, "taskId": 2, "workflowId": 3, "jobId": -1}, {"startTime": 85042, "endTime": 85150, "taskId": 2, "workflowId": 3, "jobId": -1}, {"startTime": 85150, "endTime": 85357, "taskId": 27, "workflowId": 2, "jobId": -1}, {"startTime": 85357, "endTime": 85853, "taskId": 27, "workflowId": 2, "jobId": -1}, {"startTime": 85853, "endTime": 86003, "taskId": 27, "workflowId": 2, "jobId": -1}, {"startTime": 86003, "endTime": 86210, "taskId": 30, "workflowId": 2, "jobId": -1}, {"startTime": 86210, "endTime": 86240, "taskId": 30, "workflowId": 2, "jobId": -1}, {"startTime": 86240, "endTime": 86706, "taskId": 30, "workflowId": 2, "jobId": -1}, {"startTime": 86706, "endTime": 86943, "taskId": 30, "workflowId": 2, "jobId": -1}, {"startTime": 86943, "endTime": 87184, "taskId": 30, "workflowId": 2, "jobId": -1}, {"startTime": 87184, "endTime": 87236, "taskId": 5, "workflowId": 3, "jobId": -1}, {"startTime": 87236, "endTime": 87745, "taskId": 1, "workflowId": 3, "jobId": -1}, {"startTime": 87745, "endTime": 89128, "taskId": 1, "workflowId": 3, "jobId": -1}, {"startTime": 89128, "endTime": 89646, "taskId": 8, "workflowId": 3, "jobId": -1}, {"startTime": 89646, "endTime": 90028, "taskId": 6, "workflowId": 3, "jobId": -1}, {"startTime": 90028, "endTime": 91111, "taskId": 6, "workflowId": 3, "jobId": -1}, {"startTime": 91111, "endTime": 91974, "taskId": 8, "workflowId": 3, "jobId": -1}, {"startTime": 91974, "endTime": 92481, "taskId": 9, "workflowId": 3, "jobId": -1}, {"startTime": 92481, "endTime": 92591, "taskId": 10, "workflowId": -1, "jobId": 1}, {"startTime": 92591, "endTime": 92672, "taskId": 8, "workflowId": -1, "jobId": 2}, {"startTime": 92672, "endTime": 93482, "taskId": 8, "workflowId": -1, "jobId": 2}, {"startTime": 93482, "endTime": 94013, "taskId": 8, "workflowId": -1, "jobId": 2}, {"startTime": 94013, "endTime": 94823, "taskId": 8, "workflowId": -1, "jobId": 2}, {"startTime": 94823, "endTime": 95350, "taskId": 8, "workflowId": -1, "jobId": 2}, {"startTime": 95350, "endTime": 97556, "taskId": 8, "workflowId": -1, "jobId": 2}, {"startTime": 97556, "endTime": 102419, "taskId": 8, "workflowId": -1, "jobId": 2}, {"startTime": 102419, "endTime": 102633, "taskId": 15, "workflowId": -1, "jobId": 0}, {"startTime": 102633, "endTime": 104791, "taskId": 13, "workflowId": -1, "jobId": 0}, {"startTime": 104791, "endTime": 105380, "taskId": 12, "workflowId": 3, "jobId": -1}, {"startTime": 105380, "endTime": 105720, "taskId": 14, "workflowId": -1, "jobId": 2}, {"startTime": 105720, "endTime": 106246, "taskId": 15, "workflowId": -1, "jobId": 0}, {"startTime": 106246, "endTime": 106408, "taskId": 15, "workflowId": -1, "jobId": 0}, {"startTime": 106408, "endTime": 107745, "taskId": 15, "workflowId": -1, "jobId": 0}, {"startTime": 107745, "endTime": 111458, "taskId": 11, "workflowId": -1, "jobId": 1}, {"startTime": 111458, "endTime": 112776, "taskId": 11, "workflowId": -1, "jobId": 1}, {"startTime": 112776, "endTime": 113037, "taskId": 11, "workflowId": -1, "jobId": 1}, {"startTime": 113037, "endTime": 114271, "taskId": 15, "workflowId": -1, "jobId": 0}, {"startTime": 114271, "endTime": 116750, "taskId": 15, "workflowId": -1, "jobId": 0}, {"startTime": 116750, "endTime": 117638, "taskId": 16, "workflowId": 3, "jobId": -1}, {"startTime": 117638, "endTime": 118245, "taskId": 16, "workflowId": 3, "jobId": -1}, {"startTime": 118245, "endTime": 118614, "taskId": 13, "workflowId": 3, "jobId": -1}, {"startTime": 118614, "endTime": 118778, "taskId": 14, "workflowId": -1, "jobId": 2}, {"startTime": 118778, "endTime": 120217, "taskId": 8, "workflowId": -1, "jobId": 3}, {"startTime": 120217, "endTime": 121105, "taskId": 8, "workflowId": -1, "jobId": 3}, {"startTime": 121105, "endTime": 122048, "taskId": 8, "workflowId": -1, "jobId": 3}, {"startTime": 122048, "endTime": 125591, "taskId": 8, "workflowId": -1, "jobId": 3}, {"startTime": 125591, "endTime": 128606, "taskId": 8, "workflowId": -1, "jobId": 3}, {"startTime": 128606, "endTime": 133873, "taskId": 12, "workflowId": -1, "jobId": 1}, {"startTime": 133873, "endTime": 134520, "taskId": 13, "workflowId": -1, "jobId": 1}, {"startTime": 134520, "endTime": 136328, "taskId": 13, "workflowId": -1, "jobId": 1}, {"startTime": 136328, "endTime": 138051, "taskId": 13, "workflowId": -1, "jobId": 1}, {"startTime": 138051, "endTime": 138188, "taskId": 13, "workflowId": -1, "jobId": 1}, {"startTime": 138188, "endTime": 139911, "taskId": 23, "workflowId": 3, "jobId": -1}, {"startTime": 139911, "endTime": 141054, "taskId": 24, "workflowId": 3, "jobId": -1}, {"startTime": 141054, "endTime": 141510, "taskId": 15, "workflowId": -1, "jobId": 1}, {"startTime": 141510, "endTime": 141768, "taskId": 25, "workflowId": 3, "jobId": -1}, {"startTime": 141768, "endTime": 141823, "taskId": 15, "workflowId": -1, "jobId": 1}, {"startTime": 141823, "endTime": 142471, "taskId": 26, "workflowId": 3, "jobId": -1}, {"startTime": 142471, "endTime": 143562, "taskId": 28, "workflowId": 3, "jobId": -1}, {"startTime": 143562, "endTime": 144571, "taskId": 29, "workflowId": 3, "jobId": -1}, {"startTime": 144571, "endTime": 144696, "taskId": 27, "workflowId": 3, "jobId": -1}, {"startTime": 144696, "endTime": 144746, "taskId": 14, "workflowId": -1, "jobId": 3}, {"startTime": 144746, "endTime": 144967, "taskId": 10, "workflowId": -1, "jobId": 2}, {"startTime": 144967, "endTime": 145818, "taskId": 8, "workflowId": -1, "jobId": 4}, {"startTime": 145818, "endTime": 147110, "taskId": 8, "workflowId": -1, "jobId": 4}, {"startTime": 147110, "endTime": 148232, "taskId": 8, "workflowId": -1, "jobId": 4}, {"startTime": 148232, "endTime": 149796, "taskId": 8, "workflowId": -1, "jobId": 4}, {"startTime": 149796, "endTime": 154795, "taskId": 8, "workflowId": -1, "jobId": 4}, {"startTime": 154795, "endTime": 155811, "taskId": 6, "workflowId": -1, "jobId": 2}, {"startTime": 155811, "endTime": 156933, "taskId": 27, "workflowId": 3, "jobId": -1}, {"startTime": 156933, "endTime": 162020, "taskId": 12, "workflowId": -1, "jobId": 2}, {"startTime": 162020, "endTime": 162193, "taskId": 6, "workflowId": 1, "jobId": -1}, {"startTime": 162193, "endTime": 162644, "taskId": 9, "workflowId": 1, "jobId": -1}, {"startTime": 162644, "endTime": 162760, "taskId": 9, "workflowId": 1, "jobId": -1}, {"startTime": 162760, "endTime": 163426, "taskId": 9, "workflowId": 1, "jobId": -1}, {"startTime": 163426, "endTime": 163808, "taskId": 3, "workflowId": 1, "jobId": -1}, {"startTime": 163808, "endTime": 163926, "taskId": 9, "workflowId": 1, "jobId": -1}, {"startTime": 163926, "endTime": 164246, "taskId": 9, "workflowId": 1, "jobId": -1}, {"startTime": 164246, "endTime": 164259, "taskId": 11, "workflowId": 1, "jobId": -1}, {"startTime": 164259, "endTime": 164307, "taskId": 11, "workflowId": 1, "jobId": -1}, {"startTime": 164307, "endTime": 164588, "taskId": 11, "workflowId": 1, "jobId": -1}, {"startTime": 164588, "endTime": 165087, "taskId": 11, "workflowId": 1, "jobId": -1}, {"startTime": 165087, "endTime": 165222, "taskId": 11, "workflowId": 1, "jobId": -1}, {"startTime": 165222, "endTime": 165283, "taskId": 13, "workflowId": 1, "jobId": -1}, {"startTime": 165283, "endTime": 165538, "taskId": 13, "workflowId": 1, "jobId": -1}, {"startTime": 165538, "endTime": 165673, "taskId": 13, "workflowId": 1, "jobId": -1}, {"startTime": 165673, "endTime": 166001, "taskId": 13, "workflowId": 1, "jobId": -1}, {"startTime": 166001, "endTime": 166063, "taskId": 14, "workflowId": 1, "jobId": -1}, {"startTime": 166063, "endTime": 166430, "taskId": 14, "workflowId": 1, "jobId": -1}, {"startTime": 166430, "endTime": 166734, "taskId": 14, "workflowId": 1, "jobId": -1}, {"startTime": 166734, "endTime": 166820, "taskId": 14, "workflowId": 1, "jobId": -1}, {"startTime": 166820, "endTime": 167170, "taskId": 14, "workflowId": 1, "jobId": -1}, {"startTime": 167170, "endTime": 167560, "taskId": 14, "workflowId": 1, "jobId": -1}, {"startTime": 167560, "endTime": 167802, "taskId": 14, "workflowId": 1, "jobId": -1}, {"startTime": 167802, "endTime": 167863, "taskId": 15, "workflowId": 1, "jobId": -1}, {"startTime": 167863, "endTime": 168057, "taskId": 15, "workflowId": 1, "jobId": -1}, {"startTime": 168057, "endTime": 168366, "taskId": 15, "workflowId": 1, "jobId": -1}, {"startTime": 168366, "endTime": 168508, "taskId": 15, "workflowId": 1, "jobId": -1}, {"startTime": 168508, "endTime": 168643, "taskId": 15, "workflowId": 1, "jobId": -1}, {"startTime": 168643, "endTime": 168756, "taskId": 15, "workflowId": 1, "jobId": -1}, {"startTime": 168756, "endTime": 169094, "taskId": 15, "workflowId": 1, "jobId": -1}, {"startTime": 169094, "endTime": 169234, "taskId": 15, "workflowId": 1, "jobId": -1}, {"startTime": 169234, "endTime": 169248, "taskId": 15, "workflowId": 1, "jobId": -1}, {"startTime": 169248, "endTime": 169322, "taskId": 15, "workflowId": 1, "jobId": -1}, {"startTime": 169322, "endTime": 169834, "taskId": 20, "workflowId": 1, "jobId": -1}, {"startTime": 169834, "endTime": 169991, "taskId": 20, "workflowId": 1, "jobId": -1}, {"startTime": 169991, "endTime": 170102, "taskId": 20, "workflowId": 1, "jobId": -1}, {"startTime": 170102, "endTime": 170391, "taskId": 20, "workflowId": 1, "jobId": -1}, {"startTime": 170391, "endTime": 170553, "taskId": 16, "workflowId": 1, "jobId": -1}, {"startTime": 170553, "endTime": 170692, "taskId": 18, "workflowId": 1, "jobId": -1}, {"startTime": 170692, "endTime": 171094, "taskId": 18, "workflowId": 1, "jobId": -1}, {"startTime": 171094, "endTime": 171143, "taskId": 16, "workflowId": 1, "jobId": -1}, {"startTime": 171143, "endTime": 171154, "taskId": 16, "workflowId": 1, "jobId": -1}, {"startTime": 171154, "endTime": 171310, "taskId": 18, "workflowId": 1, "jobId": -1}, {"startTime": 171310, "endTime": 171900, "taskId": 18, "workflowId": 1, "jobId": -1}, {"startTime": 171900, "endTime": 172324, "taskId": 18, "workflowId": 1, "jobId": -1}, {"startTime": 172324, "endTime": 172463, "taskId": 21, "workflowId": 1, "jobId": -1}, {"startTime": 172463, "endTime": 172506, "taskId": 16, "workflowId": 1, "jobId": -1}, {"startTime": 172506, "endTime": 173835, "taskId": 16, "workflowId": 1, "jobId": -1}, {"startTime": 173835, "endTime": 173836, "taskId": 21, "workflowId": 1, "jobId": -1}, {"startTime": 173836, "endTime": 174302, "taskId": 21, "workflowId": 1, "jobId": -1}, {"startTime": 174302, "endTime": 174479, "taskId": 11, "workflowId": -1, "jobId": 2}, {"startTime": 174479, "endTime": 174564, "taskId": 11, "workflowId": -1, "jobId": 2}, {"startTime": 174564, "endTime": 174930, "taskId": 11, "workflowId": -1, "jobId": 2}, {"startTime": 174930, "endTime": 175019, "taskId": 11, "workflowId": -1, "jobId": 2}, {"startTime": 175019, "endTime": 175227, "taskId": 4, "workflowId": -1, "jobId": 3}, {"startTime": 175227, "endTime": 175274, "taskId": 4, "workflowId": -1, "jobId": 3}, {"startTime": 175274, "endTime": 175631, "taskId": 8, "workflowId": -1, "jobId": 5}, {"startTime": 175631, "endTime": 177000, "taskId": 8, "workflowId": -1, "jobId": 5}, {"startTime": 177000, "endTime": 177265, "taskId": 8, "workflowId": -1, "jobId": 5}, {"startTime": 177265, "endTime": 177771, "taskId": 8, "workflowId": -1, "jobId": 5}, {"startTime": 177771, "endTime": 178385, "taskId": 8, "workflowId": -1, "jobId": 5}, {"startTime": 178385, "endTime": 178511, "taskId": 8, "workflowId": -1, "jobId": 5}, {"startTime": 178511, "endTime": 179165, "taskId": 8, "workflowId": -1, "jobId": 5}, {"startTime": 179165, "endTime": 179452, "taskId": 8, "workflowId": -1, "jobId": 5}, {"startTime": 179452, "endTime": 179563, "taskId": 8, "workflowId": -1, "jobId": 5}, {"startTime": 179563, "endTime": 180285, "taskId": 8, "workflowId": -1, "jobId": 5}, {"startTime": 180285, "endTime": 180821, "taskId": 8, "workflowId": -1, "jobId": 5}, {"startTime": 180821, "endTime": 180981, "taskId": 8, "workflowId": -1, "jobId": 5}, {"startTime": 180981, "endTime": 181272, "taskId": 17, "workflowId": 1, "jobId": -1}, {"startTime": 181272, "endTime": 181654, "taskId": 4, "workflowId": -1, "jobId": 3}, {"startTime": 181654, "endTime": 181707, "taskId": 4, "workflowId": -1, "jobId": 3}, {"startTime": 181707, "endTime": 181975, "taskId": 4, "workflowId": -1, "jobId": 3}, {"startTime": 181975, "endTime": 182043, "taskId": 29, "workflowId": 1, "jobId": -1}, {"startTime": 182043, "endTime": 182105, "taskId": 29, "workflowId": 1, "jobId": -1}, {"startTime": 182105, "endTime": 182680, "taskId": 29, "workflowId": 1, "jobId": -1}, {"startTime": 182680, "endTime": 182862, "taskId": 29, "workflowId": 1, "jobId": -1}, {"startTime": 182862, "endTime": 183038, "taskId": 29, "workflowId": 1, "jobId": -1}, {"startTime": 183038, "endTime": 183095, "taskId": 17, "workflowId": 1, "jobId": -1}, {"startTime": 183095, "endTime": 183602, "taskId": 31, "workflowId": 1, "jobId": -1}, {"startTime": 183602, "endTime": 183660, "taskId": 31, "workflowId": 1, "jobId": -1}, {"startTime": 183660, "endTime": 184012, "taskId": 31, "workflowId": 1, "jobId": -1}, {"startTime": 184012, "endTime": 184483, "taskId": 17, "workflowId": 1, "jobId": -1}, {"startTime": 184483, "endTime": 184934, "taskId": 17, "workflowId": 1, "jobId": -1}, {"startTime": 184934, "endTime": 185132, "taskId": 17, "workflowId": 1, "jobId": -1}, {"startTime": 185132, "endTime": 185616, "taskId": 17, "workflowId": 1, "jobId": -1}, {"startTime": 185616, "endTime": 185691, "taskId": 28, "workflowId": 1, "jobId": -1}, {"startTime": 185691, "endTime": 185955, "taskId": 28, "workflowId": 1, "jobId": -1}, {"startTime": 185955, "endTime": 186683, "taskId": 28, "workflowId": 1, "jobId": -1}, {"startTime": 186683, "endTime": 186981, "taskId": 32, "workflowId": 1, "jobId": -1}, {"startTime": 186981, "endTime": 187463, "taskId": 32, "workflowId": 1, "jobId": -1}, {"startTime": 187463, "endTime": 187716, "taskId": 32, "workflowId": 1, "jobId": -1}, {"startTime": 187716, "endTime": 187721, "taskId": 8, "workflowId": 1, "jobId": -1}, {"startTime": 187721, "endTime": 188489, "taskId": 8, "workflowId": 1, "jobId": -1}, {"startTime": 188489, "endTime": 188496, "taskId": 8, "workflowId": 1, "jobId": -1}, {"startTime": 188496, "endTime": 189253, "taskId": 5, "workflowId": 1, "jobId": -1}, {"startTime": 189253, "endTime": 189350, "taskId": 15, "workflowId": -1, "jobId": 1}, {"startTime": 189350, "endTime": 189619, "taskId": 12, "workflowId": -1, "jobId": 2}, {"startTime": 189619, "endTime": 194229, "taskId": 13, "workflowId": -1, "jobId": 2}, {"startTime": 194229, "endTime": 195211, "taskId": 14, "workflowId": -1, "jobId": 4}, {"startTime": 195211, "endTime": 196725, "taskId": 13, "workflowId": -1, "jobId": 2}, {"startTime": 196725, "endTime": 196937, "taskId": 14, "workflowId": -1, "jobId": 5}, {"startTime": 196937, "endTime": 197012, "taskId": 10, "workflowId": -1, "jobId": 3}, {"startTime": 197012, "endTime": 197342, "taskId": 5, "workflowId": -1, "jobId": 5}, {"startTime": 197342, "endTime": 198384, "taskId": 8, "workflowId": -1, "jobId": 6}, {"startTime": 198384, "endTime": 201452, "taskId": 8, "workflowId": -1, "jobId": 6}, {"startTime": 201452, "endTime": 202037, "taskId": 8, "workflowId": -1, "jobId": 6}, {"startTime": 202037, "endTime": 203370, "taskId": 8, "workflowId": -1, "jobId": 6}, {"startTime": 203370, "endTime": 207170, "taskId": 8, "workflowId": -1, "jobId": 6}, {"startTime": 207170, "endTime": 208829, "taskId": 14, "workflowId": -1, "jobId": 5}, {"startTime": 208829, "endTime": 213603, "taskId": 14, "workflowId": -1, "jobId": 5}, {"startTime": 213603, "endTime": 219555, "taskId": 15, "workflowId": -1, "jobId": 2}, {"startTime": 219954, "endTime": 220297, "taskId": 13, "workflowId": -1, "jobId": 3}, {"startTime": 220297, "endTime": 223145, "taskId": 14, "workflowId": -1, "jobId": 6}, {"startTime": 223145, "endTime": 223530, "taskId": 4, "workflowId": -1, "jobId": 4}, {"startTime": 223530, "endTime": 233358, "taskId": 8, "workflowId": -1, "jobId": 7}, {"startTime": 233358, "endTime": 238730, "taskId": 14, "workflowId": -1, "jobId": 6}, {"startTime": 245814, "endTime": 246934, "taskId": 12, "workflowId": -1, "jobId": 4}, {"startTime": 246934, "endTime": 249278, "taskId": 9, "workflowId": -1, "jobId": 5}, {"startTime": 249278, "endTime": 258524, "taskId": 7, "workflowId": -1, "jobId": 8}, {"startTime": 258524, "endTime": 264651, "taskId": 14, "workflowId": -1, "jobId": 7}, {"startTime": 264889, "endTime": 267720, "taskId": 13, "workflowId": -1, "jobId": 4}, {"startTime": 268832, "endTime": 271845, "taskId": 4, "workflowId": -1, "jobId": 5}, {"startTime": 276571, "endTime": 278902, "taskId": 15, "workflowId": -1, "jobId": 3}, {"startTime": 280286, "endTime": 288506, "taskId": 14, "workflowId": -1, "jobId": 8}, {"startTime": 300074, "endTime": 301419, "taskId": 13, "workflowId": -1, "jobId": 5}, {"startTime": 301419, "endTime": 301544, "taskId": 12, "workflowId": -1, "jobId": 5}, {"startTime": 301544, "endTime": 302094, "taskId": 11, "workflowId": -1, "jobId": 4}, {"startTime": 302094, "endTime": 303017, "taskId": 10, "workflowId": -1, "jobId": 5}, {"startTime": 303017, "endTime": 304514, "taskId": 10, "workflowId": -1, "jobId": 5}, {"startTime": 304514, "endTime": 306519, "taskId": 10, "workflowId": -1, "jobId": 5}, {"startTime": 306519, "endTime": 307442, "taskId": 11, "workflowId": -1, "jobId": 4}, {"startTime": 307442, "endTime": 308390, "taskId": 12, "workflowId": -1, "jobId": 5}, {"startTime": 308390, "endTime": 308939, "taskId": 6, "workflowId": -1, "jobId": 5}, {"startTime": 308939, "endTime": 309824, "taskId": 6, "workflowId": -1, "jobId": 5}, {"startTime": 309824, "endTime": 310334, "taskId": 4, "workflowId": -1, "jobId": 6}, {"startTime": 310334, "endTime": 311922, "taskId": 8, "workflowId": -1, "jobId": 10}, {"startTime": 311922, "endTime": 314535, "taskId": 6, "workflowId": -1, "jobId": 5}, {"startTime": 314535, "endTime": 322755, "taskId": 14, "workflowId": -1, "jobId": 9}, {"startTime": 328282, "endTime": 328334, "taskId": 8, "workflowId": -1, "jobId": 11}, {"startTime": 328334, "endTime": 329319, "taskId": 7, "workflowId": -1, "jobId": 11}, {"startTime": 329319, "endTime": 329471, "taskId": 8, "workflowId": 0, "jobId": -1}, {"startTime": 329471, "endTime": 329595, "taskId": 7, "workflowId": 0, "jobId": -1}, {"startTime": 329595, "endTime": 330282, "taskId": 9, "workflowId": 0, "jobId": -1}, {"startTime": 330282, "endTime": 330432, "taskId": 9, "workflowId": 0, "jobId": -1}, {"startTime": 330432, "endTime": 331139, "taskId": 12, "workflowId": 0, "jobId": -1}, {"startTime": 331139, "endTime": 332062, "taskId": 12, "workflowId": 0, "jobId": -1}, {"startTime": 332062, "endTime": 332749, "taskId": 7, "workflowId": 0, "jobId": -1}, {"startTime": 332749, "endTime": 333719, "taskId": 19, "workflowId": 0, "jobId": -1}, {"startTime": 333719, "endTime": 335294, "taskId": 17, "workflowId": 0, "jobId": -1}, {"startTime": 335294, "endTime": 335600, "taskId": 17, "workflowId": 0, "jobId": -1}, {"startTime": 335600, "endTime": 336614, "taskId": 18, "workflowId": 0, "jobId": -1}, {"startTime": 336614, "endTime": 337568, "taskId": 18, "workflowId": 0, "jobId": -1}, {"startTime": 337568, "endTime": 338901, "taskId": 28, "workflowId": 0, "jobId": -1}, {"startTime": 338901, "endTime": 339063, "taskId": 25, "workflowId": 0, "jobId": -1}, {"startTime": 339063, "endTime": 340062, "taskId": 25, "workflowId": 0, "jobId": -1}, {"startTime": 340062, "endTime": 340176, "taskId": 25, "workflowId": 0, "jobId": -1}, {"startTime": 340176, "endTime": 341145, "taskId": 24, "workflowId": 0, "jobId": -1}, {"startTime": 341145, "endTime": 350921, "taskId": 8, "workflowId": -1, "jobId": 11}, {"startTime": 350921, "endTime": 353660, "taskId": 12, "workflowId": -1, "jobId": 6}, {"startTime": 353660, "endTime": 353810, "taskId": 14, "workflowId": -1, "jobId": 10}, {"startTime": 353810, "endTime": 354470, "taskId": 10, "workflowId": -1, "jobId": 6}, {"startTime": 354470, "endTime": 356748, "taskId": 8, "workflowId": -1, "jobId": 12}, {"startTime": 356748, "endTime": 358760, "taskId": 8, "workflowId": -1, "jobId": 12}, {"startTime": 358760, "endTime": 359134, "taskId": 8, "workflowId": -1, "jobId": 12}, {"startTime": 359134, "endTime": 361848, "taskId": 8, "workflowId": -1, "jobId": 12}, {"startTime": 361848, "endTime": 364298, "taskId": 8, "workflowId": -1, "jobId": 12}, {"startTime": 364298, "endTime": 373145, "taskId": 11, "workflowId": -1, "jobId": 5}, {"startTime": 373145, "endTime": 375434, "taskId": 13, "workflowId": -1, "jobId": 6}, {"startTime": 375434, "endTime": 375770, "taskId": 14, "workflowId": -1, "jobId": 11}, {"startTime": 375770, "endTime": 375940, "taskId": 9, "workflowId": -1, "jobId": 8}, {"startTime": 375940, "endTime": 378703, "taskId": 14, "workflowId": -1, "jobId": 11}, {"startTime": 378703, "endTime": 379047, "taskId": 13, "workflowId": -1, "jobId": 6}, {"startTime": 379047, "endTime": 379361, "taskId": 5, "workflowId": -1, "jobId": 11}, {"startTime": 379361, "endTime": 379943, "taskId": 5, "workflowId": -1, "jobId": 11}, {"startTime": 379943, "endTime": 389189, "taskId": 7, "workflowId": -1, "jobId": 13}, {"startTime": 400014, "endTime": 400322, "taskId": 12, "workflowId": -1, "jobId": 7}, {"startTime": 400322, "endTime": 406076, "taskId": 14, "workflowId": -1, "jobId": 12}, {"startTime": 406076, "endTime": 411001, "taskId": 10, "workflowId": -1, "jobId": 7}, {"startTime": 411001, "endTime": 411629, "taskId": 12, "workflowId": -1, "jobId": 7}, {"startTime": 411629, "endTime": 412781, "taskId": 5, "workflowId": -1, "jobId": 12}, {"startTime": 412781, "endTime": 413054, "taskId": 5, "workflowId": -1, "jobId": 12}, {"startTime": 413054, "endTime": 416674, "taskId": 8, "workflowId": -1, "jobId": 14}, {"startTime": 416674, "endTime": 417073, "taskId": 9, "workflowId": -1, "jobId": 9}, {"startTime": 417073, "endTime": 421648, "taskId": 9, "workflowId": -1, "jobId": 9}, {"startTime": 421648, "endTime": 430399, "taskId": 11, "workflowId": -1, "jobId": 6}, {"startTime": 445394, "endTime": 446646, "taskId": 4, "workflowId": -1, "jobId": 9}, {"startTime": 446646, "endTime": 447876, "taskId": 5, "workflowId": -1, "jobId": 13}, {"startTime": 447876, "endTime": 450338, "taskId": 4, "workflowId": -1, "jobId": 9}, {"startTime": 450338, "endTime": 456680, "taskId": 0, "workflowId": -1, "jobId": 11}, {"startTime": 464827, "endTime": 468560, "taskId": 14, "workflowId": -1, "jobId": 14}]}]