[{"frequency": 2.83, "activePower": 118, "idlePower": 56.7, "memory": 4, "allocations": [{"startTime": 53546, "endTime": 54064, "taskId": 0, "workflowId": 3, "jobId": -1}, {"startTime": 58798, "endTime": 59819, "taskId": 0, "workflowId": 0, "jobId": -1}, {"startTime": 59819, "endTime": 60781, "taskId": 2, "workflowId": 0, "jobId": -1}, {"startTime": 60781, "endTime": 61207, "taskId": 6, "workflowId": 0, "jobId": -1}, {"startTime": 61207, "endTime": 61993, "taskId": 3, "workflowId": 0, "jobId": -1}, {"startTime": 61993, "endTime": 63591, "taskId": 5, "workflowId": 0, "jobId": -1}, {"startTime": 63591, "endTime": 64542, "taskId": 8, "workflowId": 0, "jobId": -1}, {"startTime": 64542, "endTime": 65238, "taskId": 10, "workflowId": 0, "jobId": -1}, {"startTime": 65238, "endTime": 65362, "taskId": 10, "workflowId": 0, "jobId": -1}, {"startTime": 65362, "endTime": 66058, "taskId": 7, "workflowId": 0, "jobId": -1}, {"startTime": 66058, "endTime": 66315, "taskId": 11, "workflowId": 0, "jobId": -1}, {"startTime": 66315, "endTime": 66602, "taskId": 4, "workflowId": 1, "jobId": -1}, {"startTime": 66602, "endTime": 67163, "taskId": 4, "workflowId": 1, "jobId": -1}, {"startTime": 67163, "endTime": 67223, "taskId": 4, "workflowId": 1, "jobId": -1}, {"startTime": 67223, "endTime": 67510, "taskId": 9, "workflowId": 0, "jobId": -1}, {"startTime": 67510, "endTime": 67670, "taskId": 9, "workflowId": 0, "jobId": -1}, {"startTime": 67670, "endTime": 67672, "taskId": 9, "workflowId": 0, "jobId": -1}, {"startTime": 67672, "endTime": 67864, "taskId": 6, "workflowId": 1, "jobId": -1}, {"startTime": 67864, "endTime": 68199, "taskId": 6, "workflowId": 1, "jobId": -1}, {"startTime": 68199, "endTime": 68200, "taskId": 6, "workflowId": 1, "jobId": -1}, {"startTime": 68200, "endTime": 68388, "taskId": 9, "workflowId": 1, "jobId": -1}, {"startTime": 68388, "endTime": 68486, "taskId": 9, "workflowId": 1, "jobId": -1}, {"startTime": 68486, "endTime": 68520, "taskId": 9, "workflowId": 1, "jobId": -1}, {"startTime": 68520, "endTime": 68546, "taskId": 9, "workflowId": 1, "jobId": -1}, {"startTime": 68546, "endTime": 68660, "taskId": 9, "workflowId": 1, "jobId": -1}, {"startTime": 68660, "endTime": 68661, "taskId": 17, "workflowId": 0, "jobId": -1}, {"startTime": 68661, "endTime": 68676, "taskId": 11, "workflowId": 0, "jobId": -1}, {"startTime": 68676, "endTime": 68813, "taskId": 21, "workflowId": 0, "jobId": -1}, {"startTime": 68813, "endTime": 69011, "taskId": 7, "workflowId": 1, "jobId": -1}, {"startTime": 69011, "endTime": 69706, "taskId": 7, "workflowId": 1, "jobId": -1}, {"startTime": 69706, "endTime": 70130, "taskId": 12, "workflowId": 1, "jobId": -1}, {"startTime": 70130, "endTime": 70167, "taskId": 12, "workflowId": 1, "jobId": -1}, {"startTime": 70167, "endTime": 70202, "taskId": 12, "workflowId": 1, "jobId": -1}, {"startTime": 70202, "endTime": 70272, "taskId": 12, "workflowId": 1, "jobId": -1}, {"startTime": 70272, "endTime": 70331, "taskId": 12, "workflowId": 1, "jobId": -1}, {"startTime": 70331, "endTime": 70417, "taskId": 12, "workflowId": 1, "jobId": -1}, {"startTime": 70417, "endTime": 70546, "taskId": 12, "workflowId": 1, "jobId": -1}, {"startTime": 70546, "endTime": 70587, "taskId": 12, "workflowId": 1, "jobId": -1}, {"startTime": 70587, "endTime": 70654, "taskId": 12, "workflowId": 1, "jobId": -1}, {"startTime": 70654, "endTime": 70814, "taskId": 12, "workflowId": 1, "jobId": -1}, {"startTime": 70814, "endTime": 70837, "taskId": 14, "workflowId": 1, "jobId": -1}, {"startTime": 70837, "endTime": 71238, "taskId": 14, "workflowId": 1, "jobId": -1}, {"startTime": 71238, "endTime": 71669, "taskId": 14, "workflowId": 1, "jobId": -1}, {"startTime": 71669, "endTime": 71853, "taskId": 18, "workflowId": 1, "jobId": -1}, {"startTime": 71853, "endTime": 71872, "taskId": 18, "workflowId": 1, "jobId": -1}, {"startTime": 71872, "endTime": 72061, "taskId": 18, "workflowId": 1, "jobId": -1}, {"startTime": 72061, "endTime": 72093, "taskId": 18, "workflowId": 1, "jobId": -1}, {"startTime": 72093, "endTime": 72125, "taskId": 18, "workflowId": 1, "jobId": -1}, {"startTime": 72125, "endTime": 72234, "taskId": 20, "workflowId": 1, "jobId": -1}, {"startTime": 72234, "endTime": 72824, "taskId": 20, "workflowId": 1, "jobId": -1}, {"startTime": 72824, "endTime": 72837, "taskId": 21, "workflowId": 1, "jobId": -1}, {"startTime": 72837, "endTime": 73033, "taskId": 21, "workflowId": 1, "jobId": -1}, {"startTime": 73033, "endTime": 73260, "taskId": 21, "workflowId": 1, "jobId": -1}, {"startTime": 73260, "endTime": 73268, "taskId": 21, "workflowId": 1, "jobId": -1}, {"startTime": 73268, "endTime": 73282, "taskId": 21, "workflowId": 1, "jobId": -1}, {"startTime": 73282, "endTime": 73306, "taskId": 21, "workflowId": 1, "jobId": -1}, {"startTime": 73306, "endTime": 73472, "taskId": 21, "workflowId": 1, "jobId": -1}, {"startTime": 73472, "endTime": 73488, "taskId": 19, "workflowId": 0, "jobId": -1}, {"startTime": 73488, "endTime": 73518, "taskId": 19, "workflowId": 1, "jobId": -1}, {"startTime": 73518, "endTime": 73647, "taskId": 19, "workflowId": 1, "jobId": -1}, {"startTime": 73647, "endTime": 73881, "taskId": 19, "workflowId": 1, "jobId": -1}, {"startTime": 73881, "endTime": 74060, "taskId": 19, "workflowId": 1, "jobId": -1}, {"startTime": 74060, "endTime": 74158, "taskId": 19, "workflowId": 1, "jobId": -1}, {"startTime": 74158, "endTime": 74272, "taskId": 19, "workflowId": 1, "jobId": -1}, {"startTime": 74272, "endTime": 74293, "taskId": 19, "workflowId": 1, "jobId": -1}, {"startTime": 74293, "endTime": 74296, "taskId": 19, "workflowId": 1, "jobId": -1}, {"startTime": 74296, "endTime": 74330, "taskId": 19, "workflowId": 0, "jobId": -1}, {"startTime": 74330, "endTime": 74426, "taskId": 19, "workflowId": 0, "jobId": -1}, {"startTime": 74426, "endTime": 74440, "taskId": 19, "workflowId": 0, "jobId": -1}, {"startTime": 74440, "endTime": 74615, "taskId": 19, "workflowId": 0, "jobId": -1}, {"startTime": 74615, "endTime": 74893, "taskId": 19, "workflowId": 0, "jobId": -1}, {"startTime": 74893, "endTime": 75137, "taskId": 23, "workflowId": 1, "jobId": -1}, {"startTime": 75137, "endTime": 76045, "taskId": 23, "workflowId": 1, "jobId": -1}, {"startTime": 76045, "endTime": 76170, "taskId": 23, "workflowId": 0, "jobId": -1}, {"startTime": 76170, "endTime": 76442, "taskId": 20, "workflowId": 0, "jobId": -1}, {"startTime": 76442, "endTime": 76458, "taskId": 20, "workflowId": 0, "jobId": -1}, {"startTime": 76458, "endTime": 76539, "taskId": 22, "workflowId": 1, "jobId": -1}, {"startTime": 76539, "endTime": 76678, "taskId": 22, "workflowId": 1, "jobId": -1}, {"startTime": 76678, "endTime": 76733, "taskId": 22, "workflowId": 1, "jobId": -1}, {"startTime": 76733, "endTime": 77092, "taskId": 22, "workflowId": 1, "jobId": -1}, {"startTime": 77092, "endTime": 77346, "taskId": 22, "workflowId": 1, "jobId": -1}, {"startTime": 77346, "endTime": 77454, "taskId": 22, "workflowId": 1, "jobId": -1}, {"startTime": 77454, "endTime": 77482, "taskId": 22, "workflowId": 1, "jobId": -1}, {"startTime": 77482, "endTime": 77529, "taskId": 22, "workflowId": 1, "jobId": -1}, {"startTime": 77529, "endTime": 77558, "taskId": 22, "workflowId": 1, "jobId": -1}, {"startTime": 77558, "endTime": 77811, "taskId": 22, "workflowId": 1, "jobId": -1}, {"startTime": 77811, "endTime": 78069, "taskId": 22, "workflowId": 1, "jobId": -1}, {"startTime": 78069, "endTime": 78197, "taskId": 23, "workflowId": 0, "jobId": -1}, {"startTime": 78197, "endTime": 78236, "taskId": 16, "workflowId": 0, "jobId": -1}, {"startTime": 78236, "endTime": 78390, "taskId": 16, "workflowId": 0, "jobId": -1}, {"startTime": 78390, "endTime": 78810, "taskId": 22, "workflowId": 0, "jobId": -1}, {"startTime": 78810, "endTime": 78971, "taskId": 22, "workflowId": 0, "jobId": -1}, {"startTime": 78971, "endTime": 79136, "taskId": 22, "workflowId": 0, "jobId": -1}, {"startTime": 79136, "endTime": 79324, "taskId": 18, "workflowId": 0, "jobId": -1}, {"startTime": 79324, "endTime": 79663, "taskId": 23, "workflowId": 0, "jobId": -1}, {"startTime": 79663, "endTime": 80770, "taskId": 17, "workflowId": 1, "jobId": -1}, {"startTime": 80770, "endTime": 80948, "taskId": 1, "workflowId": 1, "jobId": -1}, {"startTime": 80948, "endTime": 81386, "taskId": 26, "workflowId": 1, "jobId": -1}, {"startTime": 81386, "endTime": 81819, "taskId": 1, "workflowId": 1, "jobId": -1}, {"startTime": 81819, "endTime": 82028, "taskId": 10, "workflowId": 1, "jobId": -1}, {"startTime": 82028, "endTime": 82438, "taskId": 10, "workflowId": 1, "jobId": -1}, {"startTime": 82438, "endTime": 83784, "taskId": 28, "workflowId": 1, "jobId": -1}, {"startTime": 83784, "endTime": 83806, "taskId": 30, "workflowId": 1, "jobId": -1}, {"startTime": 83806, "endTime": 83949, "taskId": 30, "workflowId": 1, "jobId": -1}, {"startTime": 83949, "endTime": 83973, "taskId": 30, "workflowId": 1, "jobId": -1}, {"startTime": 83973, "endTime": 84040, "taskId": 30, "workflowId": 1, "jobId": -1}, {"startTime": 84040, "endTime": 84711, "taskId": 30, "workflowId": 1, "jobId": -1}, {"startTime": 84711, "endTime": 84734, "taskId": 29, "workflowId": 0, "jobId": -1}, {"startTime": 84734, "endTime": 84946, "taskId": 29, "workflowId": 0, "jobId": -1}, {"startTime": 84946, "endTime": 85374, "taskId": 29, "workflowId": 0, "jobId": -1}, {"startTime": 85374, "endTime": 85418, "taskId": 29, "workflowId": 0, "jobId": -1}, {"startTime": 85418, "endTime": 85639, "taskId": 29, "workflowId": 0, "jobId": -1}, {"startTime": 85639, "endTime": 85898, "taskId": 31, "workflowId": 0, "jobId": -1}, {"startTime": 85898, "endTime": 86039, "taskId": 31, "workflowId": 0, "jobId": -1}, {"startTime": 86039, "endTime": 86279, "taskId": 31, "workflowId": 0, "jobId": -1}, {"startTime": 86279, "endTime": 86346, "taskId": 31, "workflowId": 0, "jobId": -1}, {"startTime": 86346, "endTime": 86582, "taskId": 31, "workflowId": 0, "jobId": -1}, {"startTime": 86582, "endTime": 86679, "taskId": 32, "workflowId": 1, "jobId": -1}, {"startTime": 86679, "endTime": 86871, "taskId": 5, "workflowId": 1, "jobId": -1}, {"startTime": 86871, "endTime": 87319, "taskId": 5, "workflowId": 1, "jobId": -1}, {"startTime": 87319, "endTime": 87432, "taskId": 25, "workflowId": 0, "jobId": -1}, {"startTime": 87432, "endTime": 87566, "taskId": 31, "workflowId": 1, "jobId": -1}, {"startTime": 87566, "endTime": 87735, "taskId": 31, "workflowId": 1, "jobId": -1}, {"startTime": 87735, "endTime": 87908, "taskId": 31, "workflowId": 1, "jobId": -1}, {"startTime": 87908, "endTime": 88283, "taskId": 31, "workflowId": 1, "jobId": -1}, {"startTime": 88283, "endTime": 89046, "taskId": 25, "workflowId": 0, "jobId": -1}, {"startTime": 89046, "endTime": 89573, "taskId": 26, "workflowId": 0, "jobId": -1}, {"startTime": 90431, "endTime": 91408, "taskId": 8, "workflowId": 2, "jobId": -1}, {"startTime": 95191, "endTime": 96117, "taskId": 21, "workflowId": 3, "jobId": -1}, {"startTime": 98019, "endTime": 98988, "taskId": 22, "workflowId": 3, "jobId": -1}, {"startTime": 102013, "endTime": 103224, "taskId": 15, "workflowId": 2, "jobId": -1}, {"startTime": 105190, "endTime": 105641, "taskId": 27, "workflowId": 3, "jobId": -1}, {"startTime": 112807, "endTime": 113597, "taskId": 21, "workflowId": 2, "jobId": -1}, {"startTime": 113597, "endTime": 115327, "taskId": 25, "workflowId": 2, "jobId": -1}, {"startTime": 126909, "endTime": 128515, "taskId": 29, "workflowId": 2, "jobId": -1}]}, {"frequency": 2.83, "activePower": 118, "idlePower": 56.7, "memory": 4, "allocations": [{"startTime": 30116, "endTime": 38361, "taskId": 3, "workflowId": -1, "jobId": 0}, {"startTime": 38361, "endTime": 45006, "taskId": 5, "workflowId": -1, "jobId": 0}, {"startTime": 45006, "endTime": 46429, "taskId": 5, "workflowId": -1, "jobId": 0}, {"startTime": 46429, "endTime": 53272, "taskId": 0, "workflowId": -1, "jobId": 0}, {"startTime": 53272, "endTime": 59917, "taskId": 7, "workflowId": -1, "jobId": 0}, {"startTime": 59917, "endTime": 68162, "taskId": 3, "workflowId": -1, "jobId": 1}, {"startTime": 68162, "endTime": 76240, "taskId": 5, "workflowId": -1, "jobId": 1}, {"startTime": 76240, "endTime": 82001, "taskId": 4, "workflowId": -1, "jobId": 1}, {"startTime": 82001, "endTime": 90542, "taskId": 6, "workflowId": -1, "jobId": 1}, {"startTime": 90542, "endTime": 97187, "taskId": 7, "workflowId": -1, "jobId": 1}, {"startTime": 97187, "endTime": 105265, "taskId": 5, "workflowId": -1, "jobId": 2}, {"startTime": 105265, "endTime": 111026, "taskId": 4, "workflowId": -1, "jobId": 2}, {"startTime": 111026, "endTime": 117869, "taskId": 0, "workflowId": -1, "jobId": 2}, {"startTime": 117869, "endTime": 124514, "taskId": 6, "workflowId": -1, "jobId": 2}, {"startTime": 124514, "endTime": 126410, "taskId": 6, "workflowId": -1, "jobId": 2}, {"startTime": 126410, "endTime": 130578, "taskId": 7, "workflowId": -1, "jobId": 2}, {"startTime": 130578, "endTime": 133055, "taskId": 7, "workflowId": -1, "jobId": 2}, {"startTime": 133055, "endTime": 140869, "taskId": 2, "workflowId": -1, "jobId": 3}, {"startTime": 140869, "endTime": 146301, "taskId": 4, "workflowId": -1, "jobId": 3}, {"startTime": 146301, "endTime": 153144, "taskId": 0, "workflowId": -1, "jobId": 3}, {"startTime": 153144, "endTime": 161685, "taskId": 6, "workflowId": -1, "jobId": 3}, {"startTime": 161685, "endTime": 167282, "taskId": 7, "workflowId": -1, "jobId": 3}, {"startTime": 167282, "endTime": 175096, "taskId": 2, "workflowId": -1, "jobId": 4}, {"startTime": 175096, "endTime": 180857, "taskId": 4, "workflowId": -1, "jobId": 4}, {"startTime": 180857, "endTime": 187700, "taskId": 0, "workflowId": -1, "jobId": 4}, {"startTime": 187700, "endTime": 195191, "taskId": 6, "workflowId": -1, "jobId": 4}, {"startTime": 195191, "endTime": 203005, "taskId": 2, "workflowId": -1, "jobId": 5}, {"startTime": 203005, "endTime": 208766, "taskId": 4, "workflowId": -1, "jobId": 5}, {"startTime": 210321, "endTime": 211094, "taskId": 0, "workflowId": -1, "jobId": 5}, {"startTime": 211094, "endTime": 219339, "taskId": 3, "workflowId": -1, "jobId": 7}, {"startTime": 219339, "endTime": 220488, "taskId": 6, "workflowId": -1, "jobId": 5}, {"startTime": 220488, "endTime": 228969, "taskId": 1, "workflowId": -1, "jobId": 7}, {"startTime": 228969, "endTime": 236783, "taskId": 2, "workflowId": -1, "jobId": 6}, {"startTime": 236783, "endTime": 236948, "taskId": 4, "workflowId": -1, "jobId": 6}, {"startTime": 236948, "endTime": 245193, "taskId": 3, "workflowId": -1, "jobId": 8}, {"startTime": 245193, "endTime": 249277, "taskId": 7, "workflowId": -1, "jobId": 5}, {"startTime": 249277, "endTime": 254822, "taskId": 0, "workflowId": -1, "jobId": 6}, {"startTime": 254822, "endTime": 263363, "taskId": 6, "workflowId": -1, "jobId": 6}, {"startTime": 263363, "endTime": 271608, "taskId": 3, "workflowId": -1, "jobId": 9}, {"startTime": 271608, "endTime": 277369, "taskId": 4, "workflowId": -1, "jobId": 7}, {"startTime": 277369, "endTime": 281191, "taskId": 7, "workflowId": -1, "jobId": 6}, {"startTime": 282403, "endTime": 288656, "taskId": 0, "workflowId": -1, "jobId": 7}, {"startTime": 288656, "endTime": 289246, "taskId": 3, "workflowId": -1, "jobId": 10}, {"startTime": 289246, "endTime": 296901, "taskId": 3, "workflowId": -1, "jobId": 10}, {"startTime": 296901, "endTime": 304501, "taskId": 6, "workflowId": -1, "jobId": 7}, {"startTime": 304501, "endTime": 310262, "taskId": 4, "workflowId": -1, "jobId": 8}, {"startTime": 310262, "endTime": 314510, "taskId": 7, "workflowId": -1, "jobId": 7}, {"startTime": 314510, "endTime": 322755, "taskId": 3, "workflowId": -1, "jobId": 11}, {"startTime": 322755, "endTime": 330213, "taskId": 2, "workflowId": -1, "jobId": 9}, {"startTime": 330213, "endTime": 338694, "taskId": 1, "workflowId": -1, "jobId": 11}, {"startTime": 338694, "endTime": 340364, "taskId": 4, "workflowId": -1, "jobId": 9}, {"startTime": 340364, "endTime": 348609, "taskId": 3, "workflowId": -1, "jobId": 12}, {"startTime": 348609, "endTime": 351376, "taskId": 7, "workflowId": -1, "jobId": 8}, {"startTime": 351376, "endTime": 353052, "taskId": 2, "workflowId": -1, "jobId": 10}, {"startTime": 353052, "endTime": 359190, "taskId": 2, "workflowId": -1, "jobId": 10}, {"startTime": 359190, "endTime": 360866, "taskId": 7, "workflowId": -1, "jobId": 8}, {"startTime": 360866, "endTime": 367709, "taskId": 0, "workflowId": -1, "jobId": 9}, {"startTime": 367709, "endTime": 375146, "taskId": 6, "workflowId": -1, "jobId": 9}, {"startTime": 375769, "endTime": 377504, "taskId": 8, "workflowId": -1, "jobId": 7}, {"startTime": 377504, "endTime": 385582, "taskId": 5, "workflowId": -1, "jobId": 12}, {"startTime": 385582, "endTime": 393234, "taskId": 2, "workflowId": -1, "jobId": 11}, {"startTime": 393234, "endTime": 399879, "taskId": 7, "workflowId": -1, "jobId": 9}, {"startTime": 399879, "endTime": 406722, "taskId": 0, "workflowId": -1, "jobId": 10}, {"startTime": 406722, "endTime": 412483, "taskId": 4, "workflowId": -1, "jobId": 11}, {"startTime": 412483, "endTime": 420964, "taskId": 1, "workflowId": -1, "jobId": 14}, {"startTime": 420964, "endTime": 427861, "taskId": 2, "workflowId": -1, "jobId": 12}, {"startTime": 427861, "endTime": 434110, "taskId": 7, "workflowId": -1, "jobId": 10}, {"startTime": 435308, "endTime": 435403, "taskId": 4, "workflowId": -1, "jobId": 12}, {"startTime": 435403, "endTime": 443481, "taskId": 5, "workflowId": -1, "jobId": 14}, {"startTime": 443481, "endTime": 446494, "taskId": 4, "workflowId": -1, "jobId": 12}, {"startTime": 446494, "endTime": 453042, "taskId": 6, "workflowId": -1, "jobId": 11}, {"startTime": 453042, "endTime": 460856, "taskId": 2, "workflowId": -1, "jobId": 13}, {"startTime": 462608, "endTime": 464351, "taskId": 0, "workflowId": -1, "jobId": 12}, {"startTime": 464351, "endTime": 465252, "taskId": 5, "workflowId": -1, "jobId": 15}, {"startTime": 465252, "endTime": 473733, "taskId": 1, "workflowId": -1, "jobId": 16}, {"startTime": 473733, "endTime": 477932, "taskId": 0, "workflowId": -1, "jobId": 12}]}, {"frequency": 2.83, "activePower": 118, "idlePower": 56.7, "memory": 4, "allocations": [{"startTime": 59820, "endTime": 61206, "taskId": 1, "workflowId": 0, "jobId": -1}, {"startTime": 61206, "endTime": 61208, "taskId": 5, "workflowId": 0, "jobId": -1}, {"startTime": 61208, "endTime": 62303, "taskId": 6, "workflowId": 0, "jobId": -1}, {"startTime": 62303, "endTime": 63625, "taskId": 4, "workflowId": 0, "jobId": -1}, {"startTime": 63625, "endTime": 64449, "taskId": 13, "workflowId": 0, "jobId": -1}, {"startTime": 64449, "endTime": 65145, "taskId": 12, "workflowId": 0, "jobId": -1}, {"startTime": 65145, "endTime": 65364, "taskId": 12, "workflowId": 0, "jobId": -1}, {"startTime": 65364, "endTime": 66031, "taskId": 14, "workflowId": 0, "jobId": -1}, {"startTime": 66031, "endTime": 66317, "taskId": 9, "workflowId": 0, "jobId": -1}, {"startTime": 66317, "endTime": 67482, "taskId": 2, "workflowId": 1, "jobId": -1}, {"startTime": 67482, "endTime": 67672, "taskId": 2, "workflowId": 1, "jobId": -1}, {"startTime": 67672, "endTime": 67673, "taskId": 11, "workflowId": 0, "jobId": -1}, {"startTime": 67673, "endTime": 67959, "taskId": 9, "workflowId": 0, "jobId": -1}, {"startTime": 67959, "endTime": 68260, "taskId": 9, "workflowId": 0, "jobId": -1}, {"startTime": 68260, "endTime": 68389, "taskId": 9, "workflowId": 0, "jobId": -1}, {"startTime": 68389, "endTime": 68450, "taskId": 11, "workflowId": 0, "jobId": -1}, {"startTime": 68450, "endTime": 68520, "taskId": 11, "workflowId": 0, "jobId": -1}, {"startTime": 68520, "endTime": 68660, "taskId": 11, "workflowId": 0, "jobId": -1}, {"startTime": 68660, "endTime": 68675, "taskId": 11, "workflowId": 1, "jobId": -1}, {"startTime": 68675, "endTime": 68995, "taskId": 11, "workflowId": 1, "jobId": -1}, {"startTime": 68995, "endTime": 69134, "taskId": 11, "workflowId": 1, "jobId": -1}, {"startTime": 69134, "endTime": 69187, "taskId": 11, "workflowId": 1, "jobId": -1}, {"startTime": 69187, "endTime": 69236, "taskId": 11, "workflowId": 1, "jobId": -1}, {"startTime": 69236, "endTime": 69298, "taskId": 11, "workflowId": 1, "jobId": -1}, {"startTime": 69298, "endTime": 69802, "taskId": 11, "workflowId": 1, "jobId": -1}, {"startTime": 69802, "endTime": 69912, "taskId": 15, "workflowId": 1, "jobId": -1}, {"startTime": 69912, "endTime": 70226, "taskId": 15, "workflowId": 1, "jobId": -1}, {"startTime": 70226, "endTime": 70272, "taskId": 15, "workflowId": 1, "jobId": -1}, {"startTime": 70272, "endTime": 70546, "taskId": 15, "workflowId": 1, "jobId": -1}, {"startTime": 70546, "endTime": 70887, "taskId": 15, "workflowId": 1, "jobId": -1}, {"startTime": 70887, "endTime": 70956, "taskId": 15, "workflowId": 1, "jobId": -1}, {"startTime": 70956, "endTime": 71050, "taskId": 15, "workflowId": 1, "jobId": -1}, {"startTime": 71050, "endTime": 71091, "taskId": 15, "workflowId": 1, "jobId": -1}, {"startTime": 71091, "endTime": 71515, "taskId": 13, "workflowId": 1, "jobId": -1}, {"startTime": 71515, "endTime": 71706, "taskId": 13, "workflowId": 1, "jobId": -1}, {"startTime": 71706, "endTime": 71989, "taskId": 13, "workflowId": 1, "jobId": -1}, {"startTime": 71989, "endTime": 72125, "taskId": 13, "workflowId": 1, "jobId": -1}, {"startTime": 72125, "endTime": 72126, "taskId": 19, "workflowId": 1, "jobId": -1}, {"startTime": 72126, "endTime": 72172, "taskId": 18, "workflowId": 1, "jobId": -1}, {"startTime": 72172, "endTime": 72333, "taskId": 18, "workflowId": 1, "jobId": -1}, {"startTime": 72333, "endTime": 72355, "taskId": 18, "workflowId": 1, "jobId": -1}, {"startTime": 72355, "endTime": 72548, "taskId": 18, "workflowId": 1, "jobId": -1}, {"startTime": 72548, "endTime": 72739, "taskId": 18, "workflowId": 1, "jobId": -1}, {"startTime": 72739, "endTime": 72838, "taskId": 18, "workflowId": 1, "jobId": -1}, {"startTime": 72838, "endTime": 72934, "taskId": 21, "workflowId": 0, "jobId": -1}, {"startTime": 72934, "endTime": 72950, "taskId": 19, "workflowId": 1, "jobId": -1}, {"startTime": 72950, "endTime": 73051, "taskId": 19, "workflowId": 1, "jobId": -1}, {"startTime": 73051, "endTime": 73089, "taskId": 19, "workflowId": 1, "jobId": -1}, {"startTime": 73089, "endTime": 73488, "taskId": 19, "workflowId": 1, "jobId": -1}, {"startTime": 73488, "endTime": 73582, "taskId": 21, "workflowId": 0, "jobId": -1}, {"startTime": 73582, "endTime": 73815, "taskId": 21, "workflowId": 0, "jobId": -1}, {"startTime": 73815, "endTime": 73967, "taskId": 25, "workflowId": 1, "jobId": -1}, {"startTime": 73967, "endTime": 74102, "taskId": 15, "workflowId": 0, "jobId": -1}, {"startTime": 74102, "endTime": 74158, "taskId": 15, "workflowId": 0, "jobId": -1}, {"startTime": 74158, "endTime": 74272, "taskId": 15, "workflowId": 0, "jobId": -1}, {"startTime": 74272, "endTime": 74999, "taskId": 15, "workflowId": 0, "jobId": -1}, {"startTime": 74999, "endTime": 75362, "taskId": 17, "workflowId": 0, "jobId": -1}, {"startTime": 75362, "endTime": 75626, "taskId": 17, "workflowId": 0, "jobId": -1}, {"startTime": 75626, "endTime": 75643, "taskId": 17, "workflowId": 0, "jobId": -1}, {"startTime": 75643, "endTime": 75654, "taskId": 17, "workflowId": 0, "jobId": -1}, {"startTime": 75654, "endTime": 76032, "taskId": 17, "workflowId": 0, "jobId": -1}, {"startTime": 76032, "endTime": 76061, "taskId": 25, "workflowId": 1, "jobId": -1}, {"startTime": 76061, "endTime": 76239, "taskId": 25, "workflowId": 1, "jobId": -1}, {"startTime": 76239, "endTime": 76267, "taskId": 25, "workflowId": 1, "jobId": -1}, {"startTime": 76267, "endTime": 76327, "taskId": 25, "workflowId": 1, "jobId": -1}, {"startTime": 76327, "endTime": 76431, "taskId": 25, "workflowId": 1, "jobId": -1}, {"startTime": 76431, "endTime": 76458, "taskId": 25, "workflowId": 1, "jobId": -1}, {"startTime": 76458, "endTime": 77094, "taskId": 25, "workflowId": 1, "jobId": -1}, {"startTime": 77094, "endTime": 77168, "taskId": 20, "workflowId": 0, "jobId": -1}, {"startTime": 77168, "endTime": 77235, "taskId": 20, "workflowId": 0, "jobId": -1}, {"startTime": 77235, "endTime": 77613, "taskId": 20, "workflowId": 0, "jobId": -1}, {"startTime": 77613, "endTime": 77945, "taskId": 24, "workflowId": 1, "jobId": -1}, {"startTime": 77945, "endTime": 78075, "taskId": 24, "workflowId": 1, "jobId": -1}, {"startTime": 78075, "endTime": 78086, "taskId": 24, "workflowId": 1, "jobId": -1}, {"startTime": 78086, "endTime": 78359, "taskId": 27, "workflowId": 1, "jobId": -1}, {"startTime": 78359, "endTime": 78390, "taskId": 22, "workflowId": 0, "jobId": -1}, {"startTime": 78390, "endTime": 78518, "taskId": 27, "workflowId": 1, "jobId": -1}, {"startTime": 78518, "endTime": 78704, "taskId": 27, "workflowId": 1, "jobId": -1}, {"startTime": 78704, "endTime": 78810, "taskId": 16, "workflowId": 0, "jobId": -1}, {"startTime": 78810, "endTime": 79124, "taskId": 16, "workflowId": 0, "jobId": -1}, {"startTime": 79124, "endTime": 79324, "taskId": 27, "workflowId": 0, "jobId": -1}, {"startTime": 79324, "endTime": 79550, "taskId": 18, "workflowId": 0, "jobId": -1}, {"startTime": 79550, "endTime": 79644, "taskId": 27, "workflowId": 0, "jobId": -1}, {"startTime": 79644, "endTime": 79663, "taskId": 17, "workflowId": 1, "jobId": -1}, {"startTime": 79663, "endTime": 80077, "taskId": 23, "workflowId": 0, "jobId": -1}, {"startTime": 80077, "endTime": 80088, "taskId": 23, "workflowId": 0, "jobId": -1}, {"startTime": 80088, "endTime": 80101, "taskId": 27, "workflowId": 0, "jobId": -1}, {"startTime": 80101, "endTime": 80330, "taskId": 26, "workflowId": 1, "jobId": -1}, {"startTime": 80330, "endTime": 80513, "taskId": 26, "workflowId": 1, "jobId": -1}, {"startTime": 80513, "endTime": 80948, "taskId": 26, "workflowId": 1, "jobId": -1}, {"startTime": 80948, "endTime": 81206, "taskId": 27, "workflowId": 0, "jobId": -1}, {"startTime": 81206, "endTime": 81328, "taskId": 27, "workflowId": 0, "jobId": -1}, {"startTime": 81328, "endTime": 81549, "taskId": 27, "workflowId": 0, "jobId": -1}, {"startTime": 81549, "endTime": 82028, "taskId": 27, "workflowId": 0, "jobId": -1}, {"startTime": 82028, "endTime": 82053, "taskId": 27, "workflowId": 0, "jobId": -1}, {"startTime": 82053, "endTime": 82143, "taskId": 27, "workflowId": 0, "jobId": -1}, {"startTime": 82143, "endTime": 82189, "taskId": 1, "workflowId": 1, "jobId": -1}, {"startTime": 82189, "endTime": 82438, "taskId": 28, "workflowId": 1, "jobId": -1}, {"startTime": 82438, "endTime": 82545, "taskId": 10, "workflowId": 1, "jobId": -1}, {"startTime": 82545, "endTime": 82668, "taskId": 10, "workflowId": 1, "jobId": -1}, {"startTime": 82668, "endTime": 82772, "taskId": 10, "workflowId": 1, "jobId": -1}, {"startTime": 82772, "endTime": 82896, "taskId": 10, "workflowId": 1, "jobId": -1}, {"startTime": 82896, "endTime": 82924, "taskId": 10, "workflowId": 1, "jobId": -1}, {"startTime": 82924, "endTime": 83260, "taskId": 1, "workflowId": 1, "jobId": -1}, {"startTime": 83260, "endTime": 83400, "taskId": 28, "workflowId": 0, "jobId": -1}, {"startTime": 83400, "endTime": 83806, "taskId": 28, "workflowId": 0, "jobId": -1}, {"startTime": 83806, "endTime": 84187, "taskId": 28, "workflowId": 0, "jobId": -1}, {"startTime": 84187, "endTime": 84373, "taskId": 28, "workflowId": 0, "jobId": -1}, {"startTime": 84373, "endTime": 84498, "taskId": 28, "workflowId": 0, "jobId": -1}, {"startTime": 84498, "endTime": 84894, "taskId": 30, "workflowId": 0, "jobId": -1}, {"startTime": 84894, "endTime": 85205, "taskId": 30, "workflowId": 0, "jobId": -1}, {"startTime": 85205, "endTime": 85249, "taskId": 30, "workflowId": 0, "jobId": -1}, {"startTime": 85249, "endTime": 85294, "taskId": 30, "workflowId": 0, "jobId": -1}, {"startTime": 85294, "endTime": 85429, "taskId": 30, "workflowId": 0, "jobId": -1}, {"startTime": 85429, "endTime": 86136, "taskId": 29, "workflowId": 1, "jobId": -1}, {"startTime": 86136, "endTime": 86231, "taskId": 29, "workflowId": 1, "jobId": -1}, {"startTime": 86231, "endTime": 86372, "taskId": 8, "workflowId": 1, "jobId": -1}, {"startTime": 86372, "endTime": 86536, "taskId": 8, "workflowId": 1, "jobId": -1}, {"startTime": 86536, "endTime": 86871, "taskId": 8, "workflowId": 1, "jobId": -1}, {"startTime": 86871, "endTime": 86938, "taskId": 8, "workflowId": 1, "jobId": -1}, {"startTime": 86938, "endTime": 87082, "taskId": 24, "workflowId": 0, "jobId": -1}, {"startTime": 87082, "endTime": 87107, "taskId": 31, "workflowId": 1, "jobId": -1}, {"startTime": 87107, "endTime": 87417, "taskId": 31, "workflowId": 1, "jobId": -1}, {"startTime": 87417, "endTime": 87432, "taskId": 31, "workflowId": 1, "jobId": -1}, {"startTime": 87432, "endTime": 88023, "taskId": 24, "workflowId": 0, "jobId": -1}, {"startTime": 88023, "endTime": 88138, "taskId": 32, "workflowId": 1, "jobId": -1}, {"startTime": 88138, "endTime": 88163, "taskId": 32, "workflowId": 1, "jobId": -1}, {"startTime": 88163, "endTime": 88326, "taskId": 32, "workflowId": 1, "jobId": -1}, {"startTime": 88326, "endTime": 88872, "taskId": 3, "workflowId": 1, "jobId": -1}, {"startTime": 88872, "endTime": 89382, "taskId": 16, "workflowId": 1, "jobId": -1}]}, {"frequency": 2.83, "activePower": 118, "idlePower": 56.7, "memory": 4, "allocations": [{"startTime": 30116, "endTime": 30126, "taskId": 5, "workflowId": -1, "jobId": 0}, {"startTime": 30126, "endTime": 37930, "taskId": 1, "workflowId": -1, "jobId": 0}, {"startTime": 37930, "endTime": 38194, "taskId": 1, "workflowId": -1, "jobId": 0}, {"startTime": 38194, "endTime": 38607, "taskId": 1, "workflowId": -1, "jobId": 0}, {"startTime": 38607, "endTime": 44368, "taskId": 2, "workflowId": -1, "jobId": 0}, {"startTime": 44368, "endTime": 46421, "taskId": 2, "workflowId": -1, "jobId": 0}, {"startTime": 46421, "endTime": 46735, "taskId": 4, "workflowId": -1, "jobId": 0}, {"startTime": 46735, "endTime": 52182, "taskId": 4, "workflowId": -1, "jobId": 0}, {"startTime": 52182, "endTime": 60723, "taskId": 6, "workflowId": -1, "jobId": 0}, {"startTime": 60723, "endTime": 69204, "taskId": 1, "workflowId": -1, "jobId": 1}, {"startTime": 69204, "endTime": 77018, "taskId": 2, "workflowId": -1, "jobId": 1}, {"startTime": 77018, "endTime": 83861, "taskId": 0, "workflowId": -1, "jobId": 1}, {"startTime": 83861, "endTime": 90506, "taskId": 3, "workflowId": -1, "jobId": 2}, {"startTime": 90506, "endTime": 92106, "taskId": 3, "workflowId": -1, "jobId": 2}, {"startTime": 92106, "endTime": 100587, "taskId": 1, "workflowId": -1, "jobId": 2}, {"startTime": 100587, "endTime": 108401, "taskId": 2, "workflowId": -1, "jobId": 2}, {"startTime": 108401, "endTime": 116646, "taskId": 3, "workflowId": -1, "jobId": 3}, {"startTime": 116646, "endTime": 125127, "taskId": 1, "workflowId": -1, "jobId": 3}, {"startTime": 125127, "endTime": 125187, "taskId": 5, "workflowId": -1, "jobId": 3}, {"startTime": 125187, "endTime": 133205, "taskId": 5, "workflowId": -1, "jobId": 3}, {"startTime": 133205, "endTime": 133534, "taskId": 4, "workflowId": -1, "jobId": 3}, {"startTime": 133534, "endTime": 141779, "taskId": 3, "workflowId": -1, "jobId": 4}, {"startTime": 141779, "endTime": 150260, "taskId": 1, "workflowId": -1, "jobId": 4}, {"startTime": 150260, "endTime": 158338, "taskId": 5, "workflowId": -1, "jobId": 4}, {"startTime": 158338, "endTime": 159386, "taskId": 7, "workflowId": -1, "jobId": 3}, {"startTime": 159386, "endTime": 167631, "taskId": 3, "workflowId": -1, "jobId": 5}, {"startTime": 167631, "endTime": 176112, "taskId": 1, "workflowId": -1, "jobId": 5}, {"startTime": 176112, "endTime": 184190, "taskId": 5, "workflowId": -1, "jobId": 5}, {"startTime": 184190, "endTime": 185240, "taskId": 6, "workflowId": -1, "jobId": 4}, {"startTime": 185240, "endTime": 193485, "taskId": 3, "workflowId": -1, "jobId": 6}, {"startTime": 193485, "endTime": 201966, "taskId": 1, "workflowId": -1, "jobId": 6}, {"startTime": 201966, "endTime": 208611, "taskId": 7, "workflowId": -1, "jobId": 4}, {"startTime": 208611, "endTime": 216689, "taskId": 5, "workflowId": -1, "jobId": 6}, {"startTime": 216689, "endTime": 222759, "taskId": 0, "workflowId": -1, "jobId": 5}, {"startTime": 222759, "endTime": 230151, "taskId": 6, "workflowId": -1, "jobId": 5}, {"startTime": 230151, "endTime": 232712, "taskId": 7, "workflowId": -1, "jobId": 5}, {"startTime": 232712, "endTime": 232759, "taskId": 4, "workflowId": -1, "jobId": 6}, {"startTime": 232759, "endTime": 240837, "taskId": 5, "workflowId": -1, "jobId": 7}, {"startTime": 240837, "endTime": 246386, "taskId": 4, "workflowId": -1, "jobId": 6}, {"startTime": 246386, "endTime": 247684, "taskId": 0, "workflowId": -1, "jobId": 6}, {"startTime": 247684, "endTime": 256165, "taskId": 1, "workflowId": -1, "jobId": 8}, {"startTime": 256165, "endTime": 263979, "taskId": 2, "workflowId": -1, "jobId": 7}, {"startTime": 263979, "endTime": 272057, "taskId": 5, "workflowId": -1, "jobId": 8}, {"startTime": 272057, "endTime": 274880, "taskId": 7, "workflowId": -1, "jobId": 6}, {"startTime": 274880, "endTime": 283361, "taskId": 1, "workflowId": -1, "jobId": 9}, {"startTime": 286183, "endTime": 287124, "taskId": 6, "workflowId": -1, "jobId": 7}, {"startTime": 287124, "endTime": 288656, "taskId": 2, "workflowId": -1, "jobId": 8}, {"startTime": 288656, "endTime": 289246, "taskId": 0, "workflowId": -1, "jobId": 7}, {"startTime": 289246, "endTime": 295528, "taskId": 2, "workflowId": -1, "jobId": 8}, {"startTime": 295528, "endTime": 303606, "taskId": 5, "workflowId": -1, "jobId": 9}, {"startTime": 303606, "endTime": 312087, "taskId": 1, "workflowId": -1, "jobId": 10}, {"startTime": 314510, "endTime": 316907, "taskId": 7, "workflowId": -1, "jobId": 7}, {"startTime": 318444, "endTime": 319250, "taskId": 0, "workflowId": -1, "jobId": 8}, {"startTime": 319250, "endTime": 319606, "taskId": 2, "workflowId": -1, "jobId": 9}, {"startTime": 319606, "endTime": 327684, "taskId": 5, "workflowId": -1, "jobId": 10}, {"startTime": 327684, "endTime": 333721, "taskId": 0, "workflowId": -1, "jobId": 8}, {"startTime": 333721, "endTime": 342262, "taskId": 6, "workflowId": -1, "jobId": 8}, {"startTime": 342262, "endTime": 346353, "taskId": 4, "workflowId": -1, "jobId": 9}, {"startTime": 346353, "endTime": 348555, "taskId": 7, "workflowId": -1, "jobId": 8}, {"startTime": 348555, "endTime": 356633, "taskId": 5, "workflowId": -1, "jobId": 11}, {"startTime": 356633, "endTime": 358309, "taskId": 1, "workflowId": -1, "jobId": 12}, {"startTime": 358309, "endTime": 365114, "taskId": 1, "workflowId": -1, "jobId": 12}, {"startTime": 365114, "endTime": 366218, "taskId": 6, "workflowId": -1, "jobId": 9}, {"startTime": 366218, "endTime": 374463, "taskId": 3, "workflowId": -1, "jobId": 13}, {"startTime": 374463, "endTime": 380224, "taskId": 4, "workflowId": -1, "jobId": 10}, {"startTime": 380224, "endTime": 382839, "taskId": 8, "workflowId": -1, "jobId": 7}, {"startTime": 383502, "endTime": 383664, "taskId": 2, "workflowId": -1, "jobId": 11}, {"startTime": 383664, "endTime": 392145, "taskId": 1, "workflowId": -1, "jobId": 13}, {"startTime": 392145, "endTime": 400390, "taskId": 3, "workflowId": -1, "jobId": 14}, {"startTime": 400390, "endTime": 408931, "taskId": 6, "workflowId": -1, "jobId": 10}, {"startTime": 408931, "endTime": 417009, "taskId": 5, "workflowId": -1, "jobId": 13}, {"startTime": 417009, "endTime": 417926, "taskId": 2, "workflowId": -1, "jobId": 12}, {"startTime": 417926, "endTime": 426171, "taskId": 3, "workflowId": -1, "jobId": 15}, {"startTime": 426171, "endTime": 426567, "taskId": 7, "workflowId": -1, "jobId": 10}, {"startTime": 426567, "endTime": 433410, "taskId": 0, "workflowId": -1, "jobId": 11}, {"startTime": 433410, "endTime": 435403, "taskId": 6, "workflowId": -1, "jobId": 11}, {"startTime": 435403, "endTime": 438056, "taskId": 4, "workflowId": -1, "jobId": 12}, {"startTime": 438056, "endTime": 441069, "taskId": 1, "workflowId": -1, "jobId": 15}, {"startTime": 441069, "endTime": 446537, "taskId": 1, "workflowId": -1, "jobId": 15}, {"startTime": 446537, "endTime": 454782, "taskId": 3, "workflowId": -1, "jobId": 16}, {"startTime": 464351, "endTime": 465252, "taskId": 0, "workflowId": -1, "jobId": 12}, {"startTime": 465252, "endTime": 472429, "taskId": 5, "workflowId": -1, "jobId": 15}, {"startTime": 472429, "endTime": 480674, "taskId": 3, "workflowId": -1, "jobId": 17}]}]