[{"frequency": 1.4, "activePower": 4.5, "idlePower": 2, "memory": 1, "allocations": [{"startTime": 32590, "endTime": 34857, "taskId": 0, "workflowId": 3, "jobId": -1}, {"startTime": 34857, "endTime": 35267, "taskId": 2, "workflowId": 3, "jobId": -1}, {"startTime": 35267, "endTime": 52272, "taskId": 1, "workflowId": -1, "jobId": 0}, {"startTime": 52272, "endTime": 54520, "taskId": 2, "workflowId": 3, "jobId": -1}, {"startTime": 54520, "endTime": 56456, "taskId": 7, "workflowId": 2, "jobId": -1}, {"startTime": 56456, "endTime": 58881, "taskId": 3, "workflowId": 2, "jobId": -1}, {"startTime": 58881, "endTime": 60103, "taskId": 5, "workflowId": 2, "jobId": -1}, {"startTime": 60103, "endTime": 60564, "taskId": 12, "workflowId": 2, "jobId": -1}, {"startTime": 60564, "endTime": 62178, "taskId": 16, "workflowId": 2, "jobId": -1}, {"startTime": 62178, "endTime": 64144, "taskId": 15, "workflowId": 2, "jobId": -1}, {"startTime": 64144, "endTime": 64514, "taskId": 2, "workflowId": 2, "jobId": -1}, {"startTime": 64514, "endTime": 81519, "taskId": 1, "workflowId": -1, "jobId": 1}, {"startTime": 81519, "endTime": 89906, "taskId": 6, "workflowId": -1, "jobId": 1}, {"startTime": 90781, "endTime": 91771, "taskId": 15, "workflowId": 3, "jobId": -1}, {"startTime": 91771, "endTime": 93404, "taskId": 14, "workflowId": 3, "jobId": -1}, {"startTime": 93404, "endTime": 93761, "taskId": 12, "workflowId": 3, "jobId": -1}, {"startTime": 93761, "endTime": 110766, "taskId": 1, "workflowId": -1, "jobId": 2}, {"startTime": 110766, "endTime": 112129, "taskId": 6, "workflowId": -1, "jobId": 2}, {"startTime": 112129, "endTime": 112599, "taskId": 4, "workflowId": -1, "jobId": 1}, {"startTime": 112599, "endTime": 124296, "taskId": 0, "workflowId": -1, "jobId": 2}, {"startTime": 127440, "endTime": 128369, "taskId": 6, "workflowId": -1, "jobId": 3}, {"startTime": 128369, "endTime": 146012, "taskId": 3, "workflowId": -1, "jobId": 3}, {"startTime": 151265, "endTime": 152255, "taskId": 0, "workflowId": -1, "jobId": 3}, {"startTime": 152255, "endTime": 169260, "taskId": 1, "workflowId": -1, "jobId": 4}, {"startTime": 169260, "endTime": 171316, "taskId": 5, "workflowId": 1, "jobId": -1}, {"startTime": 171316, "endTime": 173632, "taskId": 7, "workflowId": 1, "jobId": -1}, {"startTime": 173632, "endTime": 174489, "taskId": 10, "workflowId": 1, "jobId": -1}, {"startTime": 174489, "endTime": 176579, "taskId": 10, "workflowId": 1, "jobId": -1}, {"startTime": 176579, "endTime": 178537, "taskId": 7, "workflowId": -1, "jobId": 4}, {"startTime": 178537, "endTime": 180018, "taskId": 14, "workflowId": 1, "jobId": -1}, {"startTime": 180018, "endTime": 181502, "taskId": 7, "workflowId": -1, "jobId": 4}, {"startTime": 181502, "endTime": 198507, "taskId": 1, "workflowId": -1, "jobId": 5}, {"startTime": 198507, "endTime": 198633, "taskId": 4, "workflowId": -1, "jobId": 2}, {"startTime": 198633, "endTime": 200861, "taskId": 4, "workflowId": -1, "jobId": 2}, {"startTime": 200861, "endTime": 200987, "taskId": 6, "workflowId": -1, "jobId": 4}, {"startTime": 200987, "endTime": 209623, "taskId": 7, "workflowId": -1, "jobId": 4}, {"startTime": 210749, "endTime": 215694, "taskId": 1, "workflowId": -1, "jobId": 6}, {"startTime": 215694, "endTime": 217629, "taskId": 0, "workflowId": 0, "jobId": -1}, {"startTime": 217629, "endTime": 219530, "taskId": 3, "workflowId": 0, "jobId": -1}, {"startTime": 219530, "endTime": 221471, "taskId": 2, "workflowId": 0, "jobId": -1}, {"startTime": 221471, "endTime": 222385, "taskId": 3, "workflowId": -1, "jobId": 6}, {"startTime": 222385, "endTime": 225794, "taskId": 3, "workflowId": -1, "jobId": 6}, {"startTime": 225794, "endTime": 239114, "taskId": 3, "workflowId": -1, "jobId": 6}, {"startTime": 239114, "endTime": 239964, "taskId": 7, "workflowId": -1, "jobId": 5}, {"startTime": 239964, "endTime": 239996, "taskId": 5, "workflowId": -1, "jobId": 5}, {"startTime": 239996, "endTime": 257001, "taskId": 1, "workflowId": -1, "jobId": 7}, {"startTime": 257001, "endTime": 261241, "taskId": 6, "workflowId": -1, "jobId": 7}, {"startTime": 261241, "endTime": 273097, "taskId": 2, "workflowId": -1, "jobId": 7}, {"startTime": 273097, "endTime": 283539, "taskId": 7, "workflowId": -1, "jobId": 7}, {"startTime": 283539, "endTime": 301182, "taskId": 3, "workflowId": -1, "jobId": 8}, {"startTime": 305929, "endTime": 317626, "taskId": 0, "workflowId": -1, "jobId": 7}, {"startTime": 325805, "endTime": 327737, "taskId": 2, "workflowId": -1, "jobId": 9}, {"startTime": 327737, "endTime": 344742, "taskId": 1, "workflowId": -1, "jobId": 10}, {"startTime": 344742, "endTime": 345607, "taskId": 6, "workflowId": -1, "jobId": 10}, {"startTime": 345607, "endTime": 363250, "taskId": 3, "workflowId": -1, "jobId": 10}, {"startTime": 367097, "endTime": 374075, "taskId": 5, "workflowId": -1, "jobId": 9}, {"startTime": 376641, "endTime": 394284, "taskId": 3, "workflowId": -1, "jobId": 11}, {"startTime": 394284, "endTime": 403967, "taskId": 7, "workflowId": -1, "jobId": 11}, {"startTime": 403967, "endTime": 407675, "taskId": 5, "workflowId": -1, "jobId": 10}, {"startTime": 407675, "endTime": 425318, "taskId": 3, "workflowId": -1, "jobId": 12}, {"startTime": 425318, "endTime": 432285, "taskId": 4, "workflowId": -1, "jobId": 5}, {"startTime": 432285, "endTime": 438709, "taskId": 7, "workflowId": -1, "jobId": 12}, {"startTime": 438709, "endTime": 456352, "taskId": 3, "workflowId": -1, "jobId": 13}, {"startTime": 456844, "endTime": 460593, "taskId": 7, "workflowId": -1, "jobId": 13}, {"startTime": 460593, "endTime": 472290, "taskId": 0, "workflowId": -1, "jobId": 11}]}, {"frequency": 1.4, "activePower": 4.5, "idlePower": 2, "memory": 1, "allocations": [{"startTime": 34857, "endTime": 35267, "taskId": 1, "workflowId": 3, "jobId": -1}, {"startTime": 35267, "endTime": 52910, "taskId": 3, "workflowId": -1, "jobId": 0}, {"startTime": 52910, "endTime": 53755, "taskId": 1, "workflowId": 3, "jobId": -1}, {"startTime": 54520, "endTime": 56998, "taskId": 6, "workflowId": 2, "jobId": -1}, {"startTime": 56998, "endTime": 60103, "taskId": 9, "workflowId": 2, "jobId": -1}, {"startTime": 60103, "endTime": 60564, "taskId": 11, "workflowId": 2, "jobId": -1}, {"startTime": 60564, "endTime": 62266, "taskId": 12, "workflowId": 2, "jobId": -1}, {"startTime": 62266, "endTime": 63496, "taskId": 18, "workflowId": 2, "jobId": -1}, {"startTime": 63496, "endTime": 64050, "taskId": 18, "workflowId": 2, "jobId": -1}, {"startTime": 64050, "endTime": 64051, "taskId": 5, "workflowId": 2, "jobId": -1}, {"startTime": 64051, "endTime": 65155, "taskId": 13, "workflowId": 2, "jobId": -1}, {"startTime": 65155, "endTime": 65965, "taskId": 2, "workflowId": 3, "jobId": -1}, {"startTime": 65965, "endTime": 65991, "taskId": 3, "workflowId": 3, "jobId": -1}, {"startTime": 65991, "endTime": 66301, "taskId": 6, "workflowId": -1, "jobId": 1}, {"startTime": 66301, "endTime": 83944, "taskId": 3, "workflowId": -1, "jobId": 1}, {"startTime": 83944, "endTime": 84430, "taskId": 3, "workflowId": 3, "jobId": -1}, {"startTime": 84430, "endTime": 86318, "taskId": 4, "workflowId": 3, "jobId": -1}, {"startTime": 86318, "endTime": 89311, "taskId": 7, "workflowId": 3, "jobId": -1}, {"startTime": 89311, "endTime": 90781, "taskId": 9, "workflowId": 3, "jobId": -1}, {"startTime": 90781, "endTime": 91771, "taskId": 16, "workflowId": 3, "jobId": -1}, {"startTime": 91771, "endTime": 93597, "taskId": 15, "workflowId": 3, "jobId": -1}, {"startTime": 93597, "endTime": 93762, "taskId": 17, "workflowId": 3, "jobId": -1}, {"startTime": 93762, "endTime": 94090, "taskId": 12, "workflowId": 3, "jobId": -1}, {"startTime": 94090, "endTime": 94970, "taskId": 12, "workflowId": 3, "jobId": -1}, {"startTime": 96715, "endTime": 97335, "taskId": 6, "workflowId": -1, "jobId": 2}, {"startTime": 97335, "endTime": 114978, "taskId": 3, "workflowId": -1, "jobId": 2}, {"startTime": 114978, "endTime": 115386, "taskId": 6, "workflowId": -1, "jobId": 2}, {"startTime": 115386, "endTime": 123008, "taskId": 7, "workflowId": -1, "jobId": 2}, {"startTime": 123008, "endTime": 140013, "taskId": 1, "workflowId": -1, "jobId": 3}, {"startTime": 140013, "endTime": 145877, "taskId": 7, "workflowId": -1, "jobId": 3}, {"startTime": 145877, "endTime": 152255, "taskId": 5, "workflowId": -1, "jobId": 3}, {"startTime": 152255, "endTime": 162962, "taskId": 0, "workflowId": -1, "jobId": 3}, {"startTime": 162962, "endTime": 163346, "taskId": 6, "workflowId": -1, "jobId": 4}, {"startTime": 163346, "endTime": 164395, "taskId": 1, "workflowId": 1, "jobId": -1}, {"startTime": 164395, "endTime": 164414, "taskId": 2, "workflowId": -1, "jobId": 4}, {"startTime": 164414, "endTime": 165887, "taskId": 2, "workflowId": -1, "jobId": 4}, {"startTime": 165887, "endTime": 176251, "taskId": 2, "workflowId": -1, "jobId": 4}, {"startTime": 176251, "endTime": 178537, "taskId": 6, "workflowId": -1, "jobId": 4}, {"startTime": 178537, "endTime": 181050, "taskId": 13, "workflowId": 1, "jobId": -1}, {"startTime": 181502, "endTime": 181821, "taskId": 7, "workflowId": -1, "jobId": 4}, {"startTime": 181821, "endTime": 183164, "taskId": 15, "workflowId": 1, "jobId": -1}, {"startTime": 183164, "endTime": 185281, "taskId": 17, "workflowId": 1, "jobId": -1}, {"startTime": 185281, "endTime": 188991, "taskId": 6, "workflowId": -1, "jobId": 4}, {"startTime": 188991, "endTime": 189931, "taskId": 4, "workflowId": -1, "jobId": 2}, {"startTime": 189931, "endTime": 190437, "taskId": 0, "workflowId": -1, "jobId": 4}, {"startTime": 190437, "endTime": 208080, "taskId": 3, "workflowId": -1, "jobId": 5}, {"startTime": 208080, "endTime": 215694, "taskId": 7, "workflowId": -1, "jobId": 5}, {"startTime": 215694, "endTime": 227754, "taskId": 1, "workflowId": -1, "jobId": 6}, {"startTime": 227754, "endTime": 227992, "taskId": 14, "workflowId": 0, "jobId": -1}, {"startTime": 227992, "endTime": 228597, "taskId": 12, "workflowId": 0, "jobId": -1}, {"startTime": 228597, "endTime": 228959, "taskId": 0, "workflowId": -1, "jobId": 5}, {"startTime": 228959, "endTime": 229500, "taskId": 2, "workflowId": -1, "jobId": 6}, {"startTime": 229500, "endTime": 229720, "taskId": 2, "workflowId": -1, "jobId": 6}, {"startTime": 229720, "endTime": 240815, "taskId": 2, "workflowId": -1, "jobId": 6}, {"startTime": 240815, "endTime": 247228, "taskId": 7, "workflowId": -1, "jobId": 5}, {"startTime": 250335, "endTime": 252505, "taskId": 6, "workflowId": -1, "jobId": 7}, {"startTime": 252505, "endTime": 270148, "taskId": 3, "workflowId": -1, "jobId": 7}, {"startTime": 270148, "endTime": 276798, "taskId": 4, "workflowId": -1, "jobId": 3}, {"startTime": 281059, "endTime": 283539, "taskId": 6, "workflowId": -1, "jobId": 8}, {"startTime": 283539, "endTime": 286111, "taskId": 7, "workflowId": -1, "jobId": 7}, {"startTime": 293357, "endTime": 293523, "taskId": 5, "workflowId": -1, "jobId": 7}, {"startTime": 293523, "endTime": 305379, "taskId": 2, "workflowId": -1, "jobId": 8}, {"startTime": 311783, "endTime": 314574, "taskId": 6, "workflowId": -1, "jobId": 9}, {"startTime": 314574, "endTime": 332217, "taskId": 3, "workflowId": -1, "jobId": 9}, {"startTime": 332217, "endTime": 342715, "taskId": 7, "workflowId": -1, "jobId": 9}, {"startTime": 342715, "endTime": 344595, "taskId": 4, "workflowId": -1, "jobId": 4}, {"startTime": 344595, "endTime": 356292, "taskId": 0, "workflowId": -1, "jobId": 8}, {"startTime": 356984, "endTime": 373989, "taskId": 1, "workflowId": -1, "jobId": 11}, {"startTime": 383261, "endTime": 386231, "taskId": 0, "workflowId": -1, "jobId": 9}, {"startTime": 386231, "endTime": 403236, "taskId": 1, "workflowId": -1, "jobId": 12}, {"startTime": 403955, "endTime": 403967, "taskId": 6, "workflowId": -1, "jobId": 12}, {"startTime": 403967, "endTime": 407675, "taskId": 7, "workflowId": -1, "jobId": 11}, {"startTime": 407675, "endTime": 410945, "taskId": 5, "workflowId": -1, "jobId": 10}, {"startTime": 415478, "endTime": 432483, "taskId": 1, "workflowId": -1, "jobId": 13}, {"startTime": 434679, "endTime": 438709, "taskId": 6, "workflowId": -1, "jobId": 13}, {"startTime": 438709, "endTime": 440837, "taskId": 7, "workflowId": -1, "jobId": 12}, {"startTime": 440837, "endTime": 444725, "taskId": 5, "workflowId": -1, "jobId": 11}, {"startTime": 444725, "endTime": 461730, "taskId": 1, "workflowId": -1, "jobId": 14}, {"startTime": 465403, "endTime": 479936, "taskId": 6, "workflowId": -1, "jobId": 14}]}, {"frequency": 1.4, "activePower": 4.5, "idlePower": 2, "memory": 1, "allocations": [{"startTime": 35267, "endTime": 47123, "taskId": 2, "workflowId": -1, "jobId": 0}, {"startTime": 47123, "endTime": 54520, "taskId": 4, "workflowId": -1, "jobId": 0}, {"startTime": 54520, "endTime": 58060, "taskId": 4, "workflowId": 2, "jobId": -1}, {"startTime": 58060, "endTime": 60117, "taskId": 1, "workflowId": 2, "jobId": -1}, {"startTime": 60117, "endTime": 60564, "taskId": 5, "workflowId": 2, "jobId": -1}, {"startTime": 60564, "endTime": 60565, "taskId": 14, "workflowId": 2, "jobId": -1}, {"startTime": 60565, "endTime": 63173, "taskId": 14, "workflowId": 2, "jobId": -1}, {"startTime": 63173, "endTime": 63174, "taskId": 17, "workflowId": 2, "jobId": -1}, {"startTime": 63174, "endTime": 65591, "taskId": 17, "workflowId": 2, "jobId": -1}, {"startTime": 65991, "endTime": 66301, "taskId": 3, "workflowId": 3, "jobId": -1}, {"startTime": 66301, "endTime": 67549, "taskId": 6, "workflowId": -1, "jobId": 1}, {"startTime": 67549, "endTime": 79405, "taskId": 2, "workflowId": -1, "jobId": 1}, {"startTime": 79405, "endTime": 84587, "taskId": 5, "workflowId": -1, "jobId": 1}, {"startTime": 84587, "endTime": 87325, "taskId": 6, "workflowId": 3, "jobId": -1}, {"startTime": 89311, "endTime": 91771, "taskId": 8, "workflowId": 3, "jobId": -1}, {"startTime": 91771, "endTime": 94091, "taskId": 16, "workflowId": 3, "jobId": -1}, {"startTime": 94091, "endTime": 94419, "taskId": 17, "workflowId": 3, "jobId": -1}, {"startTime": 94419, "endTime": 95729, "taskId": 10, "workflowId": 3, "jobId": -1}, {"startTime": 97335, "endTime": 99831, "taskId": 6, "workflowId": -1, "jobId": 2}, {"startTime": 99831, "endTime": 111687, "taskId": 2, "workflowId": -1, "jobId": 2}, {"startTime": 111687, "endTime": 112129, "taskId": 7, "workflowId": -1, "jobId": 2}, {"startTime": 112129, "endTime": 112599, "taskId": 6, "workflowId": -1, "jobId": 2}, {"startTime": 112599, "endTime": 113007, "taskId": 4, "workflowId": -1, "jobId": 1}, {"startTime": 113007, "endTime": 122169, "taskId": 4, "workflowId": -1, "jobId": 1}, {"startTime": 123008, "endTime": 131757, "taskId": 7, "workflowId": -1, "jobId": 2}, {"startTime": 132113, "endTime": 143969, "taskId": 2, "workflowId": -1, "jobId": 3}, {"startTime": 145877, "endTime": 152255, "taskId": 7, "workflowId": -1, "jobId": 3}, {"startTime": 152255, "endTime": 152855, "taskId": 5, "workflowId": -1, "jobId": 3}, {"startTime": 158163, "endTime": 159403, "taskId": 6, "workflowId": -1, "jobId": 4}, {"startTime": 159403, "endTime": 177046, "taskId": 3, "workflowId": -1, "jobId": 4}, {"startTime": 178537, "endTime": 181821, "taskId": 12, "workflowId": 1, "jobId": -1}, {"startTime": 181821, "endTime": 182747, "taskId": 7, "workflowId": -1, "jobId": 4}, {"startTime": 182747, "endTime": 183164, "taskId": 5, "workflowId": -1, "jobId": 4}, {"startTime": 183164, "endTime": 185708, "taskId": 16, "workflowId": 1, "jobId": -1}, {"startTime": 185708, "endTime": 188991, "taskId": 7, "workflowId": -1, "jobId": 4}, {"startTime": 188991, "endTime": 189931, "taskId": 6, "workflowId": -1, "jobId": 4}, {"startTime": 189931, "endTime": 190437, "taskId": 4, "workflowId": -1, "jobId": 2}, {"startTime": 190437, "endTime": 190563, "taskId": 0, "workflowId": -1, "jobId": 4}, {"startTime": 190563, "endTime": 201628, "taskId": 0, "workflowId": -1, "jobId": 4}, {"startTime": 201628, "endTime": 216161, "taskId": 6, "workflowId": -1, "jobId": 5}, {"startTime": 217629, "endTime": 219605, "taskId": 1, "workflowId": 0, "jobId": -1}, {"startTime": 219605, "endTime": 221420, "taskId": 6, "workflowId": 0, "jobId": -1}, {"startTime": 221420, "endTime": 221471, "taskId": 10, "workflowId": 0, "jobId": -1}, {"startTime": 221471, "endTime": 222385, "taskId": 2, "workflowId": 0, "jobId": -1}, {"startTime": 222385, "endTime": 224334, "taskId": 7, "workflowId": 0, "jobId": -1}, {"startTime": 224334, "endTime": 224583, "taskId": 7, "workflowId": 0, "jobId": -1}, {"startTime": 224583, "endTime": 225248, "taskId": 8, "workflowId": 0, "jobId": -1}, {"startTime": 225248, "endTime": 227992, "taskId": 8, "workflowId": 0, "jobId": -1}, {"startTime": 227992, "endTime": 228597, "taskId": 14, "workflowId": 0, "jobId": -1}, {"startTime": 228597, "endTime": 228959, "taskId": 12, "workflowId": 0, "jobId": -1}, {"startTime": 228959, "endTime": 229500, "taskId": 0, "workflowId": -1, "jobId": 5}, {"startTime": 229500, "endTime": 229720, "taskId": 0, "workflowId": -1, "jobId": 5}, {"startTime": 229720, "endTime": 230623, "taskId": 0, "workflowId": -1, "jobId": 5}, {"startTime": 230623, "endTime": 240294, "taskId": 0, "workflowId": -1, "jobId": 5}, {"startTime": 240294, "endTime": 247240, "taskId": 5, "workflowId": -1, "jobId": 5}, {"startTime": 252505, "endTime": 256487, "taskId": 6, "workflowId": -1, "jobId": 7}, {"startTime": 256487, "endTime": 263465, "taskId": 5, "workflowId": -1, "jobId": 6}, {"startTime": 263465, "endTime": 265853, "taskId": 7, "workflowId": -1, "jobId": 7}, {"startTime": 265853, "endTime": 267263, "taskId": 4, "workflowId": -1, "jobId": 3}, {"startTime": 267263, "endTime": 269243, "taskId": 0, "workflowId": -1, "jobId": 6}, {"startTime": 269243, "endTime": 286248, "taskId": 1, "workflowId": -1, "jobId": 8}, {"startTime": 293523, "endTime": 298490, "taskId": 5, "workflowId": -1, "jobId": 7}, {"startTime": 298490, "endTime": 315495, "taskId": 1, "workflowId": -1, "jobId": 9}, {"startTime": 327128, "endTime": 327737, "taskId": 7, "workflowId": -1, "jobId": 9}, {"startTime": 327737, "endTime": 337661, "taskId": 2, "workflowId": -1, "jobId": 9}, {"startTime": 342507, "endTime": 342715, "taskId": 6, "workflowId": -1, "jobId": 10}, {"startTime": 342715, "endTime": 344595, "taskId": 7, "workflowId": -1, "jobId": 9}, {"startTime": 344595, "endTime": 352756, "taskId": 4, "workflowId": -1, "jobId": 4}, {"startTime": 358087, "endTime": 369943, "taskId": 2, "workflowId": -1, "jobId": 10}, {"startTime": 373231, "endTime": 386231, "taskId": 6, "workflowId": -1, "jobId": 11}, {"startTime": 386231, "endTime": 394958, "taskId": 0, "workflowId": -1, "jobId": 9}, {"startTime": 403967, "endTime": 407675, "taskId": 6, "workflowId": -1, "jobId": 12}, {"startTime": 407675, "endTime": 411096, "taskId": 7, "workflowId": -1, "jobId": 11}, {"startTime": 419577, "endTime": 421927, "taskId": 4, "workflowId": -1, "jobId": 5}, {"startTime": 421927, "endTime": 422651, "taskId": 0, "workflowId": -1, "jobId": 10}, {"startTime": 422651, "endTime": 434507, "taskId": 2, "workflowId": -1, "jobId": 12}, {"startTime": 438709, "endTime": 440837, "taskId": 6, "workflowId": -1, "jobId": 13}, {"startTime": 440837, "endTime": 444725, "taskId": 7, "workflowId": -1, "jobId": 12}, {"startTime": 444725, "endTime": 447815, "taskId": 5, "workflowId": -1, "jobId": 11}, {"startTime": 447815, "endTime": 452302, "taskId": 6, "workflowId": -1, "jobId": 13}, {"startTime": 454933, "endTime": 466789, "taskId": 2, "workflowId": -1, "jobId": 13}]}, {"frequency": 1.4, "activePower": 4.5, "idlePower": 2, "memory": 1, "allocations": [{"startTime": 35267, "endTime": 46964, "taskId": 0, "workflowId": -1, "jobId": 0}, {"startTime": 46964, "endTime": 53942, "taskId": 5, "workflowId": -1, "jobId": 0}, {"startTime": 54520, "endTime": 57163, "taskId": 4, "workflowId": -1, "jobId": 0}, {"startTime": 57163, "endTime": 58833, "taskId": 8, "workflowId": 2, "jobId": -1}, {"startTime": 58833, "endTime": 60564, "taskId": 8, "workflowId": 2, "jobId": -1}, {"startTime": 60564, "endTime": 61668, "taskId": 10, "workflowId": 2, "jobId": -1}, {"startTime": 61668, "endTime": 63729, "taskId": 10, "workflowId": 2, "jobId": -1}, {"startTime": 63729, "endTime": 63730, "taskId": 11, "workflowId": 2, "jobId": -1}, {"startTime": 63730, "endTime": 64959, "taskId": 11, "workflowId": 2, "jobId": -1}, {"startTime": 64959, "endTime": 65961, "taskId": 2, "workflowId": 2, "jobId": -1}, {"startTime": 66301, "endTime": 67549, "taskId": 3, "workflowId": 3, "jobId": -1}, {"startTime": 67549, "endTime": 72137, "taskId": 6, "workflowId": -1, "jobId": 1}, {"startTime": 72137, "endTime": 73933, "taskId": 5, "workflowId": -1, "jobId": 1}, {"startTime": 73933, "endTime": 79115, "taskId": 0, "workflowId": -1, "jobId": 1}, {"startTime": 79115, "endTime": 80524, "taskId": 0, "workflowId": -1, "jobId": 1}, {"startTime": 80524, "endTime": 85630, "taskId": 0, "workflowId": -1, "jobId": 1}, {"startTime": 85630, "endTime": 87650, "taskId": 5, "workflowId": 3, "jobId": -1}, {"startTime": 90781, "endTime": 91771, "taskId": 17, "workflowId": 3, "jobId": -1}, {"startTime": 91771, "endTime": 94677, "taskId": 13, "workflowId": 3, "jobId": -1}, {"startTime": 94677, "endTime": 95658, "taskId": 11, "workflowId": 3, "jobId": -1}, {"startTime": 99831, "endTime": 109007, "taskId": 6, "workflowId": -1, "jobId": 2}, {"startTime": 109007, "endTime": 115985, "taskId": 5, "workflowId": -1, "jobId": 2}, {"startTime": 128369, "endTime": 141973, "taskId": 6, "workflowId": -1, "jobId": 3}, {"startTime": 152256, "endTime": 156826, "taskId": 7, "workflowId": -1, "jobId": 3}, {"startTime": 159403, "endTime": 160117, "taskId": 6, "workflowId": -1, "jobId": 4}, {"startTime": 160117, "endTime": 163346, "taskId": 0, "workflowId": 1, "jobId": -1}, {"startTime": 163346, "endTime": 164395, "taskId": 2, "workflowId": 1, "jobId": -1}, {"startTime": 164395, "endTime": 164414, "taskId": 1, "workflowId": 1, "jobId": -1}, {"startTime": 164414, "endTime": 164561, "taskId": 2, "workflowId": 1, "jobId": -1}, {"startTime": 164561, "endTime": 164580, "taskId": 2, "workflowId": 1, "jobId": -1}, {"startTime": 164580, "endTime": 166053, "taskId": 4, "workflowId": 1, "jobId": -1}, {"startTime": 166053, "endTime": 167053, "taskId": 6, "workflowId": 1, "jobId": -1}, {"startTime": 167053, "endTime": 167364, "taskId": 7, "workflowId": 1, "jobId": -1}, {"startTime": 167364, "endTime": 170167, "taskId": 3, "workflowId": 1, "jobId": -1}, {"startTime": 170167, "endTime": 171854, "taskId": 8, "workflowId": 1, "jobId": -1}, {"startTime": 171854, "endTime": 172483, "taskId": 9, "workflowId": 1, "jobId": -1}, {"startTime": 172483, "endTime": 175027, "taskId": 9, "workflowId": 1, "jobId": -1}, {"startTime": 175027, "endTime": 178537, "taskId": 11, "workflowId": 1, "jobId": -1}, {"startTime": 178537, "endTime": 183164, "taskId": 6, "workflowId": -1, "jobId": 4}, {"startTime": 183164, "endTime": 189725, "taskId": 5, "workflowId": -1, "jobId": 4}, {"startTime": 189725, "endTime": 189931, "taskId": 7, "workflowId": -1, "jobId": 4}, {"startTime": 189931, "endTime": 190437, "taskId": 6, "workflowId": -1, "jobId": 4}, {"startTime": 190437, "endTime": 190563, "taskId": 4, "workflowId": -1, "jobId": 2}, {"startTime": 190563, "endTime": 196677, "taskId": 4, "workflowId": -1, "jobId": 2}, {"startTime": 196677, "endTime": 199031, "taskId": 2, "workflowId": -1, "jobId": 5}, {"startTime": 199031, "endTime": 208533, "taskId": 2, "workflowId": -1, "jobId": 5}, {"startTime": 215694, "endTime": 217629, "taskId": 7, "workflowId": -1, "jobId": 5}, {"startTime": 217629, "endTime": 220012, "taskId": 5, "workflowId": 0, "jobId": -1}, {"startTime": 220012, "endTime": 222450, "taskId": 4, "workflowId": 0, "jobId": -1}, {"startTime": 222450, "endTime": 225313, "taskId": 10, "workflowId": 0, "jobId": -1}, {"startTime": 225313, "endTime": 225859, "taskId": 11, "workflowId": 0, "jobId": -1}, {"startTime": 225859, "endTime": 226653, "taskId": 11, "workflowId": 0, "jobId": -1}, {"startTime": 226653, "endTime": 228746, "taskId": 9, "workflowId": 0, "jobId": -1}, {"startTime": 228746, "endTime": 230086, "taskId": 9, "workflowId": 0, "jobId": -1}, {"startTime": 230086, "endTime": 230847, "taskId": 13, "workflowId": 0, "jobId": -1}, {"startTime": 230847, "endTime": 231322, "taskId": 13, "workflowId": 0, "jobId": -1}, {"startTime": 231322, "endTime": 231750, "taskId": 12, "workflowId": 0, "jobId": -1}, {"startTime": 231750, "endTime": 232083, "taskId": 12, "workflowId": 0, "jobId": -1}, {"startTime": 232083, "endTime": 232986, "taskId": 14, "workflowId": 0, "jobId": -1}, {"startTime": 232986, "endTime": 234899, "taskId": 15, "workflowId": 0, "jobId": -1}, {"startTime": 234899, "endTime": 237649, "taskId": 16, "workflowId": 0, "jobId": -1}, {"startTime": 237649, "endTime": 238728, "taskId": 17, "workflowId": 0, "jobId": -1}, {"startTime": 238728, "endTime": 239964, "taskId": 17, "workflowId": 0, "jobId": -1}, {"startTime": 239964, "endTime": 241147, "taskId": 17, "workflowId": 0, "jobId": -1}, {"startTime": 241147, "endTime": 257959, "taskId": 7, "workflowId": -1, "jobId": 6}, {"startTime": 261241, "endTime": 265382, "taskId": 6, "workflowId": -1, "jobId": 7}, {"startTime": 265853, "endTime": 267263, "taskId": 7, "workflowId": -1, "jobId": 7}, {"startTime": 267263, "endTime": 269243, "taskId": 4, "workflowId": -1, "jobId": 3}, {"startTime": 269243, "endTime": 278960, "taskId": 0, "workflowId": -1, "jobId": 6}, {"startTime": 283539, "endTime": 295592, "taskId": 6, "workflowId": -1, "jobId": 8}, {"startTime": 295592, "endTime": 298490, "taskId": 7, "workflowId": -1, "jobId": 8}, {"startTime": 298490, "endTime": 300336, "taskId": 5, "workflowId": -1, "jobId": 7}, {"startTime": 300336, "endTime": 314250, "taskId": 7, "workflowId": -1, "jobId": 8}, {"startTime": 314574, "endTime": 326316, "taskId": 6, "workflowId": -1, "jobId": 9}, {"startTime": 327737, "endTime": 330227, "taskId": 7, "workflowId": -1, "jobId": 9}, {"startTime": 330227, "endTime": 337205, "taskId": 5, "workflowId": -1, "jobId": 8}, {"startTime": 342715, "endTime": 344595, "taskId": 6, "workflowId": -1, "jobId": 10}, {"startTime": 344595, "endTime": 345930, "taskId": 7, "workflowId": -1, "jobId": 9}, {"startTime": 345930, "endTime": 357510, "taskId": 6, "workflowId": -1, "jobId": 10}, {"startTime": 359557, "endTime": 376369, "taskId": 7, "workflowId": -1, "jobId": 10}, {"startTime": 386231, "endTime": 387764, "taskId": 6, "workflowId": -1, "jobId": 11}, {"startTime": 390369, "endTime": 402225, "taskId": 2, "workflowId": -1, "jobId": 11}, {"startTime": 407675, "endTime": 418488, "taskId": 6, "workflowId": -1, "jobId": 12}, {"startTime": 421927, "endTime": 422651, "taskId": 4, "workflowId": -1, "jobId": 5}, {"startTime": 422651, "endTime": 433624, "taskId": 0, "workflowId": -1, "jobId": 10}, {"startTime": 440837, "endTime": 444725, "taskId": 6, "workflowId": -1, "jobId": 13}, {"startTime": 444725, "endTime": 449097, "taskId": 7, "workflowId": -1, "jobId": 12}, {"startTime": 460593, "endTime": 473656, "taskId": 7, "workflowId": -1, "jobId": 13}]}]