[{"frequency": 1.4, "activePower": 4.5, "idlePower": 2, "memory": 1, "allocations": [{"startTime": 58798, "endTime": 60862, "taskId": 0, "workflowId": 0, "jobId": -1}, {"startTime": 60862, "endTime": 62805, "taskId": 2, "workflowId": 0, "jobId": -1}, {"startTime": 62805, "endTime": 63664, "taskId": 6, "workflowId": 0, "jobId": -1}, {"startTime": 63664, "endTime": 65252, "taskId": 3, "workflowId": 0, "jobId": -1}, {"startTime": 65252, "endTime": 66315, "taskId": 5, "workflowId": 0, "jobId": -1}, {"startTime": 66315, "endTime": 68151, "taskId": 4, "workflowId": 1, "jobId": -1}, {"startTime": 68151, "endTime": 68484, "taskId": 13, "workflowId": 0, "jobId": -1}, {"startTime": 68484, "endTime": 71222, "taskId": 2, "workflowId": 1, "jobId": -1}, {"startTime": 71222, "endTime": 72290, "taskId": 6, "workflowId": 1, "jobId": -1}, {"startTime": 72290, "endTime": 72296, "taskId": 9, "workflowId": 1, "jobId": -1}, {"startTime": 72296, "endTime": 73218, "taskId": 9, "workflowId": 1, "jobId": -1}, {"startTime": 73218, "endTime": 73219, "taskId": 12, "workflowId": 0, "jobId": -1}, {"startTime": 73219, "endTime": 73628, "taskId": 13, "workflowId": 0, "jobId": -1}, {"startTime": 73628, "endTime": 73644, "taskId": 7, "workflowId": 1, "jobId": -1}, {"startTime": 73644, "endTime": 73961, "taskId": 7, "workflowId": 1, "jobId": -1}, {"startTime": 73961, "endTime": 75433, "taskId": 7, "workflowId": 1, "jobId": -1}, {"startTime": 75433, "endTime": 75492, "taskId": 12, "workflowId": 1, "jobId": -1}, {"startTime": 75492, "endTime": 75781, "taskId": 12, "workflowId": 1, "jobId": -1}, {"startTime": 75781, "endTime": 76930, "taskId": 12, "workflowId": 1, "jobId": -1}, {"startTime": 76930, "endTime": 77039, "taskId": 12, "workflowId": 1, "jobId": -1}, {"startTime": 77039, "endTime": 77438, "taskId": 12, "workflowId": 1, "jobId": -1}, {"startTime": 77438, "endTime": 77671, "taskId": 12, "workflowId": 1, "jobId": -1}, {"startTime": 77671, "endTime": 78019, "taskId": 14, "workflowId": 1, "jobId": -1}, {"startTime": 78019, "endTime": 78786, "taskId": 14, "workflowId": 1, "jobId": -1}, {"startTime": 78786, "endTime": 78904, "taskId": 14, "workflowId": 1, "jobId": -1}, {"startTime": 78904, "endTime": 79076, "taskId": 14, "workflowId": 1, "jobId": -1}, {"startTime": 79076, "endTime": 79399, "taskId": 14, "workflowId": 1, "jobId": -1}, {"startTime": 79399, "endTime": 79648, "taskId": 7, "workflowId": 0, "jobId": -1}, {"startTime": 79648, "endTime": 81736, "taskId": 13, "workflowId": 1, "jobId": -1}, {"startTime": 81736, "endTime": 82009, "taskId": 20, "workflowId": 1, "jobId": -1}, {"startTime": 82009, "endTime": 82570, "taskId": 20, "workflowId": 1, "jobId": -1}, {"startTime": 82570, "endTime": 82581, "taskId": 20, "workflowId": 1, "jobId": -1}, {"startTime": 82581, "endTime": 82822, "taskId": 20, "workflowId": 1, "jobId": -1}, {"startTime": 82822, "endTime": 82892, "taskId": 20, "workflowId": 1, "jobId": -1}, {"startTime": 82892, "endTime": 83149, "taskId": 20, "workflowId": 1, "jobId": -1}, {"startTime": 83149, "endTime": 83326, "taskId": 19, "workflowId": 1, "jobId": -1}, {"startTime": 83326, "endTime": 83987, "taskId": 9, "workflowId": 0, "jobId": -1}, {"startTime": 83987, "endTime": 84339, "taskId": 14, "workflowId": 0, "jobId": -1}, {"startTime": 84339, "endTime": 85687, "taskId": 18, "workflowId": 1, "jobId": -1}, {"startTime": 85687, "endTime": 87761, "taskId": 9, "workflowId": 0, "jobId": -1}, {"startTime": 87761, "endTime": 87872, "taskId": 21, "workflowId": 1, "jobId": -1}, {"startTime": 87872, "endTime": 88190, "taskId": 21, "workflowId": 1, "jobId": -1}, {"startTime": 88190, "endTime": 89070, "taskId": 21, "workflowId": 1, "jobId": -1}, {"startTime": 89070, "endTime": 89174, "taskId": 15, "workflowId": 0, "jobId": -1}, {"startTime": 89174, "endTime": 90414, "taskId": 15, "workflowId": 0, "jobId": -1}, {"startTime": 90414, "endTime": 90590, "taskId": 15, "workflowId": 0, "jobId": -1}, {"startTime": 90590, "endTime": 90900, "taskId": 15, "workflowId": 0, "jobId": -1}, {"startTime": 90900, "endTime": 91164, "taskId": 15, "workflowId": 0, "jobId": -1}, {"startTime": 91164, "endTime": 92404, "taskId": 17, "workflowId": 0, "jobId": -1}, {"startTime": 92404, "endTime": 92469, "taskId": 17, "workflowId": 0, "jobId": -1}, {"startTime": 92469, "endTime": 92737, "taskId": 23, "workflowId": 1, "jobId": -1}, {"startTime": 92737, "endTime": 92818, "taskId": 23, "workflowId": 1, "jobId": -1}, {"startTime": 92818, "endTime": 93253, "taskId": 23, "workflowId": 1, "jobId": -1}, {"startTime": 93253, "endTime": 93397, "taskId": 23, "workflowId": 1, "jobId": -1}, {"startTime": 93397, "endTime": 93398, "taskId": 23, "workflowId": 1, "jobId": -1}, {"startTime": 93398, "endTime": 93408, "taskId": 23, "workflowId": 1, "jobId": -1}, {"startTime": 93408, "endTime": 93977, "taskId": 23, "workflowId": 1, "jobId": -1}, {"startTime": 93977, "endTime": 93992, "taskId": 23, "workflowId": 1, "jobId": -1}, {"startTime": 93992, "endTime": 94042, "taskId": 23, "workflowId": 1, "jobId": -1}, {"startTime": 94042, "endTime": 94923, "taskId": 20, "workflowId": 0, "jobId": -1}, {"startTime": 94923, "endTime": 95047, "taskId": 25, "workflowId": 1, "jobId": -1}, {"startTime": 95047, "endTime": 95851, "taskId": 25, "workflowId": 1, "jobId": -1}, {"startTime": 95851, "endTime": 96541, "taskId": 20, "workflowId": 0, "jobId": -1}, {"startTime": 96541, "endTime": 96601, "taskId": 20, "workflowId": 0, "jobId": -1}, {"startTime": 96601, "endTime": 97373, "taskId": 24, "workflowId": 1, "jobId": -1}, {"startTime": 97373, "endTime": 97557, "taskId": 24, "workflowId": 1, "jobId": -1}, {"startTime": 97557, "endTime": 97559, "taskId": 8, "workflowId": 1, "jobId": -1}, {"startTime": 97559, "endTime": 97560, "taskId": 29, "workflowId": 0, "jobId": -1}, {"startTime": 97560, "endTime": 97703, "taskId": 18, "workflowId": 0, "jobId": -1}, {"startTime": 97703, "endTime": 97733, "taskId": 26, "workflowId": 1, "jobId": -1}, {"startTime": 97733, "endTime": 99302, "taskId": 22, "workflowId": 0, "jobId": -1}, {"startTime": 99302, "endTime": 99594, "taskId": 26, "workflowId": 1, "jobId": -1}, {"startTime": 99594, "endTime": 99601, "taskId": 17, "workflowId": 1, "jobId": -1}, {"startTime": 99601, "endTime": 101869, "taskId": 17, "workflowId": 1, "jobId": -1}, {"startTime": 101869, "endTime": 101977, "taskId": 26, "workflowId": 1, "jobId": -1}, {"startTime": 101977, "endTime": 102210, "taskId": 26, "workflowId": 1, "jobId": -1}, {"startTime": 102210, "endTime": 102236, "taskId": 26, "workflowId": 1, "jobId": -1}, {"startTime": 102236, "endTime": 102369, "taskId": 26, "workflowId": 1, "jobId": -1}, {"startTime": 102369, "endTime": 102408, "taskId": 26, "workflowId": 1, "jobId": -1}, {"startTime": 102408, "endTime": 102582, "taskId": 26, "workflowId": 1, "jobId": -1}, {"startTime": 102582, "endTime": 103503, "taskId": 26, "workflowId": 1, "jobId": -1}, {"startTime": 103503, "endTime": 103746, "taskId": 26, "workflowId": 1, "jobId": -1}, {"startTime": 103746, "endTime": 103790, "taskId": 26, "workflowId": 1, "jobId": -1}, {"startTime": 103790, "endTime": 104145, "taskId": 26, "workflowId": 1, "jobId": -1}, {"startTime": 104145, "endTime": 105403, "taskId": 28, "workflowId": 1, "jobId": -1}, {"startTime": 105403, "endTime": 105669, "taskId": 28, "workflowId": 1, "jobId": -1}, {"startTime": 105669, "endTime": 106117, "taskId": 28, "workflowId": 1, "jobId": -1}, {"startTime": 106117, "endTime": 106137, "taskId": 28, "workflowId": 1, "jobId": -1}, {"startTime": 106137, "endTime": 106805, "taskId": 28, "workflowId": 1, "jobId": -1}, {"startTime": 106805, "endTime": 106981, "taskId": 28, "workflowId": 1, "jobId": -1}, {"startTime": 106981, "endTime": 107368, "taskId": 28, "workflowId": 1, "jobId": -1}, {"startTime": 107368, "endTime": 107599, "taskId": 30, "workflowId": 1, "jobId": -1}, {"startTime": 107599, "endTime": 107892, "taskId": 1, "workflowId": 1, "jobId": -1}, {"startTime": 107892, "endTime": 108477, "taskId": 1, "workflowId": 1, "jobId": -1}, {"startTime": 108477, "endTime": 109600, "taskId": 1, "workflowId": 1, "jobId": -1}, {"startTime": 109600, "endTime": 110350, "taskId": 30, "workflowId": 1, "jobId": -1}, {"startTime": 110350, "endTime": 110696, "taskId": 30, "workflowId": 1, "jobId": -1}, {"startTime": 110696, "endTime": 110785, "taskId": 30, "workflowId": 1, "jobId": -1}, {"startTime": 110785, "endTime": 110907, "taskId": 30, "workflowId": 1, "jobId": -1}, {"startTime": 110907, "endTime": 111240, "taskId": 30, "workflowId": 1, "jobId": -1}, {"startTime": 111240, "endTime": 111241, "taskId": 30, "workflowId": 1, "jobId": -1}, {"startTime": 111241, "endTime": 111293, "taskId": 29, "workflowId": 0, "jobId": -1}, {"startTime": 111293, "endTime": 111416, "taskId": 29, "workflowId": 0, "jobId": -1}, {"startTime": 111416, "endTime": 112831, "taskId": 29, "workflowId": 0, "jobId": -1}, {"startTime": 112831, "endTime": 112867, "taskId": 29, "workflowId": 0, "jobId": -1}, {"startTime": 112867, "endTime": 112942, "taskId": 29, "workflowId": 0, "jobId": -1}, {"startTime": 112942, "endTime": 113109, "taskId": 29, "workflowId": 0, "jobId": -1}, {"startTime": 113109, "endTime": 113265, "taskId": 31, "workflowId": 0, "jobId": -1}, {"startTime": 113265, "endTime": 113280, "taskId": 31, "workflowId": 0, "jobId": -1}, {"startTime": 113280, "endTime": 114072, "taskId": 31, "workflowId": 0, "jobId": -1}, {"startTime": 114072, "endTime": 114160, "taskId": 31, "workflowId": 0, "jobId": -1}, {"startTime": 114160, "endTime": 114399, "taskId": 31, "workflowId": 0, "jobId": -1}, {"startTime": 114399, "endTime": 114523, "taskId": 31, "workflowId": 0, "jobId": -1}, {"startTime": 114523, "endTime": 115014, "taskId": 31, "workflowId": 0, "jobId": -1}, {"startTime": 115014, "endTime": 115206, "taskId": 24, "workflowId": 0, "jobId": -1}, {"startTime": 115206, "endTime": 115330, "taskId": 31, "workflowId": 1, "jobId": -1}, {"startTime": 115330, "endTime": 115410, "taskId": 31, "workflowId": 1, "jobId": -1}, {"startTime": 115410, "endTime": 115497, "taskId": 31, "workflowId": 1, "jobId": -1}, {"startTime": 115497, "endTime": 115694, "taskId": 31, "workflowId": 1, "jobId": -1}, {"startTime": 115694, "endTime": 115705, "taskId": 31, "workflowId": 1, "jobId": -1}, {"startTime": 115705, "endTime": 116895, "taskId": 5, "workflowId": 1, "jobId": -1}, {"startTime": 116895, "endTime": 116982, "taskId": 5, "workflowId": 1, "jobId": -1}, {"startTime": 116982, "endTime": 117559, "taskId": 24, "workflowId": 0, "jobId": -1}, {"startTime": 117559, "endTime": 117633, "taskId": 24, "workflowId": 0, "jobId": -1}, {"startTime": 117633, "endTime": 118273, "taskId": 24, "workflowId": 0, "jobId": -1}, {"startTime": 118273, "endTime": 118521, "taskId": 26, "workflowId": 0, "jobId": -1}, {"startTime": 118521, "endTime": 120117, "taskId": 25, "workflowId": 0, "jobId": -1}, {"startTime": 120117, "endTime": 120932, "taskId": 26, "workflowId": 0, "jobId": -1}, {"startTime": 120932, "endTime": 123360, "taskId": 26, "workflowId": 3, "jobId": -1}, {"startTime": 128419, "endTime": 130202, "taskId": 30, "workflowId": 3, "jobId": -1}, {"startTime": 133333, "endTime": 136578, "taskId": 29, "workflowId": 2, "jobId": -1}]}, {"frequency": 1.4, "activePower": 4.5, "idlePower": 2, "memory": 1, "allocations": [{"startTime": 27879, "endTime": 44545, "taskId": 3, "workflowId": -1, "jobId": 0}, {"startTime": 44545, "endTime": 57976, "taskId": 5, "workflowId": -1, "jobId": 0}, {"startTime": 57976, "endTime": 60864, "taskId": 5, "workflowId": -1, "jobId": 0}, {"startTime": 60864, "endTime": 74696, "taskId": 0, "workflowId": -1, "jobId": 0}, {"startTime": 74696, "endTime": 88127, "taskId": 7, "workflowId": -1, "jobId": 0}, {"startTime": 88127, "endTime": 104793, "taskId": 3, "workflowId": -1, "jobId": 1}, {"startTime": 104793, "endTime": 121122, "taskId": 5, "workflowId": -1, "jobId": 1}, {"startTime": 121122, "endTime": 132767, "taskId": 4, "workflowId": -1, "jobId": 1}, {"startTime": 132767, "endTime": 150031, "taskId": 6, "workflowId": -1, "jobId": 1}, {"startTime": 150031, "endTime": 163462, "taskId": 7, "workflowId": -1, "jobId": 1}, {"startTime": 163462, "endTime": 179791, "taskId": 5, "workflowId": -1, "jobId": 2}, {"startTime": 179791, "endTime": 191436, "taskId": 4, "workflowId": -1, "jobId": 2}, {"startTime": 191436, "endTime": 205268, "taskId": 0, "workflowId": -1, "jobId": 2}, {"startTime": 205268, "endTime": 222532, "taskId": 6, "workflowId": -1, "jobId": 2}, {"startTime": 222532, "endTime": 235963, "taskId": 7, "workflowId": -1, "jobId": 2}, {"startTime": 235963, "endTime": 251759, "taskId": 2, "workflowId": -1, "jobId": 3}, {"startTime": 251759, "endTime": 263404, "taskId": 4, "workflowId": -1, "jobId": 3}, {"startTime": 263404, "endTime": 277236, "taskId": 0, "workflowId": -1, "jobId": 3}, {"startTime": 277236, "endTime": 294500, "taskId": 6, "workflowId": -1, "jobId": 3}, {"startTime": 294500, "endTime": 307931, "taskId": 7, "workflowId": -1, "jobId": 3}, {"startTime": 307931, "endTime": 325074, "taskId": 1, "workflowId": -1, "jobId": 5}, {"startTime": 325074, "endTime": 341403, "taskId": 5, "workflowId": -1, "jobId": 5}, {"startTime": 341403, "endTime": 358069, "taskId": 3, "workflowId": -1, "jobId": 6}, {"startTime": 358069, "endTime": 375212, "taskId": 1, "workflowId": -1, "jobId": 6}, {"startTime": 375212, "endTime": 388643, "taskId": 7, "workflowId": -1, "jobId": 4}, {"startTime": 388643, "endTime": 404972, "taskId": 5, "workflowId": -1, "jobId": 6}, {"startTime": 404972, "endTime": 418804, "taskId": 0, "workflowId": -1, "jobId": 5}, {"startTime": 418804, "endTime": 436068, "taskId": 6, "workflowId": -1, "jobId": 5}, {"startTime": 436068, "endTime": 452397, "taskId": 5, "workflowId": -1, "jobId": 7}, {"startTime": 452397, "endTime": 464042, "taskId": 4, "workflowId": -1, "jobId": 6}, {"startTime": 464042, "endTime": 481185, "taskId": 1, "workflowId": -1, "jobId": 8}, {"startTime": 481185, "endTime": 498449, "taskId": 6, "workflowId": -1, "jobId": 6}, {"startTime": 498449, "endTime": 514778, "taskId": 5, "workflowId": -1, "jobId": 8}, {"startTime": 514778, "endTime": 526423, "taskId": 4, "workflowId": -1, "jobId": 7}, {"startTime": 526423, "endTime": 539854, "taskId": 7, "workflowId": -1, "jobId": 6}, {"startTime": 539854, "endTime": 553686, "taskId": 0, "workflowId": -1, "jobId": 7}, {"startTime": 553686, "endTime": 570015, "taskId": 5, "workflowId": -1, "jobId": 9}, {"startTime": 570015, "endTime": 587158, "taskId": 1, "workflowId": -1, "jobId": 10}, {"startTime": 587158, "endTime": 603824, "taskId": 3, "workflowId": -1, "jobId": 11}, {"startTime": 603824, "endTime": 620153, "taskId": 5, "workflowId": -1, "jobId": 10}, {"startTime": 620153, "endTime": 633985, "taskId": 0, "workflowId": -1, "jobId": 8}, {"startTime": 633985, "endTime": 651249, "taskId": 6, "workflowId": -1, "jobId": 8}, {"startTime": 651249, "endTime": 662894, "taskId": 4, "workflowId": -1, "jobId": 9}, {"startTime": 662894, "endTime": 678690, "taskId": 2, "workflowId": -1, "jobId": 10}, {"startTime": 678690, "endTime": 692121, "taskId": 7, "workflowId": -1, "jobId": 8}, {"startTime": 692121, "endTime": 708787, "taskId": 3, "workflowId": -1, "jobId": 13}, {"startTime": 708787, "endTime": 720432, "taskId": 4, "workflowId": -1, "jobId": 10}, {"startTime": 720432, "endTime": 736761, "taskId": 5, "workflowId": -1, "jobId": 12}, {"startTime": 736761, "endTime": 752557, "taskId": 2, "workflowId": -1, "jobId": 11}, {"startTime": 752557, "endTime": 765988, "taskId": 7, "workflowId": -1, "jobId": 9}, {"startTime": 765988, "endTime": 783252, "taskId": 6, "workflowId": -1, "jobId": 10}, {"startTime": 783252, "endTime": 800395, "taskId": 1, "workflowId": -1, "jobId": 14}, {"startTime": 800395, "endTime": 816191, "taskId": 2, "workflowId": -1, "jobId": 12}, {"startTime": 816191, "endTime": 829622, "taskId": 7, "workflowId": -1, "jobId": 10}, {"startTime": 829622, "endTime": 841267, "taskId": 1, "workflowId": -1, "jobId": 15}, {"startTime": 841267, "endTime": 846765, "taskId": 1, "workflowId": -1, "jobId": 15}, {"startTime": 846765, "endTime": 864029, "taskId": 6, "workflowId": -1, "jobId": 11}, {"startTime": 864029, "endTime": 879825, "taskId": 2, "workflowId": -1, "jobId": 13}, {"startTime": 879825, "endTime": 896154, "taskId": 5, "workflowId": -1, "jobId": 15}, {"startTime": 896154, "endTime": 909986, "taskId": 0, "workflowId": -1, "jobId": 12}]}, {"frequency": 1.4, "activePower": 4.5, "idlePower": 2, "memory": 1, "allocations": [{"startTime": 60863, "endTime": 63664, "taskId": 1, "workflowId": 0, "jobId": -1}, {"startTime": 63664, "endTime": 63665, "taskId": 5, "workflowId": 0, "jobId": -1}, {"startTime": 63665, "endTime": 65881, "taskId": 6, "workflowId": 0, "jobId": -1}, {"startTime": 65881, "endTime": 66316, "taskId": 4, "workflowId": 0, "jobId": -1}, {"startTime": 66316, "endTime": 68485, "taskId": 5, "workflowId": 0, "jobId": -1}, {"startTime": 68485, "endTime": 68552, "taskId": 4, "workflowId": 0, "jobId": -1}, {"startTime": 68552, "endTime": 70217, "taskId": 4, "workflowId": 0, "jobId": -1}, {"startTime": 70217, "endTime": 70407, "taskId": 4, "workflowId": 0, "jobId": -1}, {"startTime": 70407, "endTime": 70721, "taskId": 4, "workflowId": 0, "jobId": -1}, {"startTime": 70721, "endTime": 71624, "taskId": 8, "workflowId": 0, "jobId": -1}, {"startTime": 71624, "endTime": 72643, "taskId": 8, "workflowId": 0, "jobId": -1}, {"startTime": 72643, "endTime": 73218, "taskId": 13, "workflowId": 0, "jobId": -1}, {"startTime": 73218, "endTime": 73975, "taskId": 11, "workflowId": 1, "jobId": -1}, {"startTime": 73975, "endTime": 73991, "taskId": 11, "workflowId": 1, "jobId": -1}, {"startTime": 73991, "endTime": 74050, "taskId": 11, "workflowId": 1, "jobId": -1}, {"startTime": 74050, "endTime": 75526, "taskId": 11, "workflowId": 1, "jobId": -1}, {"startTime": 75526, "endTime": 75649, "taskId": 15, "workflowId": 1, "jobId": -1}, {"startTime": 75649, "endTime": 75708, "taskId": 15, "workflowId": 1, "jobId": -1}, {"startTime": 75708, "endTime": 75874, "taskId": 15, "workflowId": 1, "jobId": -1}, {"startTime": 75874, "endTime": 75999, "taskId": 15, "workflowId": 1, "jobId": -1}, {"startTime": 75999, "endTime": 76806, "taskId": 15, "workflowId": 1, "jobId": -1}, {"startTime": 76806, "endTime": 77039, "taskId": 15, "workflowId": 1, "jobId": -1}, {"startTime": 77039, "endTime": 77846, "taskId": 15, "workflowId": 1, "jobId": -1}, {"startTime": 77846, "endTime": 78131, "taskId": 15, "workflowId": 1, "jobId": -1}, {"startTime": 78131, "endTime": 78479, "taskId": 13, "workflowId": 0, "jobId": -1}, {"startTime": 78479, "endTime": 78641, "taskId": 12, "workflowId": 0, "jobId": -1}, {"startTime": 78641, "endTime": 78778, "taskId": 12, "workflowId": 0, "jobId": -1}, {"startTime": 78778, "endTime": 78814, "taskId": 12, "workflowId": 0, "jobId": -1}, {"startTime": 78814, "endTime": 78904, "taskId": 12, "workflowId": 0, "jobId": -1}, {"startTime": 78904, "endTime": 80309, "taskId": 12, "workflowId": 0, "jobId": -1}, {"startTime": 80309, "endTime": 80323, "taskId": 12, "workflowId": 0, "jobId": -1}, {"startTime": 80323, "endTime": 81147, "taskId": 10, "workflowId": 0, "jobId": -1}, {"startTime": 81147, "endTime": 81978, "taskId": 10, "workflowId": 0, "jobId": -1}, {"startTime": 81978, "endTime": 82009, "taskId": 7, "workflowId": 0, "jobId": -1}, {"startTime": 82009, "endTime": 82243, "taskId": 7, "workflowId": 0, "jobId": -1}, {"startTime": 82243, "endTime": 82516, "taskId": 7, "workflowId": 0, "jobId": -1}, {"startTime": 82516, "endTime": 83133, "taskId": 7, "workflowId": 0, "jobId": -1}, {"startTime": 83133, "endTime": 83326, "taskId": 9, "workflowId": 0, "jobId": -1}, {"startTime": 83326, "endTime": 84339, "taskId": 18, "workflowId": 1, "jobId": -1}, {"startTime": 84339, "endTime": 84421, "taskId": 14, "workflowId": 0, "jobId": -1}, {"startTime": 84421, "endTime": 84747, "taskId": 14, "workflowId": 0, "jobId": -1}, {"startTime": 84747, "endTime": 84832, "taskId": 14, "workflowId": 0, "jobId": -1}, {"startTime": 84832, "endTime": 85335, "taskId": 14, "workflowId": 0, "jobId": -1}, {"startTime": 85335, "endTime": 86438, "taskId": 19, "workflowId": 1, "jobId": -1}, {"startTime": 86438, "endTime": 87177, "taskId": 19, "workflowId": 1, "jobId": -1}, {"startTime": 87177, "endTime": 87913, "taskId": 19, "workflowId": 1, "jobId": -1}, {"startTime": 87913, "endTime": 88079, "taskId": 21, "workflowId": 0, "jobId": -1}, {"startTime": 88079, "endTime": 89174, "taskId": 11, "workflowId": 0, "jobId": -1}, {"startTime": 89174, "endTime": 90118, "taskId": 21, "workflowId": 0, "jobId": -1}, {"startTime": 90118, "endTime": 90141, "taskId": 21, "workflowId": 0, "jobId": -1}, {"startTime": 90141, "endTime": 90414, "taskId": 19, "workflowId": 0, "jobId": -1}, {"startTime": 90414, "endTime": 90590, "taskId": 19, "workflowId": 0, "jobId": -1}, {"startTime": 90590, "endTime": 91000, "taskId": 19, "workflowId": 0, "jobId": -1}, {"startTime": 91000, "endTime": 91384, "taskId": 19, "workflowId": 0, "jobId": -1}, {"startTime": 91384, "endTime": 91714, "taskId": 22, "workflowId": 1, "jobId": -1}, {"startTime": 91714, "endTime": 91893, "taskId": 23, "workflowId": 1, "jobId": -1}, {"startTime": 91893, "endTime": 92231, "taskId": 23, "workflowId": 1, "jobId": -1}, {"startTime": 92231, "endTime": 92278, "taskId": 23, "workflowId": 1, "jobId": -1}, {"startTime": 92278, "endTime": 92469, "taskId": 23, "workflowId": 1, "jobId": -1}, {"startTime": 92469, "endTime": 92818, "taskId": 17, "workflowId": 0, "jobId": -1}, {"startTime": 92818, "endTime": 92877, "taskId": 17, "workflowId": 0, "jobId": -1}, {"startTime": 92877, "endTime": 92996, "taskId": 17, "workflowId": 0, "jobId": -1}, {"startTime": 92996, "endTime": 93253, "taskId": 17, "workflowId": 0, "jobId": -1}, {"startTime": 93253, "endTime": 93398, "taskId": 22, "workflowId": 1, "jobId": -1}, {"startTime": 93398, "endTime": 93406, "taskId": 25, "workflowId": 1, "jobId": -1}, {"startTime": 93406, "endTime": 93408, "taskId": 25, "workflowId": 1, "jobId": -1}, {"startTime": 93408, "endTime": 93771, "taskId": 25, "workflowId": 1, "jobId": -1}, {"startTime": 93771, "endTime": 93977, "taskId": 25, "workflowId": 1, "jobId": -1}, {"startTime": 93977, "endTime": 93992, "taskId": 25, "workflowId": 1, "jobId": -1}, {"startTime": 93992, "endTime": 94622, "taskId": 25, "workflowId": 1, "jobId": -1}, {"startTime": 94622, "endTime": 94772, "taskId": 25, "workflowId": 1, "jobId": -1}, {"startTime": 94772, "endTime": 94923, "taskId": 25, "workflowId": 1, "jobId": -1}, {"startTime": 94923, "endTime": 95064, "taskId": 22, "workflowId": 1, "jobId": -1}, {"startTime": 95064, "endTime": 95817, "taskId": 22, "workflowId": 1, "jobId": -1}, {"startTime": 95817, "endTime": 95860, "taskId": 22, "workflowId": 1, "jobId": -1}, {"startTime": 95860, "endTime": 95998, "taskId": 22, "workflowId": 1, "jobId": -1}, {"startTime": 95998, "endTime": 96206, "taskId": 22, "workflowId": 1, "jobId": -1}, {"startTime": 96206, "endTime": 96212, "taskId": 22, "workflowId": 1, "jobId": -1}, {"startTime": 96212, "endTime": 96226, "taskId": 22, "workflowId": 1, "jobId": -1}, {"startTime": 96226, "endTime": 96495, "taskId": 22, "workflowId": 1, "jobId": -1}, {"startTime": 96495, "endTime": 96763, "taskId": 22, "workflowId": 1, "jobId": -1}, {"startTime": 96763, "endTime": 97636, "taskId": 22, "workflowId": 1, "jobId": -1}, {"startTime": 97636, "endTime": 97703, "taskId": 22, "workflowId": 1, "jobId": -1}, {"startTime": 97703, "endTime": 97733, "taskId": 27, "workflowId": 1, "jobId": -1}, {"startTime": 97733, "endTime": 98218, "taskId": 27, "workflowId": 1, "jobId": -1}, {"startTime": 98218, "endTime": 98565, "taskId": 27, "workflowId": 1, "jobId": -1}, {"startTime": 98565, "endTime": 98853, "taskId": 27, "workflowId": 1, "jobId": -1}, {"startTime": 98853, "endTime": 98889, "taskId": 27, "workflowId": 1, "jobId": -1}, {"startTime": 98889, "endTime": 98918, "taskId": 18, "workflowId": 0, "jobId": -1}, {"startTime": 98918, "endTime": 100157, "taskId": 16, "workflowId": 0, "jobId": -1}, {"startTime": 100157, "endTime": 100205, "taskId": 18, "workflowId": 0, "jobId": -1}, {"startTime": 100205, "endTime": 100275, "taskId": 23, "workflowId": 0, "jobId": -1}, {"startTime": 100275, "endTime": 102260, "taskId": 23, "workflowId": 0, "jobId": -1}, {"startTime": 102260, "endTime": 102369, "taskId": 18, "workflowId": 0, "jobId": -1}, {"startTime": 102369, "endTime": 102582, "taskId": 18, "workflowId": 0, "jobId": -1}, {"startTime": 102582, "endTime": 102871, "taskId": 18, "workflowId": 0, "jobId": -1}, {"startTime": 102871, "endTime": 103092, "taskId": 27, "workflowId": 0, "jobId": -1}, {"startTime": 103092, "endTime": 103469, "taskId": 27, "workflowId": 0, "jobId": -1}, {"startTime": 103469, "endTime": 104093, "taskId": 27, "workflowId": 0, "jobId": -1}, {"startTime": 104093, "endTime": 104114, "taskId": 27, "workflowId": 0, "jobId": -1}, {"startTime": 104114, "endTime": 104225, "taskId": 27, "workflowId": 0, "jobId": -1}, {"startTime": 104225, "endTime": 104538, "taskId": 27, "workflowId": 0, "jobId": -1}, {"startTime": 104538, "endTime": 105565, "taskId": 27, "workflowId": 0, "jobId": -1}, {"startTime": 105565, "endTime": 105645, "taskId": 27, "workflowId": 0, "jobId": -1}, {"startTime": 105645, "endTime": 105904, "taskId": 27, "workflowId": 0, "jobId": -1}, {"startTime": 105904, "endTime": 106695, "taskId": 10, "workflowId": 1, "jobId": -1}, {"startTime": 106695, "endTime": 106744, "taskId": 10, "workflowId": 1, "jobId": -1}, {"startTime": 106744, "endTime": 106777, "taskId": 10, "workflowId": 1, "jobId": -1}, {"startTime": 106777, "endTime": 107599, "taskId": 10, "workflowId": 1, "jobId": -1}, {"startTime": 107599, "endTime": 108127, "taskId": 10, "workflowId": 1, "jobId": -1}, {"startTime": 108127, "endTime": 108288, "taskId": 28, "workflowId": 0, "jobId": -1}, {"startTime": 108288, "endTime": 108514, "taskId": 28, "workflowId": 0, "jobId": -1}, {"startTime": 108514, "endTime": 108751, "taskId": 28, "workflowId": 0, "jobId": -1}, {"startTime": 108751, "endTime": 108828, "taskId": 28, "workflowId": 0, "jobId": -1}, {"startTime": 108828, "endTime": 109581, "taskId": 28, "workflowId": 0, "jobId": -1}, {"startTime": 109581, "endTime": 110000, "taskId": 28, "workflowId": 0, "jobId": -1}, {"startTime": 110000, "endTime": 110001, "taskId": 28, "workflowId": 0, "jobId": -1}, {"startTime": 110001, "endTime": 110121, "taskId": 28, "workflowId": 0, "jobId": -1}, {"startTime": 110121, "endTime": 110367, "taskId": 28, "workflowId": 0, "jobId": -1}, {"startTime": 110367, "endTime": 110630, "taskId": 28, "workflowId": 0, "jobId": -1}, {"startTime": 110630, "endTime": 110696, "taskId": 30, "workflowId": 0, "jobId": -1}, {"startTime": 110696, "endTime": 110907, "taskId": 30, "workflowId": 0, "jobId": -1}, {"startTime": 110907, "endTime": 111293, "taskId": 30, "workflowId": 0, "jobId": -1}, {"startTime": 111293, "endTime": 111416, "taskId": 30, "workflowId": 0, "jobId": -1}, {"startTime": 111416, "endTime": 111794, "taskId": 30, "workflowId": 0, "jobId": -1}, {"startTime": 111794, "endTime": 112171, "taskId": 30, "workflowId": 0, "jobId": -1}, {"startTime": 112171, "endTime": 112391, "taskId": 30, "workflowId": 0, "jobId": -1}, {"startTime": 112391, "endTime": 112510, "taskId": 30, "workflowId": 0, "jobId": -1}, {"startTime": 112510, "endTime": 112942, "taskId": 29, "workflowId": 1, "jobId": -1}, {"startTime": 112942, "endTime": 113265, "taskId": 29, "workflowId": 1, "jobId": -1}, {"startTime": 113265, "endTime": 113801, "taskId": 29, "workflowId": 1, "jobId": -1}, {"startTime": 113801, "endTime": 113925, "taskId": 29, "workflowId": 1, "jobId": -1}, {"startTime": 113925, "endTime": 114130, "taskId": 29, "workflowId": 1, "jobId": -1}, {"startTime": 114130, "endTime": 114416, "taskId": 8, "workflowId": 1, "jobId": -1}, {"startTime": 114416, "endTime": 114732, "taskId": 8, "workflowId": 1, "jobId": -1}, {"startTime": 114732, "endTime": 114899, "taskId": 8, "workflowId": 1, "jobId": -1}, {"startTime": 114899, "endTime": 115410, "taskId": 8, "workflowId": 1, "jobId": -1}, {"startTime": 115410, "endTime": 115543, "taskId": 8, "workflowId": 1, "jobId": -1}, {"startTime": 115543, "endTime": 115694, "taskId": 32, "workflowId": 1, "jobId": -1}, {"startTime": 115694, "endTime": 115705, "taskId": 5, "workflowId": 1, "jobId": -1}, {"startTime": 115705, "endTime": 116226, "taskId": 31, "workflowId": 1, "jobId": -1}, {"startTime": 116226, "endTime": 116508, "taskId": 31, "workflowId": 1, "jobId": -1}, {"startTime": 116508, "endTime": 117189, "taskId": 31, "workflowId": 1, "jobId": -1}, {"startTime": 117189, "endTime": 117474, "taskId": 31, "workflowId": 1, "jobId": -1}, {"startTime": 117474, "endTime": 117536, "taskId": 31, "workflowId": 1, "jobId": -1}, {"startTime": 117536, "endTime": 117559, "taskId": 31, "workflowId": 1, "jobId": -1}, {"startTime": 117559, "endTime": 117633, "taskId": 31, "workflowId": 1, "jobId": -1}, {"startTime": 117633, "endTime": 117962, "taskId": 32, "workflowId": 1, "jobId": -1}, {"startTime": 117962, "endTime": 118288, "taskId": 32, "workflowId": 1, "jobId": -1}, {"startTime": 118288, "endTime": 118349, "taskId": 3, "workflowId": 1, "jobId": -1}, {"startTime": 118349, "endTime": 118521, "taskId": 25, "workflowId": 0, "jobId": -1}, {"startTime": 118521, "endTime": 119549, "taskId": 3, "workflowId": 1, "jobId": -1}, {"startTime": 119549, "endTime": 119557, "taskId": 3, "workflowId": 1, "jobId": -1}, {"startTime": 119557, "endTime": 120585, "taskId": 16, "workflowId": 1, "jobId": -1}, {"startTime": 120585, "endTime": 121883, "taskId": 20, "workflowId": 2, "jobId": -1}, {"startTime": 133333, "endTime": 135289, "taskId": 31, "workflowId": 2, "jobId": -1}]}, {"frequency": 1.4, "activePower": 4.5, "idlePower": 2, "memory": 1, "allocations": [{"startTime": 27879, "endTime": 27889, "taskId": 5, "workflowId": -1, "jobId": 0}, {"startTime": 27889, "endTime": 43675, "taskId": 1, "workflowId": -1, "jobId": 0}, {"startTime": 43675, "endTime": 44208, "taskId": 1, "workflowId": -1, "jobId": 0}, {"startTime": 44208, "endTime": 45032, "taskId": 1, "workflowId": -1, "jobId": 0}, {"startTime": 45032, "endTime": 56677, "taskId": 2, "workflowId": -1, "jobId": 0}, {"startTime": 56677, "endTime": 60828, "taskId": 2, "workflowId": -1, "jobId": 0}, {"startTime": 60828, "endTime": 72473, "taskId": 4, "workflowId": -1, "jobId": 0}, {"startTime": 72473, "endTime": 89737, "taskId": 6, "workflowId": -1, "jobId": 0}, {"startTime": 89737, "endTime": 106880, "taskId": 1, "workflowId": -1, "jobId": 1}, {"startTime": 106880, "endTime": 122676, "taskId": 2, "workflowId": -1, "jobId": 1}, {"startTime": 122676, "endTime": 136508, "taskId": 0, "workflowId": -1, "jobId": 1}, {"startTime": 136508, "endTime": 149939, "taskId": 3, "workflowId": -1, "jobId": 2}, {"startTime": 149939, "endTime": 153174, "taskId": 3, "workflowId": -1, "jobId": 2}, {"startTime": 153174, "endTime": 170317, "taskId": 1, "workflowId": -1, "jobId": 2}, {"startTime": 170317, "endTime": 186113, "taskId": 2, "workflowId": -1, "jobId": 2}, {"startTime": 186113, "endTime": 202779, "taskId": 3, "workflowId": -1, "jobId": 3}, {"startTime": 202779, "endTime": 219922, "taskId": 1, "workflowId": -1, "jobId": 3}, {"startTime": 219922, "endTime": 236251, "taskId": 5, "workflowId": -1, "jobId": 3}, {"startTime": 236251, "endTime": 252917, "taskId": 3, "workflowId": -1, "jobId": 4}, {"startTime": 252917, "endTime": 270060, "taskId": 1, "workflowId": -1, "jobId": 4}, {"startTime": 270060, "endTime": 286389, "taskId": 5, "workflowId": -1, "jobId": 4}, {"startTime": 286389, "endTime": 303055, "taskId": 3, "workflowId": -1, "jobId": 5}, {"startTime": 303055, "endTime": 318851, "taskId": 2, "workflowId": -1, "jobId": 4}, {"startTime": 318851, "endTime": 330496, "taskId": 4, "workflowId": -1, "jobId": 4}, {"startTime": 330496, "endTime": 344328, "taskId": 0, "workflowId": -1, "jobId": 4}, {"startTime": 344328, "endTime": 361592, "taskId": 6, "workflowId": -1, "jobId": 4}, {"startTime": 361592, "endTime": 377388, "taskId": 2, "workflowId": -1, "jobId": 5}, {"startTime": 377388, "endTime": 389033, "taskId": 4, "workflowId": -1, "jobId": 5}, {"startTime": 389033, "endTime": 405699, "taskId": 3, "workflowId": -1, "jobId": 7}, {"startTime": 405699, "endTime": 422842, "taskId": 1, "workflowId": -1, "jobId": 7}, {"startTime": 422842, "endTime": 438638, "taskId": 2, "workflowId": -1, "jobId": 6}, {"startTime": 438638, "endTime": 450283, "taskId": 3, "workflowId": -1, "jobId": 8}, {"startTime": 450283, "endTime": 455304, "taskId": 3, "workflowId": -1, "jobId": 8}, {"startTime": 455304, "endTime": 468735, "taskId": 7, "workflowId": -1, "jobId": 5}, {"startTime": 468735, "endTime": 482567, "taskId": 0, "workflowId": -1, "jobId": 6}, {"startTime": 482567, "endTime": 498363, "taskId": 2, "workflowId": -1, "jobId": 7}, {"startTime": 498363, "endTime": 515029, "taskId": 3, "workflowId": -1, "jobId": 9}, {"startTime": 515029, "endTime": 532172, "taskId": 1, "workflowId": -1, "jobId": 9}, {"startTime": 532172, "endTime": 546004, "taskId": 3, "workflowId": -1, "jobId": 10}, {"startTime": 546004, "endTime": 548838, "taskId": 3, "workflowId": -1, "jobId": 10}, {"startTime": 548838, "endTime": 564634, "taskId": 2, "workflowId": -1, "jobId": 8}, {"startTime": 564634, "endTime": 581898, "taskId": 6, "workflowId": -1, "jobId": 7}, {"startTime": 581898, "endTime": 593543, "taskId": 4, "workflowId": -1, "jobId": 8}, {"startTime": 593543, "endTime": 606974, "taskId": 7, "workflowId": -1, "jobId": 7}, {"startTime": 606974, "endTime": 622770, "taskId": 2, "workflowId": -1, "jobId": 9}, {"startTime": 622770, "endTime": 639913, "taskId": 1, "workflowId": -1, "jobId": 11}, {"startTime": 639913, "endTime": 656579, "taskId": 3, "workflowId": -1, "jobId": 12}, {"startTime": 656579, "endTime": 672908, "taskId": 5, "workflowId": -1, "jobId": 11}, {"startTime": 672908, "endTime": 690051, "taskId": 1, "workflowId": -1, "jobId": 12}, {"startTime": 690051, "endTime": 703883, "taskId": 0, "workflowId": -1, "jobId": 9}, {"startTime": 703883, "endTime": 721147, "taskId": 6, "workflowId": -1, "jobId": 9}, {"startTime": 721147, "endTime": 738290, "taskId": 1, "workflowId": -1, "jobId": 13}, {"startTime": 738290, "endTime": 751721, "taskId": 3, "workflowId": -1, "jobId": 14}, {"startTime": 751721, "endTime": 754956, "taskId": 3, "workflowId": -1, "jobId": 14}, {"startTime": 754956, "endTime": 768788, "taskId": 0, "workflowId": -1, "jobId": 10}, {"startTime": 768788, "endTime": 780433, "taskId": 4, "workflowId": -1, "jobId": 11}, {"startTime": 780433, "endTime": 796762, "taskId": 5, "workflowId": -1, "jobId": 13}, {"startTime": 796762, "endTime": 813428, "taskId": 3, "workflowId": -1, "jobId": 15}, {"startTime": 813428, "endTime": 827260, "taskId": 0, "workflowId": -1, "jobId": 11}, {"startTime": 827260, "endTime": 843589, "taskId": 5, "workflowId": -1, "jobId": 14}, {"startTime": 843589, "endTime": 855234, "taskId": 4, "workflowId": -1, "jobId": 12}, {"startTime": 855234, "endTime": 871900, "taskId": 3, "workflowId": -1, "jobId": 16}, {"startTime": 871900, "endTime": 889043, "taskId": 1, "workflowId": -1, "jobId": 16}, {"startTime": 889043, "endTime": 905709, "taskId": 3, "workflowId": -1, "jobId": 17}]}]