[{"frequency": 1.4, "activePower": 4.5, "idlePower": 2, "memory": 1, "allocations": [{"startTime": 25850, "endTime": 28154, "taskId": 0, "workflowId": 0, "jobId": -1}, {"startTime": 28154, "endTime": 29451, "taskId": 1, "workflowId": 0, "jobId": -1}, {"startTime": 29451, "endTime": 31046, "taskId": 2, "workflowId": 0, "jobId": -1}, {"startTime": 31046, "endTime": 32823, "taskId": 3, "workflowId": 0, "jobId": -1}, {"startTime": 32823, "endTime": 35321, "taskId": 4, "workflowId": 0, "jobId": -1}, {"startTime": 35321, "endTime": 36055, "taskId": 6, "workflowId": 0, "jobId": -1}, {"startTime": 36055, "endTime": 36096, "taskId": 6, "workflowId": 0, "jobId": -1}, {"startTime": 36096, "endTime": 37040, "taskId": 18, "workflowId": 0, "jobId": -1}, {"startTime": 37040, "endTime": 38380, "taskId": 20, "workflowId": 0, "jobId": -1}, {"startTime": 38380, "endTime": 38789, "taskId": 24, "workflowId": 0, "jobId": -1}, {"startTime": 38789, "endTime": 39523, "taskId": 9, "workflowId": 0, "jobId": -1}, {"startTime": 39523, "endTime": 41497, "taskId": 9, "workflowId": 0, "jobId": -1}, {"startTime": 41497, "endTime": 41790, "taskId": 21, "workflowId": 0, "jobId": -1}, {"startTime": 41790, "endTime": 44185, "taskId": 21, "workflowId": 0, "jobId": -1}, {"startTime": 44185, "endTime": 44339, "taskId": 21, "workflowId": 0, "jobId": -1}, {"startTime": 44339, "endTime": 44428, "taskId": 11, "workflowId": 0, "jobId": -1}, {"startTime": 44428, "endTime": 44493, "taskId": 11, "workflowId": 0, "jobId": -1}, {"startTime": 44493, "endTime": 45072, "taskId": 11, "workflowId": 0, "jobId": -1}, {"startTime": 45072, "endTime": 45445, "taskId": 22, "workflowId": 0, "jobId": -1}, {"startTime": 45445, "endTime": 47983, "taskId": 7, "workflowId": 0, "jobId": -1}, {"startTime": 47983, "endTime": 48377, "taskId": 22, "workflowId": 0, "jobId": -1}, {"startTime": 48377, "endTime": 48932, "taskId": 14, "workflowId": 0, "jobId": -1}, {"startTime": 48932, "endTime": 49136, "taskId": 17, "workflowId": 0, "jobId": -1}, {"startTime": 49136, "endTime": 51200, "taskId": 17, "workflowId": 0, "jobId": -1}, {"startTime": 51200, "endTime": 52300, "taskId": 14, "workflowId": 0, "jobId": -1}, {"startTime": 52300, "endTime": 54148, "taskId": 2, "workflowId": 2, "jobId": -1}, {"startTime": 56973, "endTime": 58282, "taskId": 4, "workflowId": 3, "jobId": -1}, {"startTime": 60225, "endTime": 60334, "taskId": 12, "workflowId": 2, "jobId": -1}, {"startTime": 60334, "endTime": 62406, "taskId": 10, "workflowId": 2, "jobId": -1}, {"startTime": 62406, "endTime": 65552, "taskId": 17, "workflowId": 2, "jobId": -1}, {"startTime": 67804, "endTime": 68223, "taskId": 11, "workflowId": 3, "jobId": -1}, {"startTime": 68223, "endTime": 68440, "taskId": 7, "workflowId": 1, "jobId": -1}, {"startTime": 68440, "endTime": 70333, "taskId": 18, "workflowId": 2, "jobId": -1}, {"startTime": 73713, "endTime": 75588, "taskId": 18, "workflowId": 1, "jobId": -1}, {"startTime": 81420, "endTime": 84110, "taskId": 21, "workflowId": 1, "jobId": -1}, {"startTime": 84110, "endTime": 86205, "taskId": 23, "workflowId": 1, "jobId": -1}]}, {"frequency": 1.4, "activePower": 4.5, "idlePower": 2, "memory": 1, "allocations": [{"startTime": 27954, "endTime": 41904, "taskId": 1, "workflowId": -1, "jobId": 0}, {"startTime": 41904, "endTime": 57927, "taskId": 2, "workflowId": -1, "jobId": 0}, {"startTime": 57927, "endTime": 73168, "taskId": 0, "workflowId": -1, "jobId": 1}, {"startTime": 74968, "endTime": 88918, "taskId": 1, "workflowId": -1, "jobId": 2}, {"startTime": 93074, "endTime": 98475, "taskId": 2, "workflowId": -1, "jobId": 2}, {"startTime": 98475, "endTime": 112425, "taskId": 1, "workflowId": -1, "jobId": 3}, {"startTime": 112425, "endTime": 127666, "taskId": 0, "workflowId": -1, "jobId": 3}, {"startTime": 127666, "endTime": 143700, "taskId": 2, "workflowId": -1, "jobId": 3}, {"startTime": 143700, "endTime": 145489, "taskId": 10, "workflowId": -1, "jobId": 2}, {"startTime": 145489, "endTime": 159439, "taskId": 1, "workflowId": -1, "jobId": 5}, {"startTime": 159439, "endTime": 167874, "taskId": 10, "workflowId": -1, "jobId": 2}, {"startTime": 168739, "endTime": 168996, "taskId": 0, "workflowId": -1, "jobId": 5}, {"startTime": 168996, "endTime": 182946, "taskId": 1, "workflowId": -1, "jobId": 6}, {"startTime": 190754, "endTime": 192503, "taskId": 2, "workflowId": -1, "jobId": 5}, {"startTime": 192503, "endTime": 206453, "taskId": 1, "workflowId": -1, "jobId": 7}, {"startTime": 206453, "endTime": 221694, "taskId": 0, "workflowId": -1, "jobId": 6}, {"startTime": 223314, "endTime": 225053, "taskId": 2, "workflowId": -1, "jobId": 6}, {"startTime": 225053, "endTime": 240294, "taskId": 0, "workflowId": -1, "jobId": 7}, {"startTime": 240294, "endTime": 254244, "taskId": 1, "workflowId": -1, "jobId": 9}, {"startTime": 254244, "endTime": 254736, "taskId": 4, "workflowId": -1, "jobId": 3}, {"startTime": 255874, "endTime": 263024, "taskId": 2, "workflowId": -1, "jobId": 7}, {"startTime": 263024, "endTime": 276974, "taskId": 1, "workflowId": -1, "jobId": 10}, {"startTime": 276974, "endTime": 281367, "taskId": 10, "workflowId": -1, "jobId": 5}, {"startTime": 281367, "endTime": 296608, "taskId": 0, "workflowId": -1, "jobId": 9}, {"startTime": 296608, "endTime": 312642, "taskId": 2, "workflowId": -1, "jobId": 8}, {"startTime": 312642, "endTime": 327369, "taskId": 0, "workflowId": -1, "jobId": 10}, {"startTime": 327369, "endTime": 333545, "taskId": 4, "workflowId": -1, "jobId": 4}, {"startTime": 333545, "endTime": 336424, "taskId": 1, "workflowId": -1, "jobId": 13}, {"startTime": 336424, "endTime": 347495, "taskId": 1, "workflowId": -1, "jobId": 13}, {"startTime": 347495, "endTime": 350374, "taskId": 4, "workflowId": -1, "jobId": 4}, {"startTime": 353554, "endTime": 357052, "taskId": 2, "workflowId": -1, "jobId": 10}, {"startTime": 357052, "endTime": 371002, "taskId": 1, "workflowId": -1, "jobId": 14}, {"startTime": 380559, "endTime": 394509, "taskId": 1, "workflowId": -1, "jobId": 15}, {"startTime": 394509, "endTime": 409750, "taskId": 0, "workflowId": -1, "jobId": 13}, {"startTime": 418674, "endTime": 422152, "taskId": 2, "workflowId": -1, "jobId": 12}, {"startTime": 422152, "endTime": 437393, "taskId": 0, "workflowId": -1, "jobId": 14}, {"startTime": 437393, "endTime": 444528, "taskId": 2, "workflowId": -1, "jobId": 12}, {"startTime": 450309, "endTime": 451080, "taskId": 0, "workflowId": -1, "jobId": 15}, {"startTime": 451080, "endTime": 465030, "taskId": 1, "workflowId": -1, "jobId": 18}, {"startTime": 465030, "endTime": 481064, "taskId": 2, "workflowId": -1, "jobId": 13}]}, {"frequency": 1.4, "activePower": 4.5, "idlePower": 2, "memory": 1, "allocations": [{"startTime": 31046, "endTime": 33306, "taskId": 5, "workflowId": 0, "jobId": -1}, {"startTime": 33306, "endTime": 34860, "taskId": 10, "workflowId": 0, "jobId": -1}, {"startTime": 34860, "endTime": 36538, "taskId": 12, "workflowId": 0, "jobId": -1}, {"startTime": 36538, "endTime": 39231, "taskId": 8, "workflowId": 0, "jobId": -1}, {"startTime": 39231, "endTime": 39246, "taskId": 13, "workflowId": 0, "jobId": -1}, {"startTime": 39246, "endTime": 39965, "taskId": 13, "workflowId": 0, "jobId": -1}, {"startTime": 39965, "endTime": 42073, "taskId": 13, "workflowId": 0, "jobId": -1}, {"startTime": 42073, "endTime": 42137, "taskId": 13, "workflowId": 0, "jobId": -1}, {"startTime": 42137, "endTime": 42232, "taskId": 24, "workflowId": 0, "jobId": -1}, {"startTime": 42232, "endTime": 42504, "taskId": 24, "workflowId": 0, "jobId": -1}, {"startTime": 42504, "endTime": 42966, "taskId": 24, "workflowId": 0, "jobId": -1}, {"startTime": 42966, "endTime": 43733, "taskId": 24, "workflowId": 0, "jobId": -1}, {"startTime": 43733, "endTime": 44825, "taskId": 24, "workflowId": 0, "jobId": -1}, {"startTime": 44825, "endTime": 45345, "taskId": 19, "workflowId": 0, "jobId": -1}, {"startTime": 45345, "endTime": 45445, "taskId": 7, "workflowId": 0, "jobId": -1}, {"startTime": 45445, "endTime": 47185, "taskId": 19, "workflowId": 0, "jobId": -1}, {"startTime": 47185, "endTime": 47463, "taskId": 19, "workflowId": 0, "jobId": -1}, {"startTime": 47463, "endTime": 47952, "taskId": 23, "workflowId": 0, "jobId": -1}, {"startTime": 47952, "endTime": 48932, "taskId": 23, "workflowId": 0, "jobId": -1}, {"startTime": 48932, "endTime": 49136, "taskId": 23, "workflowId": 0, "jobId": -1}, {"startTime": 49136, "endTime": 49203, "taskId": 23, "workflowId": 0, "jobId": -1}, {"startTime": 49203, "endTime": 51249, "taskId": 15, "workflowId": 0, "jobId": -1}, {"startTime": 51249, "endTime": 52878, "taskId": 16, "workflowId": 0, "jobId": -1}, {"startTime": 53625, "endTime": 56973, "taskId": 0, "workflowId": 3, "jobId": -1}, {"startTime": 60335, "endTime": 62374, "taskId": 12, "workflowId": 2, "jobId": -1}, {"startTime": 62374, "endTime": 63818, "taskId": 9, "workflowId": 2, "jobId": -1}, {"startTime": 68228, "endTime": 68440, "taskId": 11, "workflowId": 3, "jobId": -1}, {"startTime": 68440, "endTime": 69318, "taskId": 7, "workflowId": 1, "jobId": -1}, {"startTime": 69318, "endTime": 71678, "taskId": 11, "workflowId": 3, "jobId": -1}, {"startTime": 81420, "endTime": 84282, "taskId": 24, "workflowId": 1, "jobId": -1}]}, {"frequency": 1.4, "activePower": 4.5, "idlePower": 2, "memory": 1, "allocations": [{"startTime": 27954, "endTime": 27965, "taskId": 2, "workflowId": -1, "jobId": 0}, {"startTime": 27965, "endTime": 43206, "taskId": 0, "workflowId": -1, "jobId": 0}, {"startTime": 51461, "endTime": 65411, "taskId": 1, "workflowId": -1, "jobId": 1}, {"startTime": 65411, "endTime": 81445, "taskId": 2, "workflowId": -1, "jobId": 1}, {"startTime": 84268, "endTime": 99509, "taskId": 0, "workflowId": -1, "jobId": 2}, {"startTime": 99509, "endTime": 110142, "taskId": 2, "workflowId": -1, "jobId": 2}, {"startTime": 110142, "endTime": 118897, "taskId": 5, "workflowId": -1, "jobId": 2}, {"startTime": 121982, "endTime": 135932, "taskId": 1, "workflowId": -1, "jobId": 4}, {"startTime": 135932, "endTime": 140582, "taskId": 10, "workflowId": -1, "jobId": 2}, {"startTime": 140582, "endTime": 155823, "taskId": 0, "workflowId": -1, "jobId": 4}, {"startTime": 155823, "endTime": 158194, "taskId": 10, "workflowId": -1, "jobId": 2}, {"startTime": 158194, "endTime": 174228, "taskId": 2, "workflowId": -1, "jobId": 4}, {"startTime": 174228, "endTime": 189212, "taskId": 0, "workflowId": -1, "jobId": 5}, {"startTime": 192503, "endTime": 206788, "taskId": 2, "workflowId": -1, "jobId": 5}, {"startTime": 216010, "endTime": 229960, "taskId": 1, "workflowId": -1, "jobId": 8}, {"startTime": 229960, "endTime": 244255, "taskId": 2, "workflowId": -1, "jobId": 6}, {"startTime": 244647, "endTime": 253210, "taskId": 4, "workflowId": -1, "jobId": 3}, {"startTime": 253210, "endTime": 268451, "taskId": 0, "workflowId": -1, "jobId": 8}, {"startTime": 268451, "endTime": 277335, "taskId": 2, "workflowId": -1, "jobId": 7}, {"startTime": 281367, "endTime": 286531, "taskId": 10, "workflowId": -1, "jobId": 5}, {"startTime": 286531, "endTime": 300481, "taskId": 1, "workflowId": -1, "jobId": 11}, {"startTime": 300481, "endTime": 308169, "taskId": 10, "workflowId": -1, "jobId": 5}, {"startTime": 309524, "endTime": 310038, "taskId": 0, "workflowId": -1, "jobId": 10}, {"startTime": 310038, "endTime": 323988, "taskId": 1, "workflowId": -1, "jobId": 12}, {"startTime": 323988, "endTime": 340022, "taskId": 2, "workflowId": -1, "jobId": 9}, {"startTime": 340022, "endTime": 342901, "taskId": 0, "workflowId": -1, "jobId": 11}, {"startTime": 342901, "endTime": 355263, "taskId": 0, "workflowId": -1, "jobId": 11}, {"startTime": 357052, "endTime": 369588, "taskId": 2, "workflowId": -1, "jobId": 10}, {"startTime": 369588, "endTime": 384829, "taskId": 0, "workflowId": -1, "jobId": 12}, {"startTime": 386114, "endTime": 402148, "taskId": 2, "workflowId": -1, "jobId": 11}, {"startTime": 404066, "endTime": 418016, "taskId": 1, "workflowId": -1, "jobId": 16}, {"startTime": 422152, "endTime": 427573, "taskId": 2, "workflowId": -1, "jobId": 12}, {"startTime": 427573, "endTime": 441523, "taskId": 1, "workflowId": -1, "jobId": 17}, {"startTime": 451080, "endTime": 465551, "taskId": 0, "workflowId": -1, "jobId": 15}, {"startTime": 474587, "endTime": 488537, "taskId": 1, "workflowId": -1, "jobId": 19}]}]