[{"frequency": 2.83, "activePower": 95.4, "idlePower": 49.6, "memory": 2, "allocations": [{"startTime": 25293, "endTime": 25476, "taskId": 0, "workflowId": 2, "jobId": -1}, {"startTime": 25476, "endTime": 33396, "taskId": 0, "workflowId": -1, "jobId": 0}, {"startTime": 33396, "endTime": 40989, "taskId": 6, "workflowId": -1, "jobId": 0}, {"startTime": 40989, "endTime": 45382, "taskId": 13, "workflowId": -1, "jobId": 0}, {"startTime": 45382, "endTime": 46089, "taskId": 12, "workflowId": 2, "jobId": -1}, {"startTime": 46089, "endTime": 46499, "taskId": 0, "workflowId": -1, "jobId": 1}, {"startTime": 46499, "endTime": 54009, "taskId": 0, "workflowId": -1, "jobId": 1}, {"startTime": 54009, "endTime": 54143, "taskId": 3, "workflowId": 1, "jobId": -1}, {"startTime": 54143, "endTime": 54841, "taskId": 7, "workflowId": -1, "jobId": 1}, {"startTime": 54841, "endTime": 54910, "taskId": 7, "workflowId": -1, "jobId": 1}, {"startTime": 54910, "endTime": 56291, "taskId": 7, "workflowId": -1, "jobId": 1}, {"startTime": 56291, "endTime": 56970, "taskId": 7, "workflowId": -1, "jobId": 1}, {"startTime": 56970, "endTime": 57352, "taskId": 7, "workflowId": -1, "jobId": 1}, {"startTime": 57352, "endTime": 60458, "taskId": 7, "workflowId": -1, "jobId": 1}, {"startTime": 60458, "endTime": 60539, "taskId": 22, "workflowId": 1, "jobId": -1}, {"startTime": 60539, "endTime": 61137, "taskId": 22, "workflowId": 1, "jobId": -1}, {"startTime": 61137, "endTime": 61260, "taskId": 22, "workflowId": 1, "jobId": -1}, {"startTime": 61260, "endTime": 61439, "taskId": 22, "workflowId": 1, "jobId": -1}, {"startTime": 61439, "endTime": 61484, "taskId": 20, "workflowId": 1, "jobId": -1}, {"startTime": 61484, "endTime": 61671, "taskId": 23, "workflowId": 1, "jobId": -1}, {"startTime": 61671, "endTime": 61978, "taskId": 2, "workflowId": -1, "jobId": 1}, {"startTime": 61978, "endTime": 62567, "taskId": 2, "workflowId": -1, "jobId": 1}, {"startTime": 62567, "endTime": 62828, "taskId": 2, "workflowId": -1, "jobId": 1}, {"startTime": 62828, "endTime": 64224, "taskId": 2, "workflowId": -1, "jobId": 1}, {"startTime": 64224, "endTime": 64642, "taskId": 2, "workflowId": -1, "jobId": 1}, {"startTime": 64642, "endTime": 65087, "taskId": 2, "workflowId": -1, "jobId": 1}, {"startTime": 65087, "endTime": 66702, "taskId": 2, "workflowId": -1, "jobId": 1}, {"startTime": 66702, "endTime": 67262, "taskId": 0, "workflowId": -1, "jobId": 2}, {"startTime": 67262, "endTime": 67407, "taskId": 0, "workflowId": -1, "jobId": 2}, {"startTime": 67407, "endTime": 68226, "taskId": 0, "workflowId": -1, "jobId": 2}, {"startTime": 68226, "endTime": 68626, "taskId": 0, "workflowId": -1, "jobId": 2}, {"startTime": 68626, "endTime": 69305, "taskId": 0, "workflowId": -1, "jobId": 2}, {"startTime": 69305, "endTime": 69484, "taskId": 0, "workflowId": -1, "jobId": 2}, {"startTime": 69484, "endTime": 74622, "taskId": 0, "workflowId": -1, "jobId": 2}, {"startTime": 74622, "endTime": 74655, "taskId": 16, "workflowId": 2, "jobId": -1}, {"startTime": 74655, "endTime": 74919, "taskId": 17, "workflowId": 2, "jobId": -1}, {"startTime": 74919, "endTime": 75533, "taskId": 13, "workflowId": -1, "jobId": 1}, {"startTime": 75533, "endTime": 76200, "taskId": 4, "workflowId": 0, "jobId": -1}, {"startTime": 76200, "endTime": 76333, "taskId": 6, "workflowId": 0, "jobId": -1}, {"startTime": 76333, "endTime": 76990, "taskId": 8, "workflowId": 0, "jobId": -1}, {"startTime": 76990, "endTime": 77227, "taskId": 11, "workflowId": 0, "jobId": -1}, {"startTime": 77227, "endTime": 77500, "taskId": 9, "workflowId": 0, "jobId": -1}, {"startTime": 77500, "endTime": 77592, "taskId": 3, "workflowId": -1, "jobId": 2}, {"startTime": 77592, "endTime": 78115, "taskId": 3, "workflowId": -1, "jobId": 2}, {"startTime": 78115, "endTime": 78482, "taskId": 3, "workflowId": -1, "jobId": 2}, {"startTime": 78482, "endTime": 80204, "taskId": 3, "workflowId": -1, "jobId": 2}, {"startTime": 80204, "endTime": 81229, "taskId": 3, "workflowId": -1, "jobId": 2}, {"startTime": 81229, "endTime": 82872, "taskId": 3, "workflowId": -1, "jobId": 2}, {"startTime": 82872, "endTime": 83153, "taskId": 19, "workflowId": 2, "jobId": -1}, {"startTime": 83153, "endTime": 83231, "taskId": 19, "workflowId": 2, "jobId": -1}, {"startTime": 83231, "endTime": 83655, "taskId": 22, "workflowId": 0, "jobId": -1}, {"startTime": 83655, "endTime": 84120, "taskId": 22, "workflowId": 0, "jobId": -1}, {"startTime": 84120, "endTime": 84650, "taskId": 26, "workflowId": 0, "jobId": -1}, {"startTime": 84650, "endTime": 85119, "taskId": 26, "workflowId": 0, "jobId": -1}, {"startTime": 85119, "endTime": 85737, "taskId": 26, "workflowId": 0, "jobId": -1}, {"startTime": 85737, "endTime": 86343, "taskId": 27, "workflowId": 0, "jobId": -1}, {"startTime": 86343, "endTime": 86736, "taskId": 27, "workflowId": 0, "jobId": -1}, {"startTime": 86736, "endTime": 86965, "taskId": 27, "workflowId": 0, "jobId": -1}, {"startTime": 86965, "endTime": 87315, "taskId": 30, "workflowId": 0, "jobId": -1}, {"startTime": 87315, "endTime": 87853, "taskId": 0, "workflowId": -1, "jobId": 3}, {"startTime": 87853, "endTime": 87964, "taskId": 0, "workflowId": -1, "jobId": 3}, {"startTime": 87964, "endTime": 88410, "taskId": 0, "workflowId": -1, "jobId": 3}, {"startTime": 88410, "endTime": 89803, "taskId": 0, "workflowId": -1, "jobId": 3}, {"startTime": 89803, "endTime": 95235, "taskId": 0, "workflowId": -1, "jobId": 3}, {"startTime": 95235, "endTime": 95968, "taskId": 9, "workflowId": -1, "jobId": 1}, {"startTime": 95968, "endTime": 97039, "taskId": 9, "workflowId": -1, "jobId": 1}, {"startTime": 97039, "endTime": 97166, "taskId": 9, "workflowId": -1, "jobId": 1}, {"startTime": 97166, "endTime": 97864, "taskId": 3, "workflowId": 3, "jobId": -1}, {"startTime": 97864, "endTime": 98237, "taskId": 2, "workflowId": -1, "jobId": 2}, {"startTime": 98237, "endTime": 99453, "taskId": 2, "workflowId": -1, "jobId": 2}, {"startTime": 99453, "endTime": 101067, "taskId": 2, "workflowId": -1, "jobId": 2}, {"startTime": 101067, "endTime": 103455, "taskId": 2, "workflowId": -1, "jobId": 2}, {"startTime": 103455, "endTime": 103512, "taskId": 14, "workflowId": 3, "jobId": -1}, {"startTime": 103512, "endTime": 104631, "taskId": 3, "workflowId": -1, "jobId": 3}, {"startTime": 104631, "endTime": 104962, "taskId": 3, "workflowId": -1, "jobId": 3}, {"startTime": 104962, "endTime": 105581, "taskId": 3, "workflowId": -1, "jobId": 3}, {"startTime": 105581, "endTime": 105935, "taskId": 3, "workflowId": -1, "jobId": 3}, {"startTime": 105935, "endTime": 106138, "taskId": 3, "workflowId": -1, "jobId": 3}, {"startTime": 106138, "endTime": 107608, "taskId": 3, "workflowId": -1, "jobId": 3}, {"startTime": 107608, "endTime": 107744, "taskId": 3, "workflowId": -1, "jobId": 3}, {"startTime": 107744, "endTime": 107928, "taskId": 3, "workflowId": -1, "jobId": 3}, {"startTime": 107928, "endTime": 108884, "taskId": 0, "workflowId": -1, "jobId": 4}, {"startTime": 108884, "endTime": 109238, "taskId": 0, "workflowId": -1, "jobId": 4}, {"startTime": 109238, "endTime": 109365, "taskId": 0, "workflowId": -1, "jobId": 4}, {"startTime": 109365, "endTime": 110490, "taskId": 0, "workflowId": -1, "jobId": 4}, {"startTime": 110490, "endTime": 110859, "taskId": 0, "workflowId": -1, "jobId": 4}, {"startTime": 110859, "endTime": 115848, "taskId": 0, "workflowId": -1, "jobId": 4}, {"startTime": 115848, "endTime": 116202, "taskId": 12, "workflowId": 3, "jobId": -1}, {"startTime": 116202, "endTime": 117875, "taskId": 10, "workflowId": 3, "jobId": -1}, {"startTime": 117875, "endTime": 119373, "taskId": 21, "workflowId": 3, "jobId": -1}, {"startTime": 119373, "endTime": 120364, "taskId": 8, "workflowId": -1, "jobId": 1}, {"startTime": 120364, "endTime": 123237, "taskId": 4, "workflowId": -1, "jobId": 2}, {"startTime": 123237, "endTime": 123464, "taskId": 28, "workflowId": 2, "jobId": -1}, {"startTime": 123464, "endTime": 123702, "taskId": 9, "workflowId": -1, "jobId": 2}, {"startTime": 123702, "endTime": 124368, "taskId": 9, "workflowId": -1, "jobId": 2}, {"startTime": 124368, "endTime": 124537, "taskId": 9, "workflowId": -1, "jobId": 2}, {"startTime": 124537, "endTime": 125573, "taskId": 9, "workflowId": -1, "jobId": 2}, {"startTime": 125573, "endTime": 125668, "taskId": 22, "workflowId": 3, "jobId": -1}, {"startTime": 125668, "endTime": 127134, "taskId": 22, "workflowId": 3, "jobId": -1}, {"startTime": 127134, "endTime": 128025, "taskId": 23, "workflowId": 3, "jobId": -1}, {"startTime": 128025, "endTime": 128541, "taskId": 28, "workflowId": 3, "jobId": -1}, {"startTime": 128541, "endTime": 136461, "taskId": 0, "workflowId": -1, "jobId": 5}, {"startTime": 137088, "endTime": 140703, "taskId": 5, "workflowId": -1, "jobId": 4}, {"startTime": 140703, "endTime": 146114, "taskId": 1, "workflowId": -1, "jobId": 3}, {"startTime": 146691, "endTime": 149154, "taskId": 13, "workflowId": -1, "jobId": 3}, {"startTime": 149154, "endTime": 157074, "taskId": 0, "workflowId": -1, "jobId": 6}, {"startTime": 162340, "endTime": 164991, "taskId": 6, "workflowId": -1, "jobId": 2}, {"startTime": 164991, "endTime": 169767, "taskId": 5, "workflowId": -1, "jobId": 5}, {"startTime": 169767, "endTime": 177687, "taskId": 0, "workflowId": -1, "jobId": 7}, {"startTime": 179112, "endTime": 181548, "taskId": 1, "workflowId": -1, "jobId": 4}, {"startTime": 181548, "endTime": 186920, "taskId": 3, "workflowId": -1, "jobId": 6}, {"startTime": 187096, "endTime": 190380, "taskId": 13, "workflowId": -1, "jobId": 4}, {"startTime": 190380, "endTime": 198300, "taskId": 0, "workflowId": -1, "jobId": 8}, {"startTime": 206446, "endTime": 207560, "taskId": 2, "workflowId": -1, "jobId": 5}, {"startTime": 207560, "endTime": 210993, "taskId": 3, "workflowId": -1, "jobId": 7}, {"startTime": 210993, "endTime": 218913, "taskId": 0, "workflowId": -1, "jobId": 9}, {"startTime": 220797, "endTime": 229034, "taskId": 5, "workflowId": -1, "jobId": 7}, {"startTime": 230772, "endTime": 231606, "taskId": 6, "workflowId": -1, "jobId": 3}, {"startTime": 231606, "endTime": 239526, "taskId": 0, "workflowId": -1, "jobId": 10}, {"startTime": 242640, "endTime": 248231, "taskId": 2, "workflowId": -1, "jobId": 6}, {"startTime": 248700, "endTime": 252219, "taskId": 5, "workflowId": -1, "jobId": 8}, {"startTime": 252219, "endTime": 260139, "taskId": 0, "workflowId": -1, "jobId": 11}, {"startTime": 260139, "endTime": 262301, "taskId": 8, "workflowId": -1, "jobId": 3}, {"startTime": 262696, "endTime": 265569, "taskId": 4, "workflowId": -1, "jobId": 5}, {"startTime": 267906, "endTime": 272299, "taskId": 13, "workflowId": -1, "jobId": 6}, {"startTime": 272832, "endTime": 280752, "taskId": 0, "workflowId": -1, "jobId": 12}, {"startTime": 282978, "endTime": 283479, "taskId": 15, "workflowId": -1, "jobId": 7}, {"startTime": 283479, "endTime": 285596, "taskId": 7, "workflowId": -1, "jobId": 9}, {"startTime": 285596, "endTime": 290968, "taskId": 3, "workflowId": -1, "jobId": 10}, {"startTime": 293445, "endTime": 301365, "taskId": 0, "workflowId": -1, "jobId": 13}, {"startTime": 304506, "endTime": 311608, "taskId": 5, "workflowId": -1, "jobId": 10}, {"startTime": 311608, "endTime": 314058, "taskId": 3, "workflowId": -1, "jobId": 11}, {"startTime": 314058, "endTime": 321978, "taskId": 0, "workflowId": -1, "jobId": 14}, {"startTime": 327820, "endTime": 330326, "taskId": 12, "workflowId": -1, "jobId": 4}, {"startTime": 330326, "endTime": 332409, "taskId": 14, "workflowId": -1, "jobId": 5}, {"startTime": 332409, "endTime": 332748, "taskId": 5, "workflowId": -1, "jobId": 11}, {"startTime": 332748, "endTime": 334671, "taskId": 1, "workflowId": -1, "jobId": 8}, {"startTime": 334671, "endTime": 342591, "taskId": 0, "workflowId": -1, "jobId": 15}, {"startTime": 342906, "endTime": 347856, "taskId": 10, "workflowId": -1, "jobId": 10}, {"startTime": 348716, "endTime": 351222, "taskId": 13, "workflowId": -1, "jobId": 8}, {"startTime": 351222, "endTime": 355284, "taskId": 2, "workflowId": -1, "jobId": 9}, {"startTime": 355284, "endTime": 363204, "taskId": 0, "workflowId": -1, "jobId": 16}, {"startTime": 363632, "endTime": 369004, "taskId": 3, "workflowId": -1, "jobId": 13}, {"startTime": 369251, "endTime": 369480, "taskId": 11, "workflowId": -1, "jobId": 5}, {"startTime": 369480, "endTime": 371157, "taskId": 7, "workflowId": -1, "jobId": 12}, {"startTime": 371157, "endTime": 375897, "taskId": 1, "workflowId": -1, "jobId": 9}, {"startTime": 375897, "endTime": 383817, "taskId": 0, "workflowId": -1, "jobId": 17}, {"startTime": 387416, "endTime": 389644, "taskId": 2, "workflowId": -1, "jobId": 10}, {"startTime": 389644, "endTime": 395016, "taskId": 3, "workflowId": -1, "jobId": 14}, {"startTime": 396510, "endTime": 404430, "taskId": 0, "workflowId": -1, "jobId": 18}, {"startTime": 404816, "endTime": 405028, "taskId": 8, "workflowId": -1, "jobId": 5}, {"startTime": 405028, "endTime": 407901, "taskId": 4, "workflowId": -1, "jobId": 8}, {"startTime": 409566, "endTime": 414977, "taskId": 1, "workflowId": -1, "jobId": 10}, {"startTime": 415656, "endTime": 417123, "taskId": 3, "workflowId": -1, "jobId": 15}, {"startTime": 417123, "endTime": 425043, "taskId": 0, "workflowId": -1, "jobId": 19}, {"startTime": 426814, "endTime": 433129, "taskId": 7, "workflowId": -1, "jobId": 14}, {"startTime": 437736, "endTime": 445656, "taskId": 0, "workflowId": -1, "jobId": 20}, {"startTime": 447975, "endTime": 453386, "taskId": 1, "workflowId": -1, "jobId": 11}, {"startTime": 455481, "endTime": 458349, "taskId": 7, "workflowId": -1, "jobId": 15}, {"startTime": 458349, "endTime": 466269, "taskId": 0, "workflowId": -1, "jobId": 21}, {"startTime": 467680, "endTime": 473052, "taskId": 3, "workflowId": -1, "jobId": 17}, {"startTime": 478962, "endTime": 486882, "taskId": 0, "workflowId": -1, "jobId": 22}]}, {"frequency": 2.83, "activePower": 95.4, "idlePower": 49.6, "memory": 2, "allocations": [{"startTime": 25476, "endTime": 30848, "taskId": 3, "workflowId": -1, "jobId": 0}, {"startTime": 30848, "endTime": 39085, "taskId": 5, "workflowId": -1, "jobId": 0}, {"startTime": 39085, "endTime": 40112, "taskId": 6, "workflowId": 2, "jobId": -1}, {"startTime": 40112, "endTime": 41648, "taskId": 4, "workflowId": 2, "jobId": -1}, {"startTime": 41648, "endTime": 42243, "taskId": 9, "workflowId": -1, "jobId": 0}, {"startTime": 42243, "endTime": 42417, "taskId": 10, "workflowId": 2, "jobId": -1}, {"startTime": 42417, "endTime": 42829, "taskId": 10, "workflowId": 2, "jobId": -1}, {"startTime": 42829, "endTime": 43233, "taskId": 11, "workflowId": -1, "jobId": 0}, {"startTime": 43233, "endTime": 43478, "taskId": 11, "workflowId": -1, "jobId": 0}, {"startTime": 43478, "endTime": 44992, "taskId": 9, "workflowId": -1, "jobId": 0}, {"startTime": 44992, "endTime": 50772, "taskId": 11, "workflowId": -1, "jobId": 0}, {"startTime": 50772, "endTime": 51489, "taskId": 0, "workflowId": 1, "jobId": -1}, {"startTime": 51489, "endTime": 51584, "taskId": 3, "workflowId": -1, "jobId": 1}, {"startTime": 51584, "endTime": 51858, "taskId": 3, "workflowId": -1, "jobId": 1}, {"startTime": 51858, "endTime": 52263, "taskId": 3, "workflowId": -1, "jobId": 1}, {"startTime": 52263, "endTime": 52537, "taskId": 3, "workflowId": -1, "jobId": 1}, {"startTime": 52537, "endTime": 52645, "taskId": 3, "workflowId": -1, "jobId": 1}, {"startTime": 52645, "endTime": 52919, "taskId": 3, "workflowId": -1, "jobId": 1}, {"startTime": 52919, "endTime": 56861, "taskId": 3, "workflowId": -1, "jobId": 1}, {"startTime": 56861, "endTime": 57243, "taskId": 12, "workflowId": 1, "jobId": -1}, {"startTime": 57243, "endTime": 57592, "taskId": 12, "workflowId": 1, "jobId": -1}, {"startTime": 57592, "endTime": 57693, "taskId": 11, "workflowId": 1, "jobId": -1}, {"startTime": 57693, "endTime": 58118, "taskId": 11, "workflowId": 1, "jobId": -1}, {"startTime": 58118, "endTime": 58242, "taskId": 6, "workflowId": 1, "jobId": -1}, {"startTime": 58242, "endTime": 59208, "taskId": 6, "workflowId": 1, "jobId": -1}, {"startTime": 59208, "endTime": 59711, "taskId": 14, "workflowId": 1, "jobId": -1}, {"startTime": 59711, "endTime": 59738, "taskId": 14, "workflowId": 1, "jobId": -1}, {"startTime": 59738, "endTime": 59879, "taskId": 14, "workflowId": 1, "jobId": -1}, {"startTime": 59879, "endTime": 60138, "taskId": 14, "workflowId": 1, "jobId": -1}, {"startTime": 60138, "endTime": 60416, "taskId": 14, "workflowId": 1, "jobId": -1}, {"startTime": 60416, "endTime": 60494, "taskId": 14, "workflowId": 1, "jobId": -1}, {"startTime": 60494, "endTime": 61024, "taskId": 18, "workflowId": 1, "jobId": -1}, {"startTime": 61024, "endTime": 61260, "taskId": 18, "workflowId": 1, "jobId": -1}, {"startTime": 61260, "endTime": 61424, "taskId": 18, "workflowId": 1, "jobId": -1}, {"startTime": 61424, "endTime": 61671, "taskId": 18, "workflowId": 1, "jobId": -1}, {"startTime": 61671, "endTime": 61924, "taskId": 23, "workflowId": 1, "jobId": -1}, {"startTime": 61924, "endTime": 61978, "taskId": 23, "workflowId": 1, "jobId": -1}, {"startTime": 61978, "endTime": 62233, "taskId": 16, "workflowId": 1, "jobId": -1}, {"startTime": 62233, "endTime": 62875, "taskId": 16, "workflowId": 1, "jobId": -1}, {"startTime": 62875, "endTime": 62912, "taskId": 21, "workflowId": 1, "jobId": -1}, {"startTime": 62912, "endTime": 63104, "taskId": 24, "workflowId": 1, "jobId": -1}, {"startTime": 63104, "endTime": 63294, "taskId": 19, "workflowId": 1, "jobId": -1}, {"startTime": 63294, "endTime": 63701, "taskId": 19, "workflowId": 1, "jobId": -1}, {"startTime": 63701, "endTime": 63886, "taskId": 19, "workflowId": 1, "jobId": -1}, {"startTime": 63886, "endTime": 64537, "taskId": 1, "workflowId": -1, "jobId": 1}, {"startTime": 64537, "endTime": 64625, "taskId": 1, "workflowId": -1, "jobId": 1}, {"startTime": 64625, "endTime": 64667, "taskId": 1, "workflowId": -1, "jobId": 1}, {"startTime": 64667, "endTime": 64931, "taskId": 1, "workflowId": -1, "jobId": 1}, {"startTime": 64931, "endTime": 65597, "taskId": 1, "workflowId": -1, "jobId": 1}, {"startTime": 65597, "endTime": 65763, "taskId": 1, "workflowId": -1, "jobId": 1}, {"startTime": 65763, "endTime": 66019, "taskId": 1, "workflowId": -1, "jobId": 1}, {"startTime": 66019, "endTime": 66323, "taskId": 1, "workflowId": -1, "jobId": 1}, {"startTime": 66323, "endTime": 66419, "taskId": 1, "workflowId": -1, "jobId": 1}, {"startTime": 66419, "endTime": 66510, "taskId": 1, "workflowId": -1, "jobId": 1}, {"startTime": 66510, "endTime": 66702, "taskId": 1, "workflowId": -1, "jobId": 1}, {"startTime": 66702, "endTime": 67040, "taskId": 2, "workflowId": -1, "jobId": 1}, {"startTime": 67040, "endTime": 67061, "taskId": 2, "workflowId": -1, "jobId": 1}, {"startTime": 67061, "endTime": 67143, "taskId": 2, "workflowId": -1, "jobId": 1}, {"startTime": 67143, "endTime": 67251, "taskId": 2, "workflowId": -1, "jobId": 1}, {"startTime": 67251, "endTime": 67262, "taskId": 2, "workflowId": -1, "jobId": 1}, {"startTime": 67262, "endTime": 67407, "taskId": 17, "workflowId": 2, "jobId": -1}, {"startTime": 67407, "endTime": 67625, "taskId": 1, "workflowId": -1, "jobId": 1}, {"startTime": 67625, "endTime": 67789, "taskId": 1, "workflowId": -1, "jobId": 1}, {"startTime": 67789, "endTime": 67925, "taskId": 1, "workflowId": -1, "jobId": 1}, {"startTime": 67925, "endTime": 69125, "taskId": 1, "workflowId": -1, "jobId": 1}, {"startTime": 69125, "endTime": 70002, "taskId": 1, "workflowId": -1, "jobId": 1}, {"startTime": 70002, "endTime": 70129, "taskId": 17, "workflowId": 2, "jobId": -1}, {"startTime": 70129, "endTime": 70425, "taskId": 17, "workflowId": 2, "jobId": -1}, {"startTime": 70425, "endTime": 72920, "taskId": 8, "workflowId": -1, "jobId": 0}, {"startTime": 72920, "endTime": 73443, "taskId": 4, "workflowId": -1, "jobId": 1}, {"startTime": 73443, "endTime": 73707, "taskId": 4, "workflowId": -1, "jobId": 1}, {"startTime": 73707, "endTime": 74089, "taskId": 4, "workflowId": -1, "jobId": 1}, {"startTime": 74089, "endTime": 74539, "taskId": 4, "workflowId": -1, "jobId": 1}, {"startTime": 74539, "endTime": 75533, "taskId": 0, "workflowId": 0, "jobId": -1}, {"startTime": 75533, "endTime": 75793, "taskId": 1, "workflowId": 0, "jobId": -1}, {"startTime": 75793, "endTime": 76332, "taskId": 1, "workflowId": 0, "jobId": -1}, {"startTime": 76332, "endTime": 76333, "taskId": 5, "workflowId": 0, "jobId": -1}, {"startTime": 76333, "endTime": 76423, "taskId": 6, "workflowId": 0, "jobId": -1}, {"startTime": 76423, "endTime": 77255, "taskId": 6, "workflowId": 0, "jobId": -1}, {"startTime": 77255, "endTime": 77592, "taskId": 6, "workflowId": 0, "jobId": -1}, {"startTime": 77592, "endTime": 77852, "taskId": 5, "workflowId": 0, "jobId": -1}, {"startTime": 77852, "endTime": 78051, "taskId": 5, "workflowId": 0, "jobId": -1}, {"startTime": 78051, "endTime": 78257, "taskId": 4, "workflowId": -1, "jobId": 1}, {"startTime": 78257, "endTime": 78311, "taskId": 11, "workflowId": 0, "jobId": -1}, {"startTime": 78311, "endTime": 78482, "taskId": 11, "workflowId": 0, "jobId": -1}, {"startTime": 78482, "endTime": 78742, "taskId": 11, "workflowId": 0, "jobId": -1}, {"startTime": 78742, "endTime": 79007, "taskId": 11, "workflowId": 0, "jobId": -1}, {"startTime": 79007, "endTime": 79044, "taskId": 17, "workflowId": 0, "jobId": -1}, {"startTime": 79044, "endTime": 79061, "taskId": 17, "workflowId": 0, "jobId": -1}, {"startTime": 79061, "endTime": 79554, "taskId": 17, "workflowId": 0, "jobId": -1}, {"startTime": 79844, "endTime": 79951, "taskId": 7, "workflowId": 0, "jobId": -1}, {"startTime": 79951, "endTime": 80108, "taskId": 7, "workflowId": 0, "jobId": -1}, {"startTime": 80108, "endTime": 80202, "taskId": 7, "workflowId": 0, "jobId": -1}, {"startTime": 80202, "endTime": 80368, "taskId": 7, "workflowId": 0, "jobId": -1}, {"startTime": 80368, "endTime": 81566, "taskId": 7, "workflowId": 0, "jobId": -1}, {"startTime": 81566, "endTime": 82443, "taskId": 14, "workflowId": 0, "jobId": -1}, {"startTime": 82443, "endTime": 82924, "taskId": 20, "workflowId": 0, "jobId": -1}, {"startTime": 82924, "endTime": 83655, "taskId": 20, "workflowId": 0, "jobId": -1}, {"startTime": 83655, "endTime": 84105, "taskId": 20, "workflowId": 0, "jobId": -1}, {"startTime": 84105, "endTime": 84106, "taskId": 21, "workflowId": 2, "jobId": -1}, {"startTime": 84106, "endTime": 84994, "taskId": 25, "workflowId": 0, "jobId": -1}, {"startTime": 84994, "endTime": 85752, "taskId": 25, "workflowId": 0, "jobId": -1}, {"startTime": 85752, "endTime": 86620, "taskId": 29, "workflowId": 0, "jobId": -1}, {"startTime": 86620, "endTime": 86640, "taskId": 29, "workflowId": 0, "jobId": -1}, {"startTime": 86640, "endTime": 86701, "taskId": 29, "workflowId": 0, "jobId": -1}, {"startTime": 86701, "endTime": 86751, "taskId": 29, "workflowId": 0, "jobId": -1}, {"startTime": 86751, "endTime": 87315, "taskId": 13, "workflowId": -1, "jobId": 1}, {"startTime": 87315, "endTime": 87378, "taskId": 30, "workflowId": 0, "jobId": -1}, {"startTime": 87378, "endTime": 87700, "taskId": 30, "workflowId": 0, "jobId": -1}, {"startTime": 87700, "endTime": 88266, "taskId": 30, "workflowId": 0, "jobId": -1}, {"startTime": 88266, "endTime": 88410, "taskId": 30, "workflowId": 0, "jobId": -1}, {"startTime": 88410, "endTime": 88588, "taskId": 31, "workflowId": 0, "jobId": -1}, {"startTime": 88588, "endTime": 88795, "taskId": 31, "workflowId": 0, "jobId": -1}, {"startTime": 88795, "endTime": 89326, "taskId": 31, "workflowId": 0, "jobId": -1}, {"startTime": 89326, "endTime": 89687, "taskId": 31, "workflowId": 0, "jobId": -1}, {"startTime": 89687, "endTime": 90068, "taskId": 31, "workflowId": 0, "jobId": -1}, {"startTime": 90068, "endTime": 90281, "taskId": 21, "workflowId": 2, "jobId": -1}, {"startTime": 90281, "endTime": 90956, "taskId": 21, "workflowId": 2, "jobId": -1}, {"startTime": 90956, "endTime": 91313, "taskId": 1, "workflowId": 3, "jobId": -1}, {"startTime": 91313, "endTime": 92649, "taskId": 1, "workflowId": 3, "jobId": -1}, {"startTime": 92649, "endTime": 92876, "taskId": 10, "workflowId": -1, "jobId": 2}, {"startTime": 92876, "endTime": 93909, "taskId": 10, "workflowId": -1, "jobId": 2}, {"startTime": 93909, "endTime": 97599, "taskId": 6, "workflowId": -1, "jobId": 1}, {"startTime": 97599, "endTime": 101502, "taskId": 6, "workflowId": -1, "jobId": 1}, {"startTime": 101502, "endTime": 102294, "taskId": 14, "workflowId": -1, "jobId": 1}, {"startTime": 102294, "endTime": 103005, "taskId": 1, "workflowId": -1, "jobId": 2}, {"startTime": 103005, "endTime": 107689, "taskId": 1, "workflowId": -1, "jobId": 2}, {"startTime": 107689, "endTime": 107705, "taskId": 1, "workflowId": -1, "jobId": 2}, {"startTime": 107705, "endTime": 107928, "taskId": 13, "workflowId": 3, "jobId": -1}, {"startTime": 107928, "endTime": 108884, "taskId": 3, "workflowId": -1, "jobId": 3}, {"startTime": 108884, "endTime": 109185, "taskId": 25, "workflowId": 2, "jobId": -1}, {"startTime": 109185, "endTime": 109212, "taskId": 5, "workflowId": -1, "jobId": 3}, {"startTime": 109212, "endTime": 109311, "taskId": 5, "workflowId": -1, "jobId": 3}, {"startTime": 109311, "endTime": 109831, "taskId": 5, "workflowId": -1, "jobId": 3}, {"startTime": 109831, "endTime": 110185, "taskId": 5, "workflowId": -1, "jobId": 3}, {"startTime": 110185, "endTime": 110286, "taskId": 5, "workflowId": -1, "jobId": 3}, {"startTime": 110286, "endTime": 110905, "taskId": 5, "workflowId": -1, "jobId": 3}, {"startTime": 110905, "endTime": 111858, "taskId": 5, "workflowId": -1, "jobId": 3}, {"startTime": 111858, "endTime": 112578, "taskId": 5, "workflowId": -1, "jobId": 3}, {"startTime": 112578, "endTime": 117422, "taskId": 5, "workflowId": -1, "jobId": 3}, {"startTime": 117422, "endTime": 118535, "taskId": 29, "workflowId": 2, "jobId": -1}, {"startTime": 118535, "endTime": 118582, "taskId": 29, "workflowId": 2, "jobId": -1}, {"startTime": 118582, "endTime": 119043, "taskId": 27, "workflowId": 2, "jobId": -1}, {"startTime": 119043, "endTime": 120139, "taskId": 27, "workflowId": 2, "jobId": -1}, {"startTime": 120139, "endTime": 120156, "taskId": 19, "workflowId": 3, "jobId": -1}, {"startTime": 120156, "endTime": 120364, "taskId": 19, "workflowId": 3, "jobId": -1}, {"startTime": 120364, "endTime": 120705, "taskId": 8, "workflowId": -1, "jobId": 1}, {"startTime": 120705, "endTime": 121199, "taskId": 10, "workflowId": -1, "jobId": 3}, {"startTime": 121199, "endTime": 121252, "taskId": 10, "workflowId": -1, "jobId": 3}, {"startTime": 121252, "endTime": 122312, "taskId": 10, "workflowId": -1, "jobId": 3}, {"startTime": 122312, "endTime": 122330, "taskId": 10, "workflowId": -1, "jobId": 3}, {"startTime": 122330, "endTime": 123505, "taskId": 10, "workflowId": -1, "jobId": 3}, {"startTime": 123505, "endTime": 123873, "taskId": 10, "workflowId": -1, "jobId": 3}, {"startTime": 123873, "endTime": 124719, "taskId": 10, "workflowId": -1, "jobId": 3}, {"startTime": 124719, "endTime": 125655, "taskId": 10, "workflowId": -1, "jobId": 3}, {"startTime": 125655, "endTime": 126830, "taskId": 20, "workflowId": 3, "jobId": -1}, {"startTime": 126830, "endTime": 127814, "taskId": 27, "workflowId": 3, "jobId": -1}, {"startTime": 127814, "endTime": 129442, "taskId": 26, "workflowId": 3, "jobId": -1}, {"startTime": 129442, "endTime": 129524, "taskId": 25, "workflowId": 3, "jobId": -1}, {"startTime": 129524, "endTime": 134896, "taskId": 3, "workflowId": -1, "jobId": 4}, {"startTime": 135834, "endTime": 138981, "taskId": 15, "workflowId": -1, "jobId": 3}, {"startTime": 140144, "endTime": 140703, "taskId": 7, "workflowId": -1, "jobId": 4}, {"startTime": 140703, "endTime": 145325, "taskId": 5, "workflowId": -1, "jobId": 4}, {"startTime": 147416, "endTime": 149154, "taskId": 14, "workflowId": -1, "jobId": 2}, {"startTime": 149154, "endTime": 151084, "taskId": 13, "workflowId": -1, "jobId": 3}, {"startTime": 152448, "endTime": 155536, "taskId": 10, "workflowId": -1, "jobId": 4}, {"startTime": 155536, "endTime": 160908, "taskId": 3, "workflowId": -1, "jobId": 5}, {"startTime": 162986, "endTime": 164991, "taskId": 11, "workflowId": -1, "jobId": 2}, {"startTime": 164991, "endTime": 167808, "taskId": 6, "workflowId": -1, "jobId": 2}, {"startTime": 167808, "endTime": 168811, "taskId": 4, "workflowId": -1, "jobId": 3}, {"startTime": 168811, "endTime": 169767, "taskId": 7, "workflowId": -1, "jobId": 5}, {"startTime": 169767, "endTime": 170252, "taskId": 5, "workflowId": -1, "jobId": 5}, {"startTime": 170252, "endTime": 175843, "taskId": 2, "workflowId": -1, "jobId": 4}, {"startTime": 175843, "endTime": 177259, "taskId": 11, "workflowId": -1, "jobId": 2}, {"startTime": 181548, "endTime": 184523, "taskId": 1, "workflowId": -1, "jobId": 4}, {"startTime": 190380, "endTime": 191489, "taskId": 13, "workflowId": -1, "jobId": 4}, {"startTime": 192894, "endTime": 201131, "taskId": 5, "workflowId": -1, "jobId": 6}, {"startTime": 207560, "endTime": 210993, "taskId": 2, "workflowId": -1, "jobId": 5}, {"startTime": 210993, "endTime": 212932, "taskId": 3, "workflowId": -1, "jobId": 7}, {"startTime": 215252, "endTime": 217521, "taskId": 4, "workflowId": -1, "jobId": 4}, {"startTime": 217521, "endTime": 222932, "taskId": 1, "workflowId": -1, "jobId": 5}, {"startTime": 226145, "endTime": 232460, "taskId": 7, "workflowId": -1, "jobId": 7}, {"startTime": 233572, "endTime": 238944, "taskId": 3, "workflowId": -1, "jobId": 8}, {"startTime": 246192, "endTime": 247677, "taskId": 15, "workflowId": -1, "jobId": 6}, {"startTime": 247677, "endTime": 252219, "taskId": 10, "workflowId": -1, "jobId": 7}, {"startTime": 252219, "endTime": 255930, "taskId": 5, "workflowId": -1, "jobId": 8}, {"startTime": 255930, "endTime": 256937, "taskId": 1, "workflowId": -1, "jobId": 6}, {"startTime": 256937, "endTime": 259584, "taskId": 1, "workflowId": -1, "jobId": 6}, {"startTime": 259584, "endTime": 264956, "taskId": 3, "workflowId": -1, "jobId": 9}, {"startTime": 269356, "endTime": 270446, "taskId": 14, "workflowId": -1, "jobId": 4}, {"startTime": 270446, "endTime": 272555, "taskId": 9, "workflowId": -1, "jobId": 5}, {"startTime": 276603, "endTime": 278834, "taskId": 5, "workflowId": -1, "jobId": 9}, {"startTime": 278834, "endTime": 284425, "taskId": 2, "workflowId": -1, "jobId": 7}, {"startTime": 285596, "endTime": 289794, "taskId": 7, "workflowId": -1, "jobId": 9}, {"startTime": 294339, "endTime": 299750, "taskId": 1, "workflowId": -1, "jobId": 7}, {"startTime": 300496, "endTime": 307737, "taskId": 11, "workflowId": -1, "jobId": 4}, {"startTime": 308311, "endTime": 310140, "taskId": 13, "workflowId": -1, "jobId": 7}, {"startTime": 310140, "endTime": 311608, "taskId": 4, "workflowId": -1, "jobId": 6}, {"startTime": 311608, "endTime": 312743, "taskId": 5, "workflowId": -1, "jobId": 10}, {"startTime": 312743, "endTime": 314058, "taskId": 10, "workflowId": -1, "jobId": 9}, {"startTime": 314058, "endTime": 316980, "taskId": 3, "workflowId": -1, "jobId": 11}, {"startTime": 316980, "endTime": 318662, "taskId": 10, "workflowId": -1, "jobId": 9}, {"startTime": 319440, "endTime": 319764, "taskId": 9, "workflowId": -1, "jobId": 6}, {"startTime": 319764, "endTime": 322911, "taskId": 15, "workflowId": -1, "jobId": 8}, {"startTime": 328948, "endTime": 330326, "taskId": 8, "workflowId": -1, "jobId": 4}, {"startTime": 330326, "endTime": 332409, "taskId": 12, "workflowId": -1, "jobId": 4}, {"startTime": 332409, "endTime": 332748, "taskId": 14, "workflowId": -1, "jobId": 5}, {"startTime": 332748, "endTime": 334671, "taskId": 5, "workflowId": -1, "jobId": 11}, {"startTime": 334671, "endTime": 337620, "taskId": 1, "workflowId": -1, "jobId": 8}, {"startTime": 337620, "endTime": 342992, "taskId": 3, "workflowId": -1, "jobId": 12}, {"startTime": 351222, "endTime": 353109, "taskId": 13, "workflowId": -1, "jobId": 8}, {"startTime": 355284, "endTime": 356813, "taskId": 2, "workflowId": -1, "jobId": 9}, {"startTime": 357584, "endTime": 360312, "taskId": 4, "workflowId": -1, "jobId": 7}, {"startTime": 360312, "endTime": 368549, "taskId": 5, "workflowId": -1, "jobId": 12}, {"startTime": 369480, "endTime": 371157, "taskId": 11, "workflowId": -1, "jobId": 5}, {"startTime": 371157, "endTime": 375795, "taskId": 7, "workflowId": -1, "jobId": 12}, {"startTime": 375897, "endTime": 376568, "taskId": 1, "workflowId": -1, "jobId": 9}, {"startTime": 388215, "endTime": 389644, "taskId": 5, "workflowId": -1, "jobId": 13}, {"startTime": 389644, "endTime": 393007, "taskId": 2, "workflowId": -1, "jobId": 10}, {"startTime": 393007, "endTime": 393336, "taskId": 14, "workflowId": -1, "jobId": 6}, {"startTime": 393336, "endTime": 396483, "taskId": 15, "workflowId": -1, "jobId": 10}, {"startTime": 398147, "endTime": 404462, "taskId": 7, "workflowId": -1, "jobId": 13}, {"startTime": 405028, "endTime": 406392, "taskId": 8, "workflowId": -1, "jobId": 5}, {"startTime": 406392, "endTime": 411342, "taskId": 10, "workflowId": -1, "jobId": 12}, {"startTime": 416118, "endTime": 417123, "taskId": 5, "workflowId": -1, "jobId": 14}, {"startTime": 417123, "endTime": 421028, "taskId": 3, "workflowId": -1, "jobId": 15}, {"startTime": 423610, "endTime": 429201, "taskId": 2, "workflowId": -1, "jobId": 11}, {"startTime": 429526, "endTime": 430122, "taskId": 13, "workflowId": -1, "jobId": 10}, {"startTime": 430122, "endTime": 433269, "taskId": 15, "workflowId": -1, "jobId": 11}, {"startTime": 438135, "endTime": 441668, "taskId": 10, "workflowId": -1, "jobId": 13}, {"startTime": 441668, "endTime": 447040, "taskId": 3, "workflowId": -1, "jobId": 16}, {"startTime": 452472, "endTime": 455345, "taskId": 4, "workflowId": -1, "jobId": 9}, {"startTime": 458349, "endTime": 459804, "taskId": 7, "workflowId": -1, "jobId": 15}, {"startTime": 459804, "endTime": 465395, "taskId": 2, "workflowId": -1, "jobId": 12}, {"startTime": 471924, "endTime": 480161, "taskId": 5, "workflowId": -1, "jobId": 16}]}, {"frequency": 2.83, "activePower": 95.4, "idlePower": 49.6, "memory": 2, "allocations": [{"startTime": 25476, "endTime": 31067, "taskId": 2, "workflowId": -1, "jobId": 0}, {"startTime": 31067, "endTime": 33940, "taskId": 4, "workflowId": -1, "jobId": 0}, {"startTime": 33940, "endTime": 35266, "taskId": 0, "workflowId": 2, "jobId": -1}, {"startTime": 35266, "endTime": 35267, "taskId": 10, "workflowId": -1, "jobId": 0}, {"startTime": 35267, "endTime": 35627, "taskId": 3, "workflowId": 2, "jobId": -1}, {"startTime": 35627, "endTime": 36560, "taskId": 1, "workflowId": 2, "jobId": -1}, {"startTime": 36560, "endTime": 40216, "taskId": 10, "workflowId": -1, "jobId": 0}, {"startTime": 40216, "endTime": 41509, "taskId": 10, "workflowId": -1, "jobId": 0}, {"startTime": 41509, "endTime": 42243, "taskId": 8, "workflowId": 2, "jobId": -1}, {"startTime": 42243, "endTime": 42325, "taskId": 13, "workflowId": 2, "jobId": -1}, {"startTime": 42325, "endTime": 43233, "taskId": 5, "workflowId": 2, "jobId": -1}, {"startTime": 43233, "endTime": 43478, "taskId": 13, "workflowId": 2, "jobId": -1}, {"startTime": 43478, "endTime": 43963, "taskId": 13, "workflowId": 2, "jobId": -1}, {"startTime": 43963, "endTime": 49826, "taskId": 14, "workflowId": -1, "jobId": 0}, {"startTime": 49826, "endTime": 50772, "taskId": 8, "workflowId": -1, "jobId": 0}, {"startTime": 50772, "endTime": 51489, "taskId": 11, "workflowId": -1, "jobId": 0}, {"startTime": 51489, "endTime": 51584, "taskId": 0, "workflowId": 1, "jobId": -1}, {"startTime": 51584, "endTime": 51858, "taskId": 0, "workflowId": 1, "jobId": -1}, {"startTime": 51858, "endTime": 51859, "taskId": 8, "workflowId": -1, "jobId": 0}, {"startTime": 51859, "endTime": 53379, "taskId": 1, "workflowId": 1, "jobId": -1}, {"startTime": 53379, "endTime": 54058, "taskId": 5, "workflowId": -1, "jobId": 1}, {"startTime": 54058, "endTime": 54440, "taskId": 5, "workflowId": -1, "jobId": 1}, {"startTime": 54440, "endTime": 61616, "taskId": 5, "workflowId": -1, "jobId": 1}, {"startTime": 61616, "endTime": 61671, "taskId": 19, "workflowId": 1, "jobId": -1}, {"startTime": 61671, "endTime": 61998, "taskId": 18, "workflowId": 1, "jobId": -1}, {"startTime": 61998, "endTime": 62146, "taskId": 18, "workflowId": 1, "jobId": -1}, {"startTime": 62146, "endTime": 62214, "taskId": 18, "workflowId": 1, "jobId": -1}, {"startTime": 62214, "endTime": 62233, "taskId": 18, "workflowId": 1, "jobId": -1}, {"startTime": 62233, "endTime": 62546, "taskId": 30, "workflowId": 1, "jobId": -1}, {"startTime": 62546, "endTime": 62596, "taskId": 30, "workflowId": 1, "jobId": -1}, {"startTime": 62596, "endTime": 63104, "taskId": 30, "workflowId": 1, "jobId": -1}, {"startTime": 63104, "endTime": 63504, "taskId": 30, "workflowId": 1, "jobId": -1}, {"startTime": 63504, "endTime": 63634, "taskId": 30, "workflowId": 1, "jobId": -1}, {"startTime": 63634, "endTime": 63818, "taskId": 30, "workflowId": 1, "jobId": -1}, {"startTime": 63818, "endTime": 63886, "taskId": 29, "workflowId": 1, "jobId": -1}, {"startTime": 63886, "endTime": 64034, "taskId": 19, "workflowId": 1, "jobId": -1}, {"startTime": 64034, "endTime": 64389, "taskId": 19, "workflowId": 1, "jobId": -1}, {"startTime": 64389, "endTime": 64537, "taskId": 19, "workflowId": 1, "jobId": -1}, {"startTime": 64537, "endTime": 64667, "taskId": 7, "workflowId": 1, "jobId": -1}, {"startTime": 64667, "endTime": 64884, "taskId": 7, "workflowId": 1, "jobId": -1}, {"startTime": 64884, "endTime": 64950, "taskId": 7, "workflowId": 1, "jobId": -1}, {"startTime": 64950, "endTime": 65271, "taskId": 7, "workflowId": 1, "jobId": -1}, {"startTime": 65271, "endTime": 65276, "taskId": 7, "workflowId": 1, "jobId": -1}, {"startTime": 65276, "endTime": 65528, "taskId": 26, "workflowId": 1, "jobId": -1}, {"startTime": 65528, "endTime": 65563, "taskId": 29, "workflowId": 1, "jobId": -1}, {"startTime": 65563, "endTime": 66865, "taskId": 29, "workflowId": 1, "jobId": -1}, {"startTime": 66865, "endTime": 66890, "taskId": 26, "workflowId": 1, "jobId": -1}, {"startTime": 66890, "endTime": 66942, "taskId": 26, "workflowId": 1, "jobId": -1}, {"startTime": 66942, "endTime": 67143, "taskId": 26, "workflowId": 1, "jobId": -1}, {"startTime": 67143, "endTime": 67474, "taskId": 26, "workflowId": 1, "jobId": -1}, {"startTime": 67474, "endTime": 67569, "taskId": 26, "workflowId": 1, "jobId": -1}, {"startTime": 67569, "endTime": 67998, "taskId": 26, "workflowId": 1, "jobId": -1}, {"startTime": 67998, "endTime": 68153, "taskId": 21, "workflowId": 1, "jobId": -1}, {"startTime": 68153, "endTime": 68549, "taskId": 21, "workflowId": 1, "jobId": -1}, {"startTime": 68549, "endTime": 68732, "taskId": 10, "workflowId": 1, "jobId": -1}, {"startTime": 68732, "endTime": 69079, "taskId": 10, "workflowId": 1, "jobId": -1}, {"startTime": 69079, "endTime": 69114, "taskId": 9, "workflowId": 1, "jobId": -1}, {"startTime": 69114, "endTime": 69341, "taskId": 9, "workflowId": 1, "jobId": -1}, {"startTime": 69341, "endTime": 69479, "taskId": 9, "workflowId": 1, "jobId": -1}, {"startTime": 69479, "endTime": 70425, "taskId": 15, "workflowId": -1, "jobId": 1}, {"startTime": 70425, "endTime": 71683, "taskId": 15, "workflowId": -1, "jobId": 1}, {"startTime": 71683, "endTime": 72626, "taskId": 15, "workflowId": -1, "jobId": 1}, {"startTime": 72626, "endTime": 72920, "taskId": 16, "workflowId": 2, "jobId": -1}, {"startTime": 72920, "endTime": 73305, "taskId": 8, "workflowId": -1, "jobId": 0}, {"startTime": 73305, "endTime": 73381, "taskId": 8, "workflowId": -1, "jobId": 0}, {"startTime": 73381, "endTime": 73443, "taskId": 0, "workflowId": 3, "jobId": -1}, {"startTime": 73443, "endTime": 73828, "taskId": 0, "workflowId": 3, "jobId": -1}, {"startTime": 73828, "endTime": 74092, "taskId": 0, "workflowId": 3, "jobId": -1}, {"startTime": 74092, "endTime": 74539, "taskId": 0, "workflowId": 3, "jobId": -1}, {"startTime": 74539, "endTime": 75024, "taskId": 4, "workflowId": -1, "jobId": 1}, {"startTime": 75024, "endTime": 75533, "taskId": 4, "workflowId": -1, "jobId": 1}, {"startTime": 75533, "endTime": 75793, "taskId": 3, "workflowId": 0, "jobId": -1}, {"startTime": 75793, "endTime": 76528, "taskId": 3, "workflowId": 0, "jobId": -1}, {"startTime": 76528, "endTime": 76990, "taskId": 5, "workflowId": 0, "jobId": -1}, {"startTime": 76990, "endTime": 77227, "taskId": 10, "workflowId": 0, "jobId": -1}, {"startTime": 77227, "endTime": 77419, "taskId": 11, "workflowId": 0, "jobId": -1}, {"startTime": 77419, "endTime": 77450, "taskId": 11, "workflowId": 0, "jobId": -1}, {"startTime": 77450, "endTime": 77500, "taskId": 11, "workflowId": 0, "jobId": -1}, {"startTime": 77500, "endTime": 78115, "taskId": 9, "workflowId": 0, "jobId": -1}, {"startTime": 78115, "endTime": 78250, "taskId": 15, "workflowId": 0, "jobId": -1}, {"startTime": 78250, "endTime": 78257, "taskId": 11, "workflowId": 0, "jobId": -1}, {"startTime": 78257, "endTime": 78491, "taskId": 15, "workflowId": 0, "jobId": -1}, {"startTime": 78491, "endTime": 78566, "taskId": 15, "workflowId": 0, "jobId": -1}, {"startTime": 78566, "endTime": 78742, "taskId": 15, "workflowId": 0, "jobId": -1}, {"startTime": 78742, "endTime": 78773, "taskId": 15, "workflowId": 0, "jobId": -1}, {"startTime": 78773, "endTime": 78774, "taskId": 9, "workflowId": -1, "jobId": 1}, {"startTime": 78774, "endTime": 78936, "taskId": 16, "workflowId": 0, "jobId": -1}, {"startTime": 78936, "endTime": 79438, "taskId": 18, "workflowId": 0, "jobId": -1}, {"startTime": 79438, "endTime": 79492, "taskId": 4, "workflowId": -1, "jobId": 1}, {"startTime": 79844, "endTime": 79876, "taskId": 16, "workflowId": 0, "jobId": -1}, {"startTime": 79876, "endTime": 80195, "taskId": 16, "workflowId": 0, "jobId": -1}, {"startTime": 80195, "endTime": 81132, "taskId": 16, "workflowId": 0, "jobId": -1}, {"startTime": 81132, "endTime": 81229, "taskId": 21, "workflowId": 0, "jobId": -1}, {"startTime": 81229, "endTime": 81407, "taskId": 21, "workflowId": 0, "jobId": -1}, {"startTime": 81407, "endTime": 81466, "taskId": 21, "workflowId": 0, "jobId": -1}, {"startTime": 81466, "endTime": 81764, "taskId": 21, "workflowId": 0, "jobId": -1}, {"startTime": 81764, "endTime": 82653, "taskId": 23, "workflowId": 0, "jobId": -1}, {"startTime": 82653, "endTime": 82824, "taskId": 23, "workflowId": 0, "jobId": -1}, {"startTime": 82824, "endTime": 83060, "taskId": 23, "workflowId": 0, "jobId": -1}, {"startTime": 83060, "endTime": 83122, "taskId": 7, "workflowId": -1, "jobId": 2}, {"startTime": 83122, "endTime": 83655, "taskId": 7, "workflowId": -1, "jobId": 2}, {"startTime": 83655, "endTime": 84418, "taskId": 7, "workflowId": -1, "jobId": 2}, {"startTime": 84418, "endTime": 84748, "taskId": 7, "workflowId": -1, "jobId": 2}, {"startTime": 84748, "endTime": 85610, "taskId": 7, "workflowId": -1, "jobId": 2}, {"startTime": 85610, "endTime": 85737, "taskId": 7, "workflowId": -1, "jobId": 2}, {"startTime": 85737, "endTime": 86044, "taskId": 28, "workflowId": 0, "jobId": -1}, {"startTime": 86044, "endTime": 87208, "taskId": 28, "workflowId": 0, "jobId": -1}, {"startTime": 87208, "endTime": 87315, "taskId": 19, "workflowId": 2, "jobId": -1}, {"startTime": 87315, "endTime": 88096, "taskId": 5, "workflowId": -1, "jobId": 2}, {"startTime": 88096, "endTime": 88207, "taskId": 5, "workflowId": -1, "jobId": 2}, {"startTime": 88207, "endTime": 88834, "taskId": 5, "workflowId": -1, "jobId": 2}, {"startTime": 88834, "endTime": 89833, "taskId": 5, "workflowId": -1, "jobId": 2}, {"startTime": 89833, "endTime": 95552, "taskId": 5, "workflowId": -1, "jobId": 2}, {"startTime": 95552, "endTime": 96285, "taskId": 23, "workflowId": 2, "jobId": -1}, {"startTime": 96285, "endTime": 96336, "taskId": 5, "workflowId": 3, "jobId": -1}, {"startTime": 96336, "endTime": 97069, "taskId": 5, "workflowId": 3, "jobId": -1}, {"startTime": 97069, "endTime": 97459, "taskId": 24, "workflowId": 2, "jobId": -1}, {"startTime": 97459, "endTime": 98057, "taskId": 24, "workflowId": 2, "jobId": -1}, {"startTime": 98057, "endTime": 98915, "taskId": 4, "workflowId": 3, "jobId": -1}, {"startTime": 98915, "endTime": 99382, "taskId": 20, "workflowId": 2, "jobId": -1}, {"startTime": 99382, "endTime": 100131, "taskId": 20, "workflowId": 2, "jobId": -1}, {"startTime": 100131, "endTime": 101731, "taskId": 22, "workflowId": 2, "jobId": -1}, {"startTime": 101731, "endTime": 102294, "taskId": 11, "workflowId": 3, "jobId": -1}, {"startTime": 102294, "endTime": 103345, "taskId": 14, "workflowId": -1, "jobId": 1}, {"startTime": 103345, "endTime": 103964, "taskId": 14, "workflowId": -1, "jobId": 1}, {"startTime": 103964, "endTime": 104318, "taskId": 14, "workflowId": -1, "jobId": 1}, {"startTime": 104318, "endTime": 104848, "taskId": 14, "workflowId": -1, "jobId": 1}, {"startTime": 104848, "endTime": 105202, "taskId": 14, "workflowId": -1, "jobId": 1}, {"startTime": 105202, "endTime": 105467, "taskId": 14, "workflowId": -1, "jobId": 1}, {"startTime": 105467, "endTime": 106286, "taskId": 14, "workflowId": -1, "jobId": 1}, {"startTime": 106286, "endTime": 106454, "taskId": 13, "workflowId": -1, "jobId": 2}, {"startTime": 106454, "endTime": 107140, "taskId": 13, "workflowId": -1, "jobId": 2}, {"startTime": 107140, "endTime": 107689, "taskId": 13, "workflowId": -1, "jobId": 2}, {"startTime": 107689, "endTime": 108043, "taskId": 13, "workflowId": -1, "jobId": 2}, {"startTime": 108043, "endTime": 109234, "taskId": 13, "workflowId": -1, "jobId": 2}, {"startTime": 109234, "endTime": 110679, "taskId": 13, "workflowId": -1, "jobId": 2}, {"startTime": 110679, "endTime": 111298, "taskId": 8, "workflowId": 3, "jobId": -1}, {"startTime": 111298, "endTime": 111477, "taskId": 11, "workflowId": -1, "jobId": 1}, {"startTime": 111477, "endTime": 117792, "taskId": 7, "workflowId": -1, "jobId": 3}, {"startTime": 117792, "endTime": 118539, "taskId": 9, "workflowId": 3, "jobId": -1}, {"startTime": 118539, "endTime": 119290, "taskId": 9, "workflowId": 3, "jobId": -1}, {"startTime": 119290, "endTime": 119413, "taskId": 9, "workflowId": 3, "jobId": -1}, {"startTime": 119413, "endTime": 120705, "taskId": 28, "workflowId": 2, "jobId": -1}, {"startTime": 120705, "endTime": 121170, "taskId": 8, "workflowId": -1, "jobId": 1}, {"startTime": 121170, "endTime": 121686, "taskId": 8, "workflowId": -1, "jobId": 1}, {"startTime": 121686, "endTime": 122005, "taskId": 8, "workflowId": -1, "jobId": 1}, {"startTime": 122005, "endTime": 122283, "taskId": 8, "workflowId": -1, "jobId": 1}, {"startTime": 122283, "endTime": 122521, "taskId": 8, "workflowId": -1, "jobId": 1}, {"startTime": 122521, "endTime": 122817, "taskId": 8, "workflowId": -1, "jobId": 1}, {"startTime": 122817, "endTime": 123634, "taskId": 8, "workflowId": -1, "jobId": 1}, {"startTime": 123634, "endTime": 123844, "taskId": 8, "workflowId": -1, "jobId": 1}, {"startTime": 123844, "endTime": 124718, "taskId": 8, "workflowId": -1, "jobId": 1}, {"startTime": 124718, "endTime": 125234, "taskId": 30, "workflowId": 2, "jobId": -1}, {"startTime": 125234, "endTime": 126365, "taskId": 16, "workflowId": 3, "jobId": -1}, {"startTime": 126365, "endTime": 127397, "taskId": 18, "workflowId": 3, "jobId": -1}, {"startTime": 127397, "endTime": 128971, "taskId": 30, "workflowId": 3, "jobId": -1}, {"startTime": 128971, "endTime": 129877, "taskId": 31, "workflowId": 3, "jobId": -1}, {"startTime": 129877, "endTime": 130718, "taskId": 29, "workflowId": 3, "jobId": -1}, {"startTime": 134058, "endTime": 139649, "taskId": 2, "workflowId": -1, "jobId": 3}, {"startTime": 140703, "endTime": 146459, "taskId": 7, "workflowId": -1, "jobId": 4}, {"startTime": 149154, "endTime": 153603, "taskId": 14, "workflowId": -1, "jobId": 2}, {"startTime": 155536, "endTime": 157398, "taskId": 10, "workflowId": -1, "jobId": 4}, {"startTime": 164991, "endTime": 167808, "taskId": 11, "workflowId": -1, "jobId": 2}, {"startTime": 167808, "endTime": 168811, "taskId": 6, "workflowId": -1, "jobId": 2}, {"startTime": 168811, "endTime": 169767, "taskId": 4, "workflowId": -1, "jobId": 3}, {"startTime": 169767, "endTime": 170252, "taskId": 7, "workflowId": -1, "jobId": 5}, {"startTime": 170252, "endTime": 173228, "taskId": 5, "workflowId": -1, "jobId": 5}, {"startTime": 173228, "endTime": 173657, "taskId": 4, "workflowId": -1, "jobId": 3}, {"startTime": 173657, "endTime": 173823, "taskId": 6, "workflowId": -1, "jobId": 2}, {"startTime": 173823, "endTime": 176970, "taskId": 15, "workflowId": -1, "jobId": 4}, {"startTime": 176970, "endTime": 181861, "taskId": 12, "workflowId": -1, "jobId": 2}, {"startTime": 184191, "endTime": 189141, "taskId": 10, "workflowId": -1, "jobId": 5}, {"startTime": 197478, "endTime": 203793, "taskId": 7, "workflowId": -1, "jobId": 6}, {"startTime": 208386, "endTime": 209406, "taskId": 14, "workflowId": -1, "jobId": 3}, {"startTime": 209406, "endTime": 210993, "taskId": 15, "workflowId": -1, "jobId": 5}, {"startTime": 210993, "endTime": 212037, "taskId": 2, "workflowId": -1, "jobId": 5}, {"startTime": 212037, "endTime": 215617, "taskId": 14, "workflowId": -1, "jobId": 3}, {"startTime": 215934, "endTime": 217521, "taskId": 10, "workflowId": -1, "jobId": 6}, {"startTime": 217521, "endTime": 218125, "taskId": 4, "workflowId": -1, "jobId": 4}, {"startTime": 221452, "endTime": 223561, "taskId": 9, "workflowId": -1, "jobId": 4}, {"startTime": 227501, "endTime": 231606, "taskId": 13, "workflowId": -1, "jobId": 5}, {"startTime": 231606, "endTime": 238365, "taskId": 6, "workflowId": -1, "jobId": 3}, {"startTime": 247677, "endTime": 249339, "taskId": 15, "workflowId": -1, "jobId": 6}, {"startTime": 252219, "endTime": 252627, "taskId": 10, "workflowId": -1, "jobId": 7}, {"startTime": 253080, "endTime": 254812, "taskId": 8, "workflowId": -1, "jobId": 3}, {"startTime": 254812, "endTime": 255930, "taskId": 7, "workflowId": -1, "jobId": 8}, {"startTime": 255930, "endTime": 256937, "taskId": 5, "workflowId": -1, "jobId": 8}, {"startTime": 256937, "endTime": 258132, "taskId": 12, "workflowId": -1, "jobId": 3}, {"startTime": 258132, "endTime": 259584, "taskId": 8, "workflowId": -1, "jobId": 3}, {"startTime": 259584, "endTime": 261341, "taskId": 1, "workflowId": -1, "jobId": 6}, {"startTime": 270446, "endTime": 275543, "taskId": 14, "workflowId": -1, "jobId": 4}, {"startTime": 278834, "endTime": 284840, "taskId": 5, "workflowId": -1, "jobId": 9}, {"startTime": 299204, "endTime": 306797, "taskId": 6, "workflowId": -1, "jobId": 4}, {"startTime": 310140, "endTime": 311163, "taskId": 13, "workflowId": -1, "jobId": 7}, {"startTime": 311163, "endTime": 311608, "taskId": 10, "workflowId": -1, "jobId": 9}, {"startTime": 311608, "endTime": 312146, "taskId": 4, "workflowId": -1, "jobId": 6}, {"startTime": 312146, "endTime": 315028, "taskId": 7, "workflowId": -1, "jobId": 10}, {"startTime": 315028, "endTime": 320619, "taskId": 2, "workflowId": -1, "jobId": 8}, {"startTime": 330326, "endTime": 332409, "taskId": 8, "workflowId": -1, "jobId": 4}, {"startTime": 332409, "endTime": 332711, "taskId": 12, "workflowId": -1, "jobId": 4}, {"startTime": 332748, "endTime": 334671, "taskId": 14, "workflowId": -1, "jobId": 5}, {"startTime": 334671, "endTime": 337620, "taskId": 5, "workflowId": -1, "jobId": 11}, {"startTime": 337620, "endTime": 338159, "taskId": 1, "workflowId": -1, "jobId": 8}, {"startTime": 340813, "endTime": 347128, "taskId": 7, "workflowId": -1, "jobId": 11}, {"startTime": 356550, "endTime": 359697, "taskId": 15, "workflowId": -1, "jobId": 9}, {"startTime": 360312, "endTime": 360457, "taskId": 4, "workflowId": -1, "jobId": 7}, {"startTime": 367636, "endTime": 375229, "taskId": 6, "workflowId": -1, "jobId": 5}, {"startTime": 375229, "endTime": 377072, "taskId": 11, "workflowId": -1, "jobId": 5}, {"startTime": 389121, "endTime": 389644, "taskId": 13, "workflowId": -1, "jobId": 9}, {"startTime": 389644, "endTime": 396452, "taskId": 5, "workflowId": -1, "jobId": 13}, {"startTime": 403406, "endTime": 408297, "taskId": 12, "workflowId": -1, "jobId": 5}, {"startTime": 417123, "endTime": 424355, "taskId": 5, "workflowId": -1, "jobId": 14}, {"startTime": 430122, "endTime": 433919, "taskId": 13, "workflowId": -1, "jobId": 10}, {"startTime": 441668, "endTime": 443085, "taskId": 10, "workflowId": -1, "jobId": 13}, {"startTime": 444021, "endTime": 452258, "taskId": 5, "workflowId": -1, "jobId": 15}, {"startTime": 459804, "endTime": 461796, "taskId": 7, "workflowId": -1, "jobId": 15}]}, {"frequency": 2.83, "activePower": 95.4, "idlePower": 49.6, "memory": 2, "allocations": [{"startTime": 25476, "endTime": 30887, "taskId": 1, "workflowId": -1, "jobId": 0}, {"startTime": 30887, "endTime": 37202, "taskId": 7, "workflowId": -1, "jobId": 0}, {"startTime": 37202, "endTime": 40349, "taskId": 15, "workflowId": -1, "jobId": 0}, {"startTime": 40349, "endTime": 41919, "taskId": 2, "workflowId": 2, "jobId": -1}, {"startTime": 41919, "endTime": 42243, "taskId": 14, "workflowId": -1, "jobId": 0}, {"startTime": 42243, "endTime": 43078, "taskId": 9, "workflowId": 2, "jobId": -1}, {"startTime": 43078, "endTime": 44107, "taskId": 11, "workflowId": 2, "jobId": -1}, {"startTime": 44107, "endTime": 45168, "taskId": 7, "workflowId": 2, "jobId": -1}, {"startTime": 45168, "endTime": 46602, "taskId": 15, "workflowId": 2, "jobId": -1}, {"startTime": 46602, "endTime": 47012, "taskId": 12, "workflowId": 2, "jobId": -1}, {"startTime": 47012, "endTime": 51489, "taskId": 12, "workflowId": -1, "jobId": 0}, {"startTime": 51489, "endTime": 51584, "taskId": 11, "workflowId": -1, "jobId": 0}, {"startTime": 51584, "endTime": 51903, "taskId": 12, "workflowId": -1, "jobId": 0}, {"startTime": 51903, "endTime": 51998, "taskId": 12, "workflowId": -1, "jobId": 0}, {"startTime": 51998, "endTime": 52677, "taskId": 8, "workflowId": -1, "jobId": 0}, {"startTime": 52677, "endTime": 52735, "taskId": 8, "workflowId": -1, "jobId": 0}, {"startTime": 52735, "endTime": 53379, "taskId": 8, "workflowId": -1, "jobId": 0}, {"startTime": 53379, "endTime": 53509, "taskId": 2, "workflowId": 1, "jobId": -1}, {"startTime": 53509, "endTime": 53891, "taskId": 2, "workflowId": 1, "jobId": -1}, {"startTime": 53891, "endTime": 54107, "taskId": 2, "workflowId": 1, "jobId": -1}, {"startTime": 54107, "endTime": 54143, "taskId": 4, "workflowId": 1, "jobId": -1}, {"startTime": 54143, "endTime": 54910, "taskId": 3, "workflowId": 1, "jobId": -1}, {"startTime": 54910, "endTime": 55289, "taskId": 5, "workflowId": 1, "jobId": -1}, {"startTime": 55289, "endTime": 55528, "taskId": 8, "workflowId": 1, "jobId": -1}, {"startTime": 55528, "endTime": 55781, "taskId": 8, "workflowId": 1, "jobId": -1}, {"startTime": 55781, "endTime": 56207, "taskId": 15, "workflowId": 1, "jobId": -1}, {"startTime": 56207, "endTime": 57592, "taskId": 4, "workflowId": 1, "jobId": -1}, {"startTime": 57592, "endTime": 57676, "taskId": 12, "workflowId": 1, "jobId": -1}, {"startTime": 57676, "endTime": 58242, "taskId": 12, "workflowId": 1, "jobId": -1}, {"startTime": 58242, "endTime": 58355, "taskId": 13, "workflowId": 1, "jobId": -1}, {"startTime": 58355, "endTime": 59183, "taskId": 15, "workflowId": 1, "jobId": -1}, {"startTime": 59183, "endTime": 59187, "taskId": 13, "workflowId": 1, "jobId": -1}, {"startTime": 59187, "endTime": 59314, "taskId": 13, "workflowId": 1, "jobId": -1}, {"startTime": 59314, "endTime": 59569, "taskId": 13, "workflowId": 1, "jobId": -1}, {"startTime": 59569, "endTime": 60146, "taskId": 13, "workflowId": 1, "jobId": -1}, {"startTime": 60146, "endTime": 60276, "taskId": 13, "workflowId": 1, "jobId": -1}, {"startTime": 60276, "endTime": 60528, "taskId": 17, "workflowId": 1, "jobId": -1}, {"startTime": 60528, "endTime": 60539, "taskId": 17, "workflowId": 1, "jobId": -1}, {"startTime": 60539, "endTime": 60817, "taskId": 17, "workflowId": 1, "jobId": -1}, {"startTime": 60817, "endTime": 61371, "taskId": 17, "workflowId": 1, "jobId": -1}, {"startTime": 61371, "endTime": 61484, "taskId": 17, "workflowId": 1, "jobId": -1}, {"startTime": 61484, "endTime": 61671, "taskId": 16, "workflowId": 1, "jobId": -1}, {"startTime": 61671, "endTime": 62568, "taskId": 20, "workflowId": 1, "jobId": -1}, {"startTime": 62568, "endTime": 62952, "taskId": 20, "workflowId": 1, "jobId": -1}, {"startTime": 62952, "endTime": 63067, "taskId": 20, "workflowId": 1, "jobId": -1}, {"startTime": 63067, "endTime": 63157, "taskId": 28, "workflowId": 1, "jobId": -1}, {"startTime": 63157, "endTime": 63305, "taskId": 7, "workflowId": 1, "jobId": -1}, {"startTime": 63305, "endTime": 63836, "taskId": 7, "workflowId": 1, "jobId": -1}, {"startTime": 63836, "endTime": 63886, "taskId": 7, "workflowId": 1, "jobId": -1}, {"startTime": 63886, "endTime": 64625, "taskId": 24, "workflowId": 1, "jobId": -1}, {"startTime": 64625, "endTime": 65155, "taskId": 24, "workflowId": 1, "jobId": -1}, {"startTime": 65155, "endTime": 65449, "taskId": 24, "workflowId": 1, "jobId": -1}, {"startTime": 65449, "endTime": 65578, "taskId": 25, "workflowId": 1, "jobId": -1}, {"startTime": 65578, "endTime": 66565, "taskId": 28, "workflowId": 1, "jobId": -1}, {"startTime": 66565, "endTime": 66657, "taskId": 25, "workflowId": 1, "jobId": -1}, {"startTime": 66657, "endTime": 66997, "taskId": 25, "workflowId": 1, "jobId": -1}, {"startTime": 66997, "endTime": 67397, "taskId": 25, "workflowId": 1, "jobId": -1}, {"startTime": 67397, "endTime": 67478, "taskId": 25, "workflowId": 1, "jobId": -1}, {"startTime": 67478, "endTime": 67527, "taskId": 31, "workflowId": 1, "jobId": -1}, {"startTime": 67527, "endTime": 67779, "taskId": 31, "workflowId": 1, "jobId": -1}, {"startTime": 67779, "endTime": 68029, "taskId": 31, "workflowId": 1, "jobId": -1}, {"startTime": 68029, "endTime": 68359, "taskId": 31, "workflowId": 1, "jobId": -1}, {"startTime": 68359, "endTime": 68442, "taskId": 31, "workflowId": 1, "jobId": -1}, {"startTime": 68442, "endTime": 68559, "taskId": 27, "workflowId": 1, "jobId": -1}, {"startTime": 68559, "endTime": 69176, "taskId": 27, "workflowId": 1, "jobId": -1}, {"startTime": 69176, "endTime": 69264, "taskId": 10, "workflowId": -1, "jobId": 1}, {"startTime": 69264, "endTime": 71706, "taskId": 10, "workflowId": -1, "jobId": 1}, {"startTime": 71706, "endTime": 72088, "taskId": 10, "workflowId": -1, "jobId": 1}, {"startTime": 72088, "endTime": 74125, "taskId": 10, "workflowId": -1, "jobId": 1}, {"startTime": 74125, "endTime": 74187, "taskId": 8, "workflowId": -1, "jobId": 0}, {"startTime": 74187, "endTime": 74507, "taskId": 16, "workflowId": 2, "jobId": -1}, {"startTime": 74507, "endTime": 74539, "taskId": 16, "workflowId": 2, "jobId": -1}, {"startTime": 74539, "endTime": 74572, "taskId": 0, "workflowId": 3, "jobId": -1}, {"startTime": 74572, "endTime": 74836, "taskId": 0, "workflowId": 3, "jobId": -1}, {"startTime": 74836, "endTime": 75024, "taskId": 0, "workflowId": 3, "jobId": -1}, {"startTime": 75024, "endTime": 75218, "taskId": 18, "workflowId": 2, "jobId": -1}, {"startTime": 75218, "endTime": 75406, "taskId": 18, "workflowId": 2, "jobId": -1}, {"startTime": 75406, "endTime": 75533, "taskId": 19, "workflowId": 2, "jobId": -1}, {"startTime": 75533, "endTime": 76891, "taskId": 2, "workflowId": 0, "jobId": -1}, {"startTime": 76891, "endTime": 77226, "taskId": 2, "workflowId": 0, "jobId": -1}, {"startTime": 77226, "endTime": 77227, "taskId": 5, "workflowId": 0, "jobId": -1}, {"startTime": 77227, "endTime": 77486, "taskId": 10, "workflowId": 0, "jobId": -1}, {"startTime": 77486, "endTime": 77686, "taskId": 10, "workflowId": 0, "jobId": -1}, {"startTime": 77686, "endTime": 78491, "taskId": 10, "workflowId": 0, "jobId": -1}, {"startTime": 78491, "endTime": 78545, "taskId": 12, "workflowId": 0, "jobId": -1}, {"startTime": 78545, "endTime": 78844, "taskId": 12, "workflowId": 0, "jobId": -1}, {"startTime": 78844, "endTime": 78935, "taskId": 12, "workflowId": 0, "jobId": -1}, {"startTime": 78935, "endTime": 79044, "taskId": 9, "workflowId": -1, "jobId": 1}, {"startTime": 79044, "endTime": 79635, "taskId": 13, "workflowId": 0, "jobId": -1}, {"startTime": 79635, "endTime": 80748, "taskId": 13, "workflowId": 0, "jobId": -1}, {"startTime": 80748, "endTime": 80749, "taskId": 21, "workflowId": 2, "jobId": -1}, {"startTime": 80749, "endTime": 80855, "taskId": 19, "workflowId": 0, "jobId": -1}, {"startTime": 80855, "endTime": 81261, "taskId": 19, "workflowId": 0, "jobId": -1}, {"startTime": 81261, "endTime": 81466, "taskId": 19, "workflowId": 0, "jobId": -1}, {"startTime": 81466, "endTime": 81782, "taskId": 19, "workflowId": 0, "jobId": -1}, {"startTime": 81782, "endTime": 82347, "taskId": 24, "workflowId": 0, "jobId": -1}, {"startTime": 82347, "endTime": 82671, "taskId": 13, "workflowId": -1, "jobId": 1}, {"startTime": 82671, "endTime": 82823, "taskId": 22, "workflowId": 0, "jobId": -1}, {"startTime": 82823, "endTime": 82824, "taskId": 22, "workflowId": 0, "jobId": -1}, {"startTime": 82824, "endTime": 83231, "taskId": 22, "workflowId": 0, "jobId": -1}, {"startTime": 83231, "endTime": 83655, "taskId": 13, "workflowId": -1, "jobId": 1}, {"startTime": 83655, "endTime": 84120, "taskId": 13, "workflowId": -1, "jobId": 1}, {"startTime": 84120, "endTime": 84387, "taskId": 13, "workflowId": -1, "jobId": 1}, {"startTime": 84387, "endTime": 84847, "taskId": 13, "workflowId": -1, "jobId": 1}, {"startTime": 84847, "endTime": 85737, "taskId": 13, "workflowId": -1, "jobId": 1}, {"startTime": 85737, "endTime": 85746, "taskId": 7, "workflowId": -1, "jobId": 2}, {"startTime": 85746, "endTime": 86686, "taskId": 7, "workflowId": -1, "jobId": 2}, {"startTime": 86686, "endTime": 89375, "taskId": 7, "workflowId": -1, "jobId": 2}, {"startTime": 89375, "endTime": 89760, "taskId": 13, "workflowId": -1, "jobId": 1}, {"startTime": 89760, "endTime": 90263, "taskId": 19, "workflowId": 2, "jobId": -1}, {"startTime": 90263, "endTime": 90652, "taskId": 19, "workflowId": 2, "jobId": -1}, {"startTime": 90652, "endTime": 91956, "taskId": 2, "workflowId": 3, "jobId": -1}, {"startTime": 91956, "endTime": 92278, "taskId": 2, "workflowId": 3, "jobId": -1}, {"startTime": 92278, "endTime": 93841, "taskId": 14, "workflowId": 2, "jobId": -1}, {"startTime": 93841, "endTime": 93909, "taskId": 9, "workflowId": -1, "jobId": 1}, {"startTime": 93909, "endTime": 95840, "taskId": 10, "workflowId": -1, "jobId": 2}, {"startTime": 95840, "endTime": 96828, "taskId": 10, "workflowId": -1, "jobId": 2}, {"startTime": 96828, "endTime": 97599, "taskId": 10, "workflowId": -1, "jobId": 2}, {"startTime": 97599, "endTime": 97864, "taskId": 4, "workflowId": 3, "jobId": -1}, {"startTime": 97864, "endTime": 98237, "taskId": 3, "workflowId": 3, "jobId": -1}, {"startTime": 98237, "endTime": 98722, "taskId": 6, "workflowId": 3, "jobId": -1}, {"startTime": 98722, "endTime": 99562, "taskId": 6, "workflowId": 3, "jobId": -1}, {"startTime": 99562, "endTime": 100322, "taskId": 15, "workflowId": -1, "jobId": 2}, {"startTime": 100322, "endTime": 101162, "taskId": 15, "workflowId": -1, "jobId": 2}, {"startTime": 101162, "endTime": 102709, "taskId": 15, "workflowId": -1, "jobId": 2}, {"startTime": 102709, "endTime": 102776, "taskId": 11, "workflowId": 3, "jobId": -1}, {"startTime": 102776, "endTime": 103395, "taskId": 11, "workflowId": 3, "jobId": -1}, {"startTime": 103395, "endTime": 103749, "taskId": 11, "workflowId": 3, "jobId": -1}, {"startTime": 103749, "endTime": 103760, "taskId": 11, "workflowId": 3, "jobId": -1}, {"startTime": 103760, "endTime": 103886, "taskId": 14, "workflowId": 3, "jobId": -1}, {"startTime": 103886, "endTime": 104212, "taskId": 14, "workflowId": 3, "jobId": -1}, {"startTime": 104212, "endTime": 104505, "taskId": 14, "workflowId": 3, "jobId": -1}, {"startTime": 104505, "endTime": 104879, "taskId": 14, "workflowId": 3, "jobId": -1}, {"startTime": 104879, "endTime": 105263, "taskId": 7, "workflowId": 3, "jobId": -1}, {"startTime": 105263, "endTime": 105431, "taskId": 7, "workflowId": 3, "jobId": -1}, {"startTime": 105431, "endTime": 105785, "taskId": 7, "workflowId": 3, "jobId": -1}, {"startTime": 105785, "endTime": 106286, "taskId": 7, "workflowId": 3, "jobId": -1}, {"startTime": 106286, "endTime": 106382, "taskId": 14, "workflowId": -1, "jobId": 1}, {"startTime": 106382, "endTime": 106808, "taskId": 14, "workflowId": -1, "jobId": 1}, {"startTime": 106808, "endTime": 107406, "taskId": 14, "workflowId": -1, "jobId": 1}, {"startTime": 107406, "endTime": 107427, "taskId": 14, "workflowId": -1, "jobId": 1}, {"startTime": 107427, "endTime": 107689, "taskId": 14, "workflowId": -1, "jobId": 1}, {"startTime": 107689, "endTime": 107785, "taskId": 7, "workflowId": 3, "jobId": -1}, {"startTime": 107785, "endTime": 107889, "taskId": 25, "workflowId": 2, "jobId": -1}, {"startTime": 107889, "endTime": 107928, "taskId": 25, "workflowId": 2, "jobId": -1}, {"startTime": 107928, "endTime": 108508, "taskId": 13, "workflowId": 3, "jobId": -1}, {"startTime": 108508, "endTime": 109212, "taskId": 13, "workflowId": 3, "jobId": -1}, {"startTime": 109212, "endTime": 109330, "taskId": 25, "workflowId": 2, "jobId": -1}, {"startTime": 109330, "endTime": 110312, "taskId": 25, "workflowId": 2, "jobId": -1}, {"startTime": 110312, "endTime": 110818, "taskId": 26, "workflowId": 2, "jobId": -1}, {"startTime": 110818, "endTime": 111172, "taskId": 26, "workflowId": 2, "jobId": -1}, {"startTime": 111172, "endTime": 111918, "taskId": 26, "workflowId": 2, "jobId": -1}, {"startTime": 111918, "endTime": 112272, "taskId": 11, "workflowId": -1, "jobId": 1}, {"startTime": 112272, "endTime": 112793, "taskId": 11, "workflowId": -1, "jobId": 1}, {"startTime": 112793, "endTime": 113945, "taskId": 11, "workflowId": -1, "jobId": 1}, {"startTime": 113945, "endTime": 115566, "taskId": 11, "workflowId": -1, "jobId": 1}, {"startTime": 115566, "endTime": 117064, "taskId": 11, "workflowId": -1, "jobId": 1}, {"startTime": 117064, "endTime": 118980, "taskId": 11, "workflowId": -1, "jobId": 1}, {"startTime": 118980, "endTime": 123871, "taskId": 12, "workflowId": -1, "jobId": 1}, {"startTime": 123871, "endTime": 124109, "taskId": 28, "workflowId": 2, "jobId": -1}, {"startTime": 124109, "endTime": 124387, "taskId": 19, "workflowId": 3, "jobId": -1}, {"startTime": 124387, "endTime": 124944, "taskId": 19, "workflowId": 3, "jobId": -1}, {"startTime": 124944, "endTime": 125500, "taskId": 15, "workflowId": 3, "jobId": -1}, {"startTime": 125500, "endTime": 126057, "taskId": 15, "workflowId": 3, "jobId": -1}, {"startTime": 126057, "endTime": 126702, "taskId": 17, "workflowId": 3, "jobId": -1}, {"startTime": 126702, "endTime": 128352, "taskId": 31, "workflowId": 2, "jobId": -1}, {"startTime": 128352, "endTime": 128541, "taskId": 31, "workflowId": 3, "jobId": -1}, {"startTime": 128541, "endTime": 129283, "taskId": 28, "workflowId": 3, "jobId": -1}, {"startTime": 129283, "endTime": 129447, "taskId": 28, "workflowId": 3, "jobId": -1}, {"startTime": 129447, "endTime": 129466, "taskId": 28, "workflowId": 3, "jobId": -1}, {"startTime": 129466, "endTime": 129524, "taskId": 29, "workflowId": 3, "jobId": -1}, {"startTime": 129524, "endTime": 130373, "taskId": 25, "workflowId": 3, "jobId": -1}, {"startTime": 130373, "endTime": 131188, "taskId": 24, "workflowId": 3, "jobId": -1}, {"startTime": 167808, "endTime": 168811, "taskId": 11, "workflowId": -1, "jobId": 2}, {"startTime": 168811, "endTime": 169767, "taskId": 6, "workflowId": -1, "jobId": 2}, {"startTime": 169767, "endTime": 169933, "taskId": 4, "workflowId": -1, "jobId": 3}, {"startTime": 169933, "endTime": 170252, "taskId": 4, "workflowId": -1, "jobId": 3}, {"startTime": 170252, "endTime": 170681, "taskId": 7, "workflowId": -1, "jobId": 5}, {"startTime": 170681, "endTime": 170847, "taskId": 7, "workflowId": -1, "jobId": 5}, {"startTime": 170847, "endTime": 175126, "taskId": 7, "workflowId": -1, "jobId": 5}, {"startTime": 175126, "endTime": 177235, "taskId": 9, "workflowId": -1, "jobId": 3}, {"startTime": 177235, "endTime": 182581, "taskId": 8, "workflowId": -1, "jobId": 2}, {"startTime": 209406, "endTime": 210993, "taskId": 14, "workflowId": -1, "jobId": 3}, {"startTime": 210993, "endTime": 212553, "taskId": 15, "workflowId": -1, "jobId": 5}, {"startTime": 217521, "endTime": 220884, "taskId": 10, "workflowId": -1, "jobId": 6}, {"startTime": 231606, "endTime": 231894, "taskId": 13, "workflowId": -1, "jobId": 5}, {"startTime": 231894, "endTime": 239135, "taskId": 11, "workflowId": -1, "jobId": 3}, {"startTime": 252234, "endTime": 255930, "taskId": 12, "workflowId": -1, "jobId": 3}, {"startTime": 255930, "endTime": 261127, "taskId": 7, "workflowId": -1, "jobId": 8}, {"startTime": 279420, "endTime": 284370, "taskId": 10, "workflowId": -1, "jobId": 8}, {"startTime": 284370, "endTime": 287016, "taskId": 15, "workflowId": -1, "jobId": 7}, {"startTime": 311163, "endTime": 311608, "taskId": 13, "workflowId": -1, "jobId": 7}, {"startTime": 311608, "endTime": 312146, "taskId": 10, "workflowId": -1, "jobId": 9}, {"startTime": 312146, "endTime": 313013, "taskId": 4, "workflowId": -1, "jobId": 6}, {"startTime": 313013, "endTime": 314058, "taskId": 13, "workflowId": -1, "jobId": 7}, {"startTime": 314058, "endTime": 315028, "taskId": 10, "workflowId": -1, "jobId": 9}, {"startTime": 315028, "endTime": 316710, "taskId": 7, "workflowId": -1, "jobId": 10}, {"startTime": 316710, "endTime": 318461, "taskId": 7, "workflowId": -1, "jobId": 10}, {"startTime": 318461, "endTime": 318512, "taskId": 13, "workflowId": -1, "jobId": 7}, {"startTime": 319764, "endTime": 321549, "taskId": 9, "workflowId": -1, "jobId": 6}, {"startTime": 332409, "endTime": 334294, "taskId": 8, "workflowId": -1, "jobId": 4}, {"startTime": 334671, "endTime": 336513, "taskId": 14, "workflowId": -1, "jobId": 5}, {"startTime": 337620, "endTime": 340646, "taskId": 5, "workflowId": -1, "jobId": 11}, {"startTime": 368434, "endTime": 370543, "taskId": 9, "workflowId": -1, "jobId": 7}, {"startTime": 371157, "endTime": 374649, "taskId": 11, "workflowId": -1, "jobId": 5}, {"startTime": 374649, "endTime": 379599, "taskId": 10, "workflowId": -1, "jobId": 11}, {"startTime": 389644, "endTime": 393514, "taskId": 13, "workflowId": -1, "jobId": 9}, {"startTime": 393514, "endTime": 399372, "taskId": 14, "workflowId": -1, "jobId": 6}, {"startTime": 406392, "endTime": 410162, "taskId": 8, "workflowId": -1, "jobId": 5}, {"startTime": 417428, "endTime": 419537, "taskId": 9, "workflowId": -1, "jobId": 8}]}]