[{"frequency": 1.5, "activePower": 8, "idlePower": 2.7, "memory": 2, "allocations": [{"startTime": 51696, "endTime": 52374, "taskId": 3, "workflowId": 2, "jobId": -1}, {"startTime": 59379, "endTime": 62245, "taskId": 1, "workflowId": 1, "jobId": -1}, {"startTime": 62877, "endTime": 64818, "taskId": 11, "workflowId": 2, "jobId": -1}, {"startTime": 69240, "endTime": 69994, "taskId": 9, "workflowId": 1, "jobId": -1}, {"startTime": 73381, "endTime": 74539, "taskId": 0, "workflowId": 3, "jobId": -1}, {"startTime": 74539, "endTime": 76415, "taskId": 0, "workflowId": 0, "jobId": -1}, {"startTime": 76415, "endTime": 77672, "taskId": 4, "workflowId": 0, "jobId": -1}, {"startTime": 77672, "endTime": 79547, "taskId": 3, "workflowId": 0, "jobId": -1}, {"startTime": 79547, "endTime": 79548, "taskId": 5, "workflowId": 0, "jobId": -1}, {"startTime": 79548, "endTime": 80298, "taskId": 10, "workflowId": 0, "jobId": -1}, {"startTime": 80298, "endTime": 83491, "taskId": 2, "workflowId": 0, "jobId": -1}, {"startTime": 83491, "endTime": 83558, "taskId": 9, "workflowId": 0, "jobId": -1}, {"startTime": 83558, "endTime": 84481, "taskId": 9, "workflowId": 0, "jobId": -1}, {"startTime": 84481, "endTime": 84548, "taskId": 9, "workflowId": 0, "jobId": -1}, {"startTime": 84548, "endTime": 85167, "taskId": 9, "workflowId": 0, "jobId": -1}, {"startTime": 85167, "endTime": 85573, "taskId": 5, "workflowId": 0, "jobId": -1}, {"startTime": 85573, "endTime": 85640, "taskId": 5, "workflowId": 0, "jobId": -1}, {"startTime": 85640, "endTime": 86907, "taskId": 5, "workflowId": 0, "jobId": -1}, {"startTime": 86907, "endTime": 86974, "taskId": 12, "workflowId": 0, "jobId": -1}, {"startTime": 86974, "endTime": 87744, "taskId": 12, "workflowId": 0, "jobId": -1}, {"startTime": 87744, "endTime": 87811, "taskId": 18, "workflowId": 0, "jobId": -1}, {"startTime": 87811, "endTime": 88690, "taskId": 18, "workflowId": 0, "jobId": -1}, {"startTime": 88821, "endTime": 89131, "taskId": 17, "workflowId": 1, "jobId": -1}, {"startTime": 89131, "endTime": 89506, "taskId": 13, "workflowId": 0, "jobId": -1}, {"startTime": 89506, "endTime": 92379, "taskId": 7, "workflowId": 0, "jobId": -1}, {"startTime": 92379, "endTime": 93093, "taskId": 19, "workflowId": 2, "jobId": -1}, {"startTime": 93093, "endTime": 93411, "taskId": 23, "workflowId": 1, "jobId": -1}, {"startTime": 93411, "endTime": 93485, "taskId": 13, "workflowId": 0, "jobId": -1}, {"startTime": 93485, "endTime": 96250, "taskId": 13, "workflowId": 0, "jobId": -1}, {"startTime": 96250, "endTime": 96686, "taskId": 19, "workflowId": 0, "jobId": -1}, {"startTime": 96686, "endTime": 96864, "taskId": 19, "workflowId": 0, "jobId": -1}, {"startTime": 96864, "endTime": 98199, "taskId": 19, "workflowId": 0, "jobId": -1}, {"startTime": 98199, "endTime": 98218, "taskId": 24, "workflowId": 0, "jobId": -1}, {"startTime": 98218, "endTime": 98325, "taskId": 24, "workflowId": 0, "jobId": -1}, {"startTime": 98325, "endTime": 99264, "taskId": 24, "workflowId": 0, "jobId": -1}, {"startTime": 99264, "endTime": 100950, "taskId": 20, "workflowId": 0, "jobId": -1}, {"startTime": 100950, "endTime": 101732, "taskId": 20, "workflowId": 0, "jobId": -1}, {"startTime": 101732, "endTime": 102552, "taskId": 25, "workflowId": 0, "jobId": -1}, {"startTime": 102552, "endTime": 103700, "taskId": 25, "workflowId": 0, "jobId": -1}, {"startTime": 103700, "endTime": 104838, "taskId": 25, "workflowId": 0, "jobId": -1}, {"startTime": 104838, "endTime": 106722, "taskId": 29, "workflowId": 0, "jobId": -1}, {"startTime": 106722, "endTime": 107612, "taskId": 30, "workflowId": 0, "jobId": -1}, {"startTime": 107612, "endTime": 108690, "taskId": 30, "workflowId": 0, "jobId": -1}, {"startTime": 108690, "endTime": 109448, "taskId": 30, "workflowId": 0, "jobId": -1}, {"startTime": 109448, "endTime": 111050, "taskId": 31, "workflowId": 0, "jobId": -1}, {"startTime": 111050, "endTime": 112575, "taskId": 31, "workflowId": 0, "jobId": -1}, {"startTime": 112575, "endTime": 115406, "taskId": 2, "workflowId": 3, "jobId": -1}, {"startTime": 115406, "endTime": 117906, "taskId": 6, "workflowId": 3, "jobId": -1}, {"startTime": 119202, "endTime": 122516, "taskId": 28, "workflowId": 2, "jobId": -1}, {"startTime": 122519, "endTime": 125591, "taskId": 26, "workflowId": 3, "jobId": -1}, {"startTime": 127186, "endTime": 130012, "taskId": 21, "workflowId": 3, "jobId": -1}, {"startTime": 138014, "endTime": 140732, "taskId": 28, "workflowId": 3, "jobId": -1}, {"startTime": 144050, "endTime": 146115, "taskId": 31, "workflowId": 3, "jobId": -1}]}, {"frequency": 1.5, "activePower": 8, "idlePower": 2.7, "memory": 2, "allocations": [{"startTime": 44490, "endTime": 59432, "taskId": 0, "workflowId": -1, "jobId": 0}, {"startTime": 59432, "endTime": 69641, "taskId": 1, "workflowId": -1, "jobId": 0}, {"startTime": 70502, "endTime": 80637, "taskId": 3, "workflowId": -1, "jobId": 1}, {"startTime": 80684, "endTime": 85716, "taskId": 2, "workflowId": -1, "jobId": 1}, {"startTime": 85716, "endTime": 91232, "taskId": 0, "workflowId": -1, "jobId": 2}, {"startTime": 91232, "endTime": 100658, "taskId": 0, "workflowId": -1, "jobId": 2}, {"startTime": 100658, "endTime": 106329, "taskId": 5, "workflowId": -1, "jobId": 1}, {"startTime": 106329, "endTime": 121271, "taskId": 0, "workflowId": -1, "jobId": 3}, {"startTime": 121271, "endTime": 121308, "taskId": 6, "workflowId": -1, "jobId": 1}, {"startTime": 121308, "endTime": 122526, "taskId": 1, "workflowId": -1, "jobId": 2}, {"startTime": 122526, "endTime": 126942, "taskId": 3, "workflowId": -1, "jobId": 3}, {"startTime": 126942, "endTime": 132661, "taskId": 0, "workflowId": -1, "jobId": 4}, {"startTime": 132661, "endTime": 134561, "taskId": 0, "workflowId": -1, "jobId": 4}, {"startTime": 134561, "endTime": 141884, "taskId": 0, "workflowId": -1, "jobId": 4}, {"startTime": 141884, "endTime": 147556, "taskId": 7, "workflowId": -1, "jobId": 3}, {"startTime": 147556, "endTime": 153798, "taskId": 0, "workflowId": -1, "jobId": 5}, {"startTime": 153798, "endTime": 159217, "taskId": 0, "workflowId": -1, "jobId": 5}, {"startTime": 159217, "endTime": 162498, "taskId": 0, "workflowId": -1, "jobId": 5}, {"startTime": 162498, "endTime": 167758, "taskId": 1, "workflowId": -1, "jobId": 3}, {"startTime": 167758, "endTime": 168168, "taskId": 1, "workflowId": -1, "jobId": 3}, {"startTime": 168168, "endTime": 172707, "taskId": 0, "workflowId": -1, "jobId": 6}, {"startTime": 172707, "endTime": 180540, "taskId": 0, "workflowId": -1, "jobId": 6}, {"startTime": 180540, "endTime": 183110, "taskId": 0, "workflowId": -1, "jobId": 6}, {"startTime": 183110, "endTime": 187580, "taskId": 7, "workflowId": -1, "jobId": 3}, {"startTime": 188781, "endTime": 203723, "taskId": 0, "workflowId": -1, "jobId": 7}, {"startTime": 203723, "endTime": 209394, "taskId": 1, "workflowId": -1, "jobId": 4}, {"startTime": 209394, "endTime": 224336, "taskId": 0, "workflowId": -1, "jobId": 8}, {"startTime": 225460, "endTime": 226574, "taskId": 2, "workflowId": -1, "jobId": 5}, {"startTime": 226574, "endTime": 230007, "taskId": 3, "workflowId": -1, "jobId": 7}, {"startTime": 230007, "endTime": 244949, "taskId": 0, "workflowId": -1, "jobId": 9}, {"startTime": 244949, "endTime": 250620, "taskId": 5, "workflowId": -1, "jobId": 7}, {"startTime": 250620, "endTime": 265562, "taskId": 0, "workflowId": -1, "jobId": 10}, {"startTime": 265562, "endTime": 271233, "taskId": 5, "workflowId": -1, "jobId": 7}, {"startTime": 271233, "endTime": 286175, "taskId": 0, "workflowId": -1, "jobId": 11}, {"startTime": 286175, "endTime": 291846, "taskId": 1, "workflowId": -1, "jobId": 6}, {"startTime": 291846, "endTime": 292730, "taskId": 0, "workflowId": -1, "jobId": 12}, {"startTime": 292730, "endTime": 306788, "taskId": 0, "workflowId": -1, "jobId": 12}, {"startTime": 306788, "endTime": 310574, "taskId": 2, "workflowId": -1, "jobId": 7}, {"startTime": 312459, "endTime": 327401, "taskId": 0, "workflowId": -1, "jobId": 13}, {"startTime": 329154, "endTime": 330622, "taskId": 4, "workflowId": -1, "jobId": 6}, {"startTime": 330622, "endTime": 333072, "taskId": 3, "workflowId": -1, "jobId": 11}, {"startTime": 333072, "endTime": 340757, "taskId": 0, "workflowId": -1, "jobId": 14}, {"startTime": 340757, "endTime": 348014, "taskId": 0, "workflowId": -1, "jobId": 14}, {"startTime": 348014, "endTime": 351762, "taskId": 5, "workflowId": -1, "jobId": 10}, {"startTime": 351762, "endTime": 353685, "taskId": 1, "workflowId": -1, "jobId": 8}, {"startTime": 353685, "endTime": 355436, "taskId": 0, "workflowId": -1, "jobId": 15}, {"startTime": 355436, "endTime": 368627, "taskId": 0, "workflowId": -1, "jobId": 15}, {"startTime": 368627, "endTime": 370236, "taskId": 5, "workflowId": -1, "jobId": 10}, {"startTime": 370236, "endTime": 370378, "taskId": 2, "workflowId": -1, "jobId": 9}, {"startTime": 370378, "endTime": 373872, "taskId": 2, "workflowId": -1, "jobId": 9}, {"startTime": 373872, "endTime": 374298, "taskId": 2, "workflowId": -1, "jobId": 9}, {"startTime": 374298, "endTime": 389240, "taskId": 0, "workflowId": -1, "jobId": 16}, {"startTime": 389240, "endTime": 390171, "taskId": 4, "workflowId": -1, "jobId": 7}, {"startTime": 390171, "endTime": 394911, "taskId": 1, "workflowId": -1, "jobId": 9}, {"startTime": 394911, "endTime": 409853, "taskId": 0, "workflowId": -1, "jobId": 17}, {"startTime": 409853, "endTime": 415524, "taskId": 2, "workflowId": -1, "jobId": 10}, {"startTime": 415524, "endTime": 418173, "taskId": 0, "workflowId": -1, "jobId": 18}, {"startTime": 418173, "endTime": 430466, "taskId": 0, "workflowId": -1, "jobId": 18}, {"startTime": 430466, "endTime": 434670, "taskId": 5, "workflowId": -1, "jobId": 13}, {"startTime": 434670, "endTime": 436137, "taskId": 3, "workflowId": -1, "jobId": 15}, {"startTime": 436137, "endTime": 451079, "taskId": 0, "workflowId": -1, "jobId": 19}, {"startTime": 451079, "endTime": 455277, "taskId": 5, "workflowId": -1, "jobId": 13}, {"startTime": 456750, "endTime": 471692, "taskId": 0, "workflowId": -1, "jobId": 20}, {"startTime": 477363, "endTime": 492305, "taskId": 0, "workflowId": -1, "jobId": 21}]}, {"frequency": 1.5, "activePower": 8, "idlePower": 2.7, "memory": 2, "allocations": [{"startTime": 74364, "endTime": 74540, "taskId": 19, "workflowId": 2, "jobId": -1}, {"startTime": 74540, "endTime": 76415, "taskId": 0, "workflowId": 3, "jobId": -1}, {"startTime": 76415, "endTime": 76416, "taskId": 3, "workflowId": 0, "jobId": -1}, {"startTime": 76416, "endTime": 77923, "taskId": 1, "workflowId": 0, "jobId": -1}, {"startTime": 77923, "endTime": 78291, "taskId": 8, "workflowId": 0, "jobId": -1}, {"startTime": 78291, "endTime": 79161, "taskId": 8, "workflowId": 0, "jobId": -1}, {"startTime": 79161, "endTime": 79664, "taskId": 11, "workflowId": 0, "jobId": -1}, {"startTime": 79664, "endTime": 82290, "taskId": 6, "workflowId": 0, "jobId": -1}, {"startTime": 82290, "endTime": 83280, "taskId": 11, "workflowId": 0, "jobId": -1}, {"startTime": 83280, "endTime": 84177, "taskId": 11, "workflowId": 0, "jobId": -1}, {"startTime": 84177, "endTime": 85917, "taskId": 10, "workflowId": 0, "jobId": -1}, {"startTime": 85917, "endTime": 85984, "taskId": 10, "workflowId": 0, "jobId": -1}, {"startTime": 85984, "endTime": 86258, "taskId": 10, "workflowId": 0, "jobId": -1}, {"startTime": 86258, "endTime": 87485, "taskId": 15, "workflowId": 0, "jobId": -1}, {"startTime": 87485, "endTime": 87552, "taskId": 17, "workflowId": 0, "jobId": -1}, {"startTime": 87552, "endTime": 88195, "taskId": 17, "workflowId": 0, "jobId": -1}, {"startTime": 88195, "endTime": 88262, "taskId": 17, "workflowId": 0, "jobId": -1}, {"startTime": 88262, "endTime": 88517, "taskId": 17, "workflowId": 0, "jobId": -1}, {"startTime": 88517, "endTime": 88584, "taskId": 0, "workflowId": 3, "jobId": -1}, {"startTime": 88584, "endTime": 88821, "taskId": 2, "workflowId": 3, "jobId": -1}, {"startTime": 88821, "endTime": 89131, "taskId": 19, "workflowId": 2, "jobId": -1}, {"startTime": 89131, "endTime": 89198, "taskId": 7, "workflowId": 0, "jobId": -1}, {"startTime": 89198, "endTime": 89506, "taskId": 7, "workflowId": 0, "jobId": -1}, {"startTime": 89506, "endTime": 91474, "taskId": 16, "workflowId": 0, "jobId": -1}, {"startTime": 91474, "endTime": 92242, "taskId": 16, "workflowId": 0, "jobId": -1}, {"startTime": 92242, "endTime": 92345, "taskId": 21, "workflowId": 0, "jobId": -1}, {"startTime": 92345, "endTime": 93434, "taskId": 21, "workflowId": 0, "jobId": -1}, {"startTime": 93434, "endTime": 93485, "taskId": 14, "workflowId": 0, "jobId": -1}, {"startTime": 93485, "endTime": 95088, "taskId": 14, "workflowId": 0, "jobId": -1}, {"startTime": 95088, "endTime": 95453, "taskId": 23, "workflowId": 0, "jobId": -1}, {"startTime": 95453, "endTime": 95597, "taskId": 23, "workflowId": 0, "jobId": -1}, {"startTime": 95597, "endTime": 97056, "taskId": 23, "workflowId": 0, "jobId": -1}, {"startTime": 97056, "endTime": 97532, "taskId": 23, "workflowId": 0, "jobId": -1}, {"startTime": 97532, "endTime": 98200, "taskId": 20, "workflowId": 0, "jobId": -1}, {"startTime": 98200, "endTime": 99500, "taskId": 22, "workflowId": 0, "jobId": -1}, {"startTime": 99500, "endTime": 100668, "taskId": 22, "workflowId": 0, "jobId": -1}, {"startTime": 100668, "endTime": 100932, "taskId": 22, "workflowId": 0, "jobId": -1}, {"startTime": 100932, "endTime": 102636, "taskId": 26, "workflowId": 0, "jobId": -1}, {"startTime": 102636, "endTime": 102900, "taskId": 26, "workflowId": 0, "jobId": -1}, {"startTime": 102900, "endTime": 103982, "taskId": 26, "workflowId": 0, "jobId": -1}, {"startTime": 103982, "endTime": 105950, "taskId": 27, "workflowId": 0, "jobId": -1}, {"startTime": 105950, "endTime": 106298, "taskId": 27, "workflowId": 0, "jobId": -1}, {"startTime": 106298, "endTime": 108266, "taskId": 28, "workflowId": 0, "jobId": -1}, {"startTime": 108266, "endTime": 109072, "taskId": 28, "workflowId": 0, "jobId": -1}, {"startTime": 109072, "endTime": 111040, "taskId": 17, "workflowId": 1, "jobId": -1}, {"startTime": 111040, "endTime": 111654, "taskId": 23, "workflowId": 1, "jobId": -1}, {"startTime": 111654, "endTime": 113256, "taskId": 19, "workflowId": 2, "jobId": -1}, {"startTime": 116564, "endTime": 117780, "taskId": 17, "workflowId": 3, "jobId": -1}, {"startTime": 127186, "endTime": 130130, "taskId": 22, "workflowId": 3, "jobId": -1}]}, {"frequency": 1.5, "activePower": 8, "idlePower": 2.7, "memory": 2, "allocations": [{"startTime": 44490, "endTime": 54625, "taskId": 3, "workflowId": -1, "jobId": 0}, {"startTime": 54625, "endTime": 65173, "taskId": 2, "workflowId": -1, "jobId": 0}, {"startTime": 65173, "endTime": 80115, "taskId": 0, "workflowId": -1, "jobId": 1}, {"startTime": 80115, "endTime": 82899, "taskId": 5, "workflowId": -1, "jobId": 1}, {"startTime": 82899, "endTime": 85716, "taskId": 1, "workflowId": -1, "jobId": 1}, {"startTime": 85716, "endTime": 91232, "taskId": 2, "workflowId": -1, "jobId": 1}, {"startTime": 91232, "endTime": 98624, "taskId": 1, "workflowId": -1, "jobId": 1}, {"startTime": 98624, "endTime": 108759, "taskId": 3, "workflowId": -1, "jobId": 2}, {"startTime": 108759, "endTime": 115844, "taskId": 5, "workflowId": -1, "jobId": 1}, {"startTime": 115844, "endTime": 116878, "taskId": 6, "workflowId": -1, "jobId": 1}, {"startTime": 116878, "endTime": 126942, "taskId": 2, "workflowId": -1, "jobId": 2}, {"startTime": 126942, "endTime": 127426, "taskId": 3, "workflowId": -1, "jobId": 3}, {"startTime": 127426, "endTime": 132661, "taskId": 3, "workflowId": -1, "jobId": 3}, {"startTime": 132661, "endTime": 133145, "taskId": 2, "workflowId": -1, "jobId": 2}, {"startTime": 133145, "endTime": 136417, "taskId": 1, "workflowId": -1, "jobId": 2}, {"startTime": 136417, "endTime": 142136, "taskId": 1, "workflowId": -1, "jobId": 2}, {"startTime": 142136, "endTime": 147556, "taskId": 6, "workflowId": -1, "jobId": 1}, {"startTime": 147556, "endTime": 148538, "taskId": 7, "workflowId": -1, "jobId": 3}, {"startTime": 148538, "endTime": 153798, "taskId": 3, "workflowId": -1, "jobId": 4}, {"startTime": 153798, "endTime": 155389, "taskId": 3, "workflowId": -1, "jobId": 4}, {"startTime": 155389, "endTime": 158673, "taskId": 3, "workflowId": -1, "jobId": 4}, {"startTime": 158673, "endTime": 169221, "taskId": 2, "workflowId": -1, "jobId": 3}, {"startTime": 169221, "endTime": 173760, "taskId": 1, "workflowId": -1, "jobId": 3}, {"startTime": 173760, "endTime": 174481, "taskId": 7, "workflowId": -1, "jobId": 3}, {"startTime": 174481, "endTime": 174550, "taskId": 7, "workflowId": -1, "jobId": 3}, {"startTime": 174550, "endTime": 179020, "taskId": 3, "workflowId": -1, "jobId": 5}, {"startTime": 179020, "endTime": 181593, "taskId": 3, "workflowId": -1, "jobId": 5}, {"startTime": 181593, "endTime": 184685, "taskId": 3, "workflowId": -1, "jobId": 5}, {"startTime": 184685, "endTime": 189266, "taskId": 6, "workflowId": -1, "jobId": 1}, {"startTime": 189266, "endTime": 199814, "taskId": 2, "workflowId": -1, "jobId": 4}, {"startTime": 199814, "endTime": 200562, "taskId": 1, "workflowId": -1, "jobId": 4}, {"startTime": 200562, "endTime": 203066, "taskId": 3, "workflowId": -1, "jobId": 6}, {"startTime": 203066, "endTime": 210697, "taskId": 3, "workflowId": -1, "jobId": 6}, {"startTime": 210697, "endTime": 214487, "taskId": 1, "workflowId": -1, "jobId": 4}, {"startTime": 214487, "endTime": 217739, "taskId": 6, "workflowId": -1, "jobId": 1}, {"startTime": 226574, "endTime": 230007, "taskId": 2, "workflowId": -1, "jobId": 5}, {"startTime": 230007, "endTime": 236008, "taskId": 3, "workflowId": -1, "jobId": 7}, {"startTime": 236008, "endTime": 236709, "taskId": 3, "workflowId": -1, "jobId": 7}, {"startTime": 236709, "endTime": 242710, "taskId": 2, "workflowId": -1, "jobId": 5}, {"startTime": 242710, "endTime": 252919, "taskId": 1, "workflowId": -1, "jobId": 5}, {"startTime": 252919, "endTime": 263054, "taskId": 3, "workflowId": -1, "jobId": 8}, {"startTime": 263054, "endTime": 273602, "taskId": 2, "workflowId": -1, "jobId": 6}, {"startTime": 273602, "endTime": 274944, "taskId": 5, "workflowId": -1, "jobId": 7}, {"startTime": 274944, "endTime": 277800, "taskId": 1, "workflowId": -1, "jobId": 6}, {"startTime": 277800, "endTime": 278598, "taskId": 1, "workflowId": -1, "jobId": 6}, {"startTime": 278598, "endTime": 285153, "taskId": 3, "workflowId": -1, "jobId": 9}, {"startTime": 285153, "endTime": 288733, "taskId": 3, "workflowId": -1, "jobId": 9}, {"startTime": 288733, "endTime": 291589, "taskId": 5, "workflowId": -1, "jobId": 7}, {"startTime": 291589, "endTime": 291846, "taskId": 9, "workflowId": -1, "jobId": 5}, {"startTime": 291846, "endTime": 292730, "taskId": 1, "workflowId": -1, "jobId": 6}, {"startTime": 292730, "endTime": 296451, "taskId": 9, "workflowId": -1, "jobId": 5}, {"startTime": 297848, "endTime": 304610, "taskId": 2, "workflowId": -1, "jobId": 7}, {"startTime": 304610, "endTime": 314745, "taskId": 3, "workflowId": -1, "jobId": 10}, {"startTime": 314745, "endTime": 324954, "taskId": 1, "workflowId": -1, "jobId": 7}, {"startTime": 324954, "endTime": 333072, "taskId": 5, "workflowId": -1, "jobId": 10}, {"startTime": 333072, "endTime": 340494, "taskId": 3, "workflowId": -1, "jobId": 11}, {"startTime": 340494, "endTime": 340757, "taskId": 3, "workflowId": -1, "jobId": 11}, {"startTime": 340757, "endTime": 351305, "taskId": 2, "workflowId": -1, "jobId": 8}, {"startTime": 351305, "endTime": 351762, "taskId": 4, "workflowId": -1, "jobId": 6}, {"startTime": 351762, "endTime": 353685, "taskId": 5, "workflowId": -1, "jobId": 10}, {"startTime": 353685, "endTime": 355256, "taskId": 1, "workflowId": -1, "jobId": 8}, {"startTime": 355256, "endTime": 355436, "taskId": 1, "workflowId": -1, "jobId": 8}, {"startTime": 355436, "endTime": 356634, "taskId": 1, "workflowId": -1, "jobId": 8}, {"startTime": 356634, "endTime": 361971, "taskId": 3, "workflowId": -1, "jobId": 12}, {"startTime": 361971, "endTime": 363722, "taskId": 3, "workflowId": -1, "jobId": 12}, {"startTime": 363722, "endTime": 366769, "taskId": 3, "workflowId": -1, "jobId": 12}, {"startTime": 366769, "endTime": 372106, "taskId": 1, "workflowId": -1, "jobId": 8}, {"startTime": 372106, "endTime": 372248, "taskId": 5, "workflowId": -1, "jobId": 10}, {"startTime": 372248, "endTime": 374298, "taskId": 4, "workflowId": -1, "jobId": 6}, {"startTime": 374298, "endTime": 380784, "taskId": 2, "workflowId": -1, "jobId": 9}, {"startTime": 380784, "endTime": 382228, "taskId": 4, "workflowId": -1, "jobId": 6}, {"startTime": 382228, "endTime": 382646, "taskId": 4, "workflowId": -1, "jobId": 7}, {"startTime": 382646, "endTime": 392781, "taskId": 3, "workflowId": -1, "jobId": 13}, {"startTime": 392781, "endTime": 394911, "taskId": 4, "workflowId": -1, "jobId": 7}, {"startTime": 394911, "endTime": 400380, "taskId": 1, "workflowId": -1, "jobId": 9}, {"startTime": 400380, "endTime": 402320, "taskId": 4, "workflowId": -1, "jobId": 7}, {"startTime": 406430, "endTime": 408658, "taskId": 2, "workflowId": -1, "jobId": 10}, {"startTime": 408658, "endTime": 418793, "taskId": 3, "workflowId": -1, "jobId": 14}, {"startTime": 418793, "endTime": 421442, "taskId": 2, "workflowId": -1, "jobId": 10}, {"startTime": 421442, "endTime": 428580, "taskId": 5, "workflowId": -1, "jobId": 13}, {"startTime": 428580, "endTime": 436137, "taskId": 1, "workflowId": -1, "jobId": 10}, {"startTime": 436137, "endTime": 438789, "taskId": 3, "workflowId": -1, "jobId": 15}, {"startTime": 438789, "endTime": 442987, "taskId": 3, "workflowId": -1, "jobId": 15}, {"startTime": 442987, "endTime": 444805, "taskId": 3, "workflowId": -1, "jobId": 15}, {"startTime": 444805, "endTime": 447457, "taskId": 1, "workflowId": -1, "jobId": 10}, {"startTime": 447457, "endTime": 458005, "taskId": 2, "workflowId": -1, "jobId": 11}, {"startTime": 460682, "endTime": 470817, "taskId": 3, "workflowId": -1, "jobId": 16}, {"startTime": 470817, "endTime": 486357, "taskId": 5, "workflowId": -1, "jobId": 15}]}]