[{"frequency": 2.4, "activePower": 9, "idlePower": 2.75, "memory": 2, "allocations": [{"startTime": 37712, "endTime": 39492, "taskId": 0, "workflowId": 2, "jobId": -1}, {"startTime": 39492, "endTime": 39916, "taskId": 3, "workflowId": 2, "jobId": -1}, {"startTime": 39916, "endTime": 40162, "taskId": 2, "workflowId": 2, "jobId": -1}, {"startTime": 40162, "endTime": 49501, "taskId": 0, "workflowId": -1, "jobId": 0}, {"startTime": 49501, "endTime": 50771, "taskId": 6, "workflowId": -1, "jobId": 0}, {"startTime": 50771, "endTime": 52051, "taskId": 0, "workflowId": 1, "jobId": -1}, {"startTime": 52051, "endTime": 52052, "taskId": 6, "workflowId": 2, "jobId": -1}, {"startTime": 52052, "endTime": 52393, "taskId": 1, "workflowId": 1, "jobId": -1}, {"startTime": 52393, "endTime": 53534, "taskId": 1, "workflowId": 1, "jobId": -1}, {"startTime": 53534, "endTime": 53844, "taskId": 1, "workflowId": 1, "jobId": -1}, {"startTime": 53844, "endTime": 54185, "taskId": 2, "workflowId": 1, "jobId": -1}, {"startTime": 54185, "endTime": 54702, "taskId": 2, "workflowId": 1, "jobId": -1}, {"startTime": 54702, "endTime": 54703, "taskId": 6, "workflowId": 2, "jobId": -1}, {"startTime": 54703, "endTime": 54909, "taskId": 12, "workflowId": 1, "jobId": -1}, {"startTime": 54909, "endTime": 55043, "taskId": 5, "workflowId": 1, "jobId": -1}, {"startTime": 55043, "endTime": 55140, "taskId": 5, "workflowId": 1, "jobId": -1}, {"startTime": 55140, "endTime": 55355, "taskId": 5, "workflowId": 1, "jobId": -1}, {"startTime": 55355, "endTime": 55666, "taskId": 6, "workflowId": 2, "jobId": -1}, {"startTime": 55666, "endTime": 55693, "taskId": 11, "workflowId": 1, "jobId": -1}, {"startTime": 55693, "endTime": 55791, "taskId": 11, "workflowId": 1, "jobId": -1}, {"startTime": 55791, "endTime": 56184, "taskId": 11, "workflowId": 1, "jobId": -1}, {"startTime": 56184, "endTime": 56210, "taskId": 11, "workflowId": 1, "jobId": -1}, {"startTime": 56210, "endTime": 56286, "taskId": 11, "workflowId": 1, "jobId": -1}, {"startTime": 56286, "endTime": 57213, "taskId": 15, "workflowId": 1, "jobId": -1}, {"startTime": 57213, "endTime": 57280, "taskId": 15, "workflowId": 1, "jobId": -1}, {"startTime": 57280, "endTime": 57764, "taskId": 15, "workflowId": 1, "jobId": -1}, {"startTime": 57764, "endTime": 57981, "taskId": 10, "workflowId": 1, "jobId": -1}, {"startTime": 57981, "endTime": 58388, "taskId": 10, "workflowId": 1, "jobId": -1}, {"startTime": 58454, "endTime": 59827, "taskId": 6, "workflowId": -1, "jobId": 0}, {"startTime": 59827, "endTime": 60406, "taskId": 6, "workflowId": -1, "jobId": 0}, {"startTime": 60406, "endTime": 60434, "taskId": 19, "workflowId": 1, "jobId": -1}, {"startTime": 60434, "endTime": 60775, "taskId": 19, "workflowId": 1, "jobId": -1}, {"startTime": 60775, "endTime": 61061, "taskId": 0, "workflowId": -1, "jobId": 1}, {"startTime": 61061, "endTime": 61777, "taskId": 0, "workflowId": -1, "jobId": 1}, {"startTime": 61777, "endTime": 62159, "taskId": 0, "workflowId": -1, "jobId": 1}, {"startTime": 62159, "endTime": 62166, "taskId": 0, "workflowId": -1, "jobId": 1}, {"startTime": 62166, "endTime": 62506, "taskId": 0, "workflowId": -1, "jobId": 1}, {"startTime": 62506, "endTime": 63130, "taskId": 0, "workflowId": -1, "jobId": 1}, {"startTime": 63130, "endTime": 63298, "taskId": 0, "workflowId": -1, "jobId": 1}, {"startTime": 63298, "endTime": 63426, "taskId": 0, "workflowId": -1, "jobId": 1}, {"startTime": 63426, "endTime": 63634, "taskId": 0, "workflowId": -1, "jobId": 1}, {"startTime": 63634, "endTime": 64607, "taskId": 0, "workflowId": -1, "jobId": 1}, {"startTime": 64607, "endTime": 65199, "taskId": 0, "workflowId": -1, "jobId": 1}, {"startTime": 65199, "endTime": 67685, "taskId": 0, "workflowId": -1, "jobId": 1}, {"startTime": 67685, "endTime": 68598, "taskId": 0, "workflowId": -1, "jobId": 1}, {"startTime": 68598, "endTime": 70114, "taskId": 0, "workflowId": -1, "jobId": 1}, {"startTime": 70114, "endTime": 70444, "taskId": 10, "workflowId": 2, "jobId": -1}, {"startTime": 70444, "endTime": 70555, "taskId": 10, "workflowId": 2, "jobId": -1}, {"startTime": 70958, "endTime": 71364, "taskId": 10, "workflowId": -1, "jobId": 0}, {"startTime": 71364, "endTime": 74212, "taskId": 10, "workflowId": -1, "jobId": 0}, {"startTime": 74212, "endTime": 74540, "taskId": 10, "workflowId": -1, "jobId": 0}, {"startTime": 74540, "endTime": 75713, "taskId": 0, "workflowId": 0, "jobId": -1}, {"startTime": 75713, "endTime": 75714, "taskId": 11, "workflowId": 2, "jobId": -1}, {"startTime": 75714, "endTime": 76500, "taskId": 4, "workflowId": 0, "jobId": -1}, {"startTime": 76500, "endTime": 76656, "taskId": 2, "workflowId": -1, "jobId": 1}, {"startTime": 76656, "endTime": 76794, "taskId": 8, "workflowId": 0, "jobId": -1}, {"startTime": 76794, "endTime": 77430, "taskId": 8, "workflowId": 0, "jobId": -1}, {"startTime": 77430, "endTime": 77921, "taskId": 15, "workflowId": -1, "jobId": 1}, {"startTime": 77921, "endTime": 78141, "taskId": 2, "workflowId": -1, "jobId": 1}, {"startTime": 78141, "endTime": 79221, "taskId": 2, "workflowId": -1, "jobId": 1}, {"startTime": 79221, "endTime": 79874, "taskId": 2, "workflowId": -1, "jobId": 1}, {"startTime": 79874, "endTime": 81389, "taskId": 2, "workflowId": -1, "jobId": 1}, {"startTime": 81389, "endTime": 81706, "taskId": 0, "workflowId": -1, "jobId": 2}, {"startTime": 81706, "endTime": 84358, "taskId": 0, "workflowId": -1, "jobId": 2}, {"startTime": 84358, "endTime": 84723, "taskId": 0, "workflowId": -1, "jobId": 2}, {"startTime": 84723, "endTime": 84902, "taskId": 0, "workflowId": -1, "jobId": 2}, {"startTime": 84902, "endTime": 85597, "taskId": 0, "workflowId": -1, "jobId": 2}, {"startTime": 85597, "endTime": 85608, "taskId": 0, "workflowId": -1, "jobId": 2}, {"startTime": 85608, "endTime": 85669, "taskId": 0, "workflowId": -1, "jobId": 2}, {"startTime": 85669, "endTime": 85675, "taskId": 0, "workflowId": -1, "jobId": 2}, {"startTime": 85675, "endTime": 86307, "taskId": 0, "workflowId": -1, "jobId": 2}, {"startTime": 86307, "endTime": 86765, "taskId": 0, "workflowId": -1, "jobId": 2}, {"startTime": 86765, "endTime": 87909, "taskId": 0, "workflowId": -1, "jobId": 2}, {"startTime": 87909, "endTime": 87997, "taskId": 0, "workflowId": -1, "jobId": 2}, {"startTime": 87997, "endTime": 88548, "taskId": 0, "workflowId": -1, "jobId": 2}, {"startTime": 88548, "endTime": 88885, "taskId": 0, "workflowId": -1, "jobId": 2}, {"startTime": 88885, "endTime": 90261, "taskId": 0, "workflowId": -1, "jobId": 2}, {"startTime": 90261, "endTime": 90728, "taskId": 0, "workflowId": -1, "jobId": 2}, {"startTime": 90728, "endTime": 90940, "taskId": 10, "workflowId": -1, "jobId": 0}, {"startTime": 91064, "endTime": 91213, "taskId": 0, "workflowId": 3, "jobId": -1}, {"startTime": 91213, "endTime": 91262, "taskId": 29, "workflowId": 0, "jobId": -1}, {"startTime": 91262, "endTime": 91377, "taskId": 29, "workflowId": 0, "jobId": -1}, {"startTime": 91377, "endTime": 91932, "taskId": 29, "workflowId": 0, "jobId": -1}, {"startTime": 91932, "endTime": 92186, "taskId": 29, "workflowId": 0, "jobId": -1}, {"startTime": 92186, "endTime": 92391, "taskId": 3, "workflowId": -1, "jobId": 2}, {"startTime": 92391, "endTime": 94081, "taskId": 3, "workflowId": -1, "jobId": 2}, {"startTime": 94081, "endTime": 94936, "taskId": 3, "workflowId": -1, "jobId": 2}, {"startTime": 94936, "endTime": 96098, "taskId": 3, "workflowId": -1, "jobId": 2}, {"startTime": 96098, "endTime": 96583, "taskId": 3, "workflowId": -1, "jobId": 2}, {"startTime": 96583, "endTime": 97180, "taskId": 3, "workflowId": -1, "jobId": 2}, {"startTime": 97180, "endTime": 97726, "taskId": 3, "workflowId": -1, "jobId": 2}, {"startTime": 97726, "endTime": 98521, "taskId": 3, "workflowId": -1, "jobId": 2}, {"startTime": 98521, "endTime": 98898, "taskId": 18, "workflowId": 2, "jobId": -1}, {"startTime": 98898, "endTime": 100649, "taskId": 19, "workflowId": 2, "jobId": -1}, {"startTime": 101125, "endTime": 101130, "taskId": 10, "workflowId": -1, "jobId": 1}, {"startTime": 101130, "endTime": 101203, "taskId": 10, "workflowId": -1, "jobId": 1}, {"startTime": 101203, "endTime": 101954, "taskId": 10, "workflowId": -1, "jobId": 1}, {"startTime": 101954, "endTime": 102001, "taskId": 10, "workflowId": -1, "jobId": 1}, {"startTime": 102001, "endTime": 103625, "taskId": 0, "workflowId": -1, "jobId": 3}, {"startTime": 103625, "endTime": 103683, "taskId": 0, "workflowId": -1, "jobId": 3}, {"startTime": 103683, "endTime": 111340, "taskId": 0, "workflowId": -1, "jobId": 3}, {"startTime": 111340, "endTime": 112204, "taskId": 1, "workflowId": 3, "jobId": -1}, {"startTime": 112204, "endTime": 112220, "taskId": 1, "workflowId": 3, "jobId": -1}, {"startTime": 112220, "endTime": 112461, "taskId": 1, "workflowId": 3, "jobId": -1}, {"startTime": 112461, "endTime": 112550, "taskId": 13, "workflowId": -1, "jobId": 1}, {"startTime": 112550, "endTime": 116127, "taskId": 2, "workflowId": -1, "jobId": 2}, {"startTime": 116127, "endTime": 118198, "taskId": 2, "workflowId": -1, "jobId": 2}, {"startTime": 118198, "endTime": 119143, "taskId": 3, "workflowId": -1, "jobId": 3}, {"startTime": 119143, "endTime": 121030, "taskId": 3, "workflowId": -1, "jobId": 3}, {"startTime": 121030, "endTime": 121046, "taskId": 3, "workflowId": -1, "jobId": 3}, {"startTime": 121046, "endTime": 122614, "taskId": 3, "workflowId": -1, "jobId": 3}, {"startTime": 122614, "endTime": 122933, "taskId": 0, "workflowId": -1, "jobId": 4}, {"startTime": 122933, "endTime": 124533, "taskId": 0, "workflowId": -1, "jobId": 4}, {"startTime": 124533, "endTime": 124705, "taskId": 0, "workflowId": -1, "jobId": 4}, {"startTime": 124705, "endTime": 125123, "taskId": 0, "workflowId": -1, "jobId": 4}, {"startTime": 125123, "endTime": 126305, "taskId": 0, "workflowId": -1, "jobId": 4}, {"startTime": 126305, "endTime": 126723, "taskId": 0, "workflowId": -1, "jobId": 4}, {"startTime": 126723, "endTime": 127035, "taskId": 0, "workflowId": -1, "jobId": 4}, {"startTime": 127035, "endTime": 127453, "taskId": 0, "workflowId": -1, "jobId": 4}, {"startTime": 127453, "endTime": 128016, "taskId": 0, "workflowId": -1, "jobId": 4}, {"startTime": 128016, "endTime": 128278, "taskId": 0, "workflowId": -1, "jobId": 4}, {"startTime": 128278, "endTime": 129741, "taskId": 0, "workflowId": -1, "jobId": 4}, {"startTime": 129741, "endTime": 130422, "taskId": 0, "workflowId": -1, "jobId": 4}, {"startTime": 130422, "endTime": 131953, "taskId": 0, "workflowId": -1, "jobId": 4}, {"startTime": 131953, "endTime": 132395, "taskId": 7, "workflowId": 3, "jobId": -1}, {"startTime": 132395, "endTime": 132683, "taskId": 7, "workflowId": 3, "jobId": -1}, {"startTime": 132683, "endTime": 133528, "taskId": 7, "workflowId": 3, "jobId": -1}, {"startTime": 133528, "endTime": 133637, "taskId": 7, "workflowId": 3, "jobId": -1}, {"startTime": 133637, "endTime": 134367, "taskId": 8, "workflowId": 3, "jobId": -1}, {"startTime": 134367, "endTime": 135050, "taskId": 13, "workflowId": -1, "jobId": 2}, {"startTime": 135050, "endTime": 137863, "taskId": 4, "workflowId": -1, "jobId": 2}, {"startTime": 137863, "endTime": 138437, "taskId": 4, "workflowId": -1, "jobId": 2}, {"startTime": 138437, "endTime": 139547, "taskId": 10, "workflowId": 3, "jobId": -1}, {"startTime": 139547, "endTime": 140204, "taskId": 10, "workflowId": 3, "jobId": -1}, {"startTime": 140204, "endTime": 140410, "taskId": 10, "workflowId": 3, "jobId": -1}, {"startTime": 140410, "endTime": 140880, "taskId": 9, "workflowId": 3, "jobId": -1}, {"startTime": 140880, "endTime": 141537, "taskId": 9, "workflowId": 3, "jobId": -1}, {"startTime": 141537, "endTime": 141985, "taskId": 9, "workflowId": 3, "jobId": -1}, {"startTime": 141985, "endTime": 142177, "taskId": 28, "workflowId": 2, "jobId": -1}, {"startTime": 142177, "endTime": 143227, "taskId": 28, "workflowId": 2, "jobId": -1}, {"startTime": 143227, "endTime": 144057, "taskId": 0, "workflowId": -1, "jobId": 5}, {"startTime": 144057, "endTime": 145897, "taskId": 0, "workflowId": -1, "jobId": 5}, {"startTime": 145897, "endTime": 146014, "taskId": 0, "workflowId": -1, "jobId": 5}, {"startTime": 146014, "endTime": 152566, "taskId": 0, "workflowId": -1, "jobId": 5}, {"startTime": 152566, "endTime": 152676, "taskId": 16, "workflowId": 3, "jobId": -1}, {"startTime": 152676, "endTime": 153326, "taskId": 20, "workflowId": 3, "jobId": -1}, {"startTime": 153326, "endTime": 153952, "taskId": 22, "workflowId": 3, "jobId": -1}, {"startTime": 153952, "endTime": 154830, "taskId": 22, "workflowId": 3, "jobId": -1}, {"startTime": 154830, "endTime": 155166, "taskId": 7, "workflowId": -1, "jobId": 4}, {"startTime": 155166, "endTime": 155389, "taskId": 7, "workflowId": -1, "jobId": 4}, {"startTime": 155389, "endTime": 155902, "taskId": 1, "workflowId": -1, "jobId": 3}, {"startTime": 155902, "endTime": 156164, "taskId": 1, "workflowId": -1, "jobId": 3}, {"startTime": 156164, "endTime": 157651, "taskId": 1, "workflowId": -1, "jobId": 3}, {"startTime": 157651, "endTime": 160132, "taskId": 1, "workflowId": -1, "jobId": 3}, {"startTime": 160132, "endTime": 161770, "taskId": 1, "workflowId": -1, "jobId": 3}, {"startTime": 161770, "endTime": 162277, "taskId": 17, "workflowId": 3, "jobId": -1}, {"startTime": 162277, "endTime": 162530, "taskId": 17, "workflowId": 3, "jobId": -1}, {"startTime": 162530, "endTime": 163840, "taskId": 31, "workflowId": 2, "jobId": -1}, {"startTime": 163840, "endTime": 164366, "taskId": 0, "workflowId": -1, "jobId": 6}, {"startTime": 164366, "endTime": 165416, "taskId": 0, "workflowId": -1, "jobId": 6}, {"startTime": 165416, "endTime": 166222, "taskId": 0, "workflowId": -1, "jobId": 6}, {"startTime": 166222, "endTime": 167336, "taskId": 0, "workflowId": -1, "jobId": 6}, {"startTime": 167336, "endTime": 173179, "taskId": 0, "workflowId": -1, "jobId": 6}, {"startTime": 173179, "endTime": 174470, "taskId": 31, "workflowId": 3, "jobId": -1}, {"startTime": 174470, "endTime": 175530, "taskId": 29, "workflowId": 3, "jobId": -1}, {"startTime": 177026, "endTime": 179677, "taskId": 6, "workflowId": -1, "jobId": 2}, {"startTime": 179677, "endTime": 184453, "taskId": 5, "workflowId": -1, "jobId": 5}, {"startTime": 184453, "endTime": 193792, "taskId": 0, "workflowId": -1, "jobId": 7}, {"startTime": 193792, "endTime": 193798, "taskId": 12, "workflowId": -1, "jobId": 2}, {"startTime": 193798, "endTime": 196234, "taskId": 1, "workflowId": -1, "jobId": 4}, {"startTime": 196234, "endTime": 202569, "taskId": 3, "workflowId": -1, "jobId": 6}, {"startTime": 205066, "endTime": 214405, "taskId": 0, "workflowId": -1, "jobId": 8}, {"startTime": 221132, "endTime": 222246, "taskId": 2, "workflowId": -1, "jobId": 5}, {"startTime": 222246, "endTime": 225679, "taskId": 3, "workflowId": -1, "jobId": 7}, {"startTime": 225679, "endTime": 235018, "taskId": 0, "workflowId": -1, "jobId": 9}, {"startTime": 235483, "endTime": 245196, "taskId": 5, "workflowId": -1, "jobId": 7}, {"startTime": 245458, "endTime": 246292, "taskId": 6, "workflowId": -1, "jobId": 3}, {"startTime": 246292, "endTime": 255631, "taskId": 0, "workflowId": -1, "jobId": 10}, {"startTime": 257326, "endTime": 263919, "taskId": 2, "workflowId": -1, "jobId": 6}, {"startTime": 266905, "endTime": 276244, "taskId": 0, "workflowId": -1, "jobId": 11}, {"startTime": 276244, "endTime": 277144, "taskId": 12, "workflowId": -1, "jobId": 3}, {"startTime": 277382, "endTime": 280769, "taskId": 4, "workflowId": -1, "jobId": 5}, {"startTime": 282592, "endTime": 287518, "taskId": 13, "workflowId": -1, "jobId": 6}, {"startTime": 287518, "endTime": 296857, "taskId": 0, "workflowId": -1, "jobId": 12}, {"startTime": 297664, "endTime": 298165, "taskId": 15, "workflowId": -1, "jobId": 7}, {"startTime": 298165, "endTime": 300282, "taskId": 7, "workflowId": -1, "jobId": 9}, {"startTime": 300282, "endTime": 306617, "taskId": 3, "workflowId": -1, "jobId": 10}, {"startTime": 308131, "endTime": 317470, "taskId": 0, "workflowId": -1, "jobId": 13}, {"startTime": 319192, "endTime": 326294, "taskId": 5, "workflowId": -1, "jobId": 10}, {"startTime": 326294, "endTime": 328744, "taskId": 3, "workflowId": -1, "jobId": 11}, {"startTime": 328744, "endTime": 338083, "taskId": 0, "workflowId": -1, "jobId": 14}, {"startTime": 342506, "endTime": 345012, "taskId": 12, "workflowId": -1, "jobId": 4}, {"startTime": 345012, "endTime": 347095, "taskId": 14, "workflowId": -1, "jobId": 5}, {"startTime": 347095, "endTime": 347434, "taskId": 5, "workflowId": -1, "jobId": 11}, {"startTime": 347434, "endTime": 349357, "taskId": 1, "workflowId": -1, "jobId": 8}, {"startTime": 349357, "endTime": 358696, "taskId": 0, "workflowId": -1, "jobId": 15}, {"startTime": 363402, "endTime": 365908, "taskId": 13, "workflowId": -1, "jobId": 8}, {"startTime": 365908, "endTime": 369970, "taskId": 2, "workflowId": -1, "jobId": 9}, {"startTime": 369970, "endTime": 379309, "taskId": 0, "workflowId": -1, "jobId": 16}, {"startTime": 382322, "endTime": 384166, "taskId": 6, "workflowId": -1, "jobId": 5}, {"startTime": 384166, "endTime": 385843, "taskId": 7, "workflowId": -1, "jobId": 12}, {"startTime": 385843, "endTime": 390583, "taskId": 1, "workflowId": -1, "jobId": 9}, {"startTime": 390583, "endTime": 399922, "taskId": 0, "workflowId": -1, "jobId": 17}, {"startTime": 402102, "endTime": 404330, "taskId": 2, "workflowId": -1, "jobId": 10}, {"startTime": 404330, "endTime": 410665, "taskId": 3, "workflowId": -1, "jobId": 14}, {"startTime": 411196, "endTime": 420535, "taskId": 0, "workflowId": -1, "jobId": 18}, {"startTime": 421078, "endTime": 424252, "taskId": 10, "workflowId": -1, "jobId": 12}, {"startTime": 424252, "endTime": 430342, "taskId": 1, "workflowId": -1, "jobId": 10}, {"startTime": 430342, "endTime": 431809, "taskId": 3, "workflowId": -1, "jobId": 15}, {"startTime": 431809, "endTime": 441148, "taskId": 0, "workflowId": -1, "jobId": 19}, {"startTime": 441500, "endTime": 448947, "taskId": 7, "workflowId": -1, "jobId": 14}, {"startTime": 452422, "endTime": 461761, "taskId": 0, "workflowId": -1, "jobId": 20}, {"startTime": 470167, "endTime": 473035, "taskId": 7, "workflowId": -1, "jobId": 15}, {"startTime": 473035, "endTime": 482374, "taskId": 0, "workflowId": -1, "jobId": 21}]}, {"frequency": 2.4, "activePower": 9, "idlePower": 2.75, "memory": 2, "allocations": [{"startTime": 39492, "endTime": 40162, "taskId": 1, "workflowId": 2, "jobId": -1}, {"startTime": 40162, "endTime": 40592, "taskId": 3, "workflowId": -1, "jobId": 0}, {"startTime": 40592, "endTime": 46497, "taskId": 3, "workflowId": -1, "jobId": 0}, {"startTime": 46497, "endTime": 56210, "taskId": 5, "workflowId": -1, "jobId": 0}, {"startTime": 56210, "endTime": 57076, "taskId": 6, "workflowId": 1, "jobId": -1}, {"startTime": 57076, "endTime": 57272, "taskId": 6, "workflowId": 1, "jobId": -1}, {"startTime": 57272, "endTime": 57351, "taskId": 6, "workflowId": 1, "jobId": -1}, {"startTime": 57351, "endTime": 57398, "taskId": 6, "workflowId": 1, "jobId": -1}, {"startTime": 57398, "endTime": 57495, "taskId": 6, "workflowId": 1, "jobId": -1}, {"startTime": 57495, "endTime": 57966, "taskId": 14, "workflowId": 1, "jobId": -1}, {"startTime": 57966, "endTime": 58119, "taskId": 14, "workflowId": 1, "jobId": -1}, {"startTime": 58119, "endTime": 58853, "taskId": 14, "workflowId": 1, "jobId": -1}, {"startTime": 58853, "endTime": 59011, "taskId": 14, "workflowId": 1, "jobId": -1}, {"startTime": 59011, "endTime": 59877, "taskId": 18, "workflowId": 1, "jobId": -1}, {"startTime": 59877, "endTime": 59878, "taskId": 18, "workflowId": 1, "jobId": -1}, {"startTime": 59878, "endTime": 60434, "taskId": 23, "workflowId": 1, "jobId": -1}, {"startTime": 60434, "endTime": 60461, "taskId": 23, "workflowId": 1, "jobId": -1}, {"startTime": 60461, "endTime": 60462, "taskId": 10, "workflowId": -1, "jobId": 0}, {"startTime": 60462, "endTime": 60594, "taskId": 30, "workflowId": 1, "jobId": -1}, {"startTime": 60594, "endTime": 60648, "taskId": 18, "workflowId": 1, "jobId": -1}, {"startTime": 60648, "endTime": 61777, "taskId": 18, "workflowId": 1, "jobId": -1}, {"startTime": 61777, "endTime": 62150, "taskId": 28, "workflowId": 1, "jobId": -1}, {"startTime": 62150, "endTime": 62159, "taskId": 30, "workflowId": 1, "jobId": -1}, {"startTime": 62159, "endTime": 62563, "taskId": 30, "workflowId": 1, "jobId": -1}, {"startTime": 62563, "endTime": 62793, "taskId": 30, "workflowId": 1, "jobId": -1}, {"startTime": 62793, "endTime": 63886, "taskId": 30, "workflowId": 1, "jobId": -1}, {"startTime": 63886, "endTime": 63983, "taskId": 28, "workflowId": 1, "jobId": -1}, {"startTime": 63983, "endTime": 64379, "taskId": 28, "workflowId": 1, "jobId": -1}, {"startTime": 64379, "endTime": 64607, "taskId": 28, "workflowId": 1, "jobId": -1}, {"startTime": 64607, "endTime": 64622, "taskId": 28, "workflowId": 1, "jobId": -1}, {"startTime": 64622, "endTime": 64783, "taskId": 28, "workflowId": 1, "jobId": -1}, {"startTime": 64783, "endTime": 65146, "taskId": 26, "workflowId": 1, "jobId": -1}, {"startTime": 65146, "endTime": 66175, "taskId": 26, "workflowId": 1, "jobId": -1}, {"startTime": 66175, "endTime": 66416, "taskId": 3, "workflowId": -1, "jobId": 1}, {"startTime": 66416, "endTime": 67134, "taskId": 3, "workflowId": -1, "jobId": 1}, {"startTime": 67134, "endTime": 67310, "taskId": 3, "workflowId": -1, "jobId": 1}, {"startTime": 67310, "endTime": 67555, "taskId": 3, "workflowId": -1, "jobId": 1}, {"startTime": 67555, "endTime": 67870, "taskId": 3, "workflowId": -1, "jobId": 1}, {"startTime": 67870, "endTime": 68636, "taskId": 3, "workflowId": -1, "jobId": 1}, {"startTime": 68636, "endTime": 69802, "taskId": 3, "workflowId": -1, "jobId": 1}, {"startTime": 69802, "endTime": 70958, "taskId": 3, "workflowId": -1, "jobId": 1}, {"startTime": 70958, "endTime": 71364, "taskId": 3, "workflowId": -1, "jobId": 1}, {"startTime": 71364, "endTime": 71453, "taskId": 3, "workflowId": -1, "jobId": 1}, {"startTime": 71453, "endTime": 72094, "taskId": 3, "workflowId": -1, "jobId": 1}, {"startTime": 72094, "endTime": 72313, "taskId": 3, "workflowId": -1, "jobId": 1}, {"startTime": 72313, "endTime": 72510, "taskId": 3, "workflowId": -1, "jobId": 1}, {"startTime": 72510, "endTime": 72578, "taskId": 5, "workflowId": 2, "jobId": -1}, {"startTime": 72578, "endTime": 73404, "taskId": 5, "workflowId": 2, "jobId": -1}, {"startTime": 73404, "endTime": 73723, "taskId": 9, "workflowId": 2, "jobId": -1}, {"startTime": 73723, "endTime": 74388, "taskId": 9, "workflowId": 2, "jobId": -1}, {"startTime": 74388, "endTime": 74540, "taskId": 11, "workflowId": 2, "jobId": -1}, {"startTime": 74540, "endTime": 75601, "taskId": 10, "workflowId": -1, "jobId": 0}, {"startTime": 75601, "endTime": 75714, "taskId": 10, "workflowId": -1, "jobId": 0}, {"startTime": 75714, "endTime": 76559, "taskId": 1, "workflowId": 0, "jobId": -1}, {"startTime": 76559, "endTime": 76656, "taskId": 1, "workflowId": 0, "jobId": -1}, {"startTime": 76656, "endTime": 76794, "taskId": 6, "workflowId": 0, "jobId": -1}, {"startTime": 76794, "endTime": 77744, "taskId": 6, "workflowId": 0, "jobId": -1}, {"startTime": 77744, "endTime": 78044, "taskId": 6, "workflowId": 0, "jobId": -1}, {"startTime": 78044, "endTime": 78297, "taskId": 6, "workflowId": 0, "jobId": -1}, {"startTime": 78297, "endTime": 78306, "taskId": 5, "workflowId": 0, "jobId": -1}, {"startTime": 78306, "endTime": 78571, "taskId": 5, "workflowId": 0, "jobId": -1}, {"startTime": 78571, "endTime": 78842, "taskId": 1, "workflowId": -1, "jobId": 1}, {"startTime": 78842, "endTime": 78859, "taskId": 1, "workflowId": -1, "jobId": 1}, {"startTime": 78859, "endTime": 78917, "taskId": 1, "workflowId": -1, "jobId": 1}, {"startTime": 78917, "endTime": 78924, "taskId": 1, "workflowId": -1, "jobId": 1}, {"startTime": 78924, "endTime": 79366, "taskId": 1, "workflowId": -1, "jobId": 1}, {"startTime": 79366, "endTime": 79874, "taskId": 1, "workflowId": -1, "jobId": 1}, {"startTime": 79874, "endTime": 80129, "taskId": 1, "workflowId": -1, "jobId": 1}, {"startTime": 80129, "endTime": 80616, "taskId": 1, "workflowId": -1, "jobId": 1}, {"startTime": 80616, "endTime": 80947, "taskId": 1, "workflowId": -1, "jobId": 1}, {"startTime": 80947, "endTime": 81389, "taskId": 1, "workflowId": -1, "jobId": 1}, {"startTime": 81389, "endTime": 81696, "taskId": 2, "workflowId": -1, "jobId": 1}, {"startTime": 81696, "endTime": 81932, "taskId": 2, "workflowId": -1, "jobId": 1}, {"startTime": 81932, "endTime": 82117, "taskId": 2, "workflowId": -1, "jobId": 1}, {"startTime": 82117, "endTime": 82965, "taskId": 2, "workflowId": -1, "jobId": 1}, {"startTime": 82965, "endTime": 83075, "taskId": 2, "workflowId": -1, "jobId": 1}, {"startTime": 83075, "endTime": 83182, "taskId": 2, "workflowId": -1, "jobId": 1}, {"startTime": 83182, "endTime": 83607, "taskId": 2, "workflowId": -1, "jobId": 1}, {"startTime": 83607, "endTime": 84358, "taskId": 2, "workflowId": -1, "jobId": 1}, {"startTime": 84358, "endTime": 84952, "taskId": 13, "workflowId": 0, "jobId": -1}, {"startTime": 84952, "endTime": 85711, "taskId": 13, "workflowId": 0, "jobId": -1}, {"startTime": 85711, "endTime": 86063, "taskId": 13, "workflowId": 0, "jobId": -1}, {"startTime": 86063, "endTime": 86307, "taskId": 13, "workflowId": 0, "jobId": -1}, {"startTime": 86307, "endTime": 86366, "taskId": 13, "workflowId": 0, "jobId": -1}, {"startTime": 86366, "endTime": 86642, "taskId": 19, "workflowId": 0, "jobId": -1}, {"startTime": 86642, "endTime": 86719, "taskId": 19, "workflowId": 0, "jobId": -1}, {"startTime": 86719, "endTime": 86890, "taskId": 19, "workflowId": 0, "jobId": -1}, {"startTime": 86890, "endTime": 86965, "taskId": 19, "workflowId": 0, "jobId": -1}, {"startTime": 86965, "endTime": 87584, "taskId": 19, "workflowId": 0, "jobId": -1}, {"startTime": 87584, "endTime": 88125, "taskId": 24, "workflowId": 0, "jobId": -1}, {"startTime": 88125, "endTime": 88226, "taskId": 24, "workflowId": 0, "jobId": -1}, {"startTime": 88226, "endTime": 88250, "taskId": 24, "workflowId": 0, "jobId": -1}, {"startTime": 88250, "endTime": 88545, "taskId": 10, "workflowId": -1, "jobId": 0}, {"startTime": 88545, "endTime": 88892, "taskId": 26, "workflowId": 0, "jobId": -1}, {"startTime": 88892, "endTime": 89127, "taskId": 26, "workflowId": 0, "jobId": -1}, {"startTime": 89127, "endTime": 90451, "taskId": 26, "workflowId": 0, "jobId": -1}, {"startTime": 90451, "endTime": 91511, "taskId": 27, "workflowId": 0, "jobId": -1}, {"startTime": 91511, "endTime": 91550, "taskId": 27, "workflowId": 0, "jobId": -1}, {"startTime": 91550, "endTime": 91899, "taskId": 27, "workflowId": 0, "jobId": -1}, {"startTime": 91900, "endTime": 91932, "taskId": 30, "workflowId": 0, "jobId": -1}, {"startTime": 91932, "endTime": 92186, "taskId": 30, "workflowId": 0, "jobId": -1}, {"startTime": 92186, "endTime": 92391, "taskId": 29, "workflowId": 0, "jobId": -1}, {"startTime": 92391, "endTime": 93001, "taskId": 15, "workflowId": -1, "jobId": 1}, {"startTime": 93001, "endTime": 93431, "taskId": 30, "workflowId": 0, "jobId": -1}, {"startTime": 93431, "endTime": 94419, "taskId": 30, "workflowId": 0, "jobId": -1}, {"startTime": 94419, "endTime": 94722, "taskId": 31, "workflowId": 0, "jobId": -1}, {"startTime": 94722, "endTime": 96374, "taskId": 31, "workflowId": 0, "jobId": -1}, {"startTime": 96374, "endTime": 97354, "taskId": 17, "workflowId": 2, "jobId": -1}, {"startTime": 97354, "endTime": 97496, "taskId": 14, "workflowId": 2, "jobId": -1}, {"startTime": 97496, "endTime": 97726, "taskId": 7, "workflowId": -1, "jobId": 2}, {"startTime": 97726, "endTime": 98526, "taskId": 7, "workflowId": -1, "jobId": 2}, {"startTime": 98526, "endTime": 99203, "taskId": 7, "workflowId": -1, "jobId": 2}, {"startTime": 99203, "endTime": 100032, "taskId": 7, "workflowId": -1, "jobId": 2}, {"startTime": 100032, "endTime": 100954, "taskId": 7, "workflowId": -1, "jobId": 2}, {"startTime": 100954, "endTime": 101125, "taskId": 7, "workflowId": -1, "jobId": 2}, {"startTime": 101125, "endTime": 101130, "taskId": 7, "workflowId": -1, "jobId": 2}, {"startTime": 101130, "endTime": 102877, "taskId": 7, "workflowId": -1, "jobId": 2}, {"startTime": 102877, "endTime": 103639, "taskId": 7, "workflowId": -1, "jobId": 2}, {"startTime": 103639, "endTime": 103878, "taskId": 7, "workflowId": -1, "jobId": 2}, {"startTime": 103878, "endTime": 103910, "taskId": 7, "workflowId": -1, "jobId": 2}, {"startTime": 103910, "endTime": 104235, "taskId": 7, "workflowId": -1, "jobId": 2}, {"startTime": 104235, "endTime": 104943, "taskId": 7, "workflowId": -1, "jobId": 2}, {"startTime": 104943, "endTime": 105993, "taskId": 21, "workflowId": 2, "jobId": -1}, {"startTime": 105993, "endTime": 106861, "taskId": 13, "workflowId": -1, "jobId": 1}, {"startTime": 106861, "endTime": 107507, "taskId": 13, "workflowId": -1, "jobId": 1}, {"startTime": 107507, "endTime": 108594, "taskId": 8, "workflowId": -1, "jobId": 0}, {"startTime": 108594, "endTime": 109329, "taskId": 6, "workflowId": -1, "jobId": 1}, {"startTime": 109329, "endTime": 111756, "taskId": 6, "workflowId": -1, "jobId": 1}, {"startTime": 111756, "endTime": 116980, "taskId": 6, "workflowId": -1, "jobId": 1}, {"startTime": 116980, "endTime": 117547, "taskId": 1, "workflowId": -1, "jobId": 2}, {"startTime": 117547, "endTime": 118198, "taskId": 1, "workflowId": -1, "jobId": 2}, {"startTime": 118198, "endTime": 118981, "taskId": 2, "workflowId": -1, "jobId": 2}, {"startTime": 118981, "endTime": 119143, "taskId": 2, "workflowId": -1, "jobId": 2}, {"startTime": 119143, "endTime": 120531, "taskId": 14, "workflowId": 3, "jobId": -1}, {"startTime": 120531, "endTime": 120868, "taskId": 9, "workflowId": 3, "jobId": -1}, {"startTime": 120868, "endTime": 122614, "taskId": 1, "workflowId": -1, "jobId": 2}, {"startTime": 122614, "endTime": 124533, "taskId": 3, "workflowId": -1, "jobId": 3}, {"startTime": 124533, "endTime": 125609, "taskId": 10, "workflowId": -1, "jobId": 2}, {"startTime": 125609, "endTime": 126031, "taskId": 15, "workflowId": -1, "jobId": 2}, {"startTime": 126031, "endTime": 126163, "taskId": 9, "workflowId": -1, "jobId": 1}, {"startTime": 126163, "endTime": 127633, "taskId": 7, "workflowId": -1, "jobId": 3}, {"startTime": 127633, "endTime": 127907, "taskId": 7, "workflowId": -1, "jobId": 3}, {"startTime": 127907, "endTime": 127942, "taskId": 7, "workflowId": -1, "jobId": 3}, {"startTime": 127942, "endTime": 128016, "taskId": 7, "workflowId": -1, "jobId": 3}, {"startTime": 128016, "endTime": 128022, "taskId": 7, "workflowId": -1, "jobId": 3}, {"startTime": 128022, "endTime": 128822, "taskId": 7, "workflowId": -1, "jobId": 3}, {"startTime": 128822, "endTime": 129591, "taskId": 7, "workflowId": -1, "jobId": 3}, {"startTime": 129591, "endTime": 129729, "taskId": 7, "workflowId": -1, "jobId": 3}, {"startTime": 129729, "endTime": 130422, "taskId": 7, "workflowId": -1, "jobId": 3}, {"startTime": 130422, "endTime": 131000, "taskId": 7, "workflowId": -1, "jobId": 3}, {"startTime": 131000, "endTime": 132822, "taskId": 7, "workflowId": -1, "jobId": 3}, {"startTime": 132822, "endTime": 133610, "taskId": 7, "workflowId": -1, "jobId": 3}, {"startTime": 133610, "endTime": 134909, "taskId": 26, "workflowId": 2, "jobId": -1}, {"startTime": 134909, "endTime": 135503, "taskId": 26, "workflowId": 2, "jobId": -1}, {"startTime": 135503, "endTime": 135921, "taskId": 12, "workflowId": 3, "jobId": -1}, {"startTime": 135921, "endTime": 137476, "taskId": 10, "workflowId": -1, "jobId": 3}, {"startTime": 137476, "endTime": 137894, "taskId": 10, "workflowId": -1, "jobId": 3}, {"startTime": 137894, "endTime": 138788, "taskId": 10, "workflowId": -1, "jobId": 3}, {"startTime": 138788, "endTime": 139469, "taskId": 10, "workflowId": -1, "jobId": 3}, {"startTime": 139469, "endTime": 140121, "taskId": 10, "workflowId": -1, "jobId": 3}, {"startTime": 140121, "endTime": 141758, "taskId": 10, "workflowId": -1, "jobId": 3}, {"startTime": 141758, "endTime": 143594, "taskId": 27, "workflowId": 2, "jobId": -1}, {"startTime": 143594, "endTime": 143822, "taskId": 19, "workflowId": 3, "jobId": -1}, {"startTime": 143822, "endTime": 144210, "taskId": 30, "workflowId": 2, "jobId": -1}, {"startTime": 144210, "endTime": 144430, "taskId": 3, "workflowId": -1, "jobId": 4}, {"startTime": 144430, "endTime": 144589, "taskId": 3, "workflowId": -1, "jobId": 4}, {"startTime": 144589, "endTime": 144927, "taskId": 3, "workflowId": -1, "jobId": 4}, {"startTime": 144927, "endTime": 145922, "taskId": 3, "workflowId": -1, "jobId": 4}, {"startTime": 145922, "endTime": 145941, "taskId": 3, "workflowId": -1, "jobId": 4}, {"startTime": 145941, "endTime": 148427, "taskId": 3, "workflowId": -1, "jobId": 4}, {"startTime": 148427, "endTime": 149095, "taskId": 3, "workflowId": -1, "jobId": 4}, {"startTime": 149095, "endTime": 150248, "taskId": 3, "workflowId": -1, "jobId": 4}, {"startTime": 150248, "endTime": 150545, "taskId": 3, "workflowId": -1, "jobId": 4}, {"startTime": 150545, "endTime": 150664, "taskId": 15, "workflowId": -1, "jobId": 3}, {"startTime": 150664, "endTime": 150977, "taskId": 15, "workflowId": -1, "jobId": 3}, {"startTime": 150977, "endTime": 151774, "taskId": 15, "workflowId": -1, "jobId": 3}, {"startTime": 151774, "endTime": 154255, "taskId": 5, "workflowId": -1, "jobId": 4}, {"startTime": 154255, "endTime": 155641, "taskId": 5, "workflowId": -1, "jobId": 4}, {"startTime": 155641, "endTime": 157587, "taskId": 5, "workflowId": -1, "jobId": 4}, {"startTime": 157587, "endTime": 161487, "taskId": 5, "workflowId": -1, "jobId": 4}, {"startTime": 161487, "endTime": 162223, "taskId": 20, "workflowId": 3, "jobId": -1}, {"startTime": 162223, "endTime": 163439, "taskId": 18, "workflowId": 3, "jobId": -1}, {"startTime": 163439, "endTime": 163840, "taskId": 27, "workflowId": 3, "jobId": -1}, {"startTime": 163840, "endTime": 164366, "taskId": 31, "workflowId": 2, "jobId": -1}, {"startTime": 164366, "endTime": 164599, "taskId": 27, "workflowId": 3, "jobId": -1}, {"startTime": 164599, "endTime": 165125, "taskId": 27, "workflowId": 3, "jobId": -1}, {"startTime": 165125, "endTime": 166175, "taskId": 23, "workflowId": 3, "jobId": -1}, {"startTime": 166175, "endTime": 166455, "taskId": 30, "workflowId": 3, "jobId": -1}, {"startTime": 166455, "endTime": 167134, "taskId": 30, "workflowId": 3, "jobId": -1}, {"startTime": 167134, "endTime": 168031, "taskId": 10, "workflowId": -1, "jobId": 4}, {"startTime": 168031, "endTime": 169730, "taskId": 10, "workflowId": -1, "jobId": 4}, {"startTime": 169730, "endTime": 170222, "taskId": 10, "workflowId": -1, "jobId": 4}, {"startTime": 170222, "endTime": 170828, "taskId": 3, "workflowId": -1, "jobId": 5}, {"startTime": 170828, "endTime": 172971, "taskId": 3, "workflowId": -1, "jobId": 5}, {"startTime": 172971, "endTime": 176557, "taskId": 3, "workflowId": -1, "jobId": 5}, {"startTime": 177672, "endTime": 179677, "taskId": 11, "workflowId": -1, "jobId": 2}, {"startTime": 179677, "endTime": 182494, "taskId": 6, "workflowId": -1, "jobId": 2}, {"startTime": 182494, "endTime": 183497, "taskId": 4, "workflowId": -1, "jobId": 3}, {"startTime": 183497, "endTime": 184453, "taskId": 7, "workflowId": -1, "jobId": 5}, {"startTime": 184453, "endTime": 184938, "taskId": 5, "workflowId": -1, "jobId": 5}, {"startTime": 184938, "endTime": 191531, "taskId": 2, "workflowId": -1, "jobId": 4}, {"startTime": 191531, "endTime": 194017, "taskId": 9, "workflowId": -1, "jobId": 3}, {"startTime": 194017, "endTime": 196234, "taskId": 12, "workflowId": -1, "jobId": 2}, {"startTime": 196234, "endTime": 200179, "taskId": 1, "workflowId": -1, "jobId": 4}, {"startTime": 201782, "endTime": 206962, "taskId": 13, "workflowId": -1, "jobId": 4}, {"startTime": 207580, "endTime": 217293, "taskId": 5, "workflowId": -1, "jobId": 6}, {"startTime": 222246, "endTime": 225679, "taskId": 2, "workflowId": -1, "jobId": 5}, {"startTime": 225679, "endTime": 228581, "taskId": 3, "workflowId": -1, "jobId": 7}, {"startTime": 229938, "endTime": 232207, "taskId": 4, "workflowId": -1, "jobId": 4}, {"startTime": 232207, "endTime": 238588, "taskId": 1, "workflowId": -1, "jobId": 5}, {"startTime": 240832, "endTime": 248258, "taskId": 7, "workflowId": -1, "jobId": 7}, {"startTime": 248258, "endTime": 254593, "taskId": 3, "workflowId": -1, "jobId": 8}, {"startTime": 260878, "endTime": 262363, "taskId": 15, "workflowId": -1, "jobId": 6}, {"startTime": 262363, "endTime": 263386, "taskId": 10, "workflowId": -1, "jobId": 7}, {"startTime": 263386, "endTime": 270616, "taskId": 5, "workflowId": -1, "jobId": 8}, {"startTime": 270616, "endTime": 274270, "taskId": 1, "workflowId": -1, "jobId": 6}, {"startTime": 274270, "endTime": 280605, "taskId": 3, "workflowId": -1, "jobId": 9}, {"startTime": 284042, "endTime": 285132, "taskId": 14, "workflowId": -1, "jobId": 4}, {"startTime": 285132, "endTime": 287518, "taskId": 9, "workflowId": -1, "jobId": 5}, {"startTime": 287518, "endTime": 287772, "taskId": 13, "workflowId": -1, "jobId": 6}, {"startTime": 291289, "endTime": 293520, "taskId": 5, "workflowId": -1, "jobId": 9}, {"startTime": 293520, "endTime": 300113, "taskId": 2, "workflowId": -1, "jobId": 7}, {"startTime": 300282, "endTime": 305612, "taskId": 7, "workflowId": -1, "jobId": 9}, {"startTime": 309025, "endTime": 315406, "taskId": 1, "workflowId": -1, "jobId": 7}, {"startTime": 322997, "endTime": 324826, "taskId": 13, "workflowId": -1, "jobId": 7}, {"startTime": 324826, "endTime": 326294, "taskId": 4, "workflowId": -1, "jobId": 6}, {"startTime": 326294, "endTime": 328744, "taskId": 5, "workflowId": -1, "jobId": 10}, {"startTime": 328744, "endTime": 328905, "taskId": 3, "workflowId": -1, "jobId": 11}, {"startTime": 328905, "endTime": 332629, "taskId": 3, "workflowId": -1, "jobId": 11}, {"startTime": 332629, "endTime": 336143, "taskId": 10, "workflowId": -1, "jobId": 9}, {"startTime": 336143, "endTime": 339853, "taskId": 15, "workflowId": -1, "jobId": 8}, {"startTime": 343634, "endTime": 345012, "taskId": 8, "workflowId": -1, "jobId": 4}, {"startTime": 345012, "endTime": 347095, "taskId": 12, "workflowId": -1, "jobId": 4}, {"startTime": 347095, "endTime": 347434, "taskId": 14, "workflowId": -1, "jobId": 5}, {"startTime": 347434, "endTime": 349357, "taskId": 5, "workflowId": -1, "jobId": 11}, {"startTime": 349357, "endTime": 352306, "taskId": 1, "workflowId": -1, "jobId": 8}, {"startTime": 352306, "endTime": 358641, "taskId": 3, "workflowId": -1, "jobId": 12}, {"startTime": 365908, "endTime": 368582, "taskId": 13, "workflowId": -1, "jobId": 8}, {"startTime": 369970, "endTime": 372501, "taskId": 2, "workflowId": -1, "jobId": 9}, {"startTime": 374998, "endTime": 378318, "taskId": 5, "workflowId": -1, "jobId": 12}, {"startTime": 378318, "endTime": 384653, "taskId": 3, "workflowId": -1, "jobId": 13}, {"startTime": 384653, "endTime": 385843, "taskId": 9, "workflowId": -1, "jobId": 7}, {"startTime": 385843, "endTime": 390583, "taskId": 7, "workflowId": -1, "jobId": 12}, {"startTime": 390583, "endTime": 392224, "taskId": 1, "workflowId": -1, "jobId": 9}, {"startTime": 402901, "endTime": 404330, "taskId": 5, "workflowId": -1, "jobId": 13}, {"startTime": 404330, "endTime": 408695, "taskId": 2, "workflowId": -1, "jobId": 10}, {"startTime": 408695, "endTime": 412405, "taskId": 15, "workflowId": -1, "jobId": 10}, {"startTime": 412833, "endTime": 420280, "taskId": 7, "workflowId": -1, "jobId": 13}, {"startTime": 420280, "endTime": 424252, "taskId": 8, "workflowId": -1, "jobId": 5}, {"startTime": 424252, "endTime": 426915, "taskId": 10, "workflowId": -1, "jobId": 12}, {"startTime": 430342, "endTime": 430633, "taskId": 1, "workflowId": -1, "jobId": 10}, {"startTime": 430804, "endTime": 431809, "taskId": 5, "workflowId": -1, "jobId": 14}, {"startTime": 431809, "endTime": 436677, "taskId": 3, "workflowId": -1, "jobId": 15}, {"startTime": 438296, "endTime": 444889, "taskId": 2, "workflowId": -1, "jobId": 11}, {"startTime": 452821, "endTime": 456354, "taskId": 10, "workflowId": -1, "jobId": 13}, {"startTime": 456354, "endTime": 462689, "taskId": 3, "workflowId": -1, "jobId": 16}, {"startTime": 473035, "endTime": 477614, "taskId": 7, "workflowId": -1, "jobId": 15}]}, {"frequency": 2.4, "activePower": 9, "idlePower": 2.75, "memory": 2, "allocations": [{"startTime": 39492, "endTime": 40162, "taskId": 6, "workflowId": 2, "jobId": -1}, {"startTime": 40162, "endTime": 40703, "taskId": 2, "workflowId": -1, "jobId": 0}, {"startTime": 40703, "endTime": 46755, "taskId": 2, "workflowId": -1, "jobId": 0}, {"startTime": 46755, "endTime": 50142, "taskId": 4, "workflowId": -1, "jobId": 0}, {"startTime": 50142, "endTime": 50572, "taskId": 1, "workflowId": 2, "jobId": -1}, {"startTime": 50572, "endTime": 50771, "taskId": 6, "workflowId": 2, "jobId": -1}, {"startTime": 50771, "endTime": 51113, "taskId": 6, "workflowId": -1, "jobId": 0}, {"startTime": 51113, "endTime": 52254, "taskId": 6, "workflowId": -1, "jobId": 0}, {"startTime": 52254, "endTime": 53844, "taskId": 6, "workflowId": -1, "jobId": 0}, {"startTime": 53844, "endTime": 53860, "taskId": 3, "workflowId": 1, "jobId": -1}, {"startTime": 53860, "endTime": 54726, "taskId": 3, "workflowId": 1, "jobId": -1}, {"startTime": 54726, "endTime": 54907, "taskId": 3, "workflowId": 1, "jobId": -1}, {"startTime": 54907, "endTime": 54909, "taskId": 6, "workflowId": 2, "jobId": -1}, {"startTime": 54909, "endTime": 55489, "taskId": 8, "workflowId": 1, "jobId": -1}, {"startTime": 55490, "endTime": 55666, "taskId": 5, "workflowId": 2, "jobId": -1}, {"startTime": 55666, "endTime": 55693, "taskId": 6, "workflowId": 2, "jobId": -1}, {"startTime": 55693, "endTime": 55773, "taskId": 2, "workflowId": 2, "jobId": -1}, {"startTime": 55773, "endTime": 55796, "taskId": 2, "workflowId": 2, "jobId": -1}, {"startTime": 55796, "endTime": 58454, "taskId": 6, "workflowId": -1, "jobId": 0}, {"startTime": 58454, "endTime": 58925, "taskId": 17, "workflowId": 1, "jobId": -1}, {"startTime": 58925, "endTime": 59005, "taskId": 17, "workflowId": 1, "jobId": -1}, {"startTime": 59005, "endTime": 59218, "taskId": 17, "workflowId": 1, "jobId": -1}, {"startTime": 59218, "endTime": 59506, "taskId": 17, "workflowId": 1, "jobId": -1}, {"startTime": 59506, "endTime": 59663, "taskId": 17, "workflowId": 1, "jobId": -1}, {"startTime": 59663, "endTime": 59697, "taskId": 17, "workflowId": 1, "jobId": -1}, {"startTime": 59697, "endTime": 59827, "taskId": 17, "workflowId": 1, "jobId": -1}, {"startTime": 59827, "endTime": 59878, "taskId": 17, "workflowId": 1, "jobId": -1}, {"startTime": 59878, "endTime": 60348, "taskId": 16, "workflowId": 1, "jobId": -1}, {"startTime": 60348, "endTime": 60940, "taskId": 16, "workflowId": 1, "jobId": -1}, {"startTime": 60940, "endTime": 61156, "taskId": 16, "workflowId": 1, "jobId": -1}, {"startTime": 61156, "endTime": 61487, "taskId": 19, "workflowId": 1, "jobId": -1}, {"startTime": 61487, "endTime": 61850, "taskId": 19, "workflowId": 1, "jobId": -1}, {"startTime": 61850, "endTime": 62540, "taskId": 19, "workflowId": 1, "jobId": -1}, {"startTime": 62540, "endTime": 62888, "taskId": 7, "workflowId": 1, "jobId": -1}, {"startTime": 62888, "endTime": 63130, "taskId": 7, "workflowId": 1, "jobId": -1}, {"startTime": 63130, "endTime": 63298, "taskId": 7, "workflowId": 1, "jobId": -1}, {"startTime": 63298, "endTime": 63426, "taskId": 7, "workflowId": 1, "jobId": -1}, {"startTime": 63426, "endTime": 63634, "taskId": 7, "workflowId": 1, "jobId": -1}, {"startTime": 63634, "endTime": 64050, "taskId": 7, "workflowId": 1, "jobId": -1}, {"startTime": 64050, "endTime": 64272, "taskId": 7, "workflowId": 1, "jobId": -1}, {"startTime": 64272, "endTime": 64622, "taskId": 25, "workflowId": 1, "jobId": -1}, {"startTime": 64622, "endTime": 64966, "taskId": 25, "workflowId": 1, "jobId": -1}, {"startTime": 64966, "endTime": 65138, "taskId": 25, "workflowId": 1, "jobId": -1}, {"startTime": 65138, "endTime": 65502, "taskId": 25, "workflowId": 1, "jobId": -1}, {"startTime": 65502, "endTime": 65516, "taskId": 21, "workflowId": 1, "jobId": -1}, {"startTime": 65516, "endTime": 65774, "taskId": 21, "workflowId": 1, "jobId": -1}, {"startTime": 65774, "endTime": 66175, "taskId": 21, "workflowId": 1, "jobId": -1}, {"startTime": 66175, "endTime": 66196, "taskId": 26, "workflowId": 1, "jobId": -1}, {"startTime": 66196, "endTime": 66382, "taskId": 26, "workflowId": 1, "jobId": -1}, {"startTime": 66382, "endTime": 66416, "taskId": 26, "workflowId": 1, "jobId": -1}, {"startTime": 66416, "endTime": 66886, "taskId": 9, "workflowId": 1, "jobId": -1}, {"startTime": 66886, "endTime": 67134, "taskId": 4, "workflowId": 2, "jobId": -1}, {"startTime": 67134, "endTime": 67743, "taskId": 4, "workflowId": 2, "jobId": -1}, {"startTime": 67743, "endTime": 68025, "taskId": 4, "workflowId": 2, "jobId": -1}, {"startTime": 68025, "endTime": 68065, "taskId": 10, "workflowId": 2, "jobId": -1}, {"startTime": 68065, "endTime": 68384, "taskId": 5, "workflowId": -1, "jobId": 1}, {"startTime": 68384, "endTime": 68715, "taskId": 5, "workflowId": -1, "jobId": 1}, {"startTime": 68715, "endTime": 68814, "taskId": 5, "workflowId": -1, "jobId": 1}, {"startTime": 68814, "endTime": 69708, "taskId": 5, "workflowId": -1, "jobId": 1}, {"startTime": 69708, "endTime": 70567, "taskId": 5, "workflowId": -1, "jobId": 1}, {"startTime": 70567, "endTime": 70822, "taskId": 5, "workflowId": -1, "jobId": 1}, {"startTime": 70822, "endTime": 71453, "taskId": 5, "workflowId": -1, "jobId": 1}, {"startTime": 71453, "endTime": 71780, "taskId": 5, "workflowId": -1, "jobId": 1}, {"startTime": 71780, "endTime": 74265, "taskId": 5, "workflowId": -1, "jobId": 1}, {"startTime": 74265, "endTime": 75569, "taskId": 5, "workflowId": -1, "jobId": 1}, {"startTime": 75569, "endTime": 75714, "taskId": 5, "workflowId": -1, "jobId": 1}, {"startTime": 75714, "endTime": 76887, "taskId": 3, "workflowId": 0, "jobId": -1}, {"startTime": 76887, "endTime": 77430, "taskId": 5, "workflowId": 0, "jobId": -1}, {"startTime": 77430, "endTime": 77711, "taskId": 11, "workflowId": 0, "jobId": -1}, {"startTime": 77711, "endTime": 77778, "taskId": 9, "workflowId": 0, "jobId": -1}, {"startTime": 77778, "endTime": 77975, "taskId": 9, "workflowId": 0, "jobId": -1}, {"startTime": 77975, "endTime": 78508, "taskId": 9, "workflowId": 0, "jobId": -1}, {"startTime": 78508, "endTime": 78759, "taskId": 9, "workflowId": 0, "jobId": -1}, {"startTime": 78759, "endTime": 78917, "taskId": 7, "workflowId": -1, "jobId": 1}, {"startTime": 78917, "endTime": 80129, "taskId": 11, "workflowId": 0, "jobId": -1}, {"startTime": 80129, "endTime": 80348, "taskId": 12, "workflowId": 0, "jobId": -1}, {"startTime": 80348, "endTime": 80524, "taskId": 12, "workflowId": 0, "jobId": -1}, {"startTime": 80524, "endTime": 80652, "taskId": 12, "workflowId": 0, "jobId": -1}, {"startTime": 80652, "endTime": 81244, "taskId": 18, "workflowId": 0, "jobId": -1}, {"startTime": 81244, "endTime": 81389, "taskId": 7, "workflowId": -1, "jobId": 1}, {"startTime": 81389, "endTime": 81648, "taskId": 1, "workflowId": -1, "jobId": 1}, {"startTime": 81648, "endTime": 82378, "taskId": 1, "workflowId": -1, "jobId": 1}, {"startTime": 82378, "endTime": 82431, "taskId": 1, "workflowId": -1, "jobId": 1}, {"startTime": 82431, "endTime": 82563, "taskId": 1, "workflowId": -1, "jobId": 1}, {"startTime": 82563, "endTime": 82661, "taskId": 1, "workflowId": -1, "jobId": 1}, {"startTime": 82661, "endTime": 84408, "taskId": 1, "workflowId": -1, "jobId": 1}, {"startTime": 84408, "endTime": 84691, "taskId": 1, "workflowId": -1, "jobId": 1}, {"startTime": 84691, "endTime": 84703, "taskId": 1, "workflowId": -1, "jobId": 1}, {"startTime": 84703, "endTime": 84952, "taskId": 1, "workflowId": -1, "jobId": 1}, {"startTime": 84952, "endTime": 85211, "taskId": 7, "workflowId": -1, "jobId": 1}, {"startTime": 85211, "endTime": 85648, "taskId": 10, "workflowId": -1, "jobId": 0}, {"startTime": 85648, "endTime": 85669, "taskId": 5, "workflowId": -1, "jobId": 1}, {"startTime": 85669, "endTime": 85937, "taskId": 5, "workflowId": -1, "jobId": 1}, {"startTime": 85937, "endTime": 86290, "taskId": 14, "workflowId": 0, "jobId": -1}, {"startTime": 86290, "endTime": 86837, "taskId": 14, "workflowId": 0, "jobId": -1}, {"startTime": 86837, "endTime": 86919, "taskId": 22, "workflowId": 0, "jobId": -1}, {"startTime": 86919, "endTime": 86925, "taskId": 22, "workflowId": 0, "jobId": -1}, {"startTime": 86925, "endTime": 87979, "taskId": 22, "workflowId": 0, "jobId": -1}, {"startTime": 87979, "endTime": 87997, "taskId": 22, "workflowId": 0, "jobId": -1}, {"startTime": 87997, "endTime": 88545, "taskId": 22, "workflowId": 0, "jobId": -1}, {"startTime": 88545, "endTime": 88610, "taskId": 5, "workflowId": -1, "jobId": 1}, {"startTime": 88610, "endTime": 89187, "taskId": 5, "workflowId": -1, "jobId": 1}, {"startTime": 89187, "endTime": 89272, "taskId": 5, "workflowId": -1, "jobId": 1}, {"startTime": 89272, "endTime": 89287, "taskId": 25, "workflowId": 0, "jobId": -1}, {"startTime": 89287, "endTime": 89860, "taskId": 25, "workflowId": 0, "jobId": -1}, {"startTime": 89860, "endTime": 90247, "taskId": 25, "workflowId": 0, "jobId": -1}, {"startTime": 90247, "endTime": 90318, "taskId": 25, "workflowId": 0, "jobId": -1}, {"startTime": 90318, "endTime": 90330, "taskId": 25, "workflowId": 0, "jobId": -1}, {"startTime": 90330, "endTime": 90965, "taskId": 25, "workflowId": 0, "jobId": -1}, {"startTime": 90965, "endTime": 91064, "taskId": 25, "workflowId": 0, "jobId": -1}, {"startTime": 91064, "endTime": 91198, "taskId": 25, "workflowId": 0, "jobId": -1}, {"startTime": 91198, "endTime": 91213, "taskId": 25, "workflowId": 0, "jobId": -1}, {"startTime": 91213, "endTime": 91550, "taskId": 11, "workflowId": 2, "jobId": -1}, {"startTime": 91550, "endTime": 91932, "taskId": 4, "workflowId": -1, "jobId": 1}, {"startTime": 91932, "endTime": 92655, "taskId": 11, "workflowId": 2, "jobId": -1}, {"startTime": 92655, "endTime": 93240, "taskId": 15, "workflowId": 2, "jobId": -1}, {"startTime": 93240, "endTime": 94345, "taskId": 15, "workflowId": 2, "jobId": -1}, {"startTime": 94345, "endTime": 94419, "taskId": 1, "workflowId": 3, "jobId": -1}, {"startTime": 94419, "endTime": 94658, "taskId": 4, "workflowId": -1, "jobId": 1}, {"startTime": 94658, "endTime": 95462, "taskId": 4, "workflowId": -1, "jobId": 1}, {"startTime": 95462, "endTime": 95968, "taskId": 4, "workflowId": -1, "jobId": 1}, {"startTime": 95968, "endTime": 97423, "taskId": 5, "workflowId": -1, "jobId": 2}, {"startTime": 97423, "endTime": 97873, "taskId": 5, "workflowId": -1, "jobId": 2}, {"startTime": 97873, "endTime": 101954, "taskId": 5, "workflowId": -1, "jobId": 2}, {"startTime": 101954, "endTime": 103639, "taskId": 5, "workflowId": -1, "jobId": 2}, {"startTime": 103639, "endTime": 104235, "taskId": 5, "workflowId": -1, "jobId": 2}, {"startTime": 104235, "endTime": 105487, "taskId": 5, "workflowId": -1, "jobId": 2}, {"startTime": 105487, "endTime": 105681, "taskId": 5, "workflowId": -1, "jobId": 2}, {"startTime": 105681, "endTime": 105989, "taskId": 2, "workflowId": 3, "jobId": -1}, {"startTime": 105989, "endTime": 107507, "taskId": 8, "workflowId": -1, "jobId": 0}, {"startTime": 107507, "endTime": 109117, "taskId": 2, "workflowId": 3, "jobId": -1}, {"startTime": 109117, "endTime": 109123, "taskId": 5, "workflowId": 3, "jobId": -1}, {"startTime": 109123, "endTime": 109329, "taskId": 14, "workflowId": 2, "jobId": -1}, {"startTime": 109329, "endTime": 110823, "taskId": 12, "workflowId": -1, "jobId": 0}, {"startTime": 110823, "endTime": 111756, "taskId": 12, "workflowId": -1, "jobId": 0}, {"startTime": 111756, "endTime": 112293, "taskId": 14, "workflowId": 2, "jobId": -1}, {"startTime": 112293, "endTime": 113250, "taskId": 14, "workflowId": 2, "jobId": -1}, {"startTime": 113250, "endTime": 114114, "taskId": 23, "workflowId": 2, "jobId": -1}, {"startTime": 114114, "endTime": 114168, "taskId": 5, "workflowId": 3, "jobId": -1}, {"startTime": 114168, "endTime": 114174, "taskId": 5, "workflowId": 3, "jobId": -1}, {"startTime": 114174, "endTime": 115032, "taskId": 5, "workflowId": 3, "jobId": -1}, {"startTime": 115032, "endTime": 115339, "taskId": 24, "workflowId": 2, "jobId": -1}, {"startTime": 115339, "endTime": 116197, "taskId": 24, "workflowId": 2, "jobId": -1}, {"startTime": 116197, "endTime": 116296, "taskId": 3, "workflowId": 3, "jobId": -1}, {"startTime": 116296, "endTime": 116896, "taskId": 3, "workflowId": 3, "jobId": -1}, {"startTime": 116896, "endTime": 116980, "taskId": 3, "workflowId": 3, "jobId": -1}, {"startTime": 116980, "endTime": 117460, "taskId": 6, "workflowId": -1, "jobId": 1}, {"startTime": 117460, "endTime": 117547, "taskId": 6, "workflowId": -1, "jobId": 1}, {"startTime": 117547, "endTime": 119023, "taskId": 6, "workflowId": 3, "jobId": -1}, {"startTime": 119023, "endTime": 119110, "taskId": 6, "workflowId": 3, "jobId": -1}, {"startTime": 119110, "endTime": 121509, "taskId": 10, "workflowId": -1, "jobId": 2}, {"startTime": 121509, "endTime": 121927, "taskId": 10, "workflowId": -1, "jobId": 2}, {"startTime": 121927, "endTime": 122614, "taskId": 10, "workflowId": -1, "jobId": 2}, {"startTime": 122614, "endTime": 124947, "taskId": 1, "workflowId": -1, "jobId": 2}, {"startTime": 124947, "endTime": 125677, "taskId": 1, "workflowId": -1, "jobId": 2}, {"startTime": 125677, "endTime": 126031, "taskId": 1, "workflowId": -1, "jobId": 2}, {"startTime": 126031, "endTime": 126119, "taskId": 7, "workflowId": 3, "jobId": -1}, {"startTime": 126119, "endTime": 126163, "taskId": 11, "workflowId": 3, "jobId": -1}, {"startTime": 126163, "endTime": 126723, "taskId": 9, "workflowId": -1, "jobId": 1}, {"startTime": 126723, "endTime": 127633, "taskId": 9, "workflowId": -1, "jobId": 1}, {"startTime": 127633, "endTime": 127942, "taskId": 11, "workflowId": 3, "jobId": -1}, {"startTime": 127942, "endTime": 128616, "taskId": 11, "workflowId": 3, "jobId": -1}, {"startTime": 128616, "endTime": 129492, "taskId": 11, "workflowId": 3, "jobId": -1}, {"startTime": 129492, "endTime": 129626, "taskId": 15, "workflowId": -1, "jobId": 2}, {"startTime": 129626, "endTime": 129630, "taskId": 15, "workflowId": -1, "jobId": 2}, {"startTime": 129630, "endTime": 130360, "taskId": 15, "workflowId": -1, "jobId": 2}, {"startTime": 130360, "endTime": 130422, "taskId": 15, "workflowId": -1, "jobId": 2}, {"startTime": 130422, "endTime": 131316, "taskId": 15, "workflowId": -1, "jobId": 2}, {"startTime": 131316, "endTime": 131402, "taskId": 15, "workflowId": -1, "jobId": 2}, {"startTime": 131402, "endTime": 131903, "taskId": 15, "workflowId": -1, "jobId": 2}, {"startTime": 131903, "endTime": 132779, "taskId": 15, "workflowId": -1, "jobId": 2}, {"startTime": 132779, "endTime": 133295, "taskId": 13, "workflowId": 3, "jobId": -1}, {"startTime": 133295, "endTime": 133713, "taskId": 13, "workflowId": 3, "jobId": -1}, {"startTime": 133713, "endTime": 134554, "taskId": 13, "workflowId": 3, "jobId": -1}, {"startTime": 134554, "endTime": 135050, "taskId": 14, "workflowId": -1, "jobId": 1}, {"startTime": 135050, "endTime": 135288, "taskId": 13, "workflowId": -1, "jobId": 2}, {"startTime": 135288, "endTime": 139547, "taskId": 13, "workflowId": -1, "jobId": 2}, {"startTime": 139547, "endTime": 140859, "taskId": 29, "workflowId": 2, "jobId": -1}, {"startTime": 140859, "endTime": 140915, "taskId": 29, "workflowId": 2, "jobId": -1}, {"startTime": 140915, "endTime": 141122, "taskId": 21, "workflowId": 3, "jobId": -1}, {"startTime": 141122, "endTime": 141849, "taskId": 21, "workflowId": 3, "jobId": -1}, {"startTime": 141849, "endTime": 142434, "taskId": 21, "workflowId": 3, "jobId": -1}, {"startTime": 142434, "endTime": 142682, "taskId": 21, "workflowId": 3, "jobId": -1}, {"startTime": 142682, "endTime": 143227, "taskId": 15, "workflowId": 3, "jobId": -1}, {"startTime": 143227, "endTime": 143994, "taskId": 11, "workflowId": -1, "jobId": 1}, {"startTime": 143994, "endTime": 144015, "taskId": 11, "workflowId": -1, "jobId": 1}, {"startTime": 144015, "endTime": 148744, "taskId": 11, "workflowId": -1, "jobId": 1}, {"startTime": 148744, "endTime": 151765, "taskId": 2, "workflowId": -1, "jobId": 3}, {"startTime": 151765, "endTime": 152525, "taskId": 2, "workflowId": -1, "jobId": 3}, {"startTime": 152525, "endTime": 153151, "taskId": 2, "workflowId": -1, "jobId": 3}, {"startTime": 153151, "endTime": 154367, "taskId": 2, "workflowId": -1, "jobId": 3}, {"startTime": 154367, "endTime": 155337, "taskId": 2, "workflowId": -1, "jobId": 3}, {"startTime": 155337, "endTime": 155389, "taskId": 22, "workflowId": 3, "jobId": -1}, {"startTime": 155389, "endTime": 155527, "taskId": 7, "workflowId": -1, "jobId": 4}, {"startTime": 155527, "endTime": 155673, "taskId": 7, "workflowId": -1, "jobId": 4}, {"startTime": 155673, "endTime": 156097, "taskId": 7, "workflowId": -1, "jobId": 4}, {"startTime": 156097, "endTime": 156409, "taskId": 7, "workflowId": -1, "jobId": 4}, {"startTime": 156409, "endTime": 156553, "taskId": 7, "workflowId": -1, "jobId": 4}, {"startTime": 156553, "endTime": 157169, "taskId": 7, "workflowId": -1, "jobId": 4}, {"startTime": 157169, "endTime": 157651, "taskId": 7, "workflowId": -1, "jobId": 4}, {"startTime": 157651, "endTime": 160132, "taskId": 7, "workflowId": -1, "jobId": 4}, {"startTime": 160132, "endTime": 160866, "taskId": 7, "workflowId": -1, "jobId": 4}, {"startTime": 160866, "endTime": 162277, "taskId": 7, "workflowId": -1, "jobId": 4}, {"startTime": 162277, "endTime": 167457, "taskId": 13, "workflowId": -1, "jobId": 3}, {"startTime": 167457, "endTime": 168640, "taskId": 14, "workflowId": -1, "jobId": 2}, {"startTime": 168640, "endTime": 169925, "taskId": 26, "workflowId": 3, "jobId": -1}, {"startTime": 169925, "endTime": 170222, "taskId": 28, "workflowId": 3, "jobId": -1}, {"startTime": 170222, "endTime": 171624, "taskId": 10, "workflowId": -1, "jobId": 4}, {"startTime": 171624, "endTime": 172915, "taskId": 10, "workflowId": -1, "jobId": 4}, {"startTime": 172915, "endTime": 172971, "taskId": 10, "workflowId": -1, "jobId": 4}, {"startTime": 172971, "endTime": 174373, "taskId": 28, "workflowId": 3, "jobId": -1}, {"startTime": 174373, "endTime": 175471, "taskId": 25, "workflowId": 3, "jobId": -1}, {"startTime": 179677, "endTime": 182494, "taskId": 11, "workflowId": -1, "jobId": 2}, {"startTime": 182494, "endTime": 183497, "taskId": 6, "workflowId": -1, "jobId": 2}, {"startTime": 183497, "endTime": 184453, "taskId": 4, "workflowId": -1, "jobId": 3}, {"startTime": 184453, "endTime": 184938, "taskId": 7, "workflowId": -1, "jobId": 5}, {"startTime": 184938, "endTime": 185881, "taskId": 5, "workflowId": -1, "jobId": 5}, {"startTime": 185881, "endTime": 189390, "taskId": 5, "workflowId": -1, "jobId": 5}, {"startTime": 189390, "endTime": 190333, "taskId": 4, "workflowId": -1, "jobId": 3}, {"startTime": 190333, "endTime": 191859, "taskId": 6, "workflowId": -1, "jobId": 2}, {"startTime": 191859, "endTime": 194572, "taskId": 11, "workflowId": -1, "jobId": 2}, {"startTime": 194572, "endTime": 196234, "taskId": 8, "workflowId": -1, "jobId": 2}, {"startTime": 196234, "endTime": 198877, "taskId": 12, "workflowId": -1, "jobId": 2}, {"startTime": 198877, "endTime": 204714, "taskId": 10, "workflowId": -1, "jobId": 5}, {"startTime": 212164, "endTime": 219611, "taskId": 7, "workflowId": -1, "jobId": 6}, {"startTime": 223072, "endTime": 224093, "taskId": 14, "workflowId": -1, "jobId": 3}, {"startTime": 224093, "endTime": 225679, "taskId": 15, "workflowId": -1, "jobId": 5}, {"startTime": 225679, "endTime": 227725, "taskId": 2, "workflowId": -1, "jobId": 5}, {"startTime": 227725, "endTime": 230620, "taskId": 14, "workflowId": -1, "jobId": 3}, {"startTime": 230620, "endTime": 232207, "taskId": 10, "workflowId": -1, "jobId": 6}, {"startTime": 232207, "endTime": 233325, "taskId": 4, "workflowId": -1, "jobId": 4}, {"startTime": 233325, "endTime": 233532, "taskId": 14, "workflowId": -1, "jobId": 3}, {"startTime": 236138, "endTime": 238624, "taskId": 9, "workflowId": -1, "jobId": 4}, {"startTime": 242187, "endTime": 246292, "taskId": 13, "workflowId": -1, "jobId": 5}, {"startTime": 246292, "endTime": 248258, "taskId": 6, "workflowId": -1, "jobId": 3}, {"startTime": 248258, "endTime": 248279, "taskId": 7, "workflowId": -1, "jobId": 7}, {"startTime": 248279, "endTime": 255926, "taskId": 11, "workflowId": -1, "jobId": 3}, {"startTime": 262363, "endTime": 263386, "taskId": 15, "workflowId": -1, "jobId": 6}, {"startTime": 263386, "endTime": 268200, "taskId": 10, "workflowId": -1, "jobId": 7}, {"startTime": 268200, "endTime": 269498, "taskId": 8, "workflowId": -1, "jobId": 3}, {"startTime": 269498, "endTime": 270616, "taskId": 7, "workflowId": -1, "jobId": 8}, {"startTime": 270616, "endTime": 273099, "taskId": 5, "workflowId": -1, "jobId": 8}, {"startTime": 273099, "endTime": 274270, "taskId": 12, "workflowId": -1, "jobId": 3}, {"startTime": 274270, "endTime": 275170, "taskId": 1, "workflowId": -1, "jobId": 6}, {"startTime": 275170, "endTime": 276997, "taskId": 1, "workflowId": -1, "jobId": 6}, {"startTime": 285132, "endTime": 287518, "taskId": 14, "workflowId": -1, "jobId": 4}, {"startTime": 287518, "endTime": 287618, "taskId": 9, "workflowId": -1, "jobId": 5}, {"startTime": 293520, "endTime": 301002, "taskId": 5, "workflowId": -1, "jobId": 9}, {"startTime": 313890, "endTime": 322843, "taskId": 6, "workflowId": -1, "jobId": 4}, {"startTime": 324826, "endTime": 325849, "taskId": 13, "workflowId": -1, "jobId": 7}, {"startTime": 325849, "endTime": 326294, "taskId": 10, "workflowId": -1, "jobId": 9}, {"startTime": 326294, "endTime": 326832, "taskId": 4, "workflowId": -1, "jobId": 6}, {"startTime": 326832, "endTime": 328213, "taskId": 7, "workflowId": -1, "jobId": 10}, {"startTime": 328213, "endTime": 328744, "taskId": 7, "workflowId": -1, "jobId": 10}, {"startTime": 328744, "endTime": 328905, "taskId": 5, "workflowId": -1, "jobId": 10}, {"startTime": 328905, "endTime": 329714, "taskId": 10, "workflowId": -1, "jobId": 9}, {"startTime": 329714, "endTime": 336307, "taskId": 2, "workflowId": -1, "jobId": 8}, {"startTime": 345012, "endTime": 347095, "taskId": 8, "workflowId": -1, "jobId": 4}, {"startTime": 347095, "endTime": 347434, "taskId": 12, "workflowId": -1, "jobId": 4}, {"startTime": 347434, "endTime": 349357, "taskId": 14, "workflowId": -1, "jobId": 5}, {"startTime": 349357, "endTime": 352306, "taskId": 5, "workflowId": -1, "jobId": 11}, {"startTime": 352306, "endTime": 353815, "taskId": 1, "workflowId": -1, "jobId": 8}, {"startTime": 353815, "endTime": 353817, "taskId": 14, "workflowId": -1, "jobId": 5}, {"startTime": 353817, "endTime": 355237, "taskId": 8, "workflowId": -1, "jobId": 4}, {"startTime": 355499, "endTime": 362946, "taskId": 7, "workflowId": -1, "jobId": 11}, {"startTime": 371236, "endTime": 372270, "taskId": 15, "workflowId": -1, "jobId": 9}, {"startTime": 372270, "endTime": 375657, "taskId": 4, "workflowId": -1, "jobId": 7}, {"startTime": 378318, "endTime": 384711, "taskId": 5, "workflowId": -1, "jobId": 12}, {"startTime": 384711, "endTime": 385843, "taskId": 11, "workflowId": -1, "jobId": 5}, {"startTime": 385843, "endTime": 386093, "taskId": 9, "workflowId": -1, "jobId": 7}, {"startTime": 386093, "endTime": 389335, "taskId": 11, "workflowId": -1, "jobId": 5}, {"startTime": 389335, "endTime": 390583, "taskId": 10, "workflowId": -1, "jobId": 11}, {"startTime": 390583, "endTime": 391613, "taskId": 7, "workflowId": -1, "jobId": 12}, {"startTime": 391613, "endTime": 395777, "taskId": 11, "workflowId": -1, "jobId": 5}, {"startTime": 403807, "endTime": 404330, "taskId": 13, "workflowId": -1, "jobId": 9}, {"startTime": 404330, "endTime": 412614, "taskId": 5, "workflowId": -1, "jobId": 13}, {"startTime": 418092, "endTime": 419714, "taskId": 12, "workflowId": -1, "jobId": 5}, {"startTime": 419714, "endTime": 423101, "taskId": 4, "workflowId": -1, "jobId": 8}, {"startTime": 424253, "endTime": 426373, "taskId": 8, "workflowId": -1, "jobId": 5}, {"startTime": 431809, "endTime": 440517, "taskId": 5, "workflowId": -1, "jobId": 14}, {"startTime": 444212, "endTime": 444808, "taskId": 13, "workflowId": -1, "jobId": 10}, {"startTime": 444808, "endTime": 448518, "taskId": 15, "workflowId": -1, "jobId": 11}, {"startTime": 456354, "endTime": 458658, "taskId": 10, "workflowId": -1, "jobId": 13}, {"startTime": 458707, "endTime": 468420, "taskId": 5, "workflowId": -1, "jobId": 15}]}, {"frequency": 2.4, "activePower": 9, "idlePower": 2.75, "memory": 2, "allocations": [{"startTime": 39492, "endTime": 40162, "taskId": 4, "workflowId": 2, "jobId": -1}, {"startTime": 40162, "endTime": 46543, "taskId": 1, "workflowId": -1, "jobId": 0}, {"startTime": 46543, "endTime": 53990, "taskId": 7, "workflowId": -1, "jobId": 0}, {"startTime": 53990, "endTime": 54856, "taskId": 4, "workflowId": 1, "jobId": -1}, {"startTime": 54856, "endTime": 55060, "taskId": 4, "workflowId": 1, "jobId": -1}, {"startTime": 55060, "endTime": 55131, "taskId": 4, "workflowId": 1, "jobId": -1}, {"startTime": 55131, "endTime": 55666, "taskId": 4, "workflowId": 1, "jobId": -1}, {"startTime": 55666, "endTime": 55997, "taskId": 12, "workflowId": 1, "jobId": -1}, {"startTime": 55997, "endTime": 56807, "taskId": 12, "workflowId": 1, "jobId": -1}, {"startTime": 56807, "endTime": 57088, "taskId": 12, "workflowId": 1, "jobId": -1}, {"startTime": 57088, "endTime": 57089, "taskId": 10, "workflowId": 1, "jobId": -1}, {"startTime": 57089, "endTime": 57144, "taskId": 13, "workflowId": 1, "jobId": -1}, {"startTime": 57144, "endTime": 57247, "taskId": 13, "workflowId": 1, "jobId": -1}, {"startTime": 57247, "endTime": 57272, "taskId": 13, "workflowId": 1, "jobId": -1}, {"startTime": 57272, "endTime": 57398, "taskId": 13, "workflowId": 1, "jobId": -1}, {"startTime": 57398, "endTime": 57864, "taskId": 13, "workflowId": 1, "jobId": -1}, {"startTime": 57864, "endTime": 58468, "taskId": 13, "workflowId": 1, "jobId": -1}, {"startTime": 58468, "endTime": 58511, "taskId": 13, "workflowId": 1, "jobId": -1}, {"startTime": 58511, "endTime": 58512, "taskId": 9, "workflowId": 1, "jobId": -1}, {"startTime": 58512, "endTime": 58522, "taskId": 22, "workflowId": 1, "jobId": -1}, {"startTime": 58522, "endTime": 58770, "taskId": 22, "workflowId": 1, "jobId": -1}, {"startTime": 58770, "endTime": 58957, "taskId": 22, "workflowId": 1, "jobId": -1}, {"startTime": 58957, "endTime": 58982, "taskId": 22, "workflowId": 1, "jobId": -1}, {"startTime": 58982, "endTime": 59005, "taskId": 22, "workflowId": 1, "jobId": -1}, {"startTime": 59005, "endTime": 59668, "taskId": 22, "workflowId": 1, "jobId": -1}, {"startTime": 59668, "endTime": 59827, "taskId": 20, "workflowId": 1, "jobId": -1}, {"startTime": 59827, "endTime": 59860, "taskId": 20, "workflowId": 1, "jobId": -1}, {"startTime": 59860, "endTime": 59899, "taskId": 20, "workflowId": 1, "jobId": -1}, {"startTime": 59899, "endTime": 60020, "taskId": 20, "workflowId": 1, "jobId": -1}, {"startTime": 60020, "endTime": 60122, "taskId": 20, "workflowId": 1, "jobId": -1}, {"startTime": 60122, "endTime": 60594, "taskId": 20, "workflowId": 1, "jobId": -1}, {"startTime": 60594, "endTime": 60873, "taskId": 20, "workflowId": 1, "jobId": -1}, {"startTime": 60873, "endTime": 60940, "taskId": 20, "workflowId": 1, "jobId": -1}, {"startTime": 60940, "endTime": 61328, "taskId": 20, "workflowId": 1, "jobId": -1}, {"startTime": 61328, "endTime": 61367, "taskId": 20, "workflowId": 1, "jobId": -1}, {"startTime": 61367, "endTime": 61423, "taskId": 24, "workflowId": 1, "jobId": -1}, {"startTime": 61423, "endTime": 61837, "taskId": 24, "workflowId": 1, "jobId": -1}, {"startTime": 61837, "endTime": 62061, "taskId": 24, "workflowId": 1, "jobId": -1}, {"startTime": 62061, "endTime": 62190, "taskId": 24, "workflowId": 1, "jobId": -1}, {"startTime": 62190, "endTime": 62531, "taskId": 24, "workflowId": 1, "jobId": -1}, {"startTime": 62531, "endTime": 62976, "taskId": 24, "workflowId": 1, "jobId": -1}, {"startTime": 62976, "endTime": 63426, "taskId": 24, "workflowId": 1, "jobId": -1}, {"startTime": 63426, "endTime": 63436, "taskId": 24, "workflowId": 1, "jobId": -1}, {"startTime": 63436, "endTime": 64033, "taskId": 29, "workflowId": 1, "jobId": -1}, {"startTime": 64033, "endTime": 64130, "taskId": 29, "workflowId": 1, "jobId": -1}, {"startTime": 64130, "endTime": 64600, "taskId": 29, "workflowId": 1, "jobId": -1}, {"startTime": 64600, "endTime": 65093, "taskId": 29, "workflowId": 1, "jobId": -1}, {"startTime": 65093, "endTime": 65466, "taskId": 31, "workflowId": 1, "jobId": -1}, {"startTime": 65466, "endTime": 65563, "taskId": 31, "workflowId": 1, "jobId": -1}, {"startTime": 65563, "endTime": 65787, "taskId": 31, "workflowId": 1, "jobId": -1}, {"startTime": 65787, "endTime": 65912, "taskId": 31, "workflowId": 1, "jobId": -1}, {"startTime": 65912, "endTime": 66231, "taskId": 31, "workflowId": 1, "jobId": -1}, {"startTime": 66231, "endTime": 66252, "taskId": 21, "workflowId": 1, "jobId": -1}, {"startTime": 66252, "endTime": 66257, "taskId": 27, "workflowId": 1, "jobId": -1}, {"startTime": 66257, "endTime": 66360, "taskId": 27, "workflowId": 1, "jobId": -1}, {"startTime": 66360, "endTime": 66519, "taskId": 27, "workflowId": 1, "jobId": -1}, {"startTime": 66519, "endTime": 66701, "taskId": 27, "workflowId": 1, "jobId": -1}, {"startTime": 66701, "endTime": 67118, "taskId": 27, "workflowId": 1, "jobId": -1}, {"startTime": 67118, "endTime": 67743, "taskId": 2, "workflowId": 2, "jobId": -1}, {"startTime": 67743, "endTime": 67836, "taskId": 2, "workflowId": 2, "jobId": -1}, {"startTime": 67836, "endTime": 67988, "taskId": 2, "workflowId": 2, "jobId": -1}, {"startTime": 67988, "endTime": 68620, "taskId": 2, "workflowId": 2, "jobId": -1}, {"startTime": 68620, "endTime": 68829, "taskId": 10, "workflowId": 2, "jobId": -1}, {"startTime": 68829, "endTime": 68993, "taskId": 7, "workflowId": -1, "jobId": 1}, {"startTime": 68993, "endTime": 69270, "taskId": 7, "workflowId": -1, "jobId": 1}, {"startTime": 69270, "endTime": 69802, "taskId": 7, "workflowId": -1, "jobId": 1}, {"startTime": 69802, "endTime": 70164, "taskId": 7, "workflowId": -1, "jobId": 1}, {"startTime": 70164, "endTime": 71148, "taskId": 7, "workflowId": -1, "jobId": 1}, {"startTime": 71148, "endTime": 71377, "taskId": 7, "workflowId": -1, "jobId": 1}, {"startTime": 71377, "endTime": 72313, "taskId": 7, "workflowId": -1, "jobId": 1}, {"startTime": 72313, "endTime": 75714, "taskId": 7, "workflowId": -1, "jobId": 1}, {"startTime": 75714, "endTime": 76023, "taskId": 2, "workflowId": 0, "jobId": -1}, {"startTime": 76023, "endTime": 76045, "taskId": 2, "workflowId": 0, "jobId": -1}, {"startTime": 76045, "endTime": 76276, "taskId": 2, "workflowId": 0, "jobId": -1}, {"startTime": 76276, "endTime": 77234, "taskId": 2, "workflowId": 0, "jobId": -1}, {"startTime": 77234, "endTime": 77526, "taskId": 2, "workflowId": 0, "jobId": -1}, {"startTime": 77526, "endTime": 77710, "taskId": 2, "workflowId": 0, "jobId": -1}, {"startTime": 77710, "endTime": 77921, "taskId": 10, "workflowId": 0, "jobId": -1}, {"startTime": 77921, "endTime": 78080, "taskId": 10, "workflowId": 0, "jobId": -1}, {"startTime": 78080, "endTime": 79480, "taskId": 10, "workflowId": 0, "jobId": -1}, {"startTime": 79480, "endTime": 79751, "taskId": 5, "workflowId": 0, "jobId": -1}, {"startTime": 79751, "endTime": 79774, "taskId": 15, "workflowId": 0, "jobId": -1}, {"startTime": 79774, "endTime": 80042, "taskId": 15, "workflowId": 0, "jobId": -1}, {"startTime": 80042, "endTime": 80348, "taskId": 15, "workflowId": 0, "jobId": -1}, {"startTime": 80348, "endTime": 80518, "taskId": 15, "workflowId": 0, "jobId": -1}, {"startTime": 80518, "endTime": 80732, "taskId": 17, "workflowId": 0, "jobId": -1}, {"startTime": 80732, "endTime": 81122, "taskId": 17, "workflowId": 0, "jobId": -1}, {"startTime": 81122, "endTime": 81163, "taskId": 17, "workflowId": 0, "jobId": -1}, {"startTime": 81163, "endTime": 81389, "taskId": 16, "workflowId": 0, "jobId": -1}, {"startTime": 81389, "endTime": 82548, "taskId": 7, "workflowId": 0, "jobId": -1}, {"startTime": 82548, "endTime": 82741, "taskId": 7, "workflowId": 0, "jobId": -1}, {"startTime": 82741, "endTime": 82873, "taskId": 7, "workflowId": 0, "jobId": -1}, {"startTime": 82873, "endTime": 82952, "taskId": 7, "workflowId": 0, "jobId": -1}, {"startTime": 82952, "endTime": 83277, "taskId": 7, "workflowId": 0, "jobId": -1}, {"startTime": 83277, "endTime": 83419, "taskId": 7, "workflowId": 0, "jobId": -1}, {"startTime": 83419, "endTime": 83607, "taskId": 16, "workflowId": 0, "jobId": -1}, {"startTime": 83607, "endTime": 83822, "taskId": 16, "workflowId": 0, "jobId": -1}, {"startTime": 83822, "endTime": 84703, "taskId": 16, "workflowId": 0, "jobId": -1}, {"startTime": 84703, "endTime": 84723, "taskId": 16, "workflowId": 0, "jobId": -1}, {"startTime": 84723, "endTime": 84872, "taskId": 16, "workflowId": 0, "jobId": -1}, {"startTime": 84872, "endTime": 84881, "taskId": 16, "workflowId": 0, "jobId": -1}, {"startTime": 84881, "endTime": 84902, "taskId": 16, "workflowId": 0, "jobId": -1}, {"startTime": 84902, "endTime": 84903, "taskId": 16, "workflowId": 0, "jobId": -1}, {"startTime": 84903, "endTime": 84924, "taskId": 21, "workflowId": 0, "jobId": -1}, {"startTime": 84924, "endTime": 85418, "taskId": 21, "workflowId": 0, "jobId": -1}, {"startTime": 85418, "endTime": 85424, "taskId": 21, "workflowId": 0, "jobId": -1}, {"startTime": 85424, "endTime": 85648, "taskId": 21, "workflowId": 0, "jobId": -1}, {"startTime": 85648, "endTime": 85803, "taskId": 23, "workflowId": 0, "jobId": -1}, {"startTime": 85803, "endTime": 85937, "taskId": 14, "workflowId": 0, "jobId": -1}, {"startTime": 85937, "endTime": 86063, "taskId": 23, "workflowId": 0, "jobId": -1}, {"startTime": 86063, "endTime": 86307, "taskId": 23, "workflowId": 0, "jobId": -1}, {"startTime": 86307, "endTime": 86748, "taskId": 23, "workflowId": 0, "jobId": -1}, {"startTime": 86748, "endTime": 86890, "taskId": 23, "workflowId": 0, "jobId": -1}, {"startTime": 86890, "endTime": 86925, "taskId": 23, "workflowId": 0, "jobId": -1}, {"startTime": 86925, "endTime": 86965, "taskId": 23, "workflowId": 0, "jobId": -1}, {"startTime": 86965, "endTime": 87310, "taskId": 23, "workflowId": 0, "jobId": -1}, {"startTime": 87310, "endTime": 87952, "taskId": 20, "workflowId": 0, "jobId": -1}, {"startTime": 87952, "endTime": 88215, "taskId": 20, "workflowId": 0, "jobId": -1}, {"startTime": 88215, "endTime": 88643, "taskId": 20, "workflowId": 0, "jobId": -1}, {"startTime": 88643, "endTime": 89012, "taskId": 20, "workflowId": 0, "jobId": -1}, {"startTime": 89012, "endTime": 89083, "taskId": 20, "workflowId": 0, "jobId": -1}, {"startTime": 89083, "endTime": 89127, "taskId": 20, "workflowId": 0, "jobId": -1}, {"startTime": 89127, "endTime": 89270, "taskId": 20, "workflowId": 0, "jobId": -1}, {"startTime": 89270, "endTime": 89272, "taskId": 10, "workflowId": -1, "jobId": 0}, {"startTime": 89272, "endTime": 89617, "taskId": 5, "workflowId": -1, "jobId": 1}, {"startTime": 89617, "endTime": 89905, "taskId": 5, "workflowId": -1, "jobId": 1}, {"startTime": 89905, "endTime": 90062, "taskId": 5, "workflowId": -1, "jobId": 1}, {"startTime": 90062, "endTime": 90318, "taskId": 5, "workflowId": -1, "jobId": 1}, {"startTime": 90318, "endTime": 90330, "taskId": 10, "workflowId": -1, "jobId": 0}, {"startTime": 90330, "endTime": 90451, "taskId": 10, "workflowId": -1, "jobId": 0}, {"startTime": 90451, "endTime": 90520, "taskId": 28, "workflowId": 0, "jobId": -1}, {"startTime": 90520, "endTime": 90663, "taskId": 28, "workflowId": 0, "jobId": -1}, {"startTime": 90663, "endTime": 91580, "taskId": 28, "workflowId": 0, "jobId": -1}, {"startTime": 91580, "endTime": 91862, "taskId": 28, "workflowId": 0, "jobId": -1}, {"startTime": 91862, "endTime": 91913, "taskId": 28, "workflowId": 0, "jobId": -1}, {"startTime": 91913, "endTime": 92185, "taskId": 28, "workflowId": 0, "jobId": -1}, {"startTime": 92185, "endTime": 92895, "taskId": 0, "workflowId": 3, "jobId": -1}, {"startTime": 92895, "endTime": 93973, "taskId": 0, "workflowId": 3, "jobId": -1}, {"startTime": 93973, "endTime": 94658, "taskId": 12, "workflowId": 2, "jobId": -1}, {"startTime": 94658, "endTime": 95288, "taskId": 12, "workflowId": 2, "jobId": -1}, {"startTime": 95288, "endTime": 95462, "taskId": 10, "workflowId": -1, "jobId": 1}, {"startTime": 95462, "endTime": 95778, "taskId": 10, "workflowId": -1, "jobId": 1}, {"startTime": 95778, "endTime": 95968, "taskId": 10, "workflowId": -1, "jobId": 1}, {"startTime": 95968, "endTime": 96098, "taskId": 4, "workflowId": -1, "jobId": 1}, {"startTime": 96098, "endTime": 97423, "taskId": 4, "workflowId": -1, "jobId": 1}, {"startTime": 97423, "endTime": 97496, "taskId": 18, "workflowId": 2, "jobId": -1}, {"startTime": 97496, "endTime": 97873, "taskId": 16, "workflowId": 2, "jobId": -1}, {"startTime": 97873, "endTime": 98296, "taskId": 16, "workflowId": 2, "jobId": -1}, {"startTime": 98296, "endTime": 98468, "taskId": 15, "workflowId": -1, "jobId": 1}, {"startTime": 98468, "endTime": 101125, "taskId": 10, "workflowId": -1, "jobId": 1}, {"startTime": 101125, "endTime": 101203, "taskId": 15, "workflowId": -1, "jobId": 1}, {"startTime": 101203, "endTime": 102001, "taskId": 15, "workflowId": -1, "jobId": 1}, {"startTime": 102001, "endTime": 103562, "taskId": 10, "workflowId": -1, "jobId": 1}, {"startTime": 103562, "endTime": 103625, "taskId": 10, "workflowId": -1, "jobId": 1}, {"startTime": 103625, "endTime": 104612, "taskId": 15, "workflowId": -1, "jobId": 1}, {"startTime": 104612, "endTime": 105186, "taskId": 15, "workflowId": -1, "jobId": 1}, {"startTime": 105186, "endTime": 105989, "taskId": 1, "workflowId": 3, "jobId": -1}, {"startTime": 105989, "endTime": 107674, "taskId": 12, "workflowId": -1, "jobId": 0}, {"startTime": 107674, "endTime": 109329, "taskId": 12, "workflowId": -1, "jobId": 0}, {"startTime": 109329, "endTime": 110450, "taskId": 8, "workflowId": -1, "jobId": 0}, {"startTime": 110450, "endTime": 110823, "taskId": 8, "workflowId": -1, "jobId": 0}, {"startTime": 110823, "endTime": 111944, "taskId": 8, "workflowId": -1, "jobId": 0}, {"startTime": 111944, "endTime": 113028, "taskId": 8, "workflowId": -1, "jobId": 0}, {"startTime": 113028, "endTime": 113109, "taskId": 13, "workflowId": -1, "jobId": 1}, {"startTime": 113109, "endTime": 113892, "taskId": 13, "workflowId": -1, "jobId": 1}, {"startTime": 113892, "endTime": 115155, "taskId": 13, "workflowId": -1, "jobId": 1}, {"startTime": 115155, "endTime": 115455, "taskId": 13, "workflowId": -1, "jobId": 1}, {"startTime": 115455, "endTime": 116479, "taskId": 13, "workflowId": -1, "jobId": 1}, {"startTime": 116479, "endTime": 116605, "taskId": 13, "workflowId": -1, "jobId": 1}, {"startTime": 116605, "endTime": 116980, "taskId": 4, "workflowId": 3, "jobId": -1}, {"startTime": 116980, "endTime": 117342, "taskId": 3, "workflowId": 3, "jobId": -1}, {"startTime": 117342, "endTime": 117460, "taskId": 3, "workflowId": 3, "jobId": -1}, {"startTime": 117460, "endTime": 117929, "taskId": 4, "workflowId": 3, "jobId": -1}, {"startTime": 117929, "endTime": 118366, "taskId": 4, "workflowId": 3, "jobId": -1}, {"startTime": 118366, "endTime": 118409, "taskId": 4, "workflowId": 3, "jobId": -1}, {"startTime": 118409, "endTime": 119816, "taskId": 20, "workflowId": 2, "jobId": -1}, {"startTime": 119816, "endTime": 119843, "taskId": 20, "workflowId": 2, "jobId": -1}, {"startTime": 119843, "endTime": 121730, "taskId": 22, "workflowId": 2, "jobId": -1}, {"startTime": 121730, "endTime": 122329, "taskId": 9, "workflowId": -1, "jobId": 1}, {"startTime": 122329, "endTime": 122614, "taskId": 9, "workflowId": -1, "jobId": 1}, {"startTime": 122614, "endTime": 123766, "taskId": 10, "workflowId": -1, "jobId": 2}, {"startTime": 123766, "endTime": 123871, "taskId": 10, "workflowId": -1, "jobId": 2}, {"startTime": 123871, "endTime": 124216, "taskId": 5, "workflowId": -1, "jobId": 3}, {"startTime": 124216, "endTime": 124947, "taskId": 5, "workflowId": -1, "jobId": 3}, {"startTime": 124947, "endTime": 126039, "taskId": 5, "workflowId": -1, "jobId": 3}, {"startTime": 126039, "endTime": 126119, "taskId": 5, "workflowId": -1, "jobId": 3}, {"startTime": 126119, "endTime": 126537, "taskId": 5, "workflowId": -1, "jobId": 3}, {"startTime": 126537, "endTime": 126849, "taskId": 5, "workflowId": -1, "jobId": 3}, {"startTime": 126849, "endTime": 127941, "taskId": 5, "workflowId": -1, "jobId": 3}, {"startTime": 127941, "endTime": 128449, "taskId": 5, "workflowId": -1, "jobId": 3}, {"startTime": 128449, "endTime": 128737, "taskId": 5, "workflowId": -1, "jobId": 3}, {"startTime": 128737, "endTime": 128822, "taskId": 5, "workflowId": -1, "jobId": 3}, {"startTime": 128822, "endTime": 129591, "taskId": 5, "workflowId": -1, "jobId": 3}, {"startTime": 129591, "endTime": 130630, "taskId": 5, "workflowId": -1, "jobId": 3}, {"startTime": 130630, "endTime": 131048, "taskId": 5, "workflowId": -1, "jobId": 3}, {"startTime": 131048, "endTime": 133021, "taskId": 5, "workflowId": -1, "jobId": 3}, {"startTime": 133021, "endTime": 133121, "taskId": 5, "workflowId": -1, "jobId": 3}, {"startTime": 133121, "endTime": 133584, "taskId": 5, "workflowId": -1, "jobId": 3}, {"startTime": 133584, "endTime": 135406, "taskId": 25, "workflowId": 2, "jobId": -1}, {"startTime": 135406, "endTime": 135557, "taskId": 14, "workflowId": -1, "jobId": 1}, {"startTime": 135557, "endTime": 135824, "taskId": 14, "workflowId": -1, "jobId": 1}, {"startTime": 135824, "endTime": 137399, "taskId": 14, "workflowId": -1, "jobId": 1}, {"startTime": 137399, "endTime": 139166, "taskId": 14, "workflowId": -1, "jobId": 1}, {"startTime": 139166, "endTime": 140478, "taskId": 14, "workflowId": -1, "jobId": 1}, {"startTime": 140478, "endTime": 142205, "taskId": 14, "workflowId": -1, "jobId": 1}, {"startTime": 142205, "endTime": 143227, "taskId": 19, "workflowId": 3, "jobId": -1}, {"startTime": 143227, "endTime": 143455, "taskId": 28, "workflowId": 2, "jobId": -1}, {"startTime": 143455, "endTime": 143517, "taskId": 28, "workflowId": 2, "jobId": -1}, {"startTime": 143517, "endTime": 144057, "taskId": 28, "workflowId": 2, "jobId": -1}, {"startTime": 144057, "endTime": 144210, "taskId": 15, "workflowId": 3, "jobId": -1}, {"startTime": 144210, "endTime": 144430, "taskId": 30, "workflowId": 2, "jobId": -1}, {"startTime": 144430, "endTime": 144788, "taskId": 9, "workflowId": -1, "jobId": 2}, {"startTime": 144788, "endTime": 145402, "taskId": 15, "workflowId": 3, "jobId": -1}, {"startTime": 145402, "endTime": 145941, "taskId": 9, "workflowId": -1, "jobId": 2}, {"startTime": 145941, "endTime": 147327, "taskId": 9, "workflowId": -1, "jobId": 2}, {"startTime": 147327, "endTime": 147530, "taskId": 9, "workflowId": -1, "jobId": 2}, {"startTime": 147530, "endTime": 148087, "taskId": 16, "workflowId": 3, "jobId": -1}, {"startTime": 148087, "endTime": 148744, "taskId": 16, "workflowId": 3, "jobId": -1}, {"startTime": 148744, "endTime": 148863, "taskId": 11, "workflowId": -1, "jobId": 1}, {"startTime": 148863, "endTime": 150703, "taskId": 11, "workflowId": -1, "jobId": 1}, {"startTime": 150703, "endTime": 150977, "taskId": 11, "workflowId": -1, "jobId": 1}, {"startTime": 150977, "endTime": 151765, "taskId": 11, "workflowId": -1, "jobId": 1}, {"startTime": 151765, "endTime": 151774, "taskId": 16, "workflowId": 3, "jobId": -1}, {"startTime": 151774, "endTime": 151884, "taskId": 15, "workflowId": -1, "jobId": 3}, {"startTime": 151884, "endTime": 152363, "taskId": 15, "workflowId": -1, "jobId": 3}, {"startTime": 152363, "endTime": 153605, "taskId": 15, "workflowId": -1, "jobId": 3}, {"startTime": 153605, "endTime": 154255, "taskId": 15, "workflowId": -1, "jobId": 3}, {"startTime": 154255, "endTime": 154365, "taskId": 31, "workflowId": 2, "jobId": -1}, {"startTime": 154365, "endTime": 156311, "taskId": 12, "workflowId": -1, "jobId": 1}, {"startTime": 156311, "endTime": 160132, "taskId": 12, "workflowId": -1, "jobId": 1}, {"startTime": 160132, "endTime": 160416, "taskId": 22, "workflowId": 3, "jobId": -1}, {"startTime": 160416, "endTime": 166720, "taskId": 8, "workflowId": -1, "jobId": 1}, {"startTime": 166720, "endTime": 167134, "taskId": 26, "workflowId": 3, "jobId": -1}, {"startTime": 167134, "endTime": 168031, "taskId": 30, "workflowId": 3, "jobId": -1}, {"startTime": 168419, "endTime": 168640, "taskId": 26, "workflowId": 3, "jobId": -1}, {"startTime": 168640, "endTime": 169738, "taskId": 14, "workflowId": -1, "jobId": 2}, {"startTime": 169738, "endTime": 169931, "taskId": 14, "workflowId": -1, "jobId": 2}, {"startTime": 169931, "endTime": 174753, "taskId": 14, "workflowId": -1, "jobId": 2}, {"startTime": 174753, "endTime": 175714, "taskId": 24, "workflowId": 3, "jobId": -1}, {"startTime": 182494, "endTime": 183497, "taskId": 11, "workflowId": -1, "jobId": 2}, {"startTime": 183497, "endTime": 184453, "taskId": 6, "workflowId": -1, "jobId": 2}, {"startTime": 184453, "endTime": 184938, "taskId": 4, "workflowId": -1, "jobId": 3}, {"startTime": 184938, "endTime": 185881, "taskId": 7, "workflowId": -1, "jobId": 5}, {"startTime": 185881, "endTime": 187407, "taskId": 7, "workflowId": -1, "jobId": 5}, {"startTime": 187407, "endTime": 190944, "taskId": 7, "workflowId": -1, "jobId": 5}, {"startTime": 190944, "endTime": 194654, "taskId": 15, "workflowId": -1, "jobId": 4}, {"startTime": 196234, "endTime": 198877, "taskId": 8, "workflowId": -1, "jobId": 2}, {"startTime": 198877, "endTime": 199778, "taskId": 12, "workflowId": -1, "jobId": 2}, {"startTime": 199778, "endTime": 201777, "taskId": 8, "workflowId": -1, "jobId": 2}, {"startTime": 224093, "endTime": 225679, "taskId": 14, "workflowId": -1, "jobId": 3}, {"startTime": 225679, "endTime": 227803, "taskId": 15, "workflowId": -1, "jobId": 5}, {"startTime": 230620, "endTime": 232207, "taskId": 14, "workflowId": -1, "jobId": 3}, {"startTime": 232207, "endTime": 236457, "taskId": 10, "workflowId": -1, "jobId": 6}, {"startTime": 246292, "endTime": 247367, "taskId": 13, "workflowId": -1, "jobId": 5}, {"startTime": 247367, "endTime": 248258, "taskId": 11, "workflowId": -1, "jobId": 3}, {"startTime": 248258, "endTime": 254411, "taskId": 6, "workflowId": -1, "jobId": 3}, {"startTime": 263386, "endTime": 264588, "taskId": 15, "workflowId": -1, "jobId": 6}, {"startTime": 266920, "endTime": 270616, "taskId": 12, "workflowId": -1, "jobId": 3}, {"startTime": 270616, "endTime": 272687, "taskId": 7, "workflowId": -1, "jobId": 8}, {"startTime": 272687, "endTime": 276945, "taskId": 7, "workflowId": -1, "jobId": 8}, {"startTime": 276945, "endTime": 281951, "taskId": 8, "workflowId": -1, "jobId": 3}, {"startTime": 287518, "endTime": 291338, "taskId": 14, "workflowId": -1, "jobId": 4}, {"startTime": 294106, "endTime": 299943, "taskId": 10, "workflowId": -1, "jobId": 8}, {"startTime": 299943, "endTime": 303152, "taskId": 15, "workflowId": -1, "jobId": 7}, {"startTime": 315182, "endTime": 323720, "taskId": 11, "workflowId": -1, "jobId": 4}, {"startTime": 325849, "endTime": 326294, "taskId": 13, "workflowId": -1, "jobId": 7}, {"startTime": 326294, "endTime": 326832, "taskId": 10, "workflowId": -1, "jobId": 9}, {"startTime": 326832, "endTime": 328213, "taskId": 4, "workflowId": -1, "jobId": 6}, {"startTime": 328213, "endTime": 328744, "taskId": 10, "workflowId": -1, "jobId": 9}, {"startTime": 328744, "endTime": 334279, "taskId": 7, "workflowId": -1, "jobId": 10}, {"startTime": 334279, "endTime": 336162, "taskId": 13, "workflowId": -1, "jobId": 7}, {"startTime": 336162, "endTime": 338648, "taskId": 9, "workflowId": -1, "jobId": 6}, {"startTime": 347095, "endTime": 347434, "taskId": 8, "workflowId": -1, "jobId": 4}, {"startTime": 347434, "endTime": 348273, "taskId": 12, "workflowId": -1, "jobId": 4}, {"startTime": 348273, "endTime": 349357, "taskId": 8, "workflowId": -1, "jobId": 4}, {"startTime": 349357, "endTime": 352306, "taskId": 14, "workflowId": -1, "jobId": 5}, {"startTime": 352306, "endTime": 352308, "taskId": 5, "workflowId": -1, "jobId": 11}, {"startTime": 352308, "endTime": 356808, "taskId": 5, "workflowId": -1, "jobId": 11}, {"startTime": 357592, "endTime": 363429, "taskId": 10, "workflowId": -1, "jobId": 10}, {"startTime": 372270, "endTime": 374946, "taskId": 15, "workflowId": -1, "jobId": 9}, {"startTime": 383120, "endTime": 384166, "taskId": 9, "workflowId": -1, "jobId": 7}, {"startTime": 384166, "endTime": 391275, "taskId": 6, "workflowId": -1, "jobId": 5}, {"startTime": 391275, "endTime": 395864, "taskId": 10, "workflowId": -1, "jobId": 11}, {"startTime": 404330, "endTime": 408987, "taskId": 13, "workflowId": -1, "jobId": 9}, {"startTime": 408987, "endTime": 416283, "taskId": 14, "workflowId": -1, "jobId": 6}, {"startTime": 419502, "endTime": 419714, "taskId": 8, "workflowId": -1, "jobId": 5}, {"startTime": 419714, "endTime": 423859, "taskId": 12, "workflowId": -1, "jobId": 5}, {"startTime": 432114, "endTime": 434600, "taskId": 9, "workflowId": -1, "jobId": 8}, {"startTime": 444808, "endTime": 449392, "taskId": 13, "workflowId": -1, "jobId": 10}]}]