[{"frequency": 1.5, "activePower": 8, "idlePower": 2.7, "memory": 2, "allocations": [{"startTime": 58371, "endTime": 69437, "taskId": 2, "workflowId": -1, "jobId": 1}, {"startTime": 69437, "endTime": 71271, "taskId": 15, "workflowId": 2, "jobId": -1}, {"startTime": 84583, "endTime": 100455, "taskId": 1, "workflowId": -1, "jobId": 2}, {"startTime": 122935, "endTime": 134001, "taskId": 2, "workflowId": -1, "jobId": 3}, {"startTime": 142087, "endTime": 153004, "taskId": 0, "workflowId": -1, "jobId": 3}, {"startTime": 160117, "endTime": 163131, "taskId": 0, "workflowId": 1, "jobId": -1}, {"startTime": 177345, "endTime": 179797, "taskId": 7, "workflowId": 1, "jobId": -1}, {"startTime": 179797, "endTime": 182547, "taskId": 10, "workflowId": 1, "jobId": -1}, {"startTime": 182547, "endTime": 184121, "taskId": 8, "workflowId": 1, "jobId": -1}, {"startTime": 184121, "endTime": 187397, "taskId": 11, "workflowId": 1, "jobId": -1}, {"startTime": 187397, "endTime": 190462, "taskId": 12, "workflowId": 1, "jobId": -1}, {"startTime": 190462, "endTime": 201528, "taskId": 2, "workflowId": -1, "jobId": 5}, {"startTime": 201528, "endTime": 202781, "taskId": 15, "workflowId": 1, "jobId": -1}, {"startTime": 230818, "endTime": 246690, "taskId": 1, "workflowId": -1, "jobId": 7}, {"startTime": 256675, "endTime": 266045, "taskId": 4, "workflowId": -1, "jobId": 3}, {"startTime": 278264, "endTime": 279894, "taskId": 14, "workflowId": 0, "jobId": -1}, {"startTime": 279894, "endTime": 281048, "taskId": 13, "workflowId": 0, "jobId": -1}, {"startTime": 284345, "endTime": 295411, "taskId": 2, "workflowId": -1, "jobId": 8}, {"startTime": 295411, "endTime": 311283, "taskId": 1, "workflowId": -1, "jobId": 9}, {"startTime": 398497, "endTime": 414964, "taskId": 3, "workflowId": -1, "jobId": 12}, {"startTime": 414964, "endTime": 430836, "taskId": 1, "workflowId": -1, "jobId": 13}, {"startTime": 430836, "endTime": 447303, "taskId": 3, "workflowId": -1, "jobId": 13}, {"startTime": 447303, "endTime": 463175, "taskId": 1, "workflowId": -1, "jobId": 14}]}, {"frequency": 1.5, "activePower": 8, "idlePower": 2.7, "memory": 2, "allocations": [{"startTime": 26089, "endTime": 37155, "taskId": 2, "workflowId": -1, "jobId": 0}, {"startTime": 37155, "endTime": 39271, "taskId": 0, "workflowId": 3, "jobId": -1}, {"startTime": 54520, "endTime": 54520, "taskId": 0, "workflowId": 2, "jobId": -1}, {"startTime": 54524, "endTime": 56788, "taskId": 3, "workflowId": 2, "jobId": -1}, {"startTime": 88157, "endTime": 104624, "taskId": 3, "workflowId": -1, "jobId": 2}, {"startTime": 119191, "endTime": 135658, "taskId": 3, "workflowId": -1, "jobId": 3}, {"startTime": 143077, "endTime": 158949, "taskId": 1, "workflowId": -1, "jobId": 4}, {"startTime": 158949, "endTime": 175416, "taskId": 3, "workflowId": -1, "jobId": 4}, {"startTime": 175416, "endTime": 176412, "taskId": 1, "workflowId": 1, "jobId": -1}, {"startTime": 176412, "endTime": 192284, "taskId": 1, "workflowId": -1, "jobId": 5}, {"startTime": 217500, "endTime": 219724, "taskId": 5, "workflowId": 0, "jobId": -1}, {"startTime": 243327, "endTime": 259794, "taskId": 3, "workflowId": -1, "jobId": 7}, {"startTime": 259794, "endTime": 262998, "taskId": 9, "workflowId": 0, "jobId": -1}, {"startTime": 262998, "endTime": 274064, "taskId": 2, "workflowId": -1, "jobId": 7}, {"startTime": 274064, "endTime": 284981, "taskId": 0, "workflowId": -1, "jobId": 6}, {"startTime": 284981, "endTime": 286766, "taskId": 15, "workflowId": 0, "jobId": -1}, {"startTime": 296751, "endTime": 307668, "taskId": 0, "workflowId": -1, "jobId": 7}, {"startTime": 347806, "endTime": 363678, "taskId": 1, "workflowId": -1, "jobId": 11}, {"startTime": 381191, "endTime": 392257, "taskId": 2, "workflowId": -1, "jobId": 11}, {"startTime": 413473, "endTime": 424539, "taskId": 2, "workflowId": -1, "jobId": 12}, {"startTime": 460565, "endTime": 477032, "taskId": 3, "workflowId": -1, "jobId": 14}]}, {"frequency": 1.5, "activePower": 8, "idlePower": 2.7, "memory": 2, "allocations": [{"startTime": 26089, "endTime": 37006, "taskId": 0, "workflowId": -1, "jobId": 0}, {"startTime": 57123, "endTime": 73590, "taskId": 3, "workflowId": -1, "jobId": 1}, {"startTime": 90653, "endTime": 101719, "taskId": 2, "workflowId": -1, "jobId": 2}, {"startTime": 103421, "endTime": 114338, "taskId": 0, "workflowId": -1, "jobId": 2}, {"startTime": 114338, "endTime": 115710, "taskId": 9, "workflowId": 3, "jobId": -1}, {"startTime": 115710, "endTime": 116626, "taskId": 11, "workflowId": 3, "jobId": -1}, {"startTime": 116626, "endTime": 118010, "taskId": 17, "workflowId": 3, "jobId": -1}, {"startTime": 123376, "endTime": 139067, "taskId": 7, "workflowId": -1, "jobId": 3}, {"startTime": 163131, "endTime": 164505, "taskId": 4, "workflowId": 1, "jobId": -1}, {"startTime": 164505, "endTime": 167121, "taskId": 3, "workflowId": 1, "jobId": -1}, {"startTime": 167121, "endTime": 168255, "taskId": 2, "workflowId": 1, "jobId": -1}, {"startTime": 180753, "endTime": 191670, "taskId": 0, "workflowId": -1, "jobId": 4}, {"startTime": 202781, "endTime": 204757, "taskId": 17, "workflowId": 1, "jobId": -1}, {"startTime": 215694, "endTime": 217500, "taskId": 0, "workflowId": 0, "jobId": -1}, {"startTime": 219419, "endTime": 230336, "taskId": 0, "workflowId": -1, "jobId": 5}, {"startTime": 244842, "endTime": 246536, "taskId": 6, "workflowId": 0, "jobId": -1}, {"startTime": 246536, "endTime": 249256, "taskId": 10, "workflowId": 0, "jobId": -1}, {"startTime": 274361, "endTime": 290828, "taskId": 3, "workflowId": -1, "jobId": 8}, {"startTime": 316627, "endTime": 327693, "taskId": 2, "workflowId": -1, "jobId": 9}, {"startTime": 336429, "endTime": 352896, "taskId": 3, "workflowId": -1, "jobId": 10}, {"startTime": 367463, "endTime": 383930, "taskId": 3, "workflowId": -1, "jobId": 11}, {"startTime": 383930, "endTime": 399802, "taskId": 1, "workflowId": -1, "jobId": 12}]}, {"frequency": 1.5, "activePower": 8, "idlePower": 2.7, "memory": 2, "allocations": [{"startTime": 26089, "endTime": 42556, "taskId": 3, "workflowId": -1, "jobId": 0}, {"startTime": 42556, "endTime": 58428, "taskId": 1, "workflowId": -1, "jobId": 0}, {"startTime": 58428, "endTime": 74119, "taskId": 7, "workflowId": -1, "jobId": 0}, {"startTime": 74119, "endTime": 77356, "taskId": 2, "workflowId": 3, "jobId": -1}, {"startTime": 77356, "endTime": 79276, "taskId": 1, "workflowId": 2, "jobId": -1}, {"startTime": 79276, "endTime": 95148, "taskId": 1, "workflowId": -1, "jobId": 1}, {"startTime": 95148, "endTime": 106065, "taskId": 0, "workflowId": -1, "jobId": 1}, {"startTime": 106065, "endTime": 108859, "taskId": 7, "workflowId": 3, "jobId": -1}, {"startTime": 113830, "endTime": 129702, "taskId": 1, "workflowId": -1, "jobId": 3}, {"startTime": 129702, "endTime": 143266, "taskId": 6, "workflowId": -1, "jobId": 3}, {"startTime": 155217, "endTime": 166283, "taskId": 2, "workflowId": -1, "jobId": 4}, {"startTime": 166283, "endTime": 168202, "taskId": 5, "workflowId": 1, "jobId": -1}, {"startTime": 176412, "endTime": 177345, "taskId": 6, "workflowId": 1, "jobId": -1}, {"startTime": 177345, "endTime": 180306, "taskId": 9, "workflowId": 1, "jobId": -1}, {"startTime": 181259, "endTime": 197726, "taskId": 3, "workflowId": -1, "jobId": 5}, {"startTime": 197726, "endTime": 200071, "taskId": 13, "workflowId": 1, "jobId": -1}, {"startTime": 200071, "endTime": 201453, "taskId": 14, "workflowId": 1, "jobId": -1}, {"startTime": 201571, "endTime": 217443, "taskId": 1, "workflowId": -1, "jobId": 6}, {"startTime": 217443, "endTime": 219817, "taskId": 16, "workflowId": 1, "jobId": -1}, {"startTime": 219817, "endTime": 236284, "taskId": 3, "workflowId": -1, "jobId": 6}, {"startTime": 236284, "endTime": 238058, "taskId": 3, "workflowId": 0, "jobId": -1}, {"startTime": 238058, "endTime": 240723, "taskId": 2, "workflowId": 0, "jobId": -1}, {"startTime": 240723, "endTime": 242998, "taskId": 4, "workflowId": 0, "jobId": -1}, {"startTime": 242998, "endTime": 244842, "taskId": 1, "workflowId": 0, "jobId": -1}, {"startTime": 244842, "endTime": 255908, "taskId": 2, "workflowId": -1, "jobId": 6}, {"startTime": 255908, "endTime": 259090, "taskId": 8, "workflowId": 0, "jobId": -1}, {"startTime": 259090, "endTime": 261141, "taskId": 7, "workflowId": 0, "jobId": -1}, {"startTime": 261141, "endTime": 277013, "taskId": 1, "workflowId": -1, "jobId": 8}, {"startTime": 277013, "endTime": 278264, "taskId": 11, "workflowId": 0, "jobId": -1}, {"startTime": 278264, "endTime": 279876, "taskId": 12, "workflowId": 0, "jobId": -1}, {"startTime": 286766, "endTime": 289333, "taskId": 16, "workflowId": 0, "jobId": -1}, {"startTime": 289333, "endTime": 292598, "taskId": 17, "workflowId": 0, "jobId": -1}, {"startTime": 305395, "endTime": 321862, "taskId": 3, "workflowId": -1, "jobId": 9}, {"startTime": 321862, "endTime": 337734, "taskId": 1, "workflowId": -1, "jobId": 10}, {"startTime": 337734, "endTime": 348651, "taskId": 0, "workflowId": -1, "jobId": 8}, {"startTime": 348909, "endTime": 359975, "taskId": 2, "workflowId": -1, "jobId": 10}, {"startTime": 374083, "endTime": 385000, "taskId": 0, "workflowId": -1, "jobId": 9}, {"startTime": 412749, "endTime": 423666, "taskId": 0, "workflowId": -1, "jobId": 10}, {"startTime": 445755, "endTime": 456821, "taskId": 2, "workflowId": -1, "jobId": 13}, {"startTime": 456821, "endTime": 472512, "taskId": 7, "workflowId": -1, "jobId": 13}, {"startTime": 472512, "endTime": 483429, "taskId": 0, "workflowId": -1, "jobId": 11}, {"startTime": 483429, "endTime": 499301, "taskId": 1, "workflowId": -1, "jobId": 15}]}]