[{"frequency": 1.5, "activePower": 8, "idlePower": 2.7, "memory": 2, "allocations": [{"startTime": 22792, "endTime": 24637, "taskId": 0, "workflowId": 0, "jobId": -1}, {"startTime": 24637, "endTime": 26137, "taskId": 3, "workflowId": 0, "jobId": -1}, {"startTime": 26137, "endTime": 28303, "taskId": 4, "workflowId": 0, "jobId": -1}, {"startTime": 28303, "endTime": 29406, "taskId": 6, "workflowId": 0, "jobId": -1}, {"startTime": 29406, "endTime": 30996, "taskId": 5, "workflowId": 0, "jobId": -1}, {"startTime": 30996, "endTime": 32390, "taskId": 12, "workflowId": 0, "jobId": -1}, {"startTime": 32390, "endTime": 35327, "taskId": 8, "workflowId": 0, "jobId": -1}, {"startTime": 35327, "endTime": 35657, "taskId": 5, "workflowId": 0, "jobId": -1}, {"startTime": 35657, "endTime": 37073, "taskId": 13, "workflowId": 0, "jobId": -1}, {"startTime": 37073, "endTime": 37972, "taskId": 15, "workflowId": 0, "jobId": -1}, {"startTime": 37972, "endTime": 38452, "taskId": 16, "workflowId": 0, "jobId": -1}, {"startTime": 38452, "endTime": 39162, "taskId": 16, "workflowId": 0, "jobId": -1}, {"startTime": 39162, "endTime": 42232, "taskId": 17, "workflowId": 0, "jobId": -1}, {"startTime": 42232, "endTime": 44034, "taskId": 19, "workflowId": 0, "jobId": -1}, {"startTime": 44034, "endTime": 46495, "taskId": 22, "workflowId": 0, "jobId": -1}, {"startTime": 46495, "endTime": 47250, "taskId": 23, "workflowId": 0, "jobId": -1}, {"startTime": 85635, "endTime": 88839, "taskId": 0, "workflowId": 1, "jobId": -1}, {"startTime": 88839, "endTime": 90803, "taskId": 1, "workflowId": 1, "jobId": -1}, {"startTime": 90803, "endTime": 91953, "taskId": 4, "workflowId": 1, "jobId": -1}, {"startTime": 91953, "endTime": 94964, "taskId": 3, "workflowId": 1, "jobId": -1}, {"startTime": 94964, "endTime": 96876, "taskId": 8, "workflowId": 1, "jobId": -1}, {"startTime": 96876, "endTime": 96905, "taskId": 8, "workflowId": 1, "jobId": -1}, {"startTime": 96905, "endTime": 98817, "taskId": 9, "workflowId": 1, "jobId": -1}, {"startTime": 98817, "endTime": 100191, "taskId": 6, "workflowId": 1, "jobId": -1}, {"startTime": 100191, "endTime": 102338, "taskId": 12, "workflowId": 1, "jobId": -1}, {"startTime": 102338, "endTime": 103462, "taskId": 13, "workflowId": 1, "jobId": -1}, {"startTime": 103462, "endTime": 105169, "taskId": 18, "workflowId": 1, "jobId": -1}, {"startTime": 105169, "endTime": 105895, "taskId": 14, "workflowId": 1, "jobId": -1}, {"startTime": 105895, "endTime": 108869, "taskId": 19, "workflowId": 1, "jobId": -1}, {"startTime": 108869, "endTime": 111348, "taskId": 24, "workflowId": 1, "jobId": -1}, {"startTime": 111348, "endTime": 112610, "taskId": 21, "workflowId": 1, "jobId": -1}, {"startTime": 118391, "endTime": 121582, "taskId": 15, "workflowId": 3, "jobId": -1}, {"startTime": 130693, "endTime": 131950, "taskId": 20, "workflowId": 3, "jobId": -1}, {"startTime": 182694, "endTime": 184319, "taskId": 10, "workflowId": 2, "jobId": -1}, {"startTime": 189800, "endTime": 192850, "taskId": 22, "workflowId": 2, "jobId": -1}]}, {"frequency": 1.5, "activePower": 8, "idlePower": 2.7, "memory": 2, "allocations": [{"startTime": 25082, "endTime": 35394, "taskId": 4, "workflowId": -1, "jobId": 0}, {"startTime": 35394, "endTime": 38532, "taskId": 1, "workflowId": -1, "jobId": 0}, {"startTime": 38532, "endTime": 45468, "taskId": 1, "workflowId": -1, "jobId": 0}, {"startTime": 45468, "endTime": 52779, "taskId": 3, "workflowId": -1, "jobId": 0}, {"startTime": 52779, "endTime": 59715, "taskId": 3, "workflowId": -1, "jobId": 0}, {"startTime": 59715, "endTime": 70027, "taskId": 4, "workflowId": -1, "jobId": 1}, {"startTime": 70027, "endTime": 80107, "taskId": 1, "workflowId": -1, "jobId": 1}, {"startTime": 80107, "endTime": 94354, "taskId": 3, "workflowId": -1, "jobId": 1}, {"startTime": 94354, "endTime": 105662, "taskId": 5, "workflowId": -1, "jobId": 1}, {"startTime": 105662, "endTime": 115742, "taskId": 1, "workflowId": -1, "jobId": 2}, {"startTime": 115742, "endTime": 126054, "taskId": 4, "workflowId": -1, "jobId": 3}, {"startTime": 126054, "endTime": 139504, "taskId": 0, "workflowId": -1, "jobId": 3}, {"startTime": 139504, "endTime": 149584, "taskId": 1, "workflowId": -1, "jobId": 3}, {"startTime": 149584, "endTime": 161286, "taskId": 2, "workflowId": -1, "jobId": 3}, {"startTime": 161286, "endTime": 175533, "taskId": 3, "workflowId": -1, "jobId": 3}, {"startTime": 175533, "endTime": 185613, "taskId": 1, "workflowId": -1, "jobId": 4}, {"startTime": 185613, "endTime": 197315, "taskId": 2, "workflowId": -1, "jobId": 4}, {"startTime": 197315, "endTime": 211562, "taskId": 3, "workflowId": -1, "jobId": 4}, {"startTime": 211562, "endTime": 221642, "taskId": 1, "workflowId": -1, "jobId": 5}, {"startTime": 221642, "endTime": 233344, "taskId": 2, "workflowId": -1, "jobId": 5}, {"startTime": 233344, "endTime": 243656, "taskId": 4, "workflowId": -1, "jobId": 7}, {"startTime": 243656, "endTime": 253736, "taskId": 1, "workflowId": -1, "jobId": 6}, {"startTime": 253736, "endTime": 267186, "taskId": 0, "workflowId": -1, "jobId": 7}, {"startTime": 267186, "endTime": 277498, "taskId": 4, "workflowId": -1, "jobId": 8}, {"startTime": 277498, "endTime": 287578, "taskId": 1, "workflowId": -1, "jobId": 7}, {"startTime": 287578, "endTime": 301028, "taskId": 0, "workflowId": -1, "jobId": 8}, {"startTime": 301028, "endTime": 312730, "taskId": 2, "workflowId": -1, "jobId": 7}, {"startTime": 312730, "endTime": 322810, "taskId": 1, "workflowId": -1, "jobId": 8}, {"startTime": 322810, "endTime": 333122, "taskId": 4, "workflowId": -1, "jobId": 10}, {"startTime": 333122, "endTime": 344824, "taskId": 2, "workflowId": -1, "jobId": 8}, {"startTime": 344824, "endTime": 354904, "taskId": 0, "workflowId": -1, "jobId": 10}, {"startTime": 354904, "endTime": 358274, "taskId": 0, "workflowId": -1, "jobId": 10}, {"startTime": 358274, "endTime": 369582, "taskId": 5, "workflowId": -1, "jobId": 7}, {"startTime": 369582, "endTime": 381284, "taskId": 2, "workflowId": -1, "jobId": 9}, {"startTime": 381284, "endTime": 394734, "taskId": 0, "workflowId": -1, "jobId": 11}, {"startTime": 394734, "endTime": 406042, "taskId": 5, "workflowId": -1, "jobId": 8}, {"startTime": 406042, "endTime": 410728, "taskId": 2, "workflowId": -1, "jobId": 10}, {"startTime": 410728, "endTime": 417744, "taskId": 2, "workflowId": -1, "jobId": 10}, {"startTime": 417744, "endTime": 431194, "taskId": 0, "workflowId": -1, "jobId": 12}, {"startTime": 431194, "endTime": 441506, "taskId": 4, "workflowId": -1, "jobId": 14}, {"startTime": 441506, "endTime": 442502, "taskId": 2, "workflowId": -1, "jobId": 11}, {"startTime": 442502, "endTime": 453208, "taskId": 2, "workflowId": -1, "jobId": 11}, {"startTime": 453208, "endTime": 466658, "taskId": 0, "workflowId": -1, "jobId": 13}, {"startTime": 466658, "endTime": 476970, "taskId": 4, "workflowId": -1, "jobId": 15}, {"startTime": 476970, "endTime": 488672, "taskId": 2, "workflowId": -1, "jobId": 12}, {"startTime": 488672, "endTime": 502919, "taskId": 3, "workflowId": -1, "jobId": 11}, {"startTime": 502919, "endTime": 516369, "taskId": 0, "workflowId": -1, "jobId": 15}, {"startTime": 516369, "endTime": 526681, "taskId": 4, "workflowId": -1, "jobId": 17}, {"startTime": 526681, "endTime": 530616, "taskId": 1, "workflowId": -1, "jobId": 14}, {"startTime": 530616, "endTime": 536761, "taskId": 1, "workflowId": -1, "jobId": 14}, {"startTime": 536761, "endTime": 548069, "taskId": 5, "workflowId": -1, "jobId": 11}, {"startTime": 548069, "endTime": 558381, "taskId": 4, "workflowId": -1, "jobId": 18}, {"startTime": 558381, "endTime": 568461, "taskId": 1, "workflowId": -1, "jobId": 15}, {"startTime": 568461, "endTime": 579769, "taskId": 5, "workflowId": -1, "jobId": 12}, {"startTime": 579769, "endTime": 590081, "taskId": 4, "workflowId": -1, "jobId": 19}, {"startTime": 590081, "endTime": 601783, "taskId": 2, "workflowId": -1, "jobId": 15}]}, {"frequency": 1.5, "activePower": 8, "idlePower": 2.7, "memory": 2, "allocations": [{"startTime": 24637, "endTime": 26718, "taskId": 1, "workflowId": 0, "jobId": -1}, {"startTime": 26718, "endTime": 29134, "taskId": 2, "workflowId": 0, "jobId": -1}, {"startTime": 29134, "endTime": 30996, "taskId": 7, "workflowId": 0, "jobId": -1}, {"startTime": 30996, "endTime": 33830, "taskId": 9, "workflowId": 0, "jobId": -1}, {"startTime": 33830, "endTime": 36906, "taskId": 10, "workflowId": 0, "jobId": -1}, {"startTime": 36906, "endTime": 37972, "taskId": 11, "workflowId": 0, "jobId": -1}, {"startTime": 37972, "endTime": 37973, "taskId": 14, "workflowId": 0, "jobId": -1}, {"startTime": 37973, "endTime": 38453, "taskId": 15, "workflowId": 0, "jobId": -1}, {"startTime": 38453, "endTime": 41302, "taskId": 14, "workflowId": 0, "jobId": -1}, {"startTime": 41302, "endTime": 42106, "taskId": 18, "workflowId": 0, "jobId": -1}, {"startTime": 42106, "endTime": 42881, "taskId": 20, "workflowId": 0, "jobId": -1}, {"startTime": 42881, "endTime": 45733, "taskId": 21, "workflowId": 0, "jobId": -1}, {"startTime": 46495, "endTime": 48155, "taskId": 24, "workflowId": 0, "jobId": -1}, {"startTime": 88839, "endTime": 92055, "taskId": 2, "workflowId": 1, "jobId": -1}, {"startTime": 92055, "endTime": 94185, "taskId": 10, "workflowId": 1, "jobId": -1}, {"startTime": 94185, "endTime": 97501, "taskId": 5, "workflowId": 1, "jobId": -1}, {"startTime": 97501, "endTime": 100692, "taskId": 7, "workflowId": 1, "jobId": -1}, {"startTime": 100692, "endTime": 102830, "taskId": 11, "workflowId": 1, "jobId": -1}, {"startTime": 102830, "endTime": 103859, "taskId": 17, "workflowId": 1, "jobId": -1}, {"startTime": 103859, "endTime": 104849, "taskId": 15, "workflowId": 1, "jobId": -1}, {"startTime": 104849, "endTime": 107543, "taskId": 16, "workflowId": 1, "jobId": -1}, {"startTime": 107543, "endTime": 109782, "taskId": 22, "workflowId": 1, "jobId": -1}, {"startTime": 109782, "endTime": 111044, "taskId": 20, "workflowId": 1, "jobId": -1}, {"startTime": 111044, "endTime": 112582, "taskId": 20, "workflowId": 1, "jobId": -1}, {"startTime": 112582, "endTime": 114696, "taskId": 23, "workflowId": 1, "jobId": -1}, {"startTime": 130693, "endTime": 132617, "taskId": 21, "workflowId": 3, "jobId": -1}]}, {"frequency": 1.5, "activePower": 8, "idlePower": 2.7, "memory": 2, "allocations": [{"startTime": 25082, "endTime": 25088, "taskId": 1, "workflowId": -1, "jobId": 0}, {"startTime": 25088, "endTime": 35162, "taskId": 0, "workflowId": -1, "jobId": 0}, {"startTime": 35162, "endTime": 38538, "taskId": 0, "workflowId": -1, "jobId": 0}, {"startTime": 38538, "endTime": 46864, "taskId": 2, "workflowId": -1, "jobId": 0}, {"startTime": 46864, "endTime": 50240, "taskId": 2, "workflowId": -1, "jobId": 0}, {"startTime": 50240, "endTime": 61548, "taskId": 5, "workflowId": -1, "jobId": 0}, {"startTime": 61548, "endTime": 74998, "taskId": 0, "workflowId": -1, "jobId": 1}, {"startTime": 74998, "endTime": 86700, "taskId": 2, "workflowId": -1, "jobId": 1}, {"startTime": 86700, "endTime": 97012, "taskId": 4, "workflowId": -1, "jobId": 2}, {"startTime": 97012, "endTime": 110462, "taskId": 0, "workflowId": -1, "jobId": 2}, {"startTime": 110462, "endTime": 122164, "taskId": 2, "workflowId": -1, "jobId": 2}, {"startTime": 122164, "endTime": 136411, "taskId": 3, "workflowId": -1, "jobId": 2}, {"startTime": 136411, "endTime": 147719, "taskId": 5, "workflowId": -1, "jobId": 2}, {"startTime": 147719, "endTime": 158031, "taskId": 4, "workflowId": -1, "jobId": 4}, {"startTime": 158031, "endTime": 171481, "taskId": 0, "workflowId": -1, "jobId": 4}, {"startTime": 171481, "endTime": 181793, "taskId": 4, "workflowId": -1, "jobId": 5}, {"startTime": 181793, "endTime": 193101, "taskId": 5, "workflowId": -1, "jobId": 3}, {"startTime": 193101, "endTime": 206551, "taskId": 0, "workflowId": -1, "jobId": 5}, {"startTime": 206551, "endTime": 216863, "taskId": 4, "workflowId": -1, "jobId": 6}, {"startTime": 216863, "endTime": 228171, "taskId": 5, "workflowId": -1, "jobId": 4}, {"startTime": 228171, "endTime": 241621, "taskId": 0, "workflowId": -1, "jobId": 6}, {"startTime": 241621, "endTime": 255868, "taskId": 3, "workflowId": -1, "jobId": 5}, {"startTime": 255868, "endTime": 267570, "taskId": 2, "workflowId": -1, "jobId": 6}, {"startTime": 267570, "endTime": 278878, "taskId": 5, "workflowId": -1, "jobId": 5}, {"startTime": 278878, "endTime": 293125, "taskId": 3, "workflowId": -1, "jobId": 6}, {"startTime": 293125, "endTime": 303437, "taskId": 4, "workflowId": -1, "jobId": 9}, {"startTime": 303437, "endTime": 314745, "taskId": 5, "workflowId": -1, "jobId": 6}, {"startTime": 314745, "endTime": 328195, "taskId": 0, "workflowId": -1, "jobId": 9}, {"startTime": 328195, "endTime": 342442, "taskId": 3, "workflowId": -1, "jobId": 7}, {"startTime": 342442, "endTime": 352754, "taskId": 4, "workflowId": -1, "jobId": 11}, {"startTime": 352754, "endTime": 362834, "taskId": 1, "workflowId": -1, "jobId": 9}, {"startTime": 362834, "endTime": 377081, "taskId": 3, "workflowId": -1, "jobId": 8}, {"startTime": 377081, "endTime": 387393, "taskId": 4, "workflowId": -1, "jobId": 12}, {"startTime": 387393, "endTime": 397473, "taskId": 1, "workflowId": -1, "jobId": 10}, {"startTime": 397473, "endTime": 411720, "taskId": 3, "workflowId": -1, "jobId": 9}, {"startTime": 411720, "endTime": 422032, "taskId": 4, "workflowId": -1, "jobId": 13}, {"startTime": 422032, "endTime": 432112, "taskId": 1, "workflowId": -1, "jobId": 11}, {"startTime": 432112, "endTime": 443420, "taskId": 5, "workflowId": -1, "jobId": 9}, {"startTime": 443420, "endTime": 457667, "taskId": 3, "workflowId": -1, "jobId": 10}, {"startTime": 457667, "endTime": 467747, "taskId": 1, "workflowId": -1, "jobId": 12}, {"startTime": 467747, "endTime": 479449, "taskId": 0, "workflowId": -1, "jobId": 14}, {"startTime": 479449, "endTime": 481197, "taskId": 0, "workflowId": -1, "jobId": 14}, {"startTime": 481197, "endTime": 492505, "taskId": 5, "workflowId": -1, "jobId": 10}, {"startTime": 492505, "endTime": 502585, "taskId": 1, "workflowId": -1, "jobId": 13}, {"startTime": 502585, "endTime": 512897, "taskId": 4, "workflowId": -1, "jobId": 16}, {"startTime": 512897, "endTime": 524599, "taskId": 2, "workflowId": -1, "jobId": 13}, {"startTime": 524599, "endTime": 538846, "taskId": 3, "workflowId": -1, "jobId": 12}, {"startTime": 538846, "endTime": 552296, "taskId": 0, "workflowId": -1, "jobId": 16}, {"startTime": 552296, "endTime": 563998, "taskId": 2, "workflowId": -1, "jobId": 14}, {"startTime": 563998, "endTime": 578245, "taskId": 3, "workflowId": -1, "jobId": 13}, {"startTime": 578245, "endTime": 591695, "taskId": 0, "workflowId": -1, "jobId": 17}]}]