[{"frequency": 1.5, "activePower": 8, "idlePower": 2.7, "memory": 2, "allocations": [{"startTime": 25293, "endTime": 28140, "taskId": 0, "workflowId": 2, "jobId": -1}, {"startTime": 28140, "endTime": 30078, "taskId": 6, "workflowId": 2, "jobId": -1}, {"startTime": 41964, "endTime": 43538, "taskId": 9, "workflowId": 2, "jobId": -1}, {"startTime": 49283, "endTime": 50851, "taskId": 17, "workflowId": 2, "jobId": -1}, {"startTime": 51595, "endTime": 53889, "taskId": 20, "workflowId": 2, "jobId": -1}, {"startTime": 54179, "endTime": 55858, "taskId": 21, "workflowId": 2, "jobId": -1}, {"startTime": 55858, "endTime": 55861, "taskId": 22, "workflowId": 2, "jobId": -1}, {"startTime": 55861, "endTime": 56201, "taskId": 24, "workflowId": 2, "jobId": -1}, {"startTime": 56201, "endTime": 59067, "taskId": 1, "workflowId": 1, "jobId": -1}, {"startTime": 65220, "endTime": 65934, "taskId": 5, "workflowId": 1, "jobId": -1}, {"startTime": 70187, "endTime": 73125, "taskId": 27, "workflowId": 2, "jobId": -1}, {"startTime": 74539, "endTime": 76415, "taskId": 0, "workflowId": 0, "jobId": -1}, {"startTime": 76415, "endTime": 77672, "taskId": 4, "workflowId": 0, "jobId": -1}, {"startTime": 77672, "endTime": 79547, "taskId": 3, "workflowId": 0, "jobId": -1}, {"startTime": 79547, "endTime": 82173, "taskId": 6, "workflowId": 0, "jobId": -1}, {"startTime": 82173, "endTime": 82354, "taskId": 11, "workflowId": 0, "jobId": -1}, {"startTime": 82354, "endTime": 84030, "taskId": 9, "workflowId": 0, "jobId": -1}, {"startTime": 84030, "endTime": 84563, "taskId": 10, "workflowId": 0, "jobId": -1}, {"startTime": 84563, "endTime": 86304, "taskId": 10, "workflowId": 0, "jobId": -1}, {"startTime": 86304, "endTime": 86861, "taskId": 10, "workflowId": 0, "jobId": -1}, {"startTime": 86861, "endTime": 87698, "taskId": 12, "workflowId": 0, "jobId": -1}, {"startTime": 87698, "endTime": 88644, "taskId": 18, "workflowId": 0, "jobId": -1}, {"startTime": 89553, "endTime": 92801, "taskId": 7, "workflowId": 0, "jobId": -1}, {"startTime": 92801, "endTime": 93648, "taskId": 14, "workflowId": 0, "jobId": -1}, {"startTime": 93648, "endTime": 95503, "taskId": 13, "workflowId": 0, "jobId": -1}, {"startTime": 95503, "endTime": 96310, "taskId": 14, "workflowId": 0, "jobId": -1}, {"startTime": 96310, "endTime": 98091, "taskId": 23, "workflowId": 0, "jobId": -1}, {"startTime": 98091, "endTime": 98967, "taskId": 22, "workflowId": 0, "jobId": -1}, {"startTime": 98967, "endTime": 100824, "taskId": 22, "workflowId": 0, "jobId": -1}, {"startTime": 100824, "endTime": 103874, "taskId": 26, "workflowId": 0, "jobId": -1}, {"startTime": 103874, "endTime": 106190, "taskId": 27, "workflowId": 0, "jobId": -1}, {"startTime": 106190, "endTime": 108964, "taskId": 28, "workflowId": 0, "jobId": -1}, {"startTime": 108964, "endTime": 109369, "taskId": 27, "workflowId": 1, "jobId": -1}, {"startTime": 109369, "endTime": 112496, "taskId": 31, "workflowId": 0, "jobId": -1}, {"startTime": 116113, "endTime": 117869, "taskId": 25, "workflowId": 3, "jobId": -1}, {"startTime": 118109, "endTime": 120827, "taskId": 28, "workflowId": 3, "jobId": -1}]}, {"frequency": 1.5, "activePower": 8, "idlePower": 2.7, "memory": 2, "allocations": [{"startTime": 25103, "endTime": 40045, "taskId": 0, "workflowId": -1, "jobId": 0}, {"startTime": 40045, "endTime": 50254, "taskId": 1, "workflowId": -1, "jobId": 0}, {"startTime": 51115, "endTime": 61250, "taskId": 3, "workflowId": -1, "jobId": 1}, {"startTime": 61297, "endTime": 66329, "taskId": 2, "workflowId": -1, "jobId": 1}, {"startTime": 66329, "endTime": 71845, "taskId": 0, "workflowId": -1, "jobId": 2}, {"startTime": 71845, "endTime": 81271, "taskId": 0, "workflowId": -1, "jobId": 2}, {"startTime": 81271, "endTime": 86942, "taskId": 5, "workflowId": -1, "jobId": 2}, {"startTime": 86942, "endTime": 101884, "taskId": 0, "workflowId": -1, "jobId": 3}, {"startTime": 101884, "endTime": 101921, "taskId": 5, "workflowId": -1, "jobId": 2}, {"startTime": 101921, "endTime": 103139, "taskId": 1, "workflowId": -1, "jobId": 2}, {"startTime": 103139, "endTime": 107555, "taskId": 3, "workflowId": -1, "jobId": 3}, {"startTime": 107555, "endTime": 113274, "taskId": 0, "workflowId": -1, "jobId": 4}, {"startTime": 113274, "endTime": 122497, "taskId": 0, "workflowId": -1, "jobId": 4}, {"startTime": 122497, "endTime": 124210, "taskId": 5, "workflowId": -1, "jobId": 2}, {"startTime": 124210, "endTime": 128168, "taskId": 10, "workflowId": -1, "jobId": 3}, {"startTime": 128168, "endTime": 143110, "taskId": 0, "workflowId": -1, "jobId": 5}, {"startTime": 143110, "endTime": 148622, "taskId": 1, "workflowId": -1, "jobId": 3}, {"startTime": 148622, "endTime": 148781, "taskId": 1, "workflowId": -1, "jobId": 3}, {"startTime": 148781, "endTime": 153319, "taskId": 0, "workflowId": -1, "jobId": 6}, {"startTime": 153319, "endTime": 163723, "taskId": 0, "workflowId": -1, "jobId": 6}, {"startTime": 163723, "endTime": 168444, "taskId": 7, "workflowId": -1, "jobId": 3}, {"startTime": 169394, "endTime": 184336, "taskId": 0, "workflowId": -1, "jobId": 7}, {"startTime": 184336, "endTime": 185135, "taskId": 1, "workflowId": -1, "jobId": 4}, {"startTime": 185135, "endTime": 190007, "taskId": 1, "workflowId": -1, "jobId": 4}, {"startTime": 190007, "endTime": 204949, "taskId": 0, "workflowId": -1, "jobId": 8}, {"startTime": 206073, "endTime": 207187, "taskId": 2, "workflowId": -1, "jobId": 5}, {"startTime": 207187, "endTime": 210620, "taskId": 3, "workflowId": -1, "jobId": 7}, {"startTime": 210620, "endTime": 225562, "taskId": 0, "workflowId": -1, "jobId": 9}, {"startTime": 225562, "endTime": 231233, "taskId": 5, "workflowId": -1, "jobId": 7}, {"startTime": 231233, "endTime": 241102, "taskId": 0, "workflowId": -1, "jobId": 10}, {"startTime": 241102, "endTime": 246175, "taskId": 0, "workflowId": -1, "jobId": 10}, {"startTime": 246175, "endTime": 251846, "taskId": 5, "workflowId": -1, "jobId": 7}, {"startTime": 251846, "endTime": 266788, "taskId": 0, "workflowId": -1, "jobId": 11}, {"startTime": 266788, "endTime": 272459, "taskId": 1, "workflowId": -1, "jobId": 6}, {"startTime": 272459, "endTime": 287401, "taskId": 0, "workflowId": -1, "jobId": 12}, {"startTime": 287401, "endTime": 291187, "taskId": 2, "workflowId": -1, "jobId": 7}, {"startTime": 291187, "endTime": 293072, "taskId": 5, "workflowId": -1, "jobId": 9}, {"startTime": 293072, "endTime": 308014, "taskId": 0, "workflowId": -1, "jobId": 13}, {"startTime": 308014, "endTime": 311235, "taskId": 14, "workflowId": -1, "jobId": 4}, {"startTime": 311235, "endTime": 313685, "taskId": 3, "workflowId": -1, "jobId": 11}, {"startTime": 313685, "endTime": 328627, "taskId": 0, "workflowId": -1, "jobId": 14}, {"startTime": 328627, "endTime": 331933, "taskId": 5, "workflowId": -1, "jobId": 9}, {"startTime": 332375, "endTime": 334298, "taskId": 1, "workflowId": -1, "jobId": 8}, {"startTime": 334298, "endTime": 349240, "taskId": 0, "workflowId": -1, "jobId": 15}, {"startTime": 349240, "endTime": 350849, "taskId": 14, "workflowId": -1, "jobId": 4}, {"startTime": 350849, "endTime": 354911, "taskId": 2, "workflowId": -1, "jobId": 9}, {"startTime": 354911, "endTime": 369853, "taskId": 0, "workflowId": -1, "jobId": 16}, {"startTime": 369853, "endTime": 370784, "taskId": 11, "workflowId": -1, "jobId": 5}, {"startTime": 370784, "endTime": 375524, "taskId": 1, "workflowId": -1, "jobId": 9}, {"startTime": 375524, "endTime": 390466, "taskId": 0, "workflowId": -1, "jobId": 17}, {"startTime": 390466, "endTime": 396137, "taskId": 2, "workflowId": -1, "jobId": 10}, {"startTime": 396137, "endTime": 398786, "taskId": 0, "workflowId": -1, "jobId": 18}, {"startTime": 398786, "endTime": 411079, "taskId": 0, "workflowId": -1, "jobId": 18}, {"startTime": 411079, "endTime": 415283, "taskId": 8, "workflowId": -1, "jobId": 5}, {"startTime": 415283, "endTime": 416750, "taskId": 3, "workflowId": -1, "jobId": 15}, {"startTime": 416750, "endTime": 425418, "taskId": 0, "workflowId": -1, "jobId": 19}, {"startTime": 425418, "endTime": 431692, "taskId": 0, "workflowId": -1, "jobId": 19}, {"startTime": 431692, "endTime": 434986, "taskId": 8, "workflowId": -1, "jobId": 5}, {"startTime": 437363, "endTime": 452305, "taskId": 0, "workflowId": -1, "jobId": 20}, {"startTime": 452305, "endTime": 457724, "taskId": 4, "workflowId": -1, "jobId": 9}, {"startTime": 457976, "endTime": 472918, "taskId": 0, "workflowId": -1, "jobId": 21}, {"startTime": 472918, "endTime": 477798, "taskId": 2, "workflowId": -1, "jobId": 12}, {"startTime": 478589, "endTime": 493531, "taskId": 0, "workflowId": -1, "jobId": 22}]}, {"frequency": 1.5, "activePower": 8, "idlePower": 2.7, "memory": 2, "allocations": [{"startTime": 41964, "endTime": 44070, "taskId": 12, "workflowId": 2, "jobId": -1}, {"startTime": 55862, "endTime": 56202, "taskId": 22, "workflowId": 2, "jobId": -1}, {"startTime": 56202, "endTime": 57726, "taskId": 24, "workflowId": 2, "jobId": -1}, {"startTime": 57726, "endTime": 60401, "taskId": 22, "workflowId": 2, "jobId": -1}, {"startTime": 70187, "endTime": 73501, "taskId": 28, "workflowId": 2, "jobId": -1}, {"startTime": 76415, "endTime": 76416, "taskId": 3, "workflowId": 0, "jobId": -1}, {"startTime": 76416, "endTime": 77923, "taskId": 1, "workflowId": 0, "jobId": -1}, {"startTime": 77923, "endTime": 78291, "taskId": 8, "workflowId": 0, "jobId": -1}, {"startTime": 78291, "endTime": 79161, "taskId": 8, "workflowId": 0, "jobId": -1}, {"startTime": 79161, "endTime": 81116, "taskId": 2, "workflowId": 0, "jobId": -1}, {"startTime": 81116, "endTime": 82354, "taskId": 2, "workflowId": 0, "jobId": -1}, {"startTime": 82354, "endTime": 82355, "taskId": 10, "workflowId": 0, "jobId": -1}, {"startTime": 82355, "endTime": 84095, "taskId": 11, "workflowId": 0, "jobId": -1}, {"startTime": 84095, "endTime": 84564, "taskId": 11, "workflowId": 0, "jobId": -1}, {"startTime": 84564, "endTime": 85186, "taskId": 5, "workflowId": 0, "jobId": -1}, {"startTime": 85186, "endTime": 86305, "taskId": 5, "workflowId": 0, "jobId": -1}, {"startTime": 86305, "endTime": 87532, "taskId": 15, "workflowId": 0, "jobId": -1}, {"startTime": 87532, "endTime": 88434, "taskId": 17, "workflowId": 0, "jobId": -1}, {"startTime": 88434, "endTime": 88564, "taskId": 17, "workflowId": 0, "jobId": -1}, {"startTime": 89043, "endTime": 89553, "taskId": 27, "workflowId": 1, "jobId": -1}, {"startTime": 89553, "endTime": 92289, "taskId": 16, "workflowId": 0, "jobId": -1}, {"startTime": 92289, "endTime": 93648, "taskId": 13, "workflowId": 0, "jobId": -1}, {"startTime": 93648, "endTime": 94524, "taskId": 21, "workflowId": 0, "jobId": -1}, {"startTime": 94524, "endTime": 94840, "taskId": 21, "workflowId": 0, "jobId": -1}, {"startTime": 94840, "endTime": 95503, "taskId": 23, "workflowId": 0, "jobId": -1}, {"startTime": 95503, "endTime": 97284, "taskId": 19, "workflowId": 0, "jobId": -1}, {"startTime": 97284, "endTime": 97452, "taskId": 19, "workflowId": 0, "jobId": -1}, {"startTime": 97452, "endTime": 98160, "taskId": 24, "workflowId": 0, "jobId": -1}, {"startTime": 98160, "endTime": 98517, "taskId": 24, "workflowId": 0, "jobId": -1}, {"startTime": 98517, "endTime": 100185, "taskId": 20, "workflowId": 0, "jobId": -1}, {"startTime": 100185, "endTime": 101653, "taskId": 20, "workflowId": 0, "jobId": -1}, {"startTime": 101653, "endTime": 104759, "taskId": 25, "workflowId": 0, "jobId": -1}, {"startTime": 104759, "endTime": 106643, "taskId": 29, "workflowId": 0, "jobId": -1}, {"startTime": 106643, "endTime": 109369, "taskId": 30, "workflowId": 0, "jobId": -1}, {"startTime": 109369, "endTime": 109840, "taskId": 27, "workflowId": 1, "jobId": -1}]}, {"frequency": 1.5, "activePower": 8, "idlePower": 2.7, "memory": 2, "allocations": [{"startTime": 25103, "endTime": 35238, "taskId": 3, "workflowId": -1, "jobId": 0}, {"startTime": 35238, "endTime": 45786, "taskId": 2, "workflowId": -1, "jobId": 0}, {"startTime": 45786, "endTime": 60728, "taskId": 0, "workflowId": -1, "jobId": 1}, {"startTime": 63512, "endTime": 66330, "taskId": 1, "workflowId": -1, "jobId": 1}, {"startTime": 66330, "endTime": 71846, "taskId": 2, "workflowId": -1, "jobId": 1}, {"startTime": 71846, "endTime": 79237, "taskId": 1, "workflowId": -1, "jobId": 1}, {"startTime": 79237, "endTime": 89372, "taskId": 3, "workflowId": -1, "jobId": 2}, {"startTime": 89372, "endTime": 97491, "taskId": 5, "workflowId": -1, "jobId": 2}, {"startTime": 97491, "endTime": 99241, "taskId": 2, "workflowId": -1, "jobId": 2}, {"startTime": 99241, "endTime": 107555, "taskId": 2, "workflowId": -1, "jobId": 2}, {"startTime": 107555, "endTime": 108039, "taskId": 3, "workflowId": -1, "jobId": 3}, {"startTime": 108039, "endTime": 113274, "taskId": 3, "workflowId": -1, "jobId": 3}, {"startTime": 113274, "endTime": 113758, "taskId": 2, "workflowId": -1, "jobId": 2}, {"startTime": 113758, "endTime": 122749, "taskId": 1, "workflowId": -1, "jobId": 2}, {"startTime": 122749, "endTime": 129151, "taskId": 7, "workflowId": -1, "jobId": 3}, {"startTime": 129151, "endTime": 134663, "taskId": 3, "workflowId": -1, "jobId": 4}, {"startTime": 134663, "endTime": 139286, "taskId": 3, "workflowId": -1, "jobId": 4}, {"startTime": 139286, "endTime": 149834, "taskId": 2, "workflowId": -1, "jobId": 3}, {"startTime": 149834, "endTime": 154372, "taskId": 1, "workflowId": -1, "jobId": 3}, {"startTime": 154372, "endTime": 155163, "taskId": 7, "workflowId": -1, "jobId": 3}, {"startTime": 155163, "endTime": 159884, "taskId": 3, "workflowId": -1, "jobId": 5}, {"startTime": 159884, "endTime": 165298, "taskId": 3, "workflowId": -1, "jobId": 5}, {"startTime": 165298, "endTime": 169879, "taskId": 10, "workflowId": -1, "jobId": 3}, {"startTime": 169879, "endTime": 180427, "taskId": 2, "workflowId": -1, "jobId": 4}, {"startTime": 180427, "endTime": 181175, "taskId": 1, "workflowId": -1, "jobId": 4}, {"startTime": 181175, "endTime": 181226, "taskId": 3, "workflowId": -1, "jobId": 6}, {"startTime": 181226, "endTime": 191310, "taskId": 3, "workflowId": -1, "jobId": 6}, {"startTime": 191310, "endTime": 195100, "taskId": 1, "workflowId": -1, "jobId": 4}, {"startTime": 195100, "endTime": 195899, "taskId": 10, "workflowId": -1, "jobId": 3}, {"startTime": 207187, "endTime": 210620, "taskId": 2, "workflowId": -1, "jobId": 5}, {"startTime": 210620, "endTime": 217322, "taskId": 3, "workflowId": -1, "jobId": 7}, {"startTime": 217322, "endTime": 223323, "taskId": 2, "workflowId": -1, "jobId": 5}, {"startTime": 223323, "endTime": 233532, "taskId": 1, "workflowId": -1, "jobId": 5}, {"startTime": 233532, "endTime": 243667, "taskId": 3, "workflowId": -1, "jobId": 8}, {"startTime": 243667, "endTime": 254215, "taskId": 2, "workflowId": -1, "jobId": 6}, {"startTime": 254215, "endTime": 255557, "taskId": 5, "workflowId": -1, "jobId": 7}, {"startTime": 255557, "endTime": 259211, "taskId": 1, "workflowId": -1, "jobId": 6}, {"startTime": 259211, "endTime": 265766, "taskId": 3, "workflowId": -1, "jobId": 9}, {"startTime": 265766, "endTime": 269346, "taskId": 3, "workflowId": -1, "jobId": 9}, {"startTime": 269346, "endTime": 272202, "taskId": 5, "workflowId": -1, "jobId": 7}, {"startTime": 272202, "endTime": 272459, "taskId": 14, "workflowId": -1, "jobId": 4}, {"startTime": 272459, "endTime": 273343, "taskId": 1, "workflowId": -1, "jobId": 6}, {"startTime": 273343, "endTime": 276230, "taskId": 14, "workflowId": -1, "jobId": 4}, {"startTime": 276230, "endTime": 278461, "taskId": 5, "workflowId": -1, "jobId": 9}, {"startTime": 278461, "endTime": 285223, "taskId": 2, "workflowId": -1, "jobId": 7}, {"startTime": 285223, "endTime": 289009, "taskId": 3, "workflowId": -1, "jobId": 10}, {"startTime": 289009, "endTime": 295358, "taskId": 3, "workflowId": -1, "jobId": 10}, {"startTime": 295358, "endTime": 298347, "taskId": 1, "workflowId": -1, "jobId": 7}, {"startTime": 298347, "endTime": 305567, "taskId": 1, "workflowId": -1, "jobId": 7}, {"startTime": 305567, "endTime": 306782, "taskId": 5, "workflowId": -1, "jobId": 9}, {"startTime": 306782, "endTime": 313685, "taskId": 5, "workflowId": -1, "jobId": 9}, {"startTime": 313685, "endTime": 316991, "taskId": 3, "workflowId": -1, "jobId": 11}, {"startTime": 316991, "endTime": 321370, "taskId": 3, "workflowId": -1, "jobId": 11}, {"startTime": 321370, "endTime": 324676, "taskId": 2, "workflowId": -1, "jobId": 8}, {"startTime": 324676, "endTime": 331918, "taskId": 2, "workflowId": -1, "jobId": 8}, {"startTime": 331918, "endTime": 334298, "taskId": 14, "workflowId": -1, "jobId": 4}, {"startTime": 334298, "endTime": 337247, "taskId": 1, "workflowId": -1, "jobId": 8}, {"startTime": 337247, "endTime": 342584, "taskId": 3, "workflowId": -1, "jobId": 12}, {"startTime": 342584, "endTime": 347382, "taskId": 3, "workflowId": -1, "jobId": 12}, {"startTime": 347382, "endTime": 352719, "taskId": 1, "workflowId": -1, "jobId": 8}, {"startTime": 352719, "endTime": 354038, "taskId": 14, "workflowId": -1, "jobId": 4}, {"startTime": 354911, "endTime": 361397, "taskId": 2, "workflowId": -1, "jobId": 9}, {"startTime": 363259, "endTime": 373394, "taskId": 3, "workflowId": -1, "jobId": 13}, {"startTime": 373394, "endTime": 375524, "taskId": 11, "workflowId": -1, "jobId": 5}, {"startTime": 375524, "endTime": 380993, "taskId": 1, "workflowId": -1, "jobId": 9}, {"startTime": 380993, "endTime": 387043, "taskId": 11, "workflowId": -1, "jobId": 5}, {"startTime": 387043, "endTime": 389271, "taskId": 2, "workflowId": -1, "jobId": 10}, {"startTime": 389271, "endTime": 399406, "taskId": 3, "workflowId": -1, "jobId": 14}, {"startTime": 399406, "endTime": 402055, "taskId": 2, "workflowId": -1, "jobId": 10}, {"startTime": 402055, "endTime": 406605, "taskId": 11, "workflowId": -1, "jobId": 5}, {"startTime": 406605, "endTime": 409193, "taskId": 8, "workflowId": -1, "jobId": 5}, {"startTime": 409193, "endTime": 416750, "taskId": 1, "workflowId": -1, "jobId": 10}, {"startTime": 416750, "endTime": 419402, "taskId": 3, "workflowId": -1, "jobId": 15}, {"startTime": 419402, "endTime": 425418, "taskId": 3, "workflowId": -1, "jobId": 15}, {"startTime": 425418, "endTime": 428070, "taskId": 1, "workflowId": -1, "jobId": 10}, {"startTime": 428070, "endTime": 438618, "taskId": 2, "workflowId": -1, "jobId": 11}, {"startTime": 441295, "endTime": 451430, "taskId": 3, "workflowId": -1, "jobId": 16}, {"startTime": 451430, "endTime": 461639, "taskId": 1, "workflowId": -1, "jobId": 11}, {"startTime": 461639, "endTime": 467307, "taskId": 2, "workflowId": -1, "jobId": 12}, {"startTime": 467307, "endTime": 477442, "taskId": 3, "workflowId": -1, "jobId": 17}]}]