[{"frequency": 1.4, "activePower": 4.5, "idlePower": 2, "memory": 1, "allocations": [{"startTime": 40189, "endTime": 42493, "taskId": 0, "workflowId": 0, "jobId": -1}, {"startTime": 42493, "endTime": 42499, "taskId": 1, "workflowId": 0, "jobId": -1}, {"startTime": 42499, "endTime": 43790, "taskId": 1, "workflowId": 0, "jobId": -1}, {"startTime": 43790, "endTime": 43796, "taskId": 2, "workflowId": 0, "jobId": -1}, {"startTime": 43796, "endTime": 44315, "taskId": 2, "workflowId": 0, "jobId": -1}, {"startTime": 44315, "endTime": 45385, "taskId": 2, "workflowId": 0, "jobId": -1}, {"startTime": 45385, "endTime": 45391, "taskId": 3, "workflowId": 0, "jobId": -1}, {"startTime": 45391, "endTime": 45612, "taskId": 3, "workflowId": 0, "jobId": -1}, {"startTime": 45612, "endTime": 47162, "taskId": 3, "workflowId": 0, "jobId": -1}, {"startTime": 47162, "endTime": 47207, "taskId": 5, "workflowId": 0, "jobId": -1}, {"startTime": 47207, "endTime": 49422, "taskId": 5, "workflowId": 0, "jobId": -1}, {"startTime": 49422, "endTime": 50831, "taskId": 4, "workflowId": 0, "jobId": -1}, {"startTime": 50831, "endTime": 51920, "taskId": 4, "workflowId": 0, "jobId": -1}, {"startTime": 51920, "endTime": 51926, "taskId": 6, "workflowId": 0, "jobId": -1}, {"startTime": 51926, "endTime": 52654, "taskId": 6, "workflowId": 0, "jobId": -1}, {"startTime": 52654, "endTime": 52660, "taskId": 6, "workflowId": 0, "jobId": -1}, {"startTime": 52660, "endTime": 52695, "taskId": 6, "workflowId": 0, "jobId": -1}, {"startTime": 52695, "endTime": 53474, "taskId": 10, "workflowId": 0, "jobId": -1}, {"startTime": 53474, "endTime": 53742, "taskId": 10, "workflowId": 0, "jobId": -1}, {"startTime": 53742, "endTime": 54248, "taskId": 10, "workflowId": 0, "jobId": -1}, {"startTime": 54248, "endTime": 54476, "taskId": 18, "workflowId": 0, "jobId": -1}, {"startTime": 54476, "endTime": 56154, "taskId": 12, "workflowId": 0, "jobId": -1}, {"startTime": 56154, "endTime": 56870, "taskId": 18, "workflowId": 0, "jobId": -1}, {"startTime": 56870, "endTime": 56876, "taskId": 17, "workflowId": 0, "jobId": -1}, {"startTime": 56876, "endTime": 57347, "taskId": 17, "workflowId": 0, "jobId": -1}, {"startTime": 57347, "endTime": 60040, "taskId": 8, "workflowId": 0, "jobId": -1}, {"startTime": 60040, "endTime": 61218, "taskId": 13, "workflowId": 0, "jobId": -1}, {"startTime": 61218, "endTime": 61385, "taskId": 13, "workflowId": 0, "jobId": -1}, {"startTime": 61385, "endTime": 62676, "taskId": 13, "workflowId": 0, "jobId": -1}, {"startTime": 62676, "endTime": 62946, "taskId": 13, "workflowId": 0, "jobId": -1}, {"startTime": 62946, "endTime": 64734, "taskId": 17, "workflowId": 0, "jobId": -1}, {"startTime": 64734, "endTime": 64740, "taskId": 0, "workflowId": 2, "jobId": -1}, {"startTime": 64740, "endTime": 64761, "taskId": 0, "workflowId": 1, "jobId": -1}, {"startTime": 64761, "endTime": 65879, "taskId": 1, "workflowId": 2, "jobId": -1}, {"startTime": 65879, "endTime": 66086, "taskId": 1, "workflowId": -1, "jobId": 1}, {"startTime": 66086, "endTime": 66624, "taskId": 1, "workflowId": -1, "jobId": 1}, {"startTime": 66624, "endTime": 67501, "taskId": 1, "workflowId": -1, "jobId": 1}, {"startTime": 67501, "endTime": 67784, "taskId": 1, "workflowId": -1, "jobId": 1}, {"startTime": 67784, "endTime": 67957, "taskId": 1, "workflowId": -1, "jobId": 1}, {"startTime": 67957, "endTime": 68341, "taskId": 1, "workflowId": -1, "jobId": 1}, {"startTime": 68341, "endTime": 74018, "taskId": 1, "workflowId": -1, "jobId": 1}, {"startTime": 74018, "endTime": 74066, "taskId": 1, "workflowId": -1, "jobId": 1}, {"startTime": 74066, "endTime": 75656, "taskId": 1, "workflowId": -1, "jobId": 1}, {"startTime": 75656, "endTime": 77206, "taskId": 1, "workflowId": -1, "jobId": 1}, {"startTime": 77206, "endTime": 77396, "taskId": 1, "workflowId": -1, "jobId": 1}, {"startTime": 77396, "endTime": 79829, "taskId": 1, "workflowId": -1, "jobId": 1}, {"startTime": 79829, "endTime": 80918, "taskId": 3, "workflowId": 2, "jobId": -1}, {"startTime": 80918, "endTime": 81644, "taskId": 5, "workflowId": 2, "jobId": -1}, {"startTime": 81644, "endTime": 82996, "taskId": 5, "workflowId": 2, "jobId": -1}, {"startTime": 82996, "endTime": 84550, "taskId": 2, "workflowId": 1, "jobId": -1}, {"startTime": 84550, "endTime": 89448, "taskId": 3, "workflowId": -1, "jobId": 1}, {"startTime": 89448, "endTime": 91066, "taskId": 1, "workflowId": -1, "jobId": 2}, {"startTime": 91066, "endTime": 93214, "taskId": 1, "workflowId": -1, "jobId": 2}, {"startTime": 93214, "endTime": 93798, "taskId": 1, "workflowId": -1, "jobId": 2}, {"startTime": 93798, "endTime": 93943, "taskId": 1, "workflowId": -1, "jobId": 2}, {"startTime": 93943, "endTime": 94266, "taskId": 1, "workflowId": -1, "jobId": 2}, {"startTime": 94266, "endTime": 95259, "taskId": 1, "workflowId": -1, "jobId": 2}, {"startTime": 95259, "endTime": 95989, "taskId": 1, "workflowId": -1, "jobId": 2}, {"startTime": 95989, "endTime": 97754, "taskId": 1, "workflowId": -1, "jobId": 2}, {"startTime": 97754, "endTime": 103398, "taskId": 1, "workflowId": -1, "jobId": 2}, {"startTime": 103398, "endTime": 104226, "taskId": 11, "workflowId": 2, "jobId": -1}, {"startTime": 104226, "endTime": 104744, "taskId": 4, "workflowId": 1, "jobId": -1}, {"startTime": 104744, "endTime": 105679, "taskId": 4, "workflowId": 1, "jobId": -1}, {"startTime": 105679, "endTime": 107527, "taskId": 3, "workflowId": 1, "jobId": -1}, {"startTime": 107527, "endTime": 107799, "taskId": 2, "workflowId": -1, "jobId": 2}, {"startTime": 107799, "endTime": 110178, "taskId": 2, "workflowId": -1, "jobId": 2}, {"startTime": 110178, "endTime": 110945, "taskId": 2, "workflowId": -1, "jobId": 2}, {"startTime": 110945, "endTime": 112388, "taskId": 2, "workflowId": -1, "jobId": 2}, {"startTime": 112388, "endTime": 112500, "taskId": 2, "workflowId": -1, "jobId": 2}, {"startTime": 112500, "endTime": 113017, "taskId": 2, "workflowId": -1, "jobId": 2}, {"startTime": 113017, "endTime": 113324, "taskId": 1, "workflowId": -1, "jobId": 3}, {"startTime": 113324, "endTime": 113483, "taskId": 1, "workflowId": -1, "jobId": 3}, {"startTime": 113483, "endTime": 113943, "taskId": 1, "workflowId": -1, "jobId": 3}, {"startTime": 113943, "endTime": 114879, "taskId": 1, "workflowId": -1, "jobId": 3}, {"startTime": 114879, "endTime": 115974, "taskId": 1, "workflowId": -1, "jobId": 3}, {"startTime": 115974, "endTime": 116581, "taskId": 1, "workflowId": -1, "jobId": 3}, {"startTime": 116581, "endTime": 123561, "taskId": 1, "workflowId": -1, "jobId": 3}, {"startTime": 123561, "endTime": 125004, "taskId": 1, "workflowId": -1, "jobId": 3}, {"startTime": 125004, "endTime": 126099, "taskId": 1, "workflowId": -1, "jobId": 3}, {"startTime": 126099, "endTime": 126967, "taskId": 1, "workflowId": -1, "jobId": 3}, {"startTime": 126967, "endTime": 127024, "taskId": 24, "workflowId": 2, "jobId": -1}, {"startTime": 127024, "endTime": 128403, "taskId": 20, "workflowId": 1, "jobId": -1}, {"startTime": 128403, "endTime": 128410, "taskId": 15, "workflowId": 2, "jobId": -1}, {"startTime": 128410, "endTime": 128560, "taskId": 24, "workflowId": 2, "jobId": -1}, {"startTime": 128560, "endTime": 129025, "taskId": 14, "workflowId": 2, "jobId": -1}, {"startTime": 129025, "endTime": 129462, "taskId": 9, "workflowId": 1, "jobId": -1}, {"startTime": 129462, "endTime": 129505, "taskId": 24, "workflowId": 2, "jobId": -1}, {"startTime": 129505, "endTime": 132166, "taskId": 14, "workflowId": 2, "jobId": -1}, {"startTime": 132166, "endTime": 132911, "taskId": 24, "workflowId": 2, "jobId": -1}, {"startTime": 132911, "endTime": 133127, "taskId": 24, "workflowId": 2, "jobId": -1}, {"startTime": 133127, "endTime": 134561, "taskId": 24, "workflowId": 2, "jobId": -1}, {"startTime": 134561, "endTime": 135217, "taskId": 15, "workflowId": 2, "jobId": -1}, {"startTime": 135217, "endTime": 135386, "taskId": 9, "workflowId": 2, "jobId": -1}, {"startTime": 135386, "endTime": 135393, "taskId": 23, "workflowId": 2, "jobId": -1}, {"startTime": 135393, "endTime": 136546, "taskId": 6, "workflowId": -1, "jobId": 1}, {"startTime": 136546, "endTime": 144641, "taskId": 1, "workflowId": -1, "jobId": 4}, {"startTime": 144641, "endTime": 145681, "taskId": 1, "workflowId": -1, "jobId": 4}, {"startTime": 145681, "endTime": 150496, "taskId": 1, "workflowId": -1, "jobId": 4}, {"startTime": 150496, "endTime": 152310, "taskId": 17, "workflowId": 1, "jobId": -1}, {"startTime": 152310, "endTime": 152793, "taskId": 17, "workflowId": 1, "jobId": -1}, {"startTime": 152793, "endTime": 152799, "taskId": 17, "workflowId": 1, "jobId": -1}, {"startTime": 152799, "endTime": 153388, "taskId": 24, "workflowId": 1, "jobId": -1}, {"startTime": 153388, "endTime": 155006, "taskId": 24, "workflowId": 1, "jobId": -1}, {"startTime": 155006, "endTime": 155264, "taskId": 0, "workflowId": -1, "jobId": 4}, {"startTime": 155264, "endTime": 155658, "taskId": 0, "workflowId": -1, "jobId": 4}, {"startTime": 155658, "endTime": 155813, "taskId": 0, "workflowId": -1, "jobId": 4}, {"startTime": 155813, "endTime": 156388, "taskId": 0, "workflowId": -1, "jobId": 4}, {"startTime": 156388, "endTime": 163013, "taskId": 0, "workflowId": -1, "jobId": 4}, {"startTime": 163013, "endTime": 165307, "taskId": 0, "workflowId": -1, "jobId": 4}, {"startTime": 165307, "endTime": 170247, "taskId": 0, "workflowId": -1, "jobId": 4}, {"startTime": 170247, "endTime": 172626, "taskId": 16, "workflowId": 3, "jobId": -1}, {"startTime": 172626, "endTime": 172696, "taskId": 2, "workflowId": -1, "jobId": 4}, {"startTime": 172696, "endTime": 173774, "taskId": 2, "workflowId": -1, "jobId": 4}, {"startTime": 173774, "endTime": 188660, "taskId": 2, "workflowId": -1, "jobId": 4}, {"startTime": 188660, "endTime": 197303, "taskId": 6, "workflowId": -1, "jobId": 2}, {"startTime": 197303, "endTime": 203631, "taskId": 8, "workflowId": -1, "jobId": 2}, {"startTime": 203631, "endTime": 203938, "taskId": 5, "workflowId": -1, "jobId": 4}, {"startTime": 203938, "endTime": 205171, "taskId": 5, "workflowId": -1, "jobId": 4}, {"startTime": 205171, "endTime": 206920, "taskId": 2, "workflowId": -1, "jobId": 5}, {"startTime": 206920, "endTime": 220870, "taskId": 1, "workflowId": -1, "jobId": 7}, {"startTime": 220870, "endTime": 226310, "taskId": 11, "workflowId": -1, "jobId": 5}, {"startTime": 229859, "endTime": 230427, "taskId": 7, "workflowId": -1, "jobId": 4}, {"startTime": 230427, "endTime": 244377, "taskId": 1, "workflowId": -1, "jobId": 8}, {"startTime": 244377, "endTime": 253132, "taskId": 5, "workflowId": -1, "jobId": 5}, {"startTime": 253132, "endTime": 253217, "taskId": 11, "workflowId": -1, "jobId": 6}, {"startTime": 253217, "endTime": 253934, "taskId": 10, "workflowId": -1, "jobId": 4}, {"startTime": 253934, "endTime": 267884, "taskId": 1, "workflowId": -1, "jobId": 9}, {"startTime": 267884, "endTime": 270291, "taskId": 9, "workflowId": -1, "jobId": 4}, {"startTime": 270291, "endTime": 277441, "taskId": 2, "workflowId": -1, "jobId": 7}, {"startTime": 277441, "endTime": 291391, "taskId": 1, "workflowId": -1, "jobId": 10}, {"startTime": 295784, "endTime": 311025, "taskId": 0, "workflowId": -1, "jobId": 9}, {"startTime": 311025, "endTime": 311310, "taskId": 10, "workflowId": -1, "jobId": 5}, {"startTime": 311310, "endTime": 311715, "taskId": 9, "workflowId": -1, "jobId": 5}, {"startTime": 311715, "endTime": 317155, "taskId": 11, "workflowId": -1, "jobId": 8}, {"startTime": 323087, "endTime": 323603, "taskId": 6, "workflowId": -1, "jobId": 4}, {"startTime": 323603, "endTime": 323941, "taskId": 7, "workflowId": -1, "jobId": 6}, {"startTime": 323941, "endTime": 324455, "taskId": 0, "workflowId": -1, "jobId": 10}, {"startTime": 324455, "endTime": 338405, "taskId": 1, "workflowId": -1, "jobId": 12}, {"startTime": 338405, "endTime": 340370, "taskId": 4, "workflowId": -1, "jobId": 4}, {"startTime": 340370, "endTime": 346886, "taskId": 3, "workflowId": -1, "jobId": 9}, {"startTime": 347962, "endTime": 361912, "taskId": 1, "workflowId": -1, "jobId": 13}, {"startTime": 364891, "endTime": 367971, "taskId": 5, "workflowId": -1, "jobId": 8}, {"startTime": 367971, "endTime": 371469, "taskId": 2, "workflowId": -1, "jobId": 10}, {"startTime": 371469, "endTime": 385419, "taskId": 1, "workflowId": -1, "jobId": 14}, {"startTime": 393266, "endTime": 394976, "taskId": 6, "workflowId": -1, "jobId": 5}, {"startTime": 394976, "endTime": 408926, "taskId": 1, "workflowId": -1, "jobId": 15}, {"startTime": 408926, "endTime": 414475, "taskId": 5, "workflowId": -1, "jobId": 9}, {"startTime": 414475, "endTime": 417347, "taskId": 11, "workflowId": -1, "jobId": 11}, {"startTime": 417347, "endTime": 418484, "taskId": 7, "workflowId": -1, "jobId": 8}, {"startTime": 418484, "endTime": 432434, "taskId": 1, "workflowId": -1, "jobId": 16}, {"startTime": 433091, "endTime": 436569, "taskId": 2, "workflowId": -1, "jobId": 12}, {"startTime": 436569, "endTime": 451810, "taskId": 0, "workflowId": -1, "jobId": 14}, {"startTime": 451810, "endTime": 461100, "taskId": 10, "workflowId": -1, "jobId": 8}, {"startTime": 464726, "endTime": 465497, "taskId": 0, "workflowId": -1, "jobId": 15}, {"startTime": 465497, "endTime": 479447, "taskId": 1, "workflowId": -1, "jobId": 18}]}, {"frequency": 1.4, "activePower": 4.5, "idlePower": 2, "memory": 1, "allocations": [{"startTime": 40189, "endTime": 42371, "taskId": 0, "workflowId": 2, "jobId": -1}, {"startTime": 42371, "endTime": 56321, "taskId": 1, "workflowId": -1, "jobId": 0}, {"startTime": 56321, "endTime": 56870, "taskId": 9, "workflowId": 0, "jobId": -1}, {"startTime": 56870, "endTime": 58210, "taskId": 20, "workflowId": 0, "jobId": -1}, {"startTime": 58210, "endTime": 58944, "taskId": 21, "workflowId": 0, "jobId": -1}, {"startTime": 58944, "endTime": 59029, "taskId": 21, "workflowId": 0, "jobId": -1}, {"startTime": 59029, "endTime": 60684, "taskId": 21, "workflowId": 0, "jobId": -1}, {"startTime": 60684, "endTime": 60845, "taskId": 21, "workflowId": 0, "jobId": -1}, {"startTime": 60845, "endTime": 61052, "taskId": 21, "workflowId": 0, "jobId": -1}, {"startTime": 61052, "endTime": 61058, "taskId": 14, "workflowId": 0, "jobId": -1}, {"startTime": 61058, "endTime": 61295, "taskId": 14, "workflowId": 0, "jobId": -1}, {"startTime": 61295, "endTime": 63832, "taskId": 19, "workflowId": 0, "jobId": -1}, {"startTime": 63832, "endTime": 65076, "taskId": 14, "workflowId": 0, "jobId": -1}, {"startTime": 65076, "endTime": 65244, "taskId": 14, "workflowId": 0, "jobId": -1}, {"startTime": 65879, "endTime": 66624, "taskId": 1, "workflowId": 2, "jobId": -1}, {"startTime": 66624, "endTime": 66640, "taskId": 4, "workflowId": -1, "jobId": 0}, {"startTime": 66640, "endTime": 66666, "taskId": 2, "workflowId": 2, "jobId": -1}, {"startTime": 66666, "endTime": 68488, "taskId": 2, "workflowId": 2, "jobId": -1}, {"startTime": 68488, "endTime": 68499, "taskId": 1, "workflowId": 1, "jobId": -1}, {"startTime": 68499, "endTime": 69624, "taskId": 4, "workflowId": 2, "jobId": -1}, {"startTime": 69624, "endTime": 70608, "taskId": 1, "workflowId": 1, "jobId": -1}, {"startTime": 70608, "endTime": 72585, "taskId": 0, "workflowId": -1, "jobId": 1}, {"startTime": 72585, "endTime": 74663, "taskId": 0, "workflowId": -1, "jobId": 1}, {"startTime": 74663, "endTime": 75420, "taskId": 0, "workflowId": -1, "jobId": 1}, {"startTime": 75420, "endTime": 77206, "taskId": 0, "workflowId": -1, "jobId": 1}, {"startTime": 77206, "endTime": 77326, "taskId": 0, "workflowId": -1, "jobId": 1}, {"startTime": 77326, "endTime": 85849, "taskId": 0, "workflowId": -1, "jobId": 1}, {"startTime": 85849, "endTime": 88481, "taskId": 6, "workflowId": -1, "jobId": 0}, {"startTime": 88481, "endTime": 89448, "taskId": 6, "workflowId": -1, "jobId": 0}, {"startTime": 89448, "endTime": 91066, "taskId": 3, "workflowId": -1, "jobId": 1}, {"startTime": 91066, "endTime": 93137, "taskId": 10, "workflowId": 2, "jobId": -1}, {"startTime": 93137, "endTime": 95097, "taskId": 12, "workflowId": 2, "jobId": -1}, {"startTime": 95097, "endTime": 95285, "taskId": 12, "workflowId": 2, "jobId": -1}, {"startTime": 95285, "endTime": 96406, "taskId": 3, "workflowId": 1, "jobId": -1}, {"startTime": 96406, "endTime": 97974, "taskId": 11, "workflowId": 2, "jobId": -1}, {"startTime": 97974, "endTime": 98778, "taskId": 11, "workflowId": 2, "jobId": -1}, {"startTime": 98778, "endTime": 99606, "taskId": 0, "workflowId": -1, "jobId": 2}, {"startTime": 99606, "endTime": 99683, "taskId": 0, "workflowId": -1, "jobId": 2}, {"startTime": 99683, "endTime": 99741, "taskId": 0, "workflowId": -1, "jobId": 2}, {"startTime": 99741, "endTime": 101146, "taskId": 0, "workflowId": -1, "jobId": 2}, {"startTime": 101146, "endTime": 101174, "taskId": 0, "workflowId": -1, "jobId": 2}, {"startTime": 101174, "endTime": 102589, "taskId": 0, "workflowId": -1, "jobId": 2}, {"startTime": 102589, "endTime": 103712, "taskId": 0, "workflowId": -1, "jobId": 2}, {"startTime": 103712, "endTime": 104246, "taskId": 0, "workflowId": -1, "jobId": 2}, {"startTime": 104246, "endTime": 105021, "taskId": 0, "workflowId": -1, "jobId": 2}, {"startTime": 105021, "endTime": 106289, "taskId": 0, "workflowId": -1, "jobId": 2}, {"startTime": 106289, "endTime": 107384, "taskId": 0, "workflowId": -1, "jobId": 2}, {"startTime": 107384, "endTime": 107732, "taskId": 0, "workflowId": -1, "jobId": 2}, {"startTime": 107732, "endTime": 107844, "taskId": 0, "workflowId": -1, "jobId": 2}, {"startTime": 107844, "endTime": 108827, "taskId": 0, "workflowId": -1, "jobId": 2}, {"startTime": 108827, "endTime": 110482, "taskId": 0, "workflowId": -1, "jobId": 2}, {"startTime": 110482, "endTime": 110690, "taskId": 0, "workflowId": -1, "jobId": 2}, {"startTime": 110690, "endTime": 114019, "taskId": 0, "workflowId": -1, "jobId": 2}, {"startTime": 114019, "endTime": 114479, "taskId": 3, "workflowId": -1, "jobId": 2}, {"startTime": 114479, "endTime": 115114, "taskId": 3, "workflowId": -1, "jobId": 2}, {"startTime": 115114, "endTime": 115462, "taskId": 3, "workflowId": -1, "jobId": 2}, {"startTime": 115462, "endTime": 115574, "taskId": 3, "workflowId": -1, "jobId": 2}, {"startTime": 115574, "endTime": 115588, "taskId": 3, "workflowId": -1, "jobId": 2}, {"startTime": 115588, "endTime": 116110, "taskId": 3, "workflowId": -1, "jobId": 2}, {"startTime": 116110, "endTime": 116240, "taskId": 18, "workflowId": 2, "jobId": -1}, {"startTime": 116240, "endTime": 117756, "taskId": 7, "workflowId": -1, "jobId": 1}, {"startTime": 117756, "endTime": 118373, "taskId": 18, "workflowId": 2, "jobId": -1}, {"startTime": 118373, "endTime": 118659, "taskId": 18, "workflowId": 2, "jobId": -1}, {"startTime": 118659, "endTime": 119069, "taskId": 18, "workflowId": 2, "jobId": -1}, {"startTime": 119069, "endTime": 121445, "taskId": 8, "workflowId": 1, "jobId": -1}, {"startTime": 121445, "endTime": 121518, "taskId": 17, "workflowId": 2, "jobId": -1}, {"startTime": 121518, "endTime": 121720, "taskId": 17, "workflowId": 2, "jobId": -1}, {"startTime": 121720, "endTime": 122815, "taskId": 17, "workflowId": 2, "jobId": -1}, {"startTime": 122815, "endTime": 124590, "taskId": 17, "workflowId": 2, "jobId": -1}, {"startTime": 124590, "endTime": 124643, "taskId": 12, "workflowId": 1, "jobId": -1}, {"startTime": 124643, "endTime": 125435, "taskId": 12, "workflowId": 1, "jobId": -1}, {"startTime": 125435, "endTime": 125738, "taskId": 18, "workflowId": 1, "jobId": -1}, {"startTime": 125738, "endTime": 126145, "taskId": 18, "workflowId": 1, "jobId": -1}, {"startTime": 126145, "endTime": 126850, "taskId": 18, "workflowId": 1, "jobId": -1}, {"startTime": 126850, "endTime": 126990, "taskId": 0, "workflowId": -1, "jobId": 3}, {"startTime": 126990, "endTime": 127650, "taskId": 0, "workflowId": -1, "jobId": 3}, {"startTime": 127650, "endTime": 129093, "taskId": 0, "workflowId": -1, "jobId": 3}, {"startTime": 129093, "endTime": 129646, "taskId": 0, "workflowId": -1, "jobId": 3}, {"startTime": 129646, "endTime": 130188, "taskId": 0, "workflowId": -1, "jobId": 3}, {"startTime": 130188, "endTime": 130288, "taskId": 0, "workflowId": -1, "jobId": 3}, {"startTime": 130288, "endTime": 131283, "taskId": 0, "workflowId": -1, "jobId": 3}, {"startTime": 131283, "endTime": 132428, "taskId": 0, "workflowId": -1, "jobId": 3}, {"startTime": 132428, "endTime": 133423, "taskId": 0, "workflowId": -1, "jobId": 3}, {"startTime": 133423, "endTime": 135393, "taskId": 0, "workflowId": -1, "jobId": 3}, {"startTime": 135393, "endTime": 142091, "taskId": 0, "workflowId": -1, "jobId": 3}, {"startTime": 142091, "endTime": 142856, "taskId": 6, "workflowId": -1, "jobId": 1}, {"startTime": 142856, "endTime": 143364, "taskId": 6, "workflowId": -1, "jobId": 1}, {"startTime": 143364, "endTime": 143408, "taskId": 6, "workflowId": -1, "jobId": 1}, {"startTime": 143408, "endTime": 144395, "taskId": 6, "workflowId": -1, "jobId": 1}, {"startTime": 144395, "endTime": 144729, "taskId": 6, "workflowId": -1, "jobId": 1}, {"startTime": 144729, "endTime": 145026, "taskId": 6, "workflowId": -1, "jobId": 1}, {"startTime": 145026, "endTime": 145710, "taskId": 13, "workflowId": 2, "jobId": -1}, {"startTime": 145710, "endTime": 145896, "taskId": 4, "workflowId": -1, "jobId": 1}, {"startTime": 145896, "endTime": 146468, "taskId": 13, "workflowId": 2, "jobId": -1}, {"startTime": 146468, "endTime": 146968, "taskId": 7, "workflowId": -1, "jobId": 2}, {"startTime": 146968, "endTime": 146983, "taskId": 7, "workflowId": -1, "jobId": 2}, {"startTime": 146983, "endTime": 147257, "taskId": 7, "workflowId": -1, "jobId": 2}, {"startTime": 147257, "endTime": 148263, "taskId": 7, "workflowId": -1, "jobId": 2}, {"startTime": 148263, "endTime": 149095, "taskId": 7, "workflowId": -1, "jobId": 2}, {"startTime": 149095, "endTime": 149892, "taskId": 7, "workflowId": -1, "jobId": 2}, {"startTime": 149892, "endTime": 150188, "taskId": 7, "workflowId": -1, "jobId": 2}, {"startTime": 150188, "endTime": 150487, "taskId": 7, "workflowId": -1, "jobId": 2}, {"startTime": 150487, "endTime": 152223, "taskId": 7, "workflowId": -1, "jobId": 2}, {"startTime": 152223, "endTime": 156388, "taskId": 7, "workflowId": -1, "jobId": 2}, {"startTime": 156388, "endTime": 156452, "taskId": 13, "workflowId": 2, "jobId": -1}, {"startTime": 156452, "endTime": 156472, "taskId": 23, "workflowId": 2, "jobId": -1}, {"startTime": 156472, "endTime": 157538, "taskId": 23, "workflowId": 2, "jobId": -1}, {"startTime": 157538, "endTime": 157720, "taskId": 23, "workflowId": 2, "jobId": -1}, {"startTime": 157720, "endTime": 158630, "taskId": 19, "workflowId": 2, "jobId": -1}, {"startTime": 158630, "endTime": 160075, "taskId": 19, "workflowId": 2, "jobId": -1}, {"startTime": 160075, "endTime": 160354, "taskId": 1, "workflowId": -1, "jobId": 5}, {"startTime": 160354, "endTime": 161663, "taskId": 1, "workflowId": -1, "jobId": 5}, {"startTime": 161663, "endTime": 161753, "taskId": 1, "workflowId": -1, "jobId": 5}, {"startTime": 161753, "endTime": 163398, "taskId": 1, "workflowId": -1, "jobId": 5}, {"startTime": 163398, "endTime": 164491, "taskId": 1, "workflowId": -1, "jobId": 5}, {"startTime": 164491, "endTime": 165280, "taskId": 1, "workflowId": -1, "jobId": 5}, {"startTime": 165280, "endTime": 168018, "taskId": 1, "workflowId": -1, "jobId": 5}, {"startTime": 168018, "endTime": 174025, "taskId": 1, "workflowId": -1, "jobId": 5}, {"startTime": 174025, "endTime": 174826, "taskId": 18, "workflowId": 3, "jobId": -1}, {"startTime": 174826, "endTime": 181342, "taskId": 3, "workflowId": -1, "jobId": 4}, {"startTime": 181342, "endTime": 182807, "taskId": 19, "workflowId": 3, "jobId": -1}, {"startTime": 182807, "endTime": 183045, "taskId": 6, "workflowId": -1, "jobId": 2}, {"startTime": 183045, "endTime": 183158, "taskId": 7, "workflowId": -1, "jobId": 3}, {"startTime": 183158, "endTime": 183413, "taskId": 0, "workflowId": -1, "jobId": 5}, {"startTime": 183413, "endTime": 197363, "taskId": 1, "workflowId": -1, "jobId": 6}, {"startTime": 197363, "endTime": 198571, "taskId": 9, "workflowId": -1, "jobId": 2}, {"startTime": 198571, "endTime": 203421, "taskId": 9, "workflowId": -1, "jobId": 2}, {"startTime": 203421, "endTime": 203631, "taskId": 10, "workflowId": -1, "jobId": 3}, {"startTime": 203631, "endTime": 203938, "taskId": 8, "workflowId": -1, "jobId": 2}, {"startTime": 203938, "endTime": 205171, "taskId": 23, "workflowId": 3, "jobId": -1}, {"startTime": 205171, "endTime": 206920, "taskId": 5, "workflowId": -1, "jobId": 4}, {"startTime": 206920, "endTime": 221205, "taskId": 2, "workflowId": -1, "jobId": 5}, {"startTime": 221205, "endTime": 222707, "taskId": 23, "workflowId": 3, "jobId": -1}, {"startTime": 222707, "endTime": 230427, "taskId": 9, "workflowId": -1, "jobId": 3}, {"startTime": 230427, "endTime": 237731, "taskId": 7, "workflowId": -1, "jobId": 4}, {"startTime": 237731, "endTime": 239470, "taskId": 2, "workflowId": -1, "jobId": 6}, {"startTime": 239470, "endTime": 254711, "taskId": 0, "workflowId": -1, "jobId": 7}, {"startTime": 254711, "endTime": 259064, "taskId": 9, "workflowId": -1, "jobId": 4}, {"startTime": 259064, "endTime": 267627, "taskId": 4, "workflowId": -1, "jobId": 3}, {"startTime": 267627, "endTime": 282868, "taskId": 0, "workflowId": -1, "jobId": 8}, {"startTime": 282868, "endTime": 284261, "taskId": 8, "workflowId": -1, "jobId": 3}, {"startTime": 284261, "endTime": 293016, "taskId": 5, "workflowId": -1, "jobId": 6}, {"startTime": 300948, "endTime": 314898, "taskId": 1, "workflowId": -1, "jobId": 11}, {"startTime": 323603, "endTime": 323941, "taskId": 6, "workflowId": -1, "jobId": 4}, {"startTime": 323941, "endTime": 324455, "taskId": 7, "workflowId": -1, "jobId": 6}, {"startTime": 324455, "endTime": 339182, "taskId": 0, "workflowId": -1, "jobId": 10}, {"startTime": 339182, "endTime": 340370, "taskId": 9, "workflowId": -1, "jobId": 5}, {"startTime": 340370, "endTime": 340417, "taskId": 4, "workflowId": -1, "jobId": 4}, {"startTime": 340417, "endTime": 345997, "taskId": 4, "workflowId": -1, "jobId": 4}, {"startTime": 345997, "endTime": 351131, "taskId": 10, "workflowId": -1, "jobId": 6}, {"startTime": 351131, "endTime": 352098, "taskId": 8, "workflowId": -1, "jobId": 4}, {"startTime": 352098, "endTime": 367339, "taskId": 0, "workflowId": -1, "jobId": 11}, {"startTime": 367971, "endTime": 371469, "taskId": 5, "workflowId": -1, "jobId": 8}, {"startTime": 371469, "endTime": 384005, "taskId": 2, "workflowId": -1, "jobId": 10}, {"startTime": 385077, "endTime": 394976, "taskId": 10, "workflowId": -1, "jobId": 7}, {"startTime": 394976, "endTime": 400531, "taskId": 6, "workflowId": -1, "jobId": 5}, {"startTime": 400531, "endTime": 416565, "taskId": 2, "workflowId": -1, "jobId": 11}, {"startTime": 416565, "endTime": 417347, "taskId": 9, "workflowId": -1, "jobId": 7}, {"startTime": 417347, "endTime": 418484, "taskId": 11, "workflowId": -1, "jobId": 11}, {"startTime": 418484, "endTime": 427692, "taskId": 7, "workflowId": -1, "jobId": 8}, {"startTime": 434035, "endTime": 436569, "taskId": 10, "workflowId": -1, "jobId": 8}, {"startTime": 436569, "endTime": 441990, "taskId": 2, "workflowId": -1, "jobId": 12}, {"startTime": 441990, "endTime": 455940, "taskId": 1, "workflowId": -1, "jobId": 17}, {"startTime": 465497, "endTime": 479968, "taskId": 0, "workflowId": -1, "jobId": 15}]}, {"frequency": 1.4, "activePower": 4.5, "idlePower": 2, "memory": 1, "allocations": [{"startTime": 41203, "endTime": 42371, "taskId": 0, "workflowId": 1, "jobId": -1}, {"startTime": 42371, "endTime": 57612, "taskId": 0, "workflowId": -1, "jobId": 0}, {"startTime": 57612, "endTime": 58346, "taskId": 9, "workflowId": 0, "jobId": -1}, {"startTime": 58346, "endTime": 59771, "taskId": 9, "workflowId": 0, "jobId": -1}, {"startTime": 59771, "endTime": 60505, "taskId": 11, "workflowId": 0, "jobId": -1}, {"startTime": 60505, "endTime": 60984, "taskId": 7, "workflowId": 0, "jobId": -1}, {"startTime": 60984, "endTime": 61426, "taskId": 7, "workflowId": 0, "jobId": -1}, {"startTime": 61426, "endTime": 62245, "taskId": 7, "workflowId": 0, "jobId": -1}, {"startTime": 62245, "endTime": 63012, "taskId": 7, "workflowId": 0, "jobId": -1}, {"startTime": 63012, "endTime": 63140, "taskId": 7, "workflowId": 0, "jobId": -1}, {"startTime": 63140, "endTime": 65186, "taskId": 15, "workflowId": 0, "jobId": -1}, {"startTime": 65186, "endTime": 66861, "taskId": 0, "workflowId": 1, "jobId": -1}, {"startTime": 66861, "endTime": 66981, "taskId": 0, "workflowId": 1, "jobId": -1}, {"startTime": 66981, "endTime": 67957, "taskId": 5, "workflowId": -1, "jobId": 0}, {"startTime": 67957, "endTime": 74943, "taskId": 5, "workflowId": -1, "jobId": 0}, {"startTime": 74943, "endTime": 75735, "taskId": 2, "workflowId": -1, "jobId": 1}, {"startTime": 75735, "endTime": 77012, "taskId": 2, "workflowId": -1, "jobId": 1}, {"startTime": 77012, "endTime": 77206, "taskId": 2, "workflowId": -1, "jobId": 1}, {"startTime": 77206, "endTime": 87357, "taskId": 2, "workflowId": -1, "jobId": 1}, {"startTime": 87357, "endTime": 88481, "taskId": 2, "workflowId": -1, "jobId": 1}, {"startTime": 88481, "endTime": 90977, "taskId": 2, "workflowId": -1, "jobId": 1}, {"startTime": 90977, "endTime": 92297, "taskId": 4, "workflowId": -1, "jobId": 0}, {"startTime": 92297, "endTime": 93049, "taskId": 4, "workflowId": -1, "jobId": 0}, {"startTime": 93049, "endTime": 96647, "taskId": 4, "workflowId": -1, "jobId": 0}, {"startTime": 96647, "endTime": 97612, "taskId": 4, "workflowId": 1, "jobId": -1}, {"startTime": 97612, "endTime": 104244, "taskId": 8, "workflowId": -1, "jobId": 0}, {"startTime": 104244, "endTime": 104623, "taskId": 6, "workflowId": 2, "jobId": -1}, {"startTime": 104623, "endTime": 107498, "taskId": 6, "workflowId": 2, "jobId": -1}, {"startTime": 107498, "endTime": 107730, "taskId": 6, "workflowId": 2, "jobId": -1}, {"startTime": 107730, "endTime": 107885, "taskId": 8, "workflowId": 2, "jobId": -1}, {"startTime": 107885, "endTime": 108593, "taskId": 6, "workflowId": 1, "jobId": -1}, {"startTime": 108593, "endTime": 108941, "taskId": 3, "workflowId": -1, "jobId": 2}, {"startTime": 108941, "endTime": 109053, "taskId": 3, "workflowId": -1, "jobId": 2}, {"startTime": 109053, "endTime": 110036, "taskId": 3, "workflowId": -1, "jobId": 2}, {"startTime": 110036, "endTime": 110136, "taskId": 3, "workflowId": -1, "jobId": 2}, {"startTime": 110136, "endTime": 112756, "taskId": 3, "workflowId": -1, "jobId": 2}, {"startTime": 112756, "endTime": 112984, "taskId": 3, "workflowId": -1, "jobId": 2}, {"startTime": 112984, "endTime": 113017, "taskId": 3, "workflowId": -1, "jobId": 2}, {"startTime": 113017, "endTime": 113666, "taskId": 2, "workflowId": -1, "jobId": 2}, {"startTime": 113666, "endTime": 114049, "taskId": 2, "workflowId": -1, "jobId": 2}, {"startTime": 114049, "endTime": 114798, "taskId": 2, "workflowId": -1, "jobId": 2}, {"startTime": 114798, "endTime": 115109, "taskId": 2, "workflowId": -1, "jobId": 2}, {"startTime": 115109, "endTime": 116045, "taskId": 2, "workflowId": -1, "jobId": 2}, {"startTime": 116045, "endTime": 116129, "taskId": 2, "workflowId": -1, "jobId": 2}, {"startTime": 116129, "endTime": 117572, "taskId": 2, "workflowId": -1, "jobId": 2}, {"startTime": 117572, "endTime": 117829, "taskId": 2, "workflowId": -1, "jobId": 2}, {"startTime": 117829, "endTime": 118791, "taskId": 2, "workflowId": -1, "jobId": 2}, {"startTime": 118791, "endTime": 119190, "taskId": 2, "workflowId": -1, "jobId": 2}, {"startTime": 119190, "endTime": 122149, "taskId": 2, "workflowId": -1, "jobId": 2}, {"startTime": 122149, "endTime": 122315, "taskId": 2, "workflowId": -1, "jobId": 2}, {"startTime": 122315, "endTime": 123410, "taskId": 2, "workflowId": -1, "jobId": 2}, {"startTime": 123410, "endTime": 123560, "taskId": 2, "workflowId": -1, "jobId": 2}, {"startTime": 123560, "endTime": 123592, "taskId": 20, "workflowId": 2, "jobId": -1}, {"startTime": 123592, "endTime": 124687, "taskId": 20, "workflowId": 2, "jobId": -1}, {"startTime": 124687, "endTime": 124935, "taskId": 20, "workflowId": 2, "jobId": -1}, {"startTime": 124935, "endTime": 125115, "taskId": 9, "workflowId": 1, "jobId": -1}, {"startTime": 125115, "endTime": 125435, "taskId": 18, "workflowId": 1, "jobId": -1}, {"startTime": 125435, "endTime": 126145, "taskId": 12, "workflowId": 1, "jobId": -1}, {"startTime": 126145, "endTime": 126850, "taskId": 9, "workflowId": 1, "jobId": -1}, {"startTime": 126850, "endTime": 126990, "taskId": 18, "workflowId": 1, "jobId": -1}, {"startTime": 126990, "endTime": 127287, "taskId": 16, "workflowId": 1, "jobId": -1}, {"startTime": 127287, "endTime": 128240, "taskId": 9, "workflowId": 1, "jobId": -1}, {"startTime": 128240, "endTime": 128560, "taskId": 9, "workflowId": 1, "jobId": -1}, {"startTime": 128560, "endTime": 128593, "taskId": 9, "workflowId": 1, "jobId": -1}, {"startTime": 128593, "endTime": 128867, "taskId": 9, "workflowId": 1, "jobId": -1}, {"startTime": 128867, "endTime": 128943, "taskId": 9, "workflowId": 1, "jobId": -1}, {"startTime": 128943, "endTime": 129025, "taskId": 9, "workflowId": 1, "jobId": -1}, {"startTime": 129025, "endTime": 129335, "taskId": 16, "workflowId": 1, "jobId": -1}, {"startTime": 129335, "endTime": 130665, "taskId": 16, "workflowId": 1, "jobId": -1}, {"startTime": 130665, "endTime": 131332, "taskId": 16, "workflowId": 1, "jobId": -1}, {"startTime": 131332, "endTime": 131383, "taskId": 16, "workflowId": 1, "jobId": -1}, {"startTime": 131383, "endTime": 131671, "taskId": 22, "workflowId": 2, "jobId": -1}, {"startTime": 131671, "endTime": 131973, "taskId": 22, "workflowId": 2, "jobId": -1}, {"startTime": 131973, "endTime": 134202, "taskId": 22, "workflowId": 2, "jobId": -1}, {"startTime": 134202, "endTime": 134616, "taskId": 4, "workflowId": -1, "jobId": 1}, {"startTime": 134616, "endTime": 136058, "taskId": 4, "workflowId": -1, "jobId": 1}, {"startTime": 136058, "endTime": 136123, "taskId": 4, "workflowId": -1, "jobId": 1}, {"startTime": 136123, "endTime": 136546, "taskId": 7, "workflowId": -1, "jobId": 2}, {"startTime": 136546, "endTime": 137379, "taskId": 6, "workflowId": -1, "jobId": 1}, {"startTime": 137379, "endTime": 138606, "taskId": 6, "workflowId": -1, "jobId": 1}, {"startTime": 138606, "endTime": 139841, "taskId": 6, "workflowId": -1, "jobId": 1}, {"startTime": 139841, "endTime": 140015, "taskId": 6, "workflowId": -1, "jobId": 1}, {"startTime": 140015, "endTime": 140336, "taskId": 6, "workflowId": -1, "jobId": 1}, {"startTime": 140336, "endTime": 141107, "taskId": 2, "workflowId": -1, "jobId": 3}, {"startTime": 141107, "endTime": 142600, "taskId": 2, "workflowId": -1, "jobId": 3}, {"startTime": 142600, "endTime": 142983, "taskId": 2, "workflowId": -1, "jobId": 3}, {"startTime": 142983, "endTime": 143258, "taskId": 2, "workflowId": -1, "jobId": 3}, {"startTime": 143258, "endTime": 144642, "taskId": 2, "workflowId": -1, "jobId": 3}, {"startTime": 144642, "endTime": 145893, "taskId": 2, "workflowId": -1, "jobId": 3}, {"startTime": 145893, "endTime": 146468, "taskId": 2, "workflowId": -1, "jobId": 3}, {"startTime": 146468, "endTime": 146985, "taskId": 2, "workflowId": -1, "jobId": 3}, {"startTime": 146985, "endTime": 147257, "taskId": 2, "workflowId": -1, "jobId": 3}, {"startTime": 147257, "endTime": 147741, "taskId": 2, "workflowId": -1, "jobId": 3}, {"startTime": 147741, "endTime": 147769, "taskId": 2, "workflowId": -1, "jobId": 3}, {"startTime": 147769, "endTime": 148078, "taskId": 2, "workflowId": -1, "jobId": 3}, {"startTime": 148078, "endTime": 148263, "taskId": 2, "workflowId": -1, "jobId": 3}, {"startTime": 148263, "endTime": 148719, "taskId": 2, "workflowId": -1, "jobId": 3}, {"startTime": 148719, "endTime": 149536, "taskId": 2, "workflowId": -1, "jobId": 3}, {"startTime": 149536, "endTime": 150039, "taskId": 2, "workflowId": -1, "jobId": 3}, {"startTime": 150039, "endTime": 150850, "taskId": 2, "workflowId": -1, "jobId": 3}, {"startTime": 150850, "endTime": 151915, "taskId": 2, "workflowId": -1, "jobId": 3}, {"startTime": 151915, "endTime": 152635, "taskId": 2, "workflowId": -1, "jobId": 3}, {"startTime": 152635, "endTime": 153727, "taskId": 2, "workflowId": -1, "jobId": 3}, {"startTime": 153727, "endTime": 155463, "taskId": 2, "workflowId": -1, "jobId": 3}, {"startTime": 155463, "endTime": 156370, "taskId": 2, "workflowId": -1, "jobId": 3}, {"startTime": 156370, "endTime": 156556, "taskId": 9, "workflowId": 2, "jobId": -1}, {"startTime": 156556, "endTime": 157165, "taskId": 9, "workflowId": 2, "jobId": -1}, {"startTime": 157165, "endTime": 158667, "taskId": 19, "workflowId": 1, "jobId": -1}, {"startTime": 158667, "endTime": 158947, "taskId": 19, "workflowId": 1, "jobId": -1}, {"startTime": 158947, "endTime": 159462, "taskId": 19, "workflowId": 1, "jobId": -1}, {"startTime": 159462, "endTime": 159578, "taskId": 7, "workflowId": 2, "jobId": -1}, {"startTime": 159578, "endTime": 160075, "taskId": 7, "workflowId": 2, "jobId": -1}, {"startTime": 160075, "endTime": 160354, "taskId": 19, "workflowId": 2, "jobId": -1}, {"startTime": 160354, "endTime": 160527, "taskId": 23, "workflowId": 2, "jobId": -1}, {"startTime": 160527, "endTime": 160555, "taskId": 23, "workflowId": 2, "jobId": -1}, {"startTime": 160555, "endTime": 161150, "taskId": 23, "workflowId": 2, "jobId": -1}, {"startTime": 161150, "endTime": 161663, "taskId": 23, "workflowId": 2, "jobId": -1}, {"startTime": 161663, "endTime": 161672, "taskId": 7, "workflowId": 2, "jobId": -1}, {"startTime": 161672, "endTime": 162143, "taskId": 7, "workflowId": 2, "jobId": -1}, {"startTime": 162143, "endTime": 162738, "taskId": 15, "workflowId": 2, "jobId": -1}, {"startTime": 162738, "endTime": 162986, "taskId": 22, "workflowId": 1, "jobId": -1}, {"startTime": 162986, "endTime": 163337, "taskId": 15, "workflowId": 1, "jobId": -1}, {"startTime": 163337, "endTime": 164862, "taskId": 5, "workflowId": -1, "jobId": 3}, {"startTime": 164862, "endTime": 166194, "taskId": 5, "workflowId": -1, "jobId": 3}, {"startTime": 166194, "endTime": 167508, "taskId": 5, "workflowId": -1, "jobId": 3}, {"startTime": 167508, "endTime": 170046, "taskId": 5, "workflowId": -1, "jobId": 3}, {"startTime": 170046, "endTime": 172092, "taskId": 5, "workflowId": -1, "jobId": 3}, {"startTime": 172092, "endTime": 172626, "taskId": 17, "workflowId": 3, "jobId": -1}, {"startTime": 172626, "endTime": 173774, "taskId": 16, "workflowId": 3, "jobId": -1}, {"startTime": 173774, "endTime": 175690, "taskId": 17, "workflowId": 3, "jobId": -1}, {"startTime": 175690, "endTime": 178427, "taskId": 18, "workflowId": 3, "jobId": -1}, {"startTime": 178427, "endTime": 178504, "taskId": 11, "workflowId": -1, "jobId": 4}, {"startTime": 178504, "endTime": 179771, "taskId": 21, "workflowId": 3, "jobId": -1}, {"startTime": 179771, "endTime": 181703, "taskId": 20, "workflowId": 3, "jobId": -1}, {"startTime": 181703, "endTime": 182807, "taskId": 11, "workflowId": -1, "jobId": 4}, {"startTime": 182807, "endTime": 183045, "taskId": 19, "workflowId": 3, "jobId": -1}, {"startTime": 183045, "endTime": 183158, "taskId": 6, "workflowId": -1, "jobId": 2}, {"startTime": 183158, "endTime": 183413, "taskId": 7, "workflowId": -1, "jobId": 3}, {"startTime": 183413, "endTime": 184253, "taskId": 0, "workflowId": -1, "jobId": 5}, {"startTime": 184253, "endTime": 198399, "taskId": 0, "workflowId": -1, "jobId": 5}, {"startTime": 198399, "endTime": 199607, "taskId": 19, "workflowId": 3, "jobId": -1}, {"startTime": 199607, "endTime": 203866, "taskId": 11, "workflowId": -1, "jobId": 4}, {"startTime": 203866, "endTime": 206481, "taskId": 24, "workflowId": 3, "jobId": -1}, {"startTime": 206481, "endTime": 206920, "taskId": 23, "workflowId": 3, "jobId": -1}, {"startTime": 206920, "endTime": 207926, "taskId": 5, "workflowId": -1, "jobId": 4}, {"startTime": 207926, "endTime": 208422, "taskId": 3, "workflowId": -1, "jobId": 5}, {"startTime": 208422, "endTime": 211313, "taskId": 3, "workflowId": -1, "jobId": 5}, {"startTime": 211313, "endTime": 212387, "taskId": 0, "workflowId": -1, "jobId": 6}, {"startTime": 212387, "endTime": 213889, "taskId": 0, "workflowId": -1, "jobId": 6}, {"startTime": 213889, "endTime": 214442, "taskId": 0, "workflowId": -1, "jobId": 6}, {"startTime": 214442, "endTime": 215944, "taskId": 0, "workflowId": -1, "jobId": 6}, {"startTime": 215944, "endTime": 219882, "taskId": 0, "workflowId": -1, "jobId": 6}, {"startTime": 219882, "endTime": 226554, "taskId": 0, "workflowId": -1, "jobId": 6}, {"startTime": 230427, "endTime": 235107, "taskId": 9, "workflowId": -1, "jobId": 3}, {"startTime": 237731, "endTime": 239470, "taskId": 7, "workflowId": -1, "jobId": 4}, {"startTime": 239470, "endTime": 253765, "taskId": 2, "workflowId": -1, "jobId": 6}, {"startTime": 253765, "endTime": 253934, "taskId": 9, "workflowId": -1, "jobId": 4}, {"startTime": 253934, "endTime": 267627, "taskId": 10, "workflowId": -1, "jobId": 4}, {"startTime": 267627, "endTime": 268119, "taskId": 4, "workflowId": -1, "jobId": 3}, {"startTime": 270291, "endTime": 270292, "taskId": 9, "workflowId": -1, "jobId": 4}, {"startTime": 273941, "endTime": 274148, "taskId": 8, "workflowId": -1, "jobId": 3}, {"startTime": 274148, "endTime": 277441, "taskId": 3, "workflowId": -1, "jobId": 7}, {"startTime": 277441, "endTime": 280664, "taskId": 2, "workflowId": -1, "jobId": 7}, {"startTime": 280664, "endTime": 286325, "taskId": 2, "workflowId": -1, "jobId": 7}, {"startTime": 286325, "endTime": 288778, "taskId": 8, "workflowId": -1, "jobId": 3}, {"startTime": 288778, "endTime": 294218, "taskId": 11, "workflowId": -1, "jobId": 7}, {"startTime": 302771, "endTime": 302851, "taskId": 9, "workflowId": -1, "jobId": 5}, {"startTime": 302851, "endTime": 318885, "taskId": 2, "workflowId": -1, "jobId": 8}, {"startTime": 323941, "endTime": 324455, "taskId": 6, "workflowId": -1, "jobId": 4}, {"startTime": 324455, "endTime": 324576, "taskId": 7, "workflowId": -1, "jobId": 6}, {"startTime": 324576, "endTime": 333331, "taskId": 5, "workflowId": -1, "jobId": 7}, {"startTime": 333331, "endTime": 335411, "taskId": 6, "workflowId": -1, "jobId": 4}, {"startTime": 335411, "endTime": 351445, "taskId": 2, "workflowId": -1, "jobId": 9}, {"startTime": 352098, "endTime": 357766, "taskId": 8, "workflowId": -1, "jobId": 4}, {"startTime": 357766, "endTime": 370166, "taskId": 9, "workflowId": -1, "jobId": 6}, {"startTime": 370475, "endTime": 371469, "taskId": 7, "workflowId": -1, "jobId": 7}, {"startTime": 371469, "endTime": 373646, "taskId": 5, "workflowId": -1, "jobId": 8}, {"startTime": 373646, "endTime": 380255, "taskId": 7, "workflowId": -1, "jobId": 7}, {"startTime": 380255, "endTime": 395496, "taskId": 0, "workflowId": -1, "jobId": 12}, {"startTime": 400531, "endTime": 402515, "taskId": 6, "workflowId": -1, "jobId": 5}, {"startTime": 403526, "endTime": 405206, "taskId": 4, "workflowId": -1, "jobId": 5}, {"startTime": 405206, "endTime": 406592, "taskId": 5, "workflowId": -1, "jobId": 9}, {"startTime": 406592, "endTime": 408412, "taskId": 3, "workflowId": -1, "jobId": 11}, {"startTime": 408412, "endTime": 413108, "taskId": 0, "workflowId": -1, "jobId": 13}, {"startTime": 413108, "endTime": 423653, "taskId": 0, "workflowId": -1, "jobId": 13}, {"startTime": 436569, "endTime": 439703, "taskId": 10, "workflowId": -1, "jobId": 8}, {"startTime": 439703, "endTime": 441990, "taskId": 3, "workflowId": -1, "jobId": 12}, {"startTime": 441990, "endTime": 449125, "taskId": 2, "workflowId": -1, "jobId": 12}, {"startTime": 449125, "endTime": 454565, "taskId": 11, "workflowId": -1, "jobId": 12}, {"startTime": 465651, "endTime": 481685, "taskId": 2, "workflowId": -1, "jobId": 13}]}, {"frequency": 1.4, "activePower": 4.5, "idlePower": 2, "memory": 1, "allocations": [{"startTime": 42371, "endTime": 58405, "taskId": 2, "workflowId": -1, "jobId": 0}, {"startTime": 58405, "endTime": 58411, "taskId": 24, "workflowId": 0, "jobId": -1}, {"startTime": 58411, "endTime": 60060, "taskId": 24, "workflowId": 0, "jobId": -1}, {"startTime": 60060, "endTime": 60227, "taskId": 24, "workflowId": 0, "jobId": -1}, {"startTime": 60227, "endTime": 60672, "taskId": 24, "workflowId": 0, "jobId": -1}, {"startTime": 60672, "endTime": 60944, "taskId": 24, "workflowId": 0, "jobId": -1}, {"startTime": 60944, "endTime": 60950, "taskId": 24, "workflowId": 0, "jobId": -1}, {"startTime": 60950, "endTime": 61043, "taskId": 24, "workflowId": 0, "jobId": -1}, {"startTime": 61043, "endTime": 61049, "taskId": 24, "workflowId": 0, "jobId": -1}, {"startTime": 61049, "endTime": 61502, "taskId": 24, "workflowId": 0, "jobId": -1}, {"startTime": 61502, "endTime": 62766, "taskId": 23, "workflowId": 0, "jobId": -1}, {"startTime": 62766, "endTime": 63241, "taskId": 23, "workflowId": 0, "jobId": -1}, {"startTime": 63241, "endTime": 63290, "taskId": 22, "workflowId": 0, "jobId": -1}, {"startTime": 63290, "endTime": 64008, "taskId": 22, "workflowId": 0, "jobId": -1}, {"startTime": 64008, "endTime": 64014, "taskId": 16, "workflowId": 0, "jobId": -1}, {"startTime": 64014, "endTime": 65637, "taskId": 16, "workflowId": 0, "jobId": -1}, {"startTime": 65879, "endTime": 67460, "taskId": 3, "workflowId": -1, "jobId": 0}, {"startTime": 67460, "endTime": 72395, "taskId": 3, "workflowId": -1, "jobId": 0}, {"startTime": 72395, "endTime": 74372, "taskId": 1, "workflowId": 1, "jobId": -1}, {"startTime": 74372, "endTime": 74943, "taskId": 3, "workflowId": 2, "jobId": -1}, {"startTime": 74943, "endTime": 75735, "taskId": 5, "workflowId": -1, "jobId": 0}, {"startTime": 75735, "endTime": 76032, "taskId": 7, "workflowId": -1, "jobId": 0}, {"startTime": 76032, "endTime": 76709, "taskId": 7, "workflowId": -1, "jobId": 0}, {"startTime": 76709, "endTime": 76964, "taskId": 7, "workflowId": -1, "jobId": 0}, {"startTime": 76964, "endTime": 78110, "taskId": 7, "workflowId": -1, "jobId": 0}, {"startTime": 78110, "endTime": 79664, "taskId": 7, "workflowId": -1, "jobId": 0}, {"startTime": 79664, "endTime": 80312, "taskId": 7, "workflowId": -1, "jobId": 0}, {"startTime": 80312, "endTime": 81644, "taskId": 7, "workflowId": -1, "jobId": 0}, {"startTime": 81644, "endTime": 86080, "taskId": 7, "workflowId": -1, "jobId": 0}, {"startTime": 86080, "endTime": 88481, "taskId": 4, "workflowId": -1, "jobId": 0}, {"startTime": 88481, "endTime": 89448, "taskId": 4, "workflowId": -1, "jobId": 0}, {"startTime": 89448, "endTime": 92484, "taskId": 6, "workflowId": -1, "jobId": 0}, {"startTime": 92484, "endTime": 92960, "taskId": 6, "workflowId": -1, "jobId": 0}, {"startTime": 92960, "endTime": 94269, "taskId": 6, "workflowId": -1, "jobId": 0}, {"startTime": 94269, "endTime": 95097, "taskId": 6, "workflowId": -1, "jobId": 0}, {"startTime": 95097, "endTime": 95119, "taskId": 5, "workflowId": 1, "jobId": -1}, {"startTime": 95119, "endTime": 96563, "taskId": 5, "workflowId": 1, "jobId": -1}, {"startTime": 96563, "endTime": 97142, "taskId": 5, "workflowId": 1, "jobId": -1}, {"startTime": 97142, "endTime": 97537, "taskId": 5, "workflowId": -1, "jobId": 1}, {"startTime": 97537, "endTime": 97658, "taskId": 5, "workflowId": -1, "jobId": 1}, {"startTime": 97658, "endTime": 98607, "taskId": 5, "workflowId": -1, "jobId": 1}, {"startTime": 98607, "endTime": 98967, "taskId": 5, "workflowId": -1, "jobId": 1}, {"startTime": 98967, "endTime": 99702, "taskId": 5, "workflowId": -1, "jobId": 1}, {"startTime": 99702, "endTime": 100051, "taskId": 5, "workflowId": -1, "jobId": 1}, {"startTime": 100051, "endTime": 101360, "taskId": 5, "workflowId": -1, "jobId": 1}, {"startTime": 101360, "endTime": 101729, "taskId": 5, "workflowId": -1, "jobId": 1}, {"startTime": 101729, "endTime": 102824, "taskId": 5, "workflowId": -1, "jobId": 1}, {"startTime": 102824, "endTime": 103172, "taskId": 5, "workflowId": -1, "jobId": 1}, {"startTime": 103172, "endTime": 104267, "taskId": 5, "workflowId": -1, "jobId": 1}, {"startTime": 104267, "endTime": 105897, "taskId": 5, "workflowId": -1, "jobId": 1}, {"startTime": 105897, "endTime": 107340, "taskId": 7, "workflowId": -1, "jobId": 1}, {"startTime": 107340, "endTime": 107527, "taskId": 7, "workflowId": -1, "jobId": 1}, {"startTime": 107527, "endTime": 107799, "taskId": 3, "workflowId": 1, "jobId": -1}, {"startTime": 107799, "endTime": 107885, "taskId": 16, "workflowId": 2, "jobId": -1}, {"startTime": 107885, "endTime": 108593, "taskId": 11, "workflowId": 1, "jobId": -1}, {"startTime": 108593, "endTime": 109043, "taskId": 18, "workflowId": 2, "jobId": -1}, {"startTime": 109043, "endTime": 111434, "taskId": 7, "workflowId": -1, "jobId": 1}, {"startTime": 111434, "endTime": 116240, "taskId": 7, "workflowId": -1, "jobId": 1}, {"startTime": 116240, "endTime": 116701, "taskId": 6, "workflowId": 1, "jobId": -1}, {"startTime": 116701, "endTime": 116752, "taskId": 8, "workflowId": 2, "jobId": -1}, {"startTime": 116752, "endTime": 117683, "taskId": 8, "workflowId": 2, "jobId": -1}, {"startTime": 117683, "endTime": 119251, "taskId": 8, "workflowId": 2, "jobId": -1}, {"startTime": 119251, "endTime": 119420, "taskId": 8, "workflowId": 2, "jobId": -1}, {"startTime": 119420, "endTime": 120110, "taskId": 10, "workflowId": 1, "jobId": -1}, {"startTime": 120110, "endTime": 120806, "taskId": 10, "workflowId": 1, "jobId": -1}, {"startTime": 120806, "endTime": 120988, "taskId": 10, "workflowId": 1, "jobId": -1}, {"startTime": 120988, "endTime": 121553, "taskId": 11, "workflowId": 1, "jobId": -1}, {"startTime": 121553, "endTime": 121950, "taskId": 11, "workflowId": 1, "jobId": -1}, {"startTime": 121950, "endTime": 123867, "taskId": 16, "workflowId": 2, "jobId": -1}, {"startTime": 123867, "endTime": 125308, "taskId": 16, "workflowId": 2, "jobId": -1}, {"startTime": 125308, "endTime": 128368, "taskId": 5, "workflowId": -1, "jobId": 2}, {"startTime": 128368, "endTime": 129811, "taskId": 5, "workflowId": -1, "jobId": 2}, {"startTime": 129811, "endTime": 130675, "taskId": 5, "workflowId": -1, "jobId": 2}, {"startTime": 130675, "endTime": 130906, "taskId": 5, "workflowId": -1, "jobId": 2}, {"startTime": 130906, "endTime": 131132, "taskId": 5, "workflowId": -1, "jobId": 2}, {"startTime": 131132, "endTime": 132001, "taskId": 5, "workflowId": -1, "jobId": 2}, {"startTime": 132001, "endTime": 132118, "taskId": 5, "workflowId": -1, "jobId": 2}, {"startTime": 132118, "endTime": 133439, "taskId": 5, "workflowId": -1, "jobId": 2}, {"startTime": 133439, "endTime": 133770, "taskId": 5, "workflowId": -1, "jobId": 2}, {"startTime": 133770, "endTime": 134063, "taskId": 5, "workflowId": -1, "jobId": 2}, {"startTime": 134063, "endTime": 134124, "taskId": 21, "workflowId": 2, "jobId": -1}, {"startTime": 134124, "endTime": 134556, "taskId": 21, "workflowId": 2, "jobId": -1}, {"startTime": 134556, "endTime": 134865, "taskId": 21, "workflowId": 2, "jobId": -1}, {"startTime": 134865, "endTime": 135030, "taskId": 21, "workflowId": 2, "jobId": -1}, {"startTime": 135030, "endTime": 136762, "taskId": 21, "workflowId": 2, "jobId": -1}, {"startTime": 136762, "endTime": 137008, "taskId": 21, "workflowId": 2, "jobId": -1}, {"startTime": 137008, "endTime": 137335, "taskId": 4, "workflowId": -1, "jobId": 1}, {"startTime": 137335, "endTime": 137439, "taskId": 4, "workflowId": -1, "jobId": 1}, {"startTime": 137439, "endTime": 137794, "taskId": 4, "workflowId": -1, "jobId": 1}, {"startTime": 137794, "endTime": 137861, "taskId": 4, "workflowId": -1, "jobId": 1}, {"startTime": 137861, "endTime": 138251, "taskId": 4, "workflowId": -1, "jobId": 1}, {"startTime": 138251, "endTime": 139314, "taskId": 4, "workflowId": -1, "jobId": 1}, {"startTime": 139314, "endTime": 140146, "taskId": 4, "workflowId": -1, "jobId": 1}, {"startTime": 140146, "endTime": 140336, "taskId": 4, "workflowId": -1, "jobId": 1}, {"startTime": 140336, "endTime": 141706, "taskId": 6, "workflowId": -1, "jobId": 1}, {"startTime": 141706, "endTime": 142004, "taskId": 3, "workflowId": -1, "jobId": 3}, {"startTime": 142004, "endTime": 144141, "taskId": 3, "workflowId": -1, "jobId": 3}, {"startTime": 144141, "endTime": 144641, "taskId": 3, "workflowId": -1, "jobId": 3}, {"startTime": 144641, "endTime": 144866, "taskId": 3, "workflowId": -1, "jobId": 3}, {"startTime": 144866, "endTime": 145461, "taskId": 3, "workflowId": -1, "jobId": 3}, {"startTime": 145461, "endTime": 145681, "taskId": 3, "workflowId": -1, "jobId": 3}, {"startTime": 145681, "endTime": 146266, "taskId": 3, "workflowId": -1, "jobId": 3}, {"startTime": 146266, "endTime": 146831, "taskId": 3, "workflowId": -1, "jobId": 3}, {"startTime": 146831, "endTime": 146944, "taskId": 3, "workflowId": -1, "jobId": 3}, {"startTime": 146944, "endTime": 147219, "taskId": 3, "workflowId": -1, "jobId": 3}, {"startTime": 147219, "endTime": 148104, "taskId": 3, "workflowId": -1, "jobId": 3}, {"startTime": 148104, "endTime": 148152, "taskId": 3, "workflowId": -1, "jobId": 3}, {"startTime": 148152, "endTime": 148222, "taskId": 3, "workflowId": -1, "jobId": 3}, {"startTime": 148222, "endTime": 148263, "taskId": 4, "workflowId": -1, "jobId": 1}, {"startTime": 148263, "endTime": 149425, "taskId": 4, "workflowId": -1, "jobId": 1}, {"startTime": 149425, "endTime": 149623, "taskId": 4, "workflowId": -1, "jobId": 1}, {"startTime": 149623, "endTime": 149634, "taskId": 4, "workflowId": -1, "jobId": 1}, {"startTime": 149634, "endTime": 149690, "taskId": 4, "workflowId": -1, "jobId": 1}, {"startTime": 149690, "endTime": 150782, "taskId": 4, "workflowId": -1, "jobId": 1}, {"startTime": 150782, "endTime": 151840, "taskId": 4, "workflowId": -1, "jobId": 1}, {"startTime": 151840, "endTime": 152059, "taskId": 21, "workflowId": 1, "jobId": -1}, {"startTime": 152059, "endTime": 152494, "taskId": 21, "workflowId": 1, "jobId": -1}, {"startTime": 152494, "endTime": 152876, "taskId": 21, "workflowId": 1, "jobId": -1}, {"startTime": 152876, "endTime": 153767, "taskId": 21, "workflowId": 1, "jobId": -1}, {"startTime": 153767, "endTime": 154529, "taskId": 21, "workflowId": 1, "jobId": -1}, {"startTime": 154529, "endTime": 154636, "taskId": 9, "workflowId": 2, "jobId": -1}, {"startTime": 154636, "endTime": 155006, "taskId": 9, "workflowId": 2, "jobId": -1}, {"startTime": 155006, "endTime": 155087, "taskId": 24, "workflowId": 1, "jobId": -1}, {"startTime": 155087, "endTime": 155658, "taskId": 24, "workflowId": 1, "jobId": -1}, {"startTime": 155658, "endTime": 155802, "taskId": 8, "workflowId": -1, "jobId": 1}, {"startTime": 155802, "endTime": 156730, "taskId": 8, "workflowId": -1, "jobId": 1}, {"startTime": 156730, "endTime": 157720, "taskId": 8, "workflowId": -1, "jobId": 1}, {"startTime": 157720, "endTime": 159369, "taskId": 8, "workflowId": -1, "jobId": 1}, {"startTime": 159369, "endTime": 159596, "taskId": 8, "workflowId": -1, "jobId": 1}, {"startTime": 159596, "endTime": 160689, "taskId": 8, "workflowId": -1, "jobId": 1}, {"startTime": 160689, "endTime": 161105, "taskId": 8, "workflowId": -1, "jobId": 1}, {"startTime": 161105, "endTime": 162198, "taskId": 8, "workflowId": -1, "jobId": 1}, {"startTime": 162198, "endTime": 162283, "taskId": 8, "workflowId": -1, "jobId": 1}, {"startTime": 162283, "endTime": 163337, "taskId": 13, "workflowId": 1, "jobId": -1}, {"startTime": 163337, "endTime": 164018, "taskId": 15, "workflowId": 1, "jobId": -1}, {"startTime": 164018, "endTime": 164377, "taskId": 15, "workflowId": 1, "jobId": -1}, {"startTime": 164377, "endTime": 164862, "taskId": 15, "workflowId": 1, "jobId": -1}, {"startTime": 164862, "endTime": 165543, "taskId": 13, "workflowId": 1, "jobId": -1}, {"startTime": 165543, "endTime": 165691, "taskId": 22, "workflowId": 1, "jobId": -1}, {"startTime": 165691, "endTime": 167785, "taskId": 23, "workflowId": 1, "jobId": -1}, {"startTime": 167785, "endTime": 168140, "taskId": 22, "workflowId": 1, "jobId": -1}, {"startTime": 168140, "endTime": 168969, "taskId": 22, "workflowId": 1, "jobId": -1}, {"startTime": 168969, "endTime": 170062, "taskId": 7, "workflowId": 1, "jobId": -1}, {"startTime": 170062, "endTime": 170732, "taskId": 14, "workflowId": 1, "jobId": -1}, {"startTime": 170732, "endTime": 171376, "taskId": 14, "workflowId": 1, "jobId": -1}, {"startTime": 171376, "endTime": 176816, "taskId": 11, "workflowId": -1, "jobId": 3}, {"startTime": 176816, "endTime": 183158, "taskId": 9, "workflowId": -1, "jobId": 2}, {"startTime": 183158, "endTime": 183413, "taskId": 6, "workflowId": -1, "jobId": 2}, {"startTime": 183413, "endTime": 189216, "taskId": 7, "workflowId": -1, "jobId": 3}, {"startTime": 189216, "endTime": 192056, "taskId": 7, "workflowId": -1, "jobId": 3}, {"startTime": 192056, "endTime": 193264, "taskId": 7, "workflowId": -1, "jobId": 3}, {"startTime": 193264, "endTime": 193390, "taskId": 7, "workflowId": -1, "jobId": 3}, {"startTime": 193390, "endTime": 202445, "taskId": 4, "workflowId": -1, "jobId": 2}, {"startTime": 202445, "endTime": 203446, "taskId": 22, "workflowId": 3, "jobId": -1}, {"startTime": 203446, "endTime": 203631, "taskId": 24, "workflowId": 3, "jobId": -1}, {"startTime": 203631, "endTime": 207926, "taskId": 10, "workflowId": -1, "jobId": 3}, {"startTime": 207926, "endTime": 211313, "taskId": 5, "workflowId": -1, "jobId": 4}, {"startTime": 211313, "endTime": 212387, "taskId": 3, "workflowId": -1, "jobId": 5}, {"startTime": 212387, "endTime": 214441, "taskId": 3, "workflowId": -1, "jobId": 5}, {"startTime": 214441, "endTime": 215515, "taskId": 5, "workflowId": -1, "jobId": 4}, {"startTime": 215515, "endTime": 228255, "taskId": 10, "workflowId": -1, "jobId": 3}, {"startTime": 238203, "endTime": 239470, "taskId": 10, "workflowId": -1, "jobId": 4}, {"startTime": 239470, "endTime": 240204, "taskId": 7, "workflowId": -1, "jobId": 4}, {"startTime": 240204, "endTime": 241037, "taskId": 10, "workflowId": -1, "jobId": 4}, {"startTime": 241037, "endTime": 247553, "taskId": 3, "workflowId": -1, "jobId": 6}, {"startTime": 247553, "endTime": 252908, "taskId": 11, "workflowId": -1, "jobId": 6}, {"startTime": 252908, "endTime": 252993, "taskId": 6, "workflowId": -1, "jobId": 3}, {"startTime": 252993, "endTime": 262157, "taskId": 6, "workflowId": -1, "jobId": 3}, {"startTime": 262157, "endTime": 267627, "taskId": 9, "workflowId": -1, "jobId": 4}, {"startTime": 267627, "endTime": 268363, "taskId": 10, "workflowId": -1, "jobId": 4}, {"startTime": 274148, "endTime": 276731, "taskId": 8, "workflowId": -1, "jobId": 3}, {"startTime": 276731, "endTime": 277441, "taskId": 7, "workflowId": -1, "jobId": 5}, {"startTime": 277441, "endTime": 280664, "taskId": 3, "workflowId": -1, "jobId": 7}, {"startTime": 280664, "endTime": 290299, "taskId": 7, "workflowId": -1, "jobId": 5}, {"startTime": 290299, "endTime": 307259, "taskId": 10, "workflowId": -1, "jobId": 5}, {"startTime": 307259, "endTime": 307544, "taskId": 3, "workflowId": -1, "jobId": 8}, {"startTime": 307544, "endTime": 313775, "taskId": 3, "workflowId": -1, "jobId": 8}, {"startTime": 313775, "endTime": 324455, "taskId": 9, "workflowId": -1, "jobId": 5}, {"startTime": 324455, "endTime": 324576, "taskId": 6, "workflowId": -1, "jobId": 4}, {"startTime": 324576, "endTime": 332336, "taskId": 7, "workflowId": -1, "jobId": 6}, {"startTime": 332336, "endTime": 333948, "taskId": 7, "workflowId": -1, "jobId": 6}, {"startTime": 333948, "endTime": 335411, "taskId": 4, "workflowId": -1, "jobId": 4}, {"startTime": 335411, "endTime": 341092, "taskId": 6, "workflowId": -1, "jobId": 4}, {"startTime": 341092, "endTime": 341139, "taskId": 9, "workflowId": -1, "jobId": 5}, {"startTime": 341139, "endTime": 345383, "taskId": 10, "workflowId": -1, "jobId": 6}, {"startTime": 345383, "endTime": 350823, "taskId": 11, "workflowId": -1, "jobId": 9}, {"startTime": 351131, "endTime": 358998, "taskId": 10, "workflowId": -1, "jobId": 6}, {"startTime": 371469, "endTime": 373481, "taskId": 7, "workflowId": -1, "jobId": 7}, {"startTime": 373481, "endTime": 379997, "taskId": 3, "workflowId": -1, "jobId": 10}, {"startTime": 379997, "endTime": 380255, "taskId": 11, "workflowId": -1, "jobId": 10}, {"startTime": 380255, "endTime": 380985, "taskId": 7, "workflowId": -1, "jobId": 7}, {"startTime": 380985, "endTime": 386167, "taskId": 11, "workflowId": -1, "jobId": 10}, {"startTime": 394976, "endTime": 402322, "taskId": 10, "workflowId": -1, "jobId": 7}, {"startTime": 405206, "endTime": 406592, "taskId": 4, "workflowId": -1, "jobId": 5}, {"startTime": 406592, "endTime": 408412, "taskId": 5, "workflowId": -1, "jobId": 9}, {"startTime": 408412, "endTime": 413108, "taskId": 3, "workflowId": -1, "jobId": 11}, {"startTime": 413108, "endTime": 419098, "taskId": 4, "workflowId": -1, "jobId": 5}, {"startTime": 419098, "endTime": 420529, "taskId": 11, "workflowId": -1, "jobId": 11}, {"startTime": 420529, "endTime": 432147, "taskId": 9, "workflowId": -1, "jobId": 7}, {"startTime": 439703, "endTime": 441990, "taskId": 10, "workflowId": -1, "jobId": 8}, {"startTime": 441990, "endTime": 446219, "taskId": 3, "workflowId": -1, "jobId": 12}, {"startTime": 446219, "endTime": 454974, "taskId": 5, "workflowId": -1, "jobId": 10}]}]