[{"frequency": 2.83, "activePower": 118, "idlePower": 56.7, "memory": 4, "allocations": [{"startTime": 35338, "endTime": 37035, "taskId": 0, "workflowId": 2, "jobId": -1}, {"startTime": 37036, "endTime": 37518, "taskId": 2, "workflowId": 2, "jobId": -1}, {"startTime": 37518, "endTime": 37737, "taskId": 4, "workflowId": 2, "jobId": -1}, {"startTime": 37737, "endTime": 45610, "taskId": 1, "workflowId": -1, "jobId": 0}, {"startTime": 45610, "endTime": 46306, "taskId": 8, "workflowId": 2, "jobId": -1}, {"startTime": 46306, "endTime": 46637, "taskId": 5, "workflowId": 2, "jobId": -1}, {"startTime": 46637, "endTime": 47333, "taskId": 5, "workflowId": 2, "jobId": -1}, {"startTime": 47333, "endTime": 47536, "taskId": 4, "workflowId": 2, "jobId": -1}, {"startTime": 47536, "endTime": 48232, "taskId": 4, "workflowId": 2, "jobId": -1}, {"startTime": 48232, "endTime": 48638, "taskId": 12, "workflowId": 2, "jobId": -1}, {"startTime": 48638, "endTime": 48871, "taskId": 10, "workflowId": 2, "jobId": -1}, {"startTime": 48871, "endTime": 49277, "taskId": 10, "workflowId": 2, "jobId": -1}, {"startTime": 49277, "endTime": 50017, "taskId": 9, "workflowId": 2, "jobId": -1}, {"startTime": 50017, "endTime": 50423, "taskId": 9, "workflowId": 2, "jobId": -1}, {"startTime": 50423, "endTime": 51173, "taskId": 11, "workflowId": 2, "jobId": -1}, {"startTime": 51173, "endTime": 51754, "taskId": 15, "workflowId": -1, "jobId": 0}, {"startTime": 51754, "endTime": 55972, "taskId": 9, "workflowId": -1, "jobId": 0}, {"startTime": 55972, "endTime": 57568, "taskId": 6, "workflowId": 2, "jobId": -1}, {"startTime": 57568, "endTime": 57570, "taskId": 16, "workflowId": 2, "jobId": -1}, {"startTime": 57570, "endTime": 58976, "taskId": 13, "workflowId": 2, "jobId": -1}, {"startTime": 58976, "endTime": 58977, "taskId": 0, "workflowId": 3, "jobId": -1}, {"startTime": 58977, "endTime": 59588, "taskId": 19, "workflowId": 2, "jobId": -1}, {"startTime": 60086, "endTime": 60885, "taskId": 1, "workflowId": -1, "jobId": 1}, {"startTime": 60885, "endTime": 61663, "taskId": 1, "workflowId": -1, "jobId": 1}, {"startTime": 61663, "endTime": 62215, "taskId": 1, "workflowId": -1, "jobId": 1}, {"startTime": 62215, "endTime": 62570, "taskId": 1, "workflowId": -1, "jobId": 1}, {"startTime": 62570, "endTime": 67959, "taskId": 1, "workflowId": -1, "jobId": 1}, {"startTime": 67959, "endTime": 68261, "taskId": 27, "workflowId": 2, "jobId": -1}, {"startTime": 68261, "endTime": 68262, "taskId": 0, "workflowId": 3, "jobId": -1}, {"startTime": 68262, "endTime": 68541, "taskId": 30, "workflowId": 2, "jobId": -1}, {"startTime": 68541, "endTime": 69264, "taskId": 5, "workflowId": -1, "jobId": 1}, {"startTime": 69264, "endTime": 69498, "taskId": 5, "workflowId": -1, "jobId": 1}, {"startTime": 69498, "endTime": 69502, "taskId": 5, "workflowId": -1, "jobId": 1}, {"startTime": 69502, "endTime": 71503, "taskId": 5, "workflowId": -1, "jobId": 1}, {"startTime": 71503, "endTime": 74443, "taskId": 2, "workflowId": -1, "jobId": 1}, {"startTime": 74443, "endTime": 74667, "taskId": 2, "workflowId": -1, "jobId": 1}, {"startTime": 74667, "endTime": 77078, "taskId": 2, "workflowId": -1, "jobId": 1}, {"startTime": 77078, "endTime": 77440, "taskId": 7, "workflowId": 3, "jobId": -1}, {"startTime": 77440, "endTime": 79082, "taskId": 14, "workflowId": -1, "jobId": 0}, {"startTime": 79082, "endTime": 82433, "taskId": 9, "workflowId": -1, "jobId": 1}, {"startTime": 82433, "endTime": 83300, "taskId": 1, "workflowId": -1, "jobId": 2}, {"startTime": 83300, "endTime": 83691, "taskId": 1, "workflowId": -1, "jobId": 2}, {"startTime": 83691, "endTime": 84412, "taskId": 1, "workflowId": -1, "jobId": 2}, {"startTime": 84412, "endTime": 90306, "taskId": 1, "workflowId": -1, "jobId": 2}, {"startTime": 90306, "endTime": 91261, "taskId": 10, "workflowId": -1, "jobId": 1}, {"startTime": 91261, "endTime": 91756, "taskId": 10, "workflowId": -1, "jobId": 1}, {"startTime": 91756, "endTime": 91834, "taskId": 10, "workflowId": -1, "jobId": 1}, {"startTime": 91834, "endTime": 92711, "taskId": 10, "workflowId": -1, "jobId": 1}, {"startTime": 92711, "endTime": 93037, "taskId": 10, "workflowId": -1, "jobId": 1}, {"startTime": 93037, "endTime": 94239, "taskId": 10, "workflowId": -1, "jobId": 1}, {"startTime": 94239, "endTime": 94496, "taskId": 10, "workflowId": -1, "jobId": 1}, {"startTime": 94496, "endTime": 95451, "taskId": 14, "workflowId": -1, "jobId": 1}, {"startTime": 95451, "endTime": 95520, "taskId": 12, "workflowId": 3, "jobId": -1}, {"startTime": 95520, "endTime": 95911, "taskId": 15, "workflowId": -1, "jobId": 0}, {"startTime": 95911, "endTime": 96970, "taskId": 15, "workflowId": -1, "jobId": 0}, {"startTime": 96970, "endTime": 97227, "taskId": 12, "workflowId": 3, "jobId": -1}, {"startTime": 97227, "endTime": 98429, "taskId": 12, "workflowId": 3, "jobId": -1}, {"startTime": 98429, "endTime": 98430, "taskId": 16, "workflowId": 3, "jobId": -1}, {"startTime": 98430, "endTime": 99209, "taskId": 18, "workflowId": 3, "jobId": -1}, {"startTime": 99209, "endTime": 99344, "taskId": 13, "workflowId": 3, "jobId": -1}, {"startTime": 99344, "endTime": 99982, "taskId": 5, "workflowId": -1, "jobId": 2}, {"startTime": 99982, "endTime": 104782, "taskId": 5, "workflowId": -1, "jobId": 2}, {"startTime": 104782, "endTime": 105470, "taskId": 1, "workflowId": -1, "jobId": 3}, {"startTime": 105470, "endTime": 106740, "taskId": 1, "workflowId": -1, "jobId": 3}, {"startTime": 106740, "endTime": 112655, "taskId": 1, "workflowId": -1, "jobId": 3}, {"startTime": 112655, "endTime": 113624, "taskId": 24, "workflowId": 3, "jobId": -1}, {"startTime": 113828, "endTime": 113944, "taskId": 26, "workflowId": 3, "jobId": -1}, {"startTime": 113944, "endTime": 119740, "taskId": 3, "workflowId": -1, "jobId": 3}, {"startTime": 119740, "endTime": 120426, "taskId": 30, "workflowId": 3, "jobId": -1}, {"startTime": 120426, "endTime": 124644, "taskId": 9, "workflowId": -1, "jobId": 2}, {"startTime": 127129, "endTime": 135002, "taskId": 1, "workflowId": -1, "jobId": 4}, {"startTime": 139032, "endTime": 139346, "taskId": 2, "workflowId": -1, "jobId": 3}, {"startTime": 139346, "endTime": 145142, "taskId": 3, "workflowId": -1, "jobId": 4}, {"startTime": 145142, "endTime": 148352, "taskId": 6, "workflowId": -1, "jobId": 2}, {"startTime": 148352, "endTime": 148800, "taskId": 6, "workflowId": -1, "jobId": 2}, {"startTime": 148800, "endTime": 149477, "taskId": 13, "workflowId": -1, "jobId": 2}, {"startTime": 149477, "endTime": 157350, "taskId": 1, "workflowId": -1, "jobId": 5}, {"startTime": 157774, "endTime": 160949, "taskId": 14, "workflowId": -1, "jobId": 4}, {"startTime": 160949, "endTime": 161446, "taskId": 5, "workflowId": -1, "jobId": 4}, {"startTime": 161446, "endTime": 161933, "taskId": 1, "workflowId": 1, "jobId": -1}, {"startTime": 161933, "endTime": 161934, "taskId": 14, "workflowId": -1, "jobId": 4}, {"startTime": 161934, "endTime": 162079, "taskId": 7, "workflowId": 1, "jobId": -1}, {"startTime": 162079, "endTime": 163163, "taskId": 4, "workflowId": 1, "jobId": -1}, {"startTime": 163163, "endTime": 163164, "taskId": 3, "workflowId": 1, "jobId": -1}, {"startTime": 163164, "endTime": 163231, "taskId": 11, "workflowId": 1, "jobId": -1}, {"startTime": 163231, "endTime": 163760, "taskId": 10, "workflowId": 1, "jobId": -1}, {"startTime": 163760, "endTime": 164578, "taskId": 10, "workflowId": 1, "jobId": -1}, {"startTime": 164578, "endTime": 164649, "taskId": 13, "workflowId": 1, "jobId": -1}, {"startTime": 164649, "endTime": 164679, "taskId": 12, "workflowId": 1, "jobId": -1}, {"startTime": 164679, "endTime": 164746, "taskId": 12, "workflowId": 1, "jobId": -1}, {"startTime": 164746, "endTime": 164747, "taskId": 12, "workflowId": 1, "jobId": -1}, {"startTime": 164747, "endTime": 165136, "taskId": 3, "workflowId": -1, "jobId": 5}, {"startTime": 165136, "endTime": 165341, "taskId": 3, "workflowId": -1, "jobId": 5}, {"startTime": 165341, "endTime": 166663, "taskId": 3, "workflowId": -1, "jobId": 5}, {"startTime": 166663, "endTime": 170543, "taskId": 3, "workflowId": -1, "jobId": 5}, {"startTime": 170543, "endTime": 170896, "taskId": 14, "workflowId": 1, "jobId": -1}, {"startTime": 170896, "endTime": 171072, "taskId": 15, "workflowId": 1, "jobId": -1}, {"startTime": 171072, "endTime": 171313, "taskId": 15, "workflowId": 1, "jobId": -1}, {"startTime": 171313, "endTime": 171706, "taskId": 20, "workflowId": 1, "jobId": -1}, {"startTime": 171706, "endTime": 171825, "taskId": 20, "workflowId": 1, "jobId": -1}, {"startTime": 171825, "endTime": 172044, "taskId": 1, "workflowId": -1, "jobId": 6}, {"startTime": 172044, "endTime": 172220, "taskId": 1, "workflowId": -1, "jobId": 6}, {"startTime": 172220, "endTime": 172235, "taskId": 1, "workflowId": -1, "jobId": 6}, {"startTime": 172235, "endTime": 173738, "taskId": 1, "workflowId": -1, "jobId": 6}, {"startTime": 173738, "endTime": 174176, "taskId": 1, "workflowId": -1, "jobId": 6}, {"startTime": 174176, "endTime": 174473, "taskId": 1, "workflowId": -1, "jobId": 6}, {"startTime": 174473, "endTime": 174705, "taskId": 1, "workflowId": -1, "jobId": 6}, {"startTime": 174705, "endTime": 175399, "taskId": 1, "workflowId": -1, "jobId": 6}, {"startTime": 175399, "endTime": 175636, "taskId": 1, "workflowId": -1, "jobId": 6}, {"startTime": 175636, "endTime": 176130, "taskId": 1, "workflowId": -1, "jobId": 6}, {"startTime": 176130, "endTime": 176165, "taskId": 1, "workflowId": -1, "jobId": 6}, {"startTime": 176165, "endTime": 179698, "taskId": 1, "workflowId": -1, "jobId": 6}, {"startTime": 179698, "endTime": 180429, "taskId": 17, "workflowId": 1, "jobId": -1}, {"startTime": 180429, "endTime": 181158, "taskId": 17, "workflowId": 1, "jobId": -1}, {"startTime": 181158, "endTime": 181355, "taskId": 31, "workflowId": 1, "jobId": -1}, {"startTime": 181355, "endTime": 181899, "taskId": 31, "workflowId": 1, "jobId": -1}, {"startTime": 181899, "endTime": 182260, "taskId": 31, "workflowId": 1, "jobId": -1}, {"startTime": 182260, "endTime": 182507, "taskId": 31, "workflowId": 1, "jobId": -1}, {"startTime": 182507, "endTime": 182628, "taskId": 8, "workflowId": 1, "jobId": -1}, {"startTime": 182628, "endTime": 182922, "taskId": 9, "workflowId": 1, "jobId": -1}, {"startTime": 182922, "endTime": 183219, "taskId": 9, "workflowId": 1, "jobId": -1}, {"startTime": 183219, "endTime": 183627, "taskId": 8, "workflowId": 1, "jobId": -1}, {"startTime": 183627, "endTime": 183760, "taskId": 8, "workflowId": 1, "jobId": -1}, {"startTime": 183760, "endTime": 183968, "taskId": 26, "workflowId": 1, "jobId": -1}, {"startTime": 183968, "endTime": 184282, "taskId": 26, "workflowId": 1, "jobId": -1}, {"startTime": 184282, "endTime": 186873, "taskId": 14, "workflowId": -1, "jobId": 4}, {"startTime": 186873, "endTime": 190149, "taskId": 0, "workflowId": -1, "jobId": 4}, {"startTime": 190149, "endTime": 195945, "taskId": 3, "workflowId": -1, "jobId": 6}, {"startTime": 195945, "endTime": 196239, "taskId": 5, "workflowId": -1, "jobId": 5}, {"startTime": 196239, "endTime": 198958, "taskId": 5, "workflowId": -1, "jobId": 5}, {"startTime": 198958, "endTime": 200195, "taskId": 10, "workflowId": -1, "jobId": 3}, {"startTime": 200195, "endTime": 203113, "taskId": 10, "workflowId": -1, "jobId": 3}, {"startTime": 203113, "endTime": 203208, "taskId": 9, "workflowId": -1, "jobId": 4}, {"startTime": 203208, "endTime": 206562, "taskId": 9, "workflowId": -1, "jobId": 4}, {"startTime": 206562, "endTime": 212137, "taskId": 2, "workflowId": -1, "jobId": 5}, {"startTime": 215551, "endTime": 216521, "taskId": 3, "workflowId": -1, "jobId": 7}, {"startTime": 216521, "endTime": 224394, "taskId": 1, "workflowId": -1, "jobId": 8}, {"startTime": 224394, "endTime": 225509, "taskId": 5, "workflowId": -1, "jobId": 6}, {"startTime": 225509, "endTime": 228918, "taskId": 5, "workflowId": -1, "jobId": 6}, {"startTime": 228918, "endTime": 236421, "taskId": 11, "workflowId": -1, "jobId": 3}, {"startTime": 238869, "endTime": 246742, "taskId": 1, "workflowId": -1, "jobId": 9}, {"startTime": 246742, "endTime": 246801, "taskId": 12, "workflowId": -1, "jobId": 4}, {"startTime": 246801, "endTime": 254642, "taskId": 7, "workflowId": -1, "jobId": 8}, {"startTime": 254642, "endTime": 256930, "taskId": 14, "workflowId": -1, "jobId": 7}, {"startTime": 261217, "endTime": 269090, "taskId": 1, "workflowId": -1, "jobId": 10}, {"startTime": 270471, "endTime": 272934, "taskId": 15, "workflowId": -1, "jobId": 3}, {"startTime": 272934, "endTime": 274092, "taskId": 7, "workflowId": -1, "jobId": 9}, {"startTime": 274092, "endTime": 279667, "taskId": 2, "workflowId": -1, "jobId": 7}, {"startTime": 283565, "endTime": 291438, "taskId": 1, "workflowId": -1, "jobId": 11}, {"startTime": 291693, "endTime": 291758, "taskId": 11, "workflowId": -1, "jobId": 4}, {"startTime": 291758, "endTime": 297554, "taskId": 3, "workflowId": -1, "jobId": 10}, {"startTime": 297597, "endTime": 298725, "taskId": 13, "workflowId": -1, "jobId": 5}, {"startTime": 298725, "endTime": 304103, "taskId": 0, "workflowId": -1, "jobId": 7}, {"startTime": 305647, "endTime": 305913, "taskId": 6, "workflowId": -1, "jobId": 5}, {"startTime": 305913, "endTime": 313786, "taskId": 1, "workflowId": -1, "jobId": 12}, {"startTime": 314964, "endTime": 317159, "taskId": 5, "workflowId": -1, "jobId": 9}, {"startTime": 317159, "endTime": 322955, "taskId": 3, "workflowId": -1, "jobId": 11}, {"startTime": 325201, "endTime": 325993, "taskId": 7, "workflowId": -1, "jobId": 11}, {"startTime": 325993, "endTime": 327461, "taskId": 0, "workflowId": 0, "jobId": -1}, {"startTime": 327462, "endTime": 327979, "taskId": 1, "workflowId": 0, "jobId": -1}, {"startTime": 327979, "endTime": 328261, "taskId": 3, "workflowId": 0, "jobId": -1}, {"startTime": 328261, "endTime": 328814, "taskId": 1, "workflowId": -1, "jobId": 13}, {"startTime": 328814, "endTime": 336134, "taskId": 1, "workflowId": -1, "jobId": 13}, {"startTime": 336134, "endTime": 337194, "taskId": 28, "workflowId": 0, "jobId": -1}, {"startTime": 337194, "endTime": 337264, "taskId": 28, "workflowId": 0, "jobId": -1}, {"startTime": 337264, "endTime": 337354, "taskId": 30, "workflowId": 0, "jobId": -1}, {"startTime": 337354, "endTime": 338484, "taskId": 16, "workflowId": 0, "jobId": -1}, {"startTime": 338484, "endTime": 339208, "taskId": 26, "workflowId": 0, "jobId": -1}, {"startTime": 339208, "endTime": 341622, "taskId": 8, "workflowId": -1, "jobId": 11}, {"startTime": 341622, "endTime": 342561, "taskId": 2, "workflowId": -1, "jobId": 9}, {"startTime": 342561, "endTime": 348357, "taskId": 3, "workflowId": -1, "jobId": 12}, {"startTime": 348357, "endTime": 349569, "taskId": 15, "workflowId": -1, "jobId": 4}, {"startTime": 349569, "endTime": 350609, "taskId": 13, "workflowId": -1, "jobId": 6}, {"startTime": 350609, "endTime": 358482, "taskId": 1, "workflowId": -1, "jobId": 14}, {"startTime": 358482, "endTime": 359188, "taskId": 11, "workflowId": -1, "jobId": 5}, {"startTime": 359188, "endTime": 359229, "taskId": 11, "workflowId": -1, "jobId": 5}, {"startTime": 359229, "endTime": 362887, "taskId": 6, "workflowId": -1, "jobId": 6}, {"startTime": 367836, "endTime": 367963, "taskId": 14, "workflowId": -1, "jobId": 11}, {"startTime": 367963, "endTime": 373759, "taskId": 3, "workflowId": -1, "jobId": 13}, {"startTime": 375387, "endTime": 380962, "taskId": 2, "workflowId": -1, "jobId": 10}, {"startTime": 393365, "endTime": 395305, "taskId": 3, "workflowId": -1, "jobId": 14}, {"startTime": 395305, "endTime": 403178, "taskId": 1, "workflowId": -1, "jobId": 16}, {"startTime": 403424, "endTime": 403599, "taskId": 10, "workflowId": -1, "jobId": 7}, {"startTime": 403599, "endTime": 409152, "taskId": 7, "workflowId": -1, "jobId": 14}, {"startTime": 409152, "endTime": 414727, "taskId": 2, "workflowId": -1, "jobId": 11}, {"startTime": 414727, "endTime": 416643, "taskId": 13, "workflowId": -1, "jobId": 7}, {"startTime": 417653, "endTime": 425526, "taskId": 1, "workflowId": -1, "jobId": 17}, {"startTime": 427854, "endTime": 429732, "taskId": 14, "workflowId": -1, "jobId": 13}, {"startTime": 429732, "endTime": 437573, "taskId": 7, "workflowId": -1, "jobId": 15}, {"startTime": 438176, "endTime": 440001, "taskId": 5, "workflowId": -1, "jobId": 13}, {"startTime": 440001, "endTime": 447874, "taskId": 1, "workflowId": -1, "jobId": 18}, {"startTime": 447874, "endTime": 448197, "taskId": 4, "workflowId": -1, "jobId": 9}, {"startTime": 451177, "endTime": 455395, "taskId": 9, "workflowId": -1, "jobId": 10}, {"startTime": 455865, "endTime": 462349, "taskId": 7, "workflowId": -1, "jobId": 16}, {"startTime": 462349, "endTime": 470222, "taskId": 1, "workflowId": -1, "jobId": 19}]}, {"frequency": 2.83, "activePower": 118, "idlePower": 56.7, "memory": 4, "allocations": [{"startTime": 37036, "endTime": 37737, "taskId": 3, "workflowId": 2, "jobId": -1}, {"startTime": 37737, "endTime": 37930, "taskId": 3, "workflowId": -1, "jobId": 0}, {"startTime": 37930, "endTime": 43533, "taskId": 3, "workflowId": -1, "jobId": 0}, {"startTime": 43533, "endTime": 51867, "taskId": 8, "workflowId": -1, "jobId": 0}, {"startTime": 51867, "endTime": 53463, "taskId": 6, "workflowId": -1, "jobId": 0}, {"startTime": 53463, "endTime": 55525, "taskId": 6, "workflowId": -1, "jobId": 0}, {"startTime": 55525, "endTime": 56721, "taskId": 15, "workflowId": 2, "jobId": -1}, {"startTime": 56721, "endTime": 57109, "taskId": 15, "workflowId": 2, "jobId": -1}, {"startTime": 57109, "endTime": 57110, "taskId": 0, "workflowId": 3, "jobId": -1}, {"startTime": 57110, "endTime": 57204, "taskId": 17, "workflowId": 2, "jobId": -1}, {"startTime": 57204, "endTime": 57606, "taskId": 17, "workflowId": 2, "jobId": -1}, {"startTime": 57606, "endTime": 58929, "taskId": 16, "workflowId": 2, "jobId": -1}, {"startTime": 58929, "endTime": 60511, "taskId": 21, "workflowId": 2, "jobId": -1}, {"startTime": 60511, "endTime": 60512, "taskId": 12, "workflowId": -1, "jobId": 0}, {"startTime": 60512, "endTime": 60885, "taskId": 22, "workflowId": 2, "jobId": -1}, {"startTime": 60885, "endTime": 60935, "taskId": 22, "workflowId": 2, "jobId": -1}, {"startTime": 60935, "endTime": 60966, "taskId": 26, "workflowId": 2, "jobId": -1}, {"startTime": 60966, "endTime": 61334, "taskId": 26, "workflowId": 2, "jobId": -1}, {"startTime": 61334, "endTime": 61663, "taskId": 25, "workflowId": 2, "jobId": -1}, {"startTime": 61663, "endTime": 61928, "taskId": 25, "workflowId": 2, "jobId": -1}, {"startTime": 61928, "endTime": 62035, "taskId": 28, "workflowId": 2, "jobId": -1}, {"startTime": 62035, "endTime": 62146, "taskId": 28, "workflowId": 2, "jobId": -1}, {"startTime": 62146, "endTime": 62691, "taskId": 28, "workflowId": 2, "jobId": -1}, {"startTime": 62691, "endTime": 63139, "taskId": 29, "workflowId": 2, "jobId": -1}, {"startTime": 63139, "endTime": 63591, "taskId": 3, "workflowId": -1, "jobId": 1}, {"startTime": 63591, "endTime": 66783, "taskId": 3, "workflowId": -1, "jobId": 1}, {"startTime": 66783, "endTime": 67403, "taskId": 3, "workflowId": -1, "jobId": 1}, {"startTime": 67403, "endTime": 68935, "taskId": 3, "workflowId": -1, "jobId": 1}, {"startTime": 68935, "endTime": 69658, "taskId": 30, "workflowId": 2, "jobId": -1}, {"startTime": 69658, "endTime": 69659, "taskId": 0, "workflowId": 3, "jobId": -1}, {"startTime": 69659, "endTime": 70171, "taskId": 31, "workflowId": 2, "jobId": -1}, {"startTime": 70171, "endTime": 70894, "taskId": 31, "workflowId": 2, "jobId": -1}, {"startTime": 70894, "endTime": 71102, "taskId": 31, "workflowId": 2, "jobId": -1}, {"startTime": 71102, "endTime": 71503, "taskId": 0, "workflowId": 3, "jobId": -1}, {"startTime": 71503, "endTime": 74667, "taskId": 5, "workflowId": -1, "jobId": 1}, {"startTime": 74972, "endTime": 75022, "taskId": 8, "workflowId": 3, "jobId": -1}, {"startTime": 75022, "endTime": 75112, "taskId": 0, "workflowId": -1, "jobId": 1}, {"startTime": 75112, "endTime": 77440, "taskId": 0, "workflowId": -1, "jobId": 1}, {"startTime": 77440, "endTime": 78471, "taskId": 0, "workflowId": -1, "jobId": 1}, {"startTime": 78471, "endTime": 79477, "taskId": 0, "workflowId": -1, "jobId": 1}, {"startTime": 79477, "endTime": 80400, "taskId": 0, "workflowId": -1, "jobId": 1}, {"startTime": 80400, "endTime": 81521, "taskId": 8, "workflowId": 3, "jobId": -1}, {"startTime": 81521, "endTime": 81522, "taskId": 15, "workflowId": -1, "jobId": 0}, {"startTime": 81522, "endTime": 82114, "taskId": 9, "workflowId": 3, "jobId": -1}, {"startTime": 82114, "endTime": 82433, "taskId": 15, "workflowId": 3, "jobId": -1}, {"startTime": 82433, "endTime": 82487, "taskId": 9, "workflowId": -1, "jobId": 1}, {"startTime": 82487, "endTime": 83098, "taskId": 9, "workflowId": -1, "jobId": 1}, {"startTime": 83098, "endTime": 83300, "taskId": 9, "workflowId": -1, "jobId": 1}, {"startTime": 83300, "endTime": 83471, "taskId": 13, "workflowId": -1, "jobId": 0}, {"startTime": 83471, "endTime": 84236, "taskId": 13, "workflowId": -1, "jobId": 0}, {"startTime": 84236, "endTime": 84609, "taskId": 13, "workflowId": -1, "jobId": 0}, {"startTime": 84609, "endTime": 84758, "taskId": 13, "workflowId": -1, "jobId": 0}, {"startTime": 84758, "endTime": 84812, "taskId": 15, "workflowId": 3, "jobId": -1}, {"startTime": 84812, "endTime": 85796, "taskId": 10, "workflowId": 3, "jobId": -1}, {"startTime": 85796, "endTime": 86934, "taskId": 11, "workflowId": 3, "jobId": -1}, {"startTime": 86934, "endTime": 88542, "taskId": 15, "workflowId": -1, "jobId": 0}, {"startTime": 88542, "endTime": 94338, "taskId": 3, "workflowId": -1, "jobId": 2}, {"startTime": 94338, "endTime": 95293, "taskId": 6, "workflowId": -1, "jobId": 1}, {"startTime": 95293, "endTime": 96821, "taskId": 6, "workflowId": -1, "jobId": 1}, {"startTime": 96821, "endTime": 97996, "taskId": 6, "workflowId": -1, "jobId": 1}, {"startTime": 97996, "endTime": 98374, "taskId": 17, "workflowId": 3, "jobId": -1}, {"startTime": 98374, "endTime": 99277, "taskId": 17, "workflowId": 3, "jobId": -1}, {"startTime": 99277, "endTime": 99344, "taskId": 7, "workflowId": 3, "jobId": -1}, {"startTime": 99344, "endTime": 99668, "taskId": 13, "workflowId": 3, "jobId": -1}, {"startTime": 99668, "endTime": 100952, "taskId": 13, "workflowId": 3, "jobId": -1}, {"startTime": 100952, "endTime": 101226, "taskId": 12, "workflowId": -1, "jobId": 1}, {"startTime": 101226, "endTime": 104782, "taskId": 11, "workflowId": -1, "jobId": 1}, {"startTime": 104782, "endTime": 105267, "taskId": 5, "workflowId": -1, "jobId": 2}, {"startTime": 105267, "endTime": 105470, "taskId": 2, "workflowId": -1, "jobId": 2}, {"startTime": 105470, "endTime": 105894, "taskId": 2, "workflowId": -1, "jobId": 2}, {"startTime": 105894, "endTime": 109841, "taskId": 2, "workflowId": -1, "jobId": 2}, {"startTime": 109841, "endTime": 110842, "taskId": 2, "workflowId": -1, "jobId": 2}, {"startTime": 110842, "endTime": 112304, "taskId": 23, "workflowId": 3, "jobId": -1}, {"startTime": 112304, "endTime": 112305, "taskId": 20, "workflowId": 3, "jobId": -1}, {"startTime": 112305, "endTime": 117683, "taskId": 0, "workflowId": -1, "jobId": 2}, {"startTime": 117683, "endTime": 117955, "taskId": 27, "workflowId": 3, "jobId": -1}, {"startTime": 117955, "endTime": 122452, "taskId": 15, "workflowId": -1, "jobId": 1}, {"startTime": 122452, "endTime": 123184, "taskId": 30, "workflowId": 3, "jobId": -1}, {"startTime": 123185, "endTime": 124592, "taskId": 31, "workflowId": 3, "jobId": -1}, {"startTime": 127607, "endTime": 130146, "taskId": 4, "workflowId": -1, "jobId": 2}, {"startTime": 130146, "endTime": 136272, "taskId": 5, "workflowId": -1, "jobId": 3}, {"startTime": 139346, "endTime": 144607, "taskId": 2, "workflowId": -1, "jobId": 3}, {"startTime": 144607, "endTime": 148662, "taskId": 10, "workflowId": -1, "jobId": 2}, {"startTime": 148662, "endTime": 149589, "taskId": 12, "workflowId": -1, "jobId": 2}, {"startTime": 149589, "endTime": 154967, "taskId": 0, "workflowId": -1, "jobId": 3}, {"startTime": 160949, "endTime": 161446, "taskId": 14, "workflowId": -1, "jobId": 4}, {"startTime": 161446, "endTime": 162079, "taskId": 2, "workflowId": 1, "jobId": -1}, {"startTime": 162079, "endTime": 163231, "taskId": 7, "workflowId": 1, "jobId": -1}, {"startTime": 163231, "endTime": 163595, "taskId": 11, "workflowId": 1, "jobId": -1}, {"startTime": 163595, "endTime": 164649, "taskId": 11, "workflowId": 1, "jobId": -1}, {"startTime": 164649, "endTime": 164701, "taskId": 13, "workflowId": 1, "jobId": -1}, {"startTime": 164701, "endTime": 164746, "taskId": 13, "workflowId": 1, "jobId": -1}, {"startTime": 164746, "endTime": 164747, "taskId": 13, "workflowId": 1, "jobId": -1}, {"startTime": 164747, "endTime": 165136, "taskId": 12, "workflowId": 1, "jobId": -1}, {"startTime": 165136, "endTime": 165230, "taskId": 11, "workflowId": -1, "jobId": 2}, {"startTime": 165230, "endTime": 165793, "taskId": 13, "workflowId": 1, "jobId": -1}, {"startTime": 165793, "endTime": 165937, "taskId": 11, "workflowId": -1, "jobId": 2}, {"startTime": 165937, "endTime": 166216, "taskId": 11, "workflowId": -1, "jobId": 2}, {"startTime": 166216, "endTime": 166596, "taskId": 11, "workflowId": -1, "jobId": 2}, {"startTime": 166596, "endTime": 166693, "taskId": 11, "workflowId": -1, "jobId": 2}, {"startTime": 166693, "endTime": 166837, "taskId": 11, "workflowId": -1, "jobId": 2}, {"startTime": 166837, "endTime": 167054, "taskId": 11, "workflowId": -1, "jobId": 2}, {"startTime": 167054, "endTime": 168352, "taskId": 11, "workflowId": -1, "jobId": 2}, {"startTime": 168352, "endTime": 168402, "taskId": 11, "workflowId": -1, "jobId": 2}, {"startTime": 168402, "endTime": 172797, "taskId": 7, "workflowId": -1, "jobId": 5}, {"startTime": 172797, "endTime": 176243, "taskId": 2, "workflowId": -1, "jobId": 4}, {"startTime": 176243, "endTime": 176903, "taskId": 2, "workflowId": -1, "jobId": 4}, {"startTime": 176903, "endTime": 176905, "taskId": 2, "workflowId": -1, "jobId": 4}, {"startTime": 176905, "endTime": 177298, "taskId": 2, "workflowId": -1, "jobId": 4}, {"startTime": 177298, "endTime": 177919, "taskId": 2, "workflowId": -1, "jobId": 4}, {"startTime": 177919, "endTime": 178372, "taskId": 2, "workflowId": -1, "jobId": 4}, {"startTime": 178372, "endTime": 178441, "taskId": 5, "workflowId": 1, "jobId": -1}, {"startTime": 178441, "endTime": 178650, "taskId": 4, "workflowId": -1, "jobId": 3}, {"startTime": 178650, "endTime": 179082, "taskId": 4, "workflowId": -1, "jobId": 3}, {"startTime": 179082, "endTime": 179381, "taskId": 4, "workflowId": -1, "jobId": 3}, {"startTime": 179381, "endTime": 183017, "taskId": 4, "workflowId": -1, "jobId": 3}, {"startTime": 183017, "endTime": 183679, "taskId": 32, "workflowId": 1, "jobId": -1}, {"startTime": 183679, "endTime": 183887, "taskId": 32, "workflowId": 1, "jobId": -1}, {"startTime": 183887, "endTime": 183893, "taskId": 32, "workflowId": 1, "jobId": -1}, {"startTime": 183893, "endTime": 184467, "taskId": 5, "workflowId": 1, "jobId": -1}, {"startTime": 186873, "endTime": 187257, "taskId": 14, "workflowId": -1, "jobId": 4}, {"startTime": 187782, "endTime": 190149, "taskId": 14, "workflowId": -1, "jobId": 5}, {"startTime": 190149, "endTime": 192251, "taskId": 0, "workflowId": -1, "jobId": 4}, {"startTime": 192251, "endTime": 194173, "taskId": 12, "workflowId": -1, "jobId": 3}, {"startTime": 194173, "endTime": 202046, "taskId": 1, "workflowId": -1, "jobId": 7}, {"startTime": 202046, "endTime": 202340, "taskId": 6, "workflowId": -1, "jobId": 3}, {"startTime": 202340, "endTime": 203113, "taskId": 6, "workflowId": -1, "jobId": 3}, {"startTime": 203113, "endTime": 203208, "taskId": 10, "workflowId": -1, "jobId": 3}, {"startTime": 203208, "endTime": 206562, "taskId": 13, "workflowId": -1, "jobId": 3}, {"startTime": 206562, "endTime": 207331, "taskId": 9, "workflowId": -1, "jobId": 4}, {"startTime": 216521, "endTime": 221347, "taskId": 3, "workflowId": -1, "jobId": 7}, {"startTime": 221347, "endTime": 222555, "taskId": 4, "workflowId": -1, "jobId": 4}, {"startTime": 222555, "endTime": 223670, "taskId": 5, "workflowId": -1, "jobId": 6}, {"startTime": 223670, "endTime": 224157, "taskId": 5, "workflowId": -1, "jobId": 6}, {"startTime": 224157, "endTime": 229535, "taskId": 0, "workflowId": -1, "jobId": 5}, {"startTime": 240327, "endTime": 240953, "taskId": 2, "workflowId": -1, "jobId": 6}, {"startTime": 240953, "endTime": 246749, "taskId": 3, "workflowId": -1, "jobId": 8}, {"startTime": 246749, "endTime": 246801, "taskId": 13, "workflowId": -1, "jobId": 4}, {"startTime": 246801, "endTime": 247241, "taskId": 12, "workflowId": -1, "jobId": 4}, {"startTime": 247241, "endTime": 255575, "taskId": 8, "workflowId": -1, "jobId": 8}, {"startTime": 255575, "endTime": 257059, "taskId": 12, "workflowId": -1, "jobId": 4}, {"startTime": 261441, "endTime": 266355, "taskId": 0, "workflowId": -1, "jobId": 6}, {"startTime": 266355, "endTime": 272151, "taskId": 3, "workflowId": -1, "jobId": 9}, {"startTime": 272934, "endTime": 273429, "taskId": 15, "workflowId": -1, "jobId": 3}, {"startTime": 273429, "endTime": 274092, "taskId": 8, "workflowId": -1, "jobId": 9}, {"startTime": 274092, "endTime": 280775, "taskId": 7, "workflowId": -1, "jobId": 9}, {"startTime": 284161, "endTime": 290287, "taskId": 5, "workflowId": -1, "jobId": 8}, {"startTime": 291758, "endTime": 298942, "taskId": 11, "workflowId": -1, "jobId": 4}, {"startTime": 298942, "endTime": 299067, "taskId": 10, "workflowId": -1, "jobId": 5}, {"startTime": 299067, "endTime": 306908, "taskId": 7, "workflowId": -1, "jobId": 10}, {"startTime": 306908, "endTime": 307347, "taskId": 13, "workflowId": -1, "jobId": 5}, {"startTime": 307347, "endTime": 307857, "taskId": 4, "workflowId": -1, "jobId": 6}, {"startTime": 307857, "endTime": 313432, "taskId": 2, "workflowId": -1, "jobId": 8}, {"startTime": 317159, "endTime": 321090, "taskId": 5, "workflowId": -1, "jobId": 9}, {"startTime": 325805, "endTime": 325993, "taskId": 8, "workflowId": -1, "jobId": 11}, {"startTime": 325993, "endTime": 327462, "taskId": 7, "workflowId": -1, "jobId": 11}, {"startTime": 327462, "endTime": 328261, "taskId": 2, "workflowId": 0, "jobId": -1}, {"startTime": 328261, "endTime": 328814, "taskId": 3, "workflowId": 0, "jobId": -1}, {"startTime": 328814, "endTime": 328943, "taskId": 7, "workflowId": 0, "jobId": -1}, {"startTime": 328943, "endTime": 329631, "taskId": 5, "workflowId": 0, "jobId": -1}, {"startTime": 329631, "endTime": 329758, "taskId": 5, "workflowId": 0, "jobId": -1}, {"startTime": 329758, "endTime": 331067, "taskId": 11, "workflowId": 0, "jobId": -1}, {"startTime": 331067, "endTime": 331086, "taskId": 11, "workflowId": 0, "jobId": -1}, {"startTime": 331086, "endTime": 331774, "taskId": 9, "workflowId": 0, "jobId": -1}, {"startTime": 331774, "endTime": 332395, "taskId": 9, "workflowId": 0, "jobId": -1}, {"startTime": 332395, "endTime": 333218, "taskId": 19, "workflowId": 0, "jobId": -1}, {"startTime": 333218, "endTime": 334341, "taskId": 20, "workflowId": 0, "jobId": -1}, {"startTime": 334341, "endTime": 334554, "taskId": 17, "workflowId": 0, "jobId": -1}, {"startTime": 334554, "endTime": 335677, "taskId": 17, "workflowId": 0, "jobId": -1}, {"startTime": 335677, "endTime": 336009, "taskId": 23, "workflowId": 0, "jobId": -1}, {"startTime": 336009, "endTime": 336223, "taskId": 0, "workflowId": -1, "jobId": 8}, {"startTime": 336223, "endTime": 337021, "taskId": 0, "workflowId": -1, "jobId": 8}, {"startTime": 337021, "endTime": 337283, "taskId": 0, "workflowId": -1, "jobId": 8}, {"startTime": 337283, "endTime": 341387, "taskId": 0, "workflowId": -1, "jobId": 8}, {"startTime": 341387, "endTime": 341622, "taskId": 14, "workflowId": -1, "jobId": 10}, {"startTime": 341622, "endTime": 342561, "taskId": 8, "workflowId": -1, "jobId": 11}, {"startTime": 342561, "endTime": 347197, "taskId": 2, "workflowId": -1, "jobId": 9}, {"startTime": 347197, "endTime": 351183, "taskId": 12, "workflowId": -1, "jobId": 6}, {"startTime": 351183, "endTime": 351333, "taskId": 10, "workflowId": -1, "jobId": 6}, {"startTime": 351333, "endTime": 359174, "taskId": 7, "workflowId": -1, "jobId": 12}, {"startTime": 359174, "endTime": 359229, "taskId": 12, "workflowId": -1, "jobId": 6}, {"startTime": 359229, "endTime": 359880, "taskId": 11, "workflowId": -1, "jobId": 5}, {"startTime": 359880, "endTime": 365985, "taskId": 11, "workflowId": -1, "jobId": 5}, {"startTime": 367963, "endTime": 368489, "taskId": 14, "workflowId": -1, "jobId": 11}, {"startTime": 368489, "endTime": 372707, "taskId": 9, "workflowId": -1, "jobId": 8}, {"startTime": 372957, "endTime": 380830, "taskId": 1, "workflowId": -1, "jobId": 15}, {"startTime": 380830, "endTime": 386060, "taskId": 5, "workflowId": -1, "jobId": 11}, {"startTime": 395305, "endTime": 399161, "taskId": 3, "workflowId": -1, "jobId": 14}, {"startTime": 399161, "endTime": 403599, "taskId": 12, "workflowId": -1, "jobId": 7}, {"startTime": 403599, "endTime": 404369, "taskId": 10, "workflowId": -1, "jobId": 7}, {"startTime": 404369, "endTime": 409152, "taskId": 8, "workflowId": -1, "jobId": 14}, {"startTime": 409152, "endTime": 410577, "taskId": 7, "workflowId": -1, "jobId": 14}, {"startTime": 410577, "endTime": 411440, "taskId": 0, "workflowId": -1, "jobId": 10}, {"startTime": 411440, "endTime": 415955, "taskId": 0, "workflowId": -1, "jobId": 10}, {"startTime": 418671, "endTime": 418767, "taskId": 11, "workflowId": -1, "jobId": 6}, {"startTime": 418767, "endTime": 424563, "taskId": 3, "workflowId": -1, "jobId": 15}, {"startTime": 429733, "endTime": 430557, "taskId": 14, "workflowId": -1, "jobId": 13}, {"startTime": 430557, "endTime": 438891, "taskId": 8, "workflowId": -1, "jobId": 15}, {"startTime": 440001, "endTime": 442917, "taskId": 5, "workflowId": -1, "jobId": 13}, {"startTime": 442917, "endTime": 444169, "taskId": 2, "workflowId": -1, "jobId": 12}, {"startTime": 444169, "endTime": 449965, "taskId": 3, "workflowId": -1, "jobId": 16}, {"startTime": 456745, "endTime": 462349, "taskId": 8, "workflowId": -1, "jobId": 16}, {"startTime": 462349, "endTime": 463706, "taskId": 7, "workflowId": -1, "jobId": 16}, {"startTime": 468979, "endTime": 469571, "taskId": 5, "workflowId": -1, "jobId": 14}, {"startTime": 469571, "endTime": 475367, "taskId": 3, "workflowId": -1, "jobId": 17}]}, {"frequency": 2.83, "activePower": 118, "idlePower": 56.7, "memory": 4, "allocations": [{"startTime": 37036, "endTime": 37737, "taskId": 1, "workflowId": 2, "jobId": -1}, {"startTime": 37737, "endTime": 38002, "taskId": 2, "workflowId": -1, "jobId": 0}, {"startTime": 38002, "endTime": 43312, "taskId": 2, "workflowId": -1, "jobId": 0}, {"startTime": 43312, "endTime": 51153, "taskId": 7, "workflowId": -1, "jobId": 0}, {"startTime": 51153, "endTime": 55478, "taskId": 10, "workflowId": -1, "jobId": 0}, {"startTime": 55478, "endTime": 56674, "taskId": 11, "workflowId": -1, "jobId": 0}, {"startTime": 56674, "endTime": 57157, "taskId": 11, "workflowId": -1, "jobId": 0}, {"startTime": 57157, "endTime": 61616, "taskId": 11, "workflowId": -1, "jobId": 0}, {"startTime": 61616, "endTime": 62981, "taskId": 11, "workflowId": -1, "jobId": 0}, {"startTime": 62981, "endTime": 63139, "taskId": 0, "workflowId": 3, "jobId": -1}, {"startTime": 63139, "endTime": 63591, "taskId": 29, "workflowId": 2, "jobId": -1}, {"startTime": 63591, "endTime": 63870, "taskId": 0, "workflowId": 3, "jobId": -1}, {"startTime": 63870, "endTime": 65107, "taskId": 7, "workflowId": -1, "jobId": 1}, {"startTime": 65107, "endTime": 66239, "taskId": 7, "workflowId": -1, "jobId": 1}, {"startTime": 66239, "endTime": 67403, "taskId": 7, "workflowId": -1, "jobId": 1}, {"startTime": 67403, "endTime": 71711, "taskId": 7, "workflowId": -1, "jobId": 1}, {"startTime": 71711, "endTime": 72545, "taskId": 0, "workflowId": 3, "jobId": -1}, {"startTime": 72545, "endTime": 73218, "taskId": 3, "workflowId": 3, "jobId": -1}, {"startTime": 73218, "endTime": 73645, "taskId": 5, "workflowId": 3, "jobId": -1}, {"startTime": 73645, "endTime": 75257, "taskId": 4, "workflowId": 3, "jobId": -1}, {"startTime": 75257, "endTime": 76500, "taskId": 6, "workflowId": 3, "jobId": -1}, {"startTime": 76652, "endTime": 79082, "taskId": 13, "workflowId": -1, "jobId": 0}, {"startTime": 79082, "endTime": 82672, "taskId": 14, "workflowId": -1, "jobId": 0}, {"startTime": 82672, "endTime": 83986, "taskId": 4, "workflowId": -1, "jobId": 1}, {"startTime": 83986, "endTime": 84040, "taskId": 4, "workflowId": -1, "jobId": 1}, {"startTime": 84040, "endTime": 85024, "taskId": 4, "workflowId": -1, "jobId": 1}, {"startTime": 85024, "endTime": 88571, "taskId": 4, "workflowId": -1, "jobId": 1}, {"startTime": 88571, "endTime": 89979, "taskId": 15, "workflowId": -1, "jobId": 0}, {"startTime": 89979, "endTime": 90003, "taskId": 10, "workflowId": -1, "jobId": 1}, {"startTime": 90003, "endTime": 90099, "taskId": 7, "workflowId": -1, "jobId": 2}, {"startTime": 90099, "endTime": 91380, "taskId": 7, "workflowId": -1, "jobId": 2}, {"startTime": 91380, "endTime": 91429, "taskId": 7, "workflowId": -1, "jobId": 2}, {"startTime": 91429, "endTime": 92982, "taskId": 7, "workflowId": -1, "jobId": 2}, {"startTime": 92982, "endTime": 94304, "taskId": 7, "workflowId": -1, "jobId": 2}, {"startTime": 94304, "endTime": 97844, "taskId": 7, "workflowId": -1, "jobId": 2}, {"startTime": 97844, "endTime": 98235, "taskId": 14, "workflowId": -1, "jobId": 2}, {"startTime": 98235, "endTime": 99125, "taskId": 14, "workflowId": -1, "jobId": 2}, {"startTime": 99125, "endTime": 104816, "taskId": 14, "workflowId": -1, "jobId": 2}, {"startTime": 104816, "endTime": 105267, "taskId": 13, "workflowId": -1, "jobId": 1}, {"startTime": 105267, "endTime": 105470, "taskId": 5, "workflowId": -1, "jobId": 2}, {"startTime": 105470, "endTime": 106086, "taskId": 12, "workflowId": -1, "jobId": 1}, {"startTime": 106086, "endTime": 106097, "taskId": 12, "workflowId": -1, "jobId": 1}, {"startTime": 106097, "endTime": 112475, "taskId": 13, "workflowId": -1, "jobId": 1}, {"startTime": 112475, "endTime": 113187, "taskId": 20, "workflowId": 3, "jobId": -1}, {"startTime": 113187, "endTime": 113944, "taskId": 25, "workflowId": 3, "jobId": -1}, {"startTime": 113944, "endTime": 114661, "taskId": 26, "workflowId": 3, "jobId": -1}, {"startTime": 114661, "endTime": 115586, "taskId": 28, "workflowId": 3, "jobId": -1}, {"startTime": 115586, "endTime": 116137, "taskId": 15, "workflowId": -1, "jobId": 1}, {"startTime": 116137, "endTime": 123978, "taskId": 7, "workflowId": -1, "jobId": 3}, {"startTime": 127764, "endTime": 130146, "taskId": 14, "workflowId": -1, "jobId": 3}, {"startTime": 130146, "endTime": 133506, "taskId": 4, "workflowId": -1, "jobId": 2}, {"startTime": 140537, "endTime": 142220, "taskId": 12, "workflowId": -1, "jobId": 2}, {"startTime": 142220, "endTime": 142269, "taskId": 10, "workflowId": -1, "jobId": 2}, {"startTime": 142269, "endTime": 150110, "taskId": 7, "workflowId": -1, "jobId": 4}, {"startTime": 150110, "endTime": 152393, "taskId": 12, "workflowId": -1, "jobId": 2}, {"startTime": 161446, "endTime": 167075, "taskId": 5, "workflowId": -1, "jobId": 4}, {"startTime": 167075, "endTime": 167515, "taskId": 15, "workflowId": 1, "jobId": -1}, {"startTime": 167515, "endTime": 167604, "taskId": 14, "workflowId": 1, "jobId": -1}, {"startTime": 167604, "endTime": 168402, "taskId": 14, "workflowId": 1, "jobId": -1}, {"startTime": 168402, "endTime": 168545, "taskId": 11, "workflowId": -1, "jobId": 2}, {"startTime": 168545, "endTime": 168677, "taskId": 11, "workflowId": -1, "jobId": 2}, {"startTime": 168677, "endTime": 168819, "taskId": 8, "workflowId": -1, "jobId": 5}, {"startTime": 168819, "endTime": 169030, "taskId": 8, "workflowId": -1, "jobId": 5}, {"startTime": 169030, "endTime": 170289, "taskId": 8, "workflowId": -1, "jobId": 5}, {"startTime": 170289, "endTime": 170500, "taskId": 8, "workflowId": -1, "jobId": 5}, {"startTime": 170500, "endTime": 172797, "taskId": 8, "workflowId": -1, "jobId": 5}, {"startTime": 172797, "endTime": 176243, "taskId": 7, "workflowId": -1, "jobId": 5}, {"startTime": 176243, "endTime": 176903, "taskId": 11, "workflowId": -1, "jobId": 2}, {"startTime": 176903, "endTime": 177011, "taskId": 20, "workflowId": 1, "jobId": -1}, {"startTime": 177011, "endTime": 177298, "taskId": 20, "workflowId": 1, "jobId": -1}, {"startTime": 177298, "endTime": 177742, "taskId": 21, "workflowId": 1, "jobId": -1}, {"startTime": 177742, "endTime": 179245, "taskId": 18, "workflowId": 1, "jobId": -1}, {"startTime": 179245, "endTime": 180171, "taskId": 21, "workflowId": 1, "jobId": -1}, {"startTime": 180171, "endTime": 180477, "taskId": 21, "workflowId": 1, "jobId": -1}, {"startTime": 180477, "endTime": 180700, "taskId": 24, "workflowId": 1, "jobId": -1}, {"startTime": 180700, "endTime": 180935, "taskId": 24, "workflowId": 1, "jobId": -1}, {"startTime": 180935, "endTime": 181158, "taskId": 28, "workflowId": 1, "jobId": -1}, {"startTime": 181158, "endTime": 181208, "taskId": 17, "workflowId": 1, "jobId": -1}, {"startTime": 181208, "endTime": 181355, "taskId": 17, "workflowId": 1, "jobId": -1}, {"startTime": 181355, "endTime": 181640, "taskId": 28, "workflowId": 1, "jobId": -1}, {"startTime": 181640, "endTime": 182590, "taskId": 25, "workflowId": 1, "jobId": -1}, {"startTime": 182590, "endTime": 182987, "taskId": 28, "workflowId": 1, "jobId": -1}, {"startTime": 182987, "endTime": 183321, "taskId": 27, "workflowId": 1, "jobId": -1}, {"startTime": 183321, "endTime": 183649, "taskId": 27, "workflowId": 1, "jobId": -1}, {"startTime": 183649, "endTime": 183685, "taskId": 27, "workflowId": 1, "jobId": -1}, {"startTime": 183685, "endTime": 184207, "taskId": 30, "workflowId": 1, "jobId": -1}, {"startTime": 184207, "endTime": 184555, "taskId": 30, "workflowId": 1, "jobId": -1}, {"startTime": 190149, "endTime": 191752, "taskId": 14, "workflowId": -1, "jobId": 5}, {"startTime": 191752, "endTime": 194535, "taskId": 5, "workflowId": -1, "jobId": 5}, {"startTime": 194535, "endTime": 197878, "taskId": 7, "workflowId": -1, "jobId": 6}, {"startTime": 197878, "endTime": 202376, "taskId": 7, "workflowId": -1, "jobId": 6}, {"startTime": 202376, "endTime": 202670, "taskId": 14, "workflowId": -1, "jobId": 5}, {"startTime": 202670, "endTime": 203113, "taskId": 12, "workflowId": -1, "jobId": 3}, {"startTime": 203113, "endTime": 205704, "taskId": 6, "workflowId": -1, "jobId": 3}, {"startTime": 205704, "endTime": 206562, "taskId": 15, "workflowId": -1, "jobId": 2}, {"startTime": 206562, "endTime": 210140, "taskId": 13, "workflowId": -1, "jobId": 3}, {"startTime": 217477, "endTime": 220668, "taskId": 4, "workflowId": -1, "jobId": 4}, {"startTime": 220668, "endTime": 228509, "taskId": 7, "workflowId": -1, "jobId": 7}, {"startTime": 228509, "endTime": 229624, "taskId": 4, "workflowId": -1, "jobId": 4}, {"startTime": 240953, "endTime": 245902, "taskId": 2, "workflowId": -1, "jobId": 6}, {"startTime": 245902, "endTime": 246701, "taskId": 12, "workflowId": -1, "jobId": 4}, {"startTime": 246701, "endTime": 251026, "taskId": 10, "workflowId": -1, "jobId": 4}, {"startTime": 251026, "endTime": 252066, "taskId": 12, "workflowId": -1, "jobId": 4}, {"startTime": 252066, "endTime": 253359, "taskId": 6, "workflowId": -1, "jobId": 4}, {"startTime": 253359, "endTime": 253550, "taskId": 5, "workflowId": -1, "jobId": 7}, {"startTime": 253550, "endTime": 259485, "taskId": 5, "workflowId": -1, "jobId": 7}, {"startTime": 262412, "endTime": 266355, "taskId": 4, "workflowId": -1, "jobId": 5}, {"startTime": 266355, "endTime": 266819, "taskId": 0, "workflowId": -1, "jobId": 6}, {"startTime": 273429, "endTime": 274092, "taskId": 15, "workflowId": -1, "jobId": 3}, {"startTime": 274092, "endTime": 281763, "taskId": 8, "workflowId": -1, "jobId": 9}, {"startTime": 285801, "endTime": 290019, "taskId": 9, "workflowId": -1, "jobId": 6}, {"startTime": 294737, "endTime": 298942, "taskId": 12, "workflowId": -1, "jobId": 5}, {"startTime": 298942, "endTime": 299067, "taskId": 11, "workflowId": -1, "jobId": 4}, {"startTime": 299067, "endTime": 299196, "taskId": 10, "workflowId": -1, "jobId": 5}, {"startTime": 299196, "endTime": 299617, "taskId": 10, "workflowId": -1, "jobId": 5}, {"startTime": 299617, "endTime": 307951, "taskId": 8, "workflowId": -1, "jobId": 10}, {"startTime": 307951, "endTime": 309399, "taskId": 6, "workflowId": -1, "jobId": 5}, {"startTime": 309399, "endTime": 316371, "taskId": 14, "workflowId": -1, "jobId": 9}, {"startTime": 325993, "endTime": 327462, "taskId": 8, "workflowId": -1, "jobId": 11}, {"startTime": 327462, "endTime": 327979, "taskId": 7, "workflowId": -1, "jobId": 11}, {"startTime": 327979, "endTime": 328261, "taskId": 4, "workflowId": 0, "jobId": -1}, {"startTime": 328261, "endTime": 328943, "taskId": 2, "workflowId": 0, "jobId": -1}, {"startTime": 328943, "endTime": 329858, "taskId": 6, "workflowId": 0, "jobId": -1}, {"startTime": 329858, "endTime": 330280, "taskId": 12, "workflowId": 0, "jobId": -1}, {"startTime": 330280, "endTime": 330546, "taskId": 12, "workflowId": 0, "jobId": -1}, {"startTime": 330546, "endTime": 331240, "taskId": 12, "workflowId": 0, "jobId": -1}, {"startTime": 331240, "endTime": 331928, "taskId": 7, "workflowId": 0, "jobId": -1}, {"startTime": 331928, "endTime": 332577, "taskId": 8, "workflowId": 0, "jobId": -1}, {"startTime": 332577, "endTime": 333265, "taskId": 8, "workflowId": 0, "jobId": -1}, {"startTime": 333265, "endTime": 334133, "taskId": 15, "workflowId": 0, "jobId": -1}, {"startTime": 334133, "endTime": 334341, "taskId": 29, "workflowId": 0, "jobId": -1}, {"startTime": 334341, "endTime": 334554, "taskId": 20, "workflowId": 0, "jobId": -1}, {"startTime": 334554, "endTime": 334934, "taskId": 22, "workflowId": 0, "jobId": -1}, {"startTime": 334934, "endTime": 335414, "taskId": 18, "workflowId": 0, "jobId": -1}, {"startTime": 335414, "endTime": 336010, "taskId": 18, "workflowId": 0, "jobId": -1}, {"startTime": 336010, "endTime": 336452, "taskId": 27, "workflowId": 0, "jobId": -1}, {"startTime": 336452, "endTime": 337140, "taskId": 25, "workflowId": 0, "jobId": -1}, {"startTime": 337140, "endTime": 337354, "taskId": 16, "workflowId": 0, "jobId": -1}, {"startTime": 337354, "endTime": 337747, "taskId": 25, "workflowId": 0, "jobId": -1}, {"startTime": 337747, "endTime": 338484, "taskId": 31, "workflowId": 0, "jobId": -1}, {"startTime": 338484, "endTime": 338650, "taskId": 24, "workflowId": 0, "jobId": -1}, {"startTime": 338650, "endTime": 339306, "taskId": 24, "workflowId": 0, "jobId": -1}, {"startTime": 339306, "endTime": 342561, "taskId": 9, "workflowId": -1, "jobId": 7}, {"startTime": 342561, "endTime": 345368, "taskId": 8, "workflowId": -1, "jobId": 11}, {"startTime": 345767, "endTime": 351893, "taskId": 5, "workflowId": -1, "jobId": 10}, {"startTime": 351893, "endTime": 351993, "taskId": 12, "workflowId": -1, "jobId": 6}, {"startTime": 351993, "endTime": 352699, "taskId": 8, "workflowId": -1, "jobId": 12}, {"startTime": 352699, "endTime": 360327, "taskId": 8, "workflowId": -1, "jobId": 12}, {"startTime": 360327, "endTime": 360978, "taskId": 12, "workflowId": -1, "jobId": 6}, {"startTime": 360978, "endTime": 366296, "taskId": 13, "workflowId": -1, "jobId": 6}, {"startTime": 368489, "endTime": 373293, "taskId": 14, "workflowId": -1, "jobId": 11}, {"startTime": 373293, "endTime": 378671, "taskId": 0, "workflowId": -1, "jobId": 9}, {"startTime": 378671, "endTime": 387005, "taskId": 8, "workflowId": -1, "jobId": 13}, {"startTime": 397217, "endTime": 403116, "taskId": 4, "workflowId": -1, "jobId": 8}, {"startTime": 403116, "endTime": 403600, "taskId": 13, "workflowId": -1, "jobId": 7}, {"startTime": 403600, "endTime": 403796, "taskId": 12, "workflowId": -1, "jobId": 7}, {"startTime": 403796, "endTime": 404369, "taskId": 13, "workflowId": -1, "jobId": 7}, {"startTime": 404369, "endTime": 407373, "taskId": 10, "workflowId": -1, "jobId": 7}, {"startTime": 407373, "endTime": 409152, "taskId": 5, "workflowId": -1, "jobId": 12}, {"startTime": 409152, "endTime": 410577, "taskId": 8, "workflowId": -1, "jobId": 14}, {"startTime": 410577, "endTime": 411440, "taskId": 7, "workflowId": -1, "jobId": 14}, {"startTime": 411440, "endTime": 412703, "taskId": 5, "workflowId": -1, "jobId": 12}, {"startTime": 412703, "endTime": 414362, "taskId": 5, "workflowId": -1, "jobId": 12}, {"startTime": 414362, "endTime": 418020, "taskId": 6, "workflowId": -1, "jobId": 7}, {"startTime": 418767, "endTime": 426174, "taskId": 11, "workflowId": -1, "jobId": 6}, {"startTime": 430557, "endTime": 434827, "taskId": 14, "workflowId": -1, "jobId": 13}, {"startTime": 442152, "endTime": 442917, "taskId": 4, "workflowId": -1, "jobId": 9}, {"startTime": 442917, "endTime": 444169, "taskId": 5, "workflowId": -1, "jobId": 13}, {"startTime": 444169, "endTime": 448492, "taskId": 2, "workflowId": -1, "jobId": 12}, {"startTime": 457863, "endTime": 462349, "taskId": 14, "workflowId": -1, "jobId": 14}, {"startTime": 462349, "endTime": 465079, "taskId": 8, "workflowId": -1, "jobId": 16}, {"startTime": 469571, "endTime": 475105, "taskId": 5, "workflowId": -1, "jobId": 14}]}, {"frequency": 2.83, "activePower": 118, "idlePower": 56.7, "memory": 4, "allocations": [{"startTime": 37036, "endTime": 37737, "taskId": 5, "workflowId": 2, "jobId": -1}, {"startTime": 37737, "endTime": 43115, "taskId": 0, "workflowId": -1, "jobId": 0}, {"startTime": 43115, "endTime": 43308, "taskId": 3, "workflowId": 2, "jobId": -1}, {"startTime": 43308, "endTime": 43573, "taskId": 1, "workflowId": 2, "jobId": -1}, {"startTime": 43573, "endTime": 49699, "taskId": 5, "workflowId": -1, "jobId": 0}, {"startTime": 49699, "endTime": 55598, "taskId": 4, "workflowId": -1, "jobId": 0}, {"startTime": 55598, "endTime": 56794, "taskId": 7, "workflowId": 2, "jobId": -1}, {"startTime": 56794, "endTime": 56795, "taskId": 0, "workflowId": 3, "jobId": -1}, {"startTime": 56795, "endTime": 57110, "taskId": 14, "workflowId": 2, "jobId": -1}, {"startTime": 57110, "endTime": 57277, "taskId": 18, "workflowId": 2, "jobId": -1}, {"startTime": 57277, "endTime": 58313, "taskId": 18, "workflowId": 2, "jobId": -1}, {"startTime": 58313, "endTime": 59209, "taskId": 14, "workflowId": 2, "jobId": -1}, {"startTime": 59209, "endTime": 59210, "taskId": 0, "workflowId": 3, "jobId": -1}, {"startTime": 59210, "endTime": 59879, "taskId": 20, "workflowId": 2, "jobId": -1}, {"startTime": 60086, "endTime": 60512, "taskId": 14, "workflowId": -1, "jobId": 0}, {"startTime": 60512, "endTime": 60540, "taskId": 24, "workflowId": 2, "jobId": -1}, {"startTime": 60540, "endTime": 60885, "taskId": 24, "workflowId": 2, "jobId": -1}, {"startTime": 60885, "endTime": 61411, "taskId": 24, "workflowId": 2, "jobId": -1}, {"startTime": 61411, "endTime": 62570, "taskId": 23, "workflowId": 2, "jobId": -1}, {"startTime": 62570, "endTime": 62816, "taskId": 23, "workflowId": 2, "jobId": -1}, {"startTime": 62816, "endTime": 62817, "taskId": 0, "workflowId": 3, "jobId": -1}, {"startTime": 62817, "endTime": 63926, "taskId": 27, "workflowId": 2, "jobId": -1}, {"startTime": 63926, "endTime": 64228, "taskId": 8, "workflowId": -1, "jobId": 1}, {"startTime": 64228, "endTime": 65465, "taskId": 8, "workflowId": -1, "jobId": 1}, {"startTime": 65465, "endTime": 66239, "taskId": 8, "workflowId": -1, "jobId": 1}, {"startTime": 66239, "endTime": 72260, "taskId": 8, "workflowId": -1, "jobId": 1}, {"startTime": 72260, "endTime": 72545, "taskId": 12, "workflowId": -1, "jobId": 0}, {"startTime": 72545, "endTime": 73367, "taskId": 2, "workflowId": 3, "jobId": -1}, {"startTime": 73367, "endTime": 74972, "taskId": 1, "workflowId": 3, "jobId": -1}, {"startTime": 74972, "endTime": 77201, "taskId": 12, "workflowId": -1, "jobId": 0}, {"startTime": 77201, "endTime": 79628, "taskId": 12, "workflowId": -1, "jobId": 0}, {"startTime": 79628, "endTime": 80749, "taskId": 13, "workflowId": -1, "jobId": 0}, {"startTime": 80749, "endTime": 82672, "taskId": 13, "workflowId": -1, "jobId": 0}, {"startTime": 82672, "endTime": 83986, "taskId": 14, "workflowId": -1, "jobId": 0}, {"startTime": 83986, "endTime": 84130, "taskId": 14, "workflowId": -1, "jobId": 1}, {"startTime": 84130, "endTime": 85268, "taskId": 14, "workflowId": -1, "jobId": 1}, {"startTime": 85268, "endTime": 86796, "taskId": 14, "workflowId": -1, "jobId": 1}, {"startTime": 86796, "endTime": 88539, "taskId": 14, "workflowId": -1, "jobId": 1}, {"startTime": 88539, "endTime": 90003, "taskId": 14, "workflowId": -1, "jobId": 1}, {"startTime": 90003, "endTime": 90113, "taskId": 10, "workflowId": -1, "jobId": 1}, {"startTime": 90113, "endTime": 90958, "taskId": 8, "workflowId": -1, "jobId": 2}, {"startTime": 90958, "endTime": 92239, "taskId": 8, "workflowId": -1, "jobId": 2}, {"startTime": 92239, "endTime": 92486, "taskId": 8, "workflowId": -1, "jobId": 2}, {"startTime": 92486, "endTime": 92630, "taskId": 8, "workflowId": -1, "jobId": 2}, {"startTime": 92630, "endTime": 94039, "taskId": 8, "workflowId": -1, "jobId": 2}, {"startTime": 94039, "endTime": 94303, "taskId": 8, "workflowId": -1, "jobId": 2}, {"startTime": 94303, "endTime": 95856, "taskId": 8, "workflowId": -1, "jobId": 2}, {"startTime": 95856, "endTime": 98447, "taskId": 8, "workflowId": -1, "jobId": 2}, {"startTime": 98447, "endTime": 98838, "taskId": 16, "workflowId": 3, "jobId": -1}, {"startTime": 98838, "endTime": 99999, "taskId": 16, "workflowId": 3, "jobId": -1}, {"startTime": 99999, "endTime": 100323, "taskId": 7, "workflowId": 3, "jobId": -1}, {"startTime": 100323, "endTime": 101123, "taskId": 21, "workflowId": 3, "jobId": -1}, {"startTime": 101123, "endTime": 101226, "taskId": 13, "workflowId": -1, "jobId": 1}, {"startTime": 101226, "endTime": 105267, "taskId": 12, "workflowId": -1, "jobId": 1}, {"startTime": 105267, "endTime": 105894, "taskId": 11, "workflowId": -1, "jobId": 1}, {"startTime": 105894, "endTime": 107164, "taskId": 11, "workflowId": -1, "jobId": 1}, {"startTime": 107164, "endTime": 107548, "taskId": 11, "workflowId": -1, "jobId": 1}, {"startTime": 107548, "endTime": 108818, "taskId": 11, "workflowId": -1, "jobId": 1}, {"startTime": 108818, "endTime": 109214, "taskId": 11, "workflowId": -1, "jobId": 1}, {"startTime": 109214, "endTime": 110484, "taskId": 14, "workflowId": 3, "jobId": -1}, {"startTime": 110484, "endTime": 112138, "taskId": 19, "workflowId": 3, "jobId": -1}, {"startTime": 112138, "endTime": 113828, "taskId": 22, "workflowId": 3, "jobId": -1}, {"startTime": 113944, "endTime": 114105, "taskId": 25, "workflowId": 3, "jobId": -1}, {"startTime": 114661, "endTime": 115517, "taskId": 29, "workflowId": 3, "jobId": -1}, {"startTime": 115517, "endTime": 116302, "taskId": 27, "workflowId": 3, "jobId": -1}, {"startTime": 116302, "endTime": 116574, "taskId": 8, "workflowId": -1, "jobId": 3}, {"startTime": 116574, "endTime": 124636, "taskId": 8, "workflowId": -1, "jobId": 3}, {"startTime": 130146, "endTime": 134736, "taskId": 14, "workflowId": -1, "jobId": 3}, {"startTime": 141682, "endTime": 142220, "taskId": 13, "workflowId": -1, "jobId": 2}, {"startTime": 142220, "endTime": 142269, "taskId": 12, "workflowId": -1, "jobId": 2}, {"startTime": 142269, "endTime": 142490, "taskId": 10, "workflowId": -1, "jobId": 2}, {"startTime": 142490, "endTime": 150824, "taskId": 8, "workflowId": -1, "jobId": 4}, {"startTime": 150824, "endTime": 156541, "taskId": 13, "workflowId": -1, "jobId": 2}, {"startTime": 161446, "endTime": 161770, "taskId": 14, "workflowId": -1, "jobId": 4}, {"startTime": 161770, "endTime": 165988, "taskId": 9, "workflowId": -1, "jobId": 3}, {"startTime": 165988, "endTime": 166650, "taskId": 19, "workflowId": 1, "jobId": -1}, {"startTime": 166650, "endTime": 166719, "taskId": 19, "workflowId": 1, "jobId": -1}, {"startTime": 166719, "endTime": 167503, "taskId": 3, "workflowId": 1, "jobId": -1}, {"startTime": 167503, "endTime": 167515, "taskId": 14, "workflowId": 1, "jobId": -1}, {"startTime": 167515, "endTime": 167732, "taskId": 15, "workflowId": 1, "jobId": -1}, {"startTime": 167732, "endTime": 168394, "taskId": 15, "workflowId": 1, "jobId": -1}, {"startTime": 168394, "endTime": 168402, "taskId": 15, "workflowId": 1, "jobId": -1}, {"startTime": 168402, "endTime": 168677, "taskId": 14, "workflowId": 1, "jobId": -1}, {"startTime": 168677, "endTime": 168819, "taskId": 11, "workflowId": -1, "jobId": 2}, {"startTime": 168819, "endTime": 169030, "taskId": 11, "workflowId": -1, "jobId": 2}, {"startTime": 169030, "endTime": 169447, "taskId": 11, "workflowId": -1, "jobId": 2}, {"startTime": 169447, "endTime": 169550, "taskId": 11, "workflowId": -1, "jobId": 2}, {"startTime": 169550, "endTime": 169692, "taskId": 11, "workflowId": -1, "jobId": 2}, {"startTime": 169692, "endTime": 170178, "taskId": 11, "workflowId": -1, "jobId": 2}, {"startTime": 170178, "endTime": 170212, "taskId": 11, "workflowId": -1, "jobId": 2}, {"startTime": 170212, "endTime": 170221, "taskId": 11, "workflowId": -1, "jobId": 2}, {"startTime": 170221, "endTime": 170713, "taskId": 11, "workflowId": -1, "jobId": 2}, {"startTime": 170713, "endTime": 171648, "taskId": 11, "workflowId": -1, "jobId": 2}, {"startTime": 171648, "endTime": 172310, "taskId": 11, "workflowId": -1, "jobId": 2}, {"startTime": 172310, "endTime": 172542, "taskId": 11, "workflowId": -1, "jobId": 2}, {"startTime": 172542, "endTime": 172797, "taskId": 4, "workflowId": -1, "jobId": 3}, {"startTime": 172797, "endTime": 173202, "taskId": 8, "workflowId": -1, "jobId": 5}, {"startTime": 173202, "endTime": 173597, "taskId": 8, "workflowId": -1, "jobId": 5}, {"startTime": 173597, "endTime": 173933, "taskId": 8, "workflowId": -1, "jobId": 5}, {"startTime": 173933, "endTime": 174365, "taskId": 8, "workflowId": -1, "jobId": 5}, {"startTime": 174365, "endTime": 174554, "taskId": 8, "workflowId": -1, "jobId": 5}, {"startTime": 174554, "endTime": 175100, "taskId": 8, "workflowId": -1, "jobId": 5}, {"startTime": 175100, "endTime": 175403, "taskId": 8, "workflowId": -1, "jobId": 5}, {"startTime": 175403, "endTime": 176065, "taskId": 8, "workflowId": -1, "jobId": 5}, {"startTime": 176065, "endTime": 176211, "taskId": 8, "workflowId": -1, "jobId": 5}, {"startTime": 176211, "endTime": 176452, "taskId": 8, "workflowId": -1, "jobId": 5}, {"startTime": 176452, "endTime": 177011, "taskId": 8, "workflowId": -1, "jobId": 5}, {"startTime": 177011, "endTime": 177374, "taskId": 16, "workflowId": 1, "jobId": -1}, {"startTime": 177374, "endTime": 178109, "taskId": 4, "workflowId": -1, "jobId": 3}, {"startTime": 178109, "endTime": 178441, "taskId": 4, "workflowId": -1, "jobId": 3}, {"startTime": 178441, "endTime": 178771, "taskId": 16, "workflowId": 1, "jobId": -1}, {"startTime": 178771, "endTime": 179430, "taskId": 16, "workflowId": 1, "jobId": -1}, {"startTime": 179430, "endTime": 180117, "taskId": 29, "workflowId": 1, "jobId": -1}, {"startTime": 180117, "endTime": 180596, "taskId": 29, "workflowId": 1, "jobId": -1}, {"startTime": 180596, "endTime": 180779, "taskId": 3, "workflowId": 1, "jobId": -1}, {"startTime": 180779, "endTime": 181087, "taskId": 31, "workflowId": 1, "jobId": -1}, {"startTime": 181087, "endTime": 181158, "taskId": 31, "workflowId": 1, "jobId": -1}, {"startTime": 181158, "endTime": 181706, "taskId": 3, "workflowId": 1, "jobId": -1}, {"startTime": 181706, "endTime": 181749, "taskId": 22, "workflowId": 1, "jobId": -1}, {"startTime": 181749, "endTime": 182628, "taskId": 9, "workflowId": 1, "jobId": -1}, {"startTime": 182628, "endTime": 183157, "taskId": 22, "workflowId": 1, "jobId": -1}, {"startTime": 183157, "endTime": 183748, "taskId": 22, "workflowId": 1, "jobId": -1}, {"startTime": 183748, "endTime": 184277, "taskId": 6, "workflowId": 1, "jobId": -1}, {"startTime": 184277, "endTime": 184931, "taskId": 23, "workflowId": 1, "jobId": -1}, {"startTime": 191752, "endTime": 194460, "taskId": 14, "workflowId": -1, "jobId": 5}, {"startTime": 194460, "endTime": 194535, "taskId": 10, "workflowId": -1, "jobId": 3}, {"startTime": 194535, "endTime": 194754, "taskId": 5, "workflowId": -1, "jobId": 5}, {"startTime": 194754, "endTime": 194865, "taskId": 5, "workflowId": -1, "jobId": 5}, {"startTime": 194865, "endTime": 197774, "taskId": 8, "workflowId": -1, "jobId": 6}, {"startTime": 197774, "endTime": 197878, "taskId": 8, "workflowId": -1, "jobId": 6}, {"startTime": 197878, "endTime": 198172, "taskId": 8, "workflowId": -1, "jobId": 6}, {"startTime": 198172, "endTime": 198785, "taskId": 8, "workflowId": -1, "jobId": 6}, {"startTime": 198785, "endTime": 201192, "taskId": 8, "workflowId": -1, "jobId": 6}, {"startTime": 201192, "endTime": 203199, "taskId": 8, "workflowId": -1, "jobId": 6}, {"startTime": 203199, "endTime": 205776, "taskId": 12, "workflowId": -1, "jobId": 3}, {"startTime": 206563, "endTime": 210753, "taskId": 15, "workflowId": -1, "jobId": 2}, {"startTime": 217791, "endTime": 220668, "taskId": 14, "workflowId": -1, "jobId": 6}, {"startTime": 220668, "endTime": 221053, "taskId": 4, "workflowId": -1, "jobId": 4}, {"startTime": 221053, "endTime": 229387, "taskId": 8, "workflowId": -1, "jobId": 7}, {"startTime": 229387, "endTime": 233482, "taskId": 14, "workflowId": -1, "jobId": 6}, {"startTime": 243337, "endTime": 244457, "taskId": 12, "workflowId": -1, "jobId": 4}, {"startTime": 244457, "endTime": 248675, "taskId": 9, "workflowId": -1, "jobId": 5}, {"startTime": 248675, "endTime": 253359, "taskId": 14, "workflowId": -1, "jobId": 7}, {"startTime": 253359, "endTime": 255724, "taskId": 6, "workflowId": -1, "jobId": 4}, {"startTime": 255724, "endTime": 262604, "taskId": 13, "workflowId": -1, "jobId": 4}, {"startTime": 266355, "endTime": 268311, "taskId": 4, "workflowId": -1, "jobId": 5}, {"startTime": 274094, "endTime": 275521, "taskId": 15, "workflowId": -1, "jobId": 3}, {"startTime": 277809, "endTime": 284781, "taskId": 14, "workflowId": -1, "jobId": 8}, {"startTime": 298725, "endTime": 298942, "taskId": 13, "workflowId": -1, "jobId": 5}, {"startTime": 298942, "endTime": 299067, "taskId": 12, "workflowId": -1, "jobId": 5}, {"startTime": 299067, "endTime": 299196, "taskId": 11, "workflowId": -1, "jobId": 4}, {"startTime": 299196, "endTime": 299617, "taskId": 12, "workflowId": -1, "jobId": 5}, {"startTime": 299617, "endTime": 299808, "taskId": 10, "workflowId": -1, "jobId": 5}, {"startTime": 299808, "endTime": 303267, "taskId": 10, "workflowId": -1, "jobId": 5}, {"startTime": 303267, "endTime": 303458, "taskId": 12, "workflowId": -1, "jobId": 5}, {"startTime": 303458, "endTime": 305913, "taskId": 13, "workflowId": -1, "jobId": 5}, {"startTime": 305913, "endTime": 307857, "taskId": 6, "workflowId": -1, "jobId": 5}, {"startTime": 307857, "endTime": 309305, "taskId": 4, "workflowId": -1, "jobId": 6}, {"startTime": 309305, "endTime": 313246, "taskId": 4, "workflowId": -1, "jobId": 6}, {"startTime": 313246, "endTime": 315939, "taskId": 13, "workflowId": -1, "jobId": 5}, {"startTime": 327145, "endTime": 327462, "taskId": 9, "workflowId": -1, "jobId": 7}, {"startTime": 327462, "endTime": 327979, "taskId": 8, "workflowId": -1, "jobId": 11}, {"startTime": 327979, "endTime": 328261, "taskId": 7, "workflowId": -1, "jobId": 11}, {"startTime": 328261, "endTime": 329049, "taskId": 4, "workflowId": 0, "jobId": -1}, {"startTime": 329049, "endTime": 329737, "taskId": 10, "workflowId": 0, "jobId": -1}, {"startTime": 329737, "endTime": 330458, "taskId": 10, "workflowId": 0, "jobId": -1}, {"startTime": 330458, "endTime": 331074, "taskId": 14, "workflowId": 0, "jobId": -1}, {"startTime": 331074, "endTime": 331746, "taskId": 14, "workflowId": 0, "jobId": -1}, {"startTime": 331746, "endTime": 331767, "taskId": 13, "workflowId": 0, "jobId": -1}, {"startTime": 331767, "endTime": 331795, "taskId": 13, "workflowId": 0, "jobId": -1}, {"startTime": 331795, "endTime": 332746, "taskId": 13, "workflowId": 0, "jobId": -1}, {"startTime": 332746, "endTime": 333739, "taskId": 21, "workflowId": 0, "jobId": -1}, {"startTime": 333739, "endTime": 334082, "taskId": 27, "workflowId": 0, "jobId": -1}, {"startTime": 334082, "endTime": 334341, "taskId": 17, "workflowId": 0, "jobId": -1}, {"startTime": 334341, "endTime": 334934, "taskId": 18, "workflowId": 0, "jobId": -1}, {"startTime": 334934, "endTime": 335414, "taskId": 22, "workflowId": 0, "jobId": -1}, {"startTime": 335414, "endTime": 336009, "taskId": 27, "workflowId": 0, "jobId": -1}, {"startTime": 336009, "endTime": 336223, "taskId": 23, "workflowId": 0, "jobId": -1}, {"startTime": 336223, "endTime": 336451, "taskId": 29, "workflowId": 0, "jobId": -1}, {"startTime": 336451, "endTime": 337283, "taskId": 29, "workflowId": 0, "jobId": -1}, {"startTime": 337283, "endTime": 337354, "taskId": 7, "workflowId": -1, "jobId": 11}, {"startTime": 337354, "endTime": 337532, "taskId": 30, "workflowId": 0, "jobId": -1}, {"startTime": 337532, "endTime": 338249, "taskId": 30, "workflowId": 0, "jobId": -1}, {"startTime": 338249, "endTime": 338484, "taskId": 7, "workflowId": -1, "jobId": 11}, {"startTime": 338484, "endTime": 338650, "taskId": 31, "workflowId": 0, "jobId": -1}, {"startTime": 338650, "endTime": 343125, "taskId": 7, "workflowId": -1, "jobId": 11}, {"startTime": 343125, "endTime": 343771, "taskId": 9, "workflowId": -1, "jobId": 7}, {"startTime": 343771, "endTime": 350508, "taskId": 14, "workflowId": -1, "jobId": 10}, {"startTime": 350508, "endTime": 350609, "taskId": 15, "workflowId": -1, "jobId": 4}, {"startTime": 350609, "endTime": 351183, "taskId": 13, "workflowId": -1, "jobId": 6}, {"startTime": 351183, "endTime": 351333, "taskId": 12, "workflowId": -1, "jobId": 6}, {"startTime": 351333, "endTime": 352139, "taskId": 10, "workflowId": -1, "jobId": 6}, {"startTime": 352139, "endTime": 352282, "taskId": 10, "workflowId": -1, "jobId": 6}, {"startTime": 352282, "endTime": 355508, "taskId": 4, "workflowId": -1, "jobId": 7}, {"startTime": 355508, "endTime": 356214, "taskId": 4, "workflowId": -1, "jobId": 7}, {"startTime": 356214, "endTime": 358181, "taskId": 4, "workflowId": -1, "jobId": 7}, {"startTime": 358181, "endTime": 361407, "taskId": 10, "workflowId": -1, "jobId": 6}, {"startTime": 361407, "endTime": 365142, "taskId": 15, "workflowId": -1, "jobId": 4}, {"startTime": 373293, "endTime": 374808, "taskId": 14, "workflowId": -1, "jobId": 11}, {"startTime": 376570, "endTime": 377466, "taskId": 5, "workflowId": -1, "jobId": 11}, {"startTime": 377466, "endTime": 385307, "taskId": 7, "workflowId": -1, "jobId": 13}, {"startTime": 397537, "endTime": 397845, "taskId": 12, "workflowId": -1, "jobId": 7}, {"startTime": 397845, "endTime": 404817, "taskId": 14, "workflowId": -1, "jobId": 12}, {"startTime": 404817, "endTime": 407373, "taskId": 13, "workflowId": -1, "jobId": 7}, {"startTime": 407373, "endTime": 407749, "taskId": 10, "workflowId": -1, "jobId": 7}, {"startTime": 407749, "endTime": 409152, "taskId": 13, "workflowId": -1, "jobId": 7}, {"startTime": 409152, "endTime": 410577, "taskId": 5, "workflowId": -1, "jobId": 12}, {"startTime": 410577, "endTime": 412703, "taskId": 8, "workflowId": -1, "jobId": 14}, {"startTime": 412703, "endTime": 416921, "taskId": 9, "workflowId": -1, "jobId": 9}, {"startTime": 442917, "endTime": 444169, "taskId": 4, "workflowId": -1, "jobId": 9}, {"startTime": 444169, "endTime": 444302, "taskId": 5, "workflowId": -1, "jobId": 13}, {"startTime": 444302, "endTime": 447861, "taskId": 4, "workflowId": -1, "jobId": 9}, {"startTime": 447861, "endTime": 453239, "taskId": 0, "workflowId": -1, "jobId": 11}, {"startTime": 462350, "endTime": 464836, "taskId": 14, "workflowId": -1, "jobId": 14}]}]