[{"frequency": 1.5, "activePower": 8, "idlePower": 2.7, "memory": 4, "allocations": [{"startTime": 27711, "endTime": 38065, "taskId": 2, "workflowId": -1, "jobId": 0}, {"startTime": 38065, "endTime": 39552, "taskId": 0, "workflowId": 0, "jobId": -1}, {"startTime": 39552, "endTime": 41624, "taskId": 4, "workflowId": 0, "jobId": -1}, {"startTime": 41624, "endTime": 43719, "taskId": 1, "workflowId": 0, "jobId": -1}, {"startTime": 43719, "endTime": 44564, "taskId": 1, "workflowId": 0, "jobId": -1}, {"startTime": 44564, "endTime": 44910, "taskId": 1, "workflowId": 0, "jobId": -1}, {"startTime": 44910, "endTime": 47340, "taskId": 7, "workflowId": 0, "jobId": -1}, {"startTime": 47340, "endTime": 48360, "taskId": 8, "workflowId": 0, "jobId": -1}, {"startTime": 48360, "endTime": 49078, "taskId": 13, "workflowId": 0, "jobId": -1}, {"startTime": 49078, "endTime": 49639, "taskId": 13, "workflowId": 0, "jobId": -1}, {"startTime": 49639, "endTime": 49732, "taskId": 13, "workflowId": 0, "jobId": -1}, {"startTime": 49732, "endTime": 49977, "taskId": 11, "workflowId": 0, "jobId": -1}, {"startTime": 49977, "endTime": 50259, "taskId": 14, "workflowId": 0, "jobId": -1}, {"startTime": 50259, "endTime": 50450, "taskId": 15, "workflowId": 0, "jobId": -1}, {"startTime": 50450, "endTime": 50462, "taskId": 15, "workflowId": 0, "jobId": -1}, {"startTime": 50462, "endTime": 50561, "taskId": 15, "workflowId": 0, "jobId": -1}, {"startTime": 50561, "endTime": 51796, "taskId": 17, "workflowId": 0, "jobId": -1}, {"startTime": 52752, "endTime": 52846, "taskId": 4, "workflowId": -1, "jobId": 0}, {"startTime": 52846, "endTime": 53190, "taskId": 18, "workflowId": 0, "jobId": -1}, {"startTime": 53190, "endTime": 53206, "taskId": 2, "workflowId": -1, "jobId": 1}, {"startTime": 53206, "endTime": 53447, "taskId": 2, "workflowId": -1, "jobId": 1}, {"startTime": 53447, "endTime": 56145, "taskId": 2, "workflowId": -1, "jobId": 1}, {"startTime": 56145, "endTime": 59076, "taskId": 2, "workflowId": -1, "jobId": 1}, {"startTime": 59076, "endTime": 59373, "taskId": 2, "workflowId": -1, "jobId": 1}, {"startTime": 59373, "endTime": 65856, "taskId": 2, "workflowId": -1, "jobId": 1}, {"startTime": 65856, "endTime": 68469, "taskId": 2, "workflowId": -1, "jobId": 1}, {"startTime": 68469, "endTime": 69198, "taskId": 2, "workflowId": -1, "jobId": 1}, {"startTime": 69198, "endTime": 69898, "taskId": 11, "workflowId": -1, "jobId": 0}, {"startTime": 69898, "endTime": 70596, "taskId": 7, "workflowId": 3, "jobId": -1}, {"startTime": 70766, "endTime": 71048, "taskId": 11, "workflowId": -1, "jobId": 0}, {"startTime": 71048, "endTime": 74350, "taskId": 9, "workflowId": -1, "jobId": 0}, {"startTime": 74350, "endTime": 78670, "taskId": 3, "workflowId": -1, "jobId": 1}, {"startTime": 78670, "endTime": 80068, "taskId": 2, "workflowId": -1, "jobId": 2}, {"startTime": 80068, "endTime": 80248, "taskId": 2, "workflowId": -1, "jobId": 2}, {"startTime": 80248, "endTime": 90388, "taskId": 2, "workflowId": -1, "jobId": 2}, {"startTime": 90388, "endTime": 91938, "taskId": 2, "workflowId": -1, "jobId": 2}, {"startTime": 91938, "endTime": 93889, "taskId": 2, "workflowId": -1, "jobId": 2}, {"startTime": 93889, "endTime": 94678, "taskId": 2, "workflowId": -1, "jobId": 2}, {"startTime": 94678, "endTime": 95383, "taskId": 13, "workflowId": 3, "jobId": -1}, {"startTime": 95383, "endTime": 97945, "taskId": 13, "workflowId": 3, "jobId": -1}, {"startTime": 97945, "endTime": 98218, "taskId": 11, "workflowId": 3, "jobId": -1}, {"startTime": 98218, "endTime": 98345, "taskId": 11, "workflowId": 3, "jobId": -1}, {"startTime": 98345, "endTime": 99394, "taskId": 11, "workflowId": 3, "jobId": -1}, {"startTime": 99394, "endTime": 100057, "taskId": 11, "workflowId": -1, "jobId": 0}, {"startTime": 100057, "endTime": 100989, "taskId": 5, "workflowId": -1, "jobId": 1}, {"startTime": 100989, "endTime": 103036, "taskId": 5, "workflowId": -1, "jobId": 1}, {"startTime": 103036, "endTime": 103824, "taskId": 1, "workflowId": -1, "jobId": 2}, {"startTime": 103824, "endTime": 104150, "taskId": 1, "workflowId": -1, "jobId": 2}, {"startTime": 104150, "endTime": 105069, "taskId": 2, "workflowId": -1, "jobId": 3}, {"startTime": 105069, "endTime": 105099, "taskId": 2, "workflowId": -1, "jobId": 3}, {"startTime": 105099, "endTime": 110517, "taskId": 2, "workflowId": -1, "jobId": 3}, {"startTime": 110517, "endTime": 112181, "taskId": 2, "workflowId": -1, "jobId": 3}, {"startTime": 112181, "endTime": 113262, "taskId": 2, "workflowId": -1, "jobId": 3}, {"startTime": 113262, "endTime": 113324, "taskId": 2, "workflowId": -1, "jobId": 3}, {"startTime": 113324, "endTime": 113591, "taskId": 2, "workflowId": -1, "jobId": 3}, {"startTime": 113591, "endTime": 114140, "taskId": 2, "workflowId": -1, "jobId": 3}, {"startTime": 114140, "endTime": 114198, "taskId": 2, "workflowId": -1, "jobId": 3}, {"startTime": 114198, "endTime": 114465, "taskId": 2, "workflowId": -1, "jobId": 3}, {"startTime": 114465, "endTime": 115147, "taskId": 2, "workflowId": -1, "jobId": 3}, {"startTime": 115147, "endTime": 120158, "taskId": 2, "workflowId": -1, "jobId": 3}, {"startTime": 120158, "endTime": 120990, "taskId": 17, "workflowId": 3, "jobId": -1}, {"startTime": 120990, "endTime": 122965, "taskId": 3, "workflowId": -1, "jobId": 2}, {"startTime": 122965, "endTime": 123106, "taskId": 3, "workflowId": -1, "jobId": 2}, {"startTime": 123106, "endTime": 124958, "taskId": 3, "workflowId": -1, "jobId": 2}, {"startTime": 124958, "endTime": 125502, "taskId": 3, "workflowId": -1, "jobId": 2}, {"startTime": 125502, "endTime": 126123, "taskId": 3, "workflowId": -1, "jobId": 2}, {"startTime": 126123, "endTime": 126390, "taskId": 3, "workflowId": -1, "jobId": 2}, {"startTime": 126390, "endTime": 126610, "taskId": 3, "workflowId": -1, "jobId": 2}, {"startTime": 126610, "endTime": 126740, "taskId": 3, "workflowId": -1, "jobId": 2}, {"startTime": 126740, "endTime": 128316, "taskId": 3, "workflowId": -1, "jobId": 2}, {"startTime": 128316, "endTime": 129033, "taskId": 3, "workflowId": -1, "jobId": 2}, {"startTime": 129033, "endTime": 129136, "taskId": 3, "workflowId": -1, "jobId": 2}, {"startTime": 129136, "endTime": 129630, "taskId": 3, "workflowId": -1, "jobId": 2}, {"startTime": 129630, "endTime": 129695, "taskId": 2, "workflowId": -1, "jobId": 4}, {"startTime": 129695, "endTime": 131610, "taskId": 2, "workflowId": -1, "jobId": 4}, {"startTime": 131610, "endTime": 137028, "taskId": 2, "workflowId": -1, "jobId": 4}, {"startTime": 137028, "endTime": 139564, "taskId": 2, "workflowId": -1, "jobId": 4}, {"startTime": 139564, "endTime": 142377, "taskId": 2, "workflowId": -1, "jobId": 4}, {"startTime": 142377, "endTime": 145210, "taskId": 2, "workflowId": -1, "jobId": 4}, {"startTime": 145210, "endTime": 145339, "taskId": 2, "workflowId": -1, "jobId": 4}, {"startTime": 145339, "endTime": 145606, "taskId": 2, "workflowId": -1, "jobId": 4}, {"startTime": 145606, "endTime": 145638, "taskId": 2, "workflowId": -1, "jobId": 4}, {"startTime": 145638, "endTime": 145905, "taskId": 18, "workflowId": 3, "jobId": -1}, {"startTime": 145905, "endTime": 146696, "taskId": 18, "workflowId": 3, "jobId": -1}, {"startTime": 146696, "endTime": 147255, "taskId": 18, "workflowId": 3, "jobId": -1}, {"startTime": 147255, "endTime": 147320, "taskId": 18, "workflowId": 3, "jobId": -1}, {"startTime": 147320, "endTime": 148105, "taskId": 17, "workflowId": 2, "jobId": -1}, {"startTime": 148105, "endTime": 148656, "taskId": 17, "workflowId": 2, "jobId": -1}, {"startTime": 148656, "endTime": 150083, "taskId": 12, "workflowId": 2, "jobId": -1}, {"startTime": 150083, "endTime": 150556, "taskId": 12, "workflowId": 2, "jobId": -1}, {"startTime": 150556, "endTime": 151122, "taskId": 12, "workflowId": 2, "jobId": -1}, {"startTime": 151122, "endTime": 153850, "taskId": 16, "workflowId": 2, "jobId": -1}, {"startTime": 153850, "endTime": 153986, "taskId": 16, "workflowId": 2, "jobId": -1}, {"startTime": 153986, "endTime": 155110, "taskId": 13, "workflowId": 2, "jobId": -1}, {"startTime": 155110, "endTime": 155372, "taskId": 2, "workflowId": -1, "jobId": 5}, {"startTime": 155372, "endTime": 158066, "taskId": 2, "workflowId": -1, "jobId": 5}, {"startTime": 158066, "endTime": 162669, "taskId": 2, "workflowId": -1, "jobId": 5}, {"startTime": 162669, "endTime": 163371, "taskId": 2, "workflowId": -1, "jobId": 5}, {"startTime": 163371, "endTime": 163638, "taskId": 2, "workflowId": -1, "jobId": 5}, {"startTime": 163638, "endTime": 163689, "taskId": 2, "workflowId": -1, "jobId": 5}, {"startTime": 163689, "endTime": 163772, "taskId": 2, "workflowId": -1, "jobId": 5}, {"startTime": 163772, "endTime": 164797, "taskId": 2, "workflowId": -1, "jobId": 5}, {"startTime": 164797, "endTime": 166153, "taskId": 2, "workflowId": -1, "jobId": 5}, {"startTime": 166153, "endTime": 166194, "taskId": 2, "workflowId": -1, "jobId": 5}, {"startTime": 166194, "endTime": 167985, "taskId": 2, "workflowId": -1, "jobId": 5}, {"startTime": 167985, "endTime": 168229, "taskId": 2, "workflowId": -1, "jobId": 5}, {"startTime": 168229, "endTime": 169119, "taskId": 2, "workflowId": -1, "jobId": 5}, {"startTime": 169119, "endTime": 170411, "taskId": 2, "workflowId": -1, "jobId": 5}, {"startTime": 170411, "endTime": 170909, "taskId": 2, "workflowId": -1, "jobId": 5}, {"startTime": 170909, "endTime": 171118, "taskId": 2, "workflowId": -1, "jobId": 5}, {"startTime": 171118, "endTime": 171176, "taskId": 10, "workflowId": -1, "jobId": 2}, {"startTime": 171176, "endTime": 171632, "taskId": 10, "workflowId": -1, "jobId": 2}, {"startTime": 171632, "endTime": 172082, "taskId": 10, "workflowId": -1, "jobId": 2}, {"startTime": 172082, "endTime": 172404, "taskId": 10, "workflowId": -1, "jobId": 2}, {"startTime": 172404, "endTime": 174079, "taskId": 5, "workflowId": -1, "jobId": 2}, {"startTime": 174079, "endTime": 174411, "taskId": 5, "workflowId": -1, "jobId": 2}, {"startTime": 174411, "endTime": 174464, "taskId": 5, "workflowId": -1, "jobId": 2}, {"startTime": 174464, "endTime": 175187, "taskId": 5, "workflowId": -1, "jobId": 2}, {"startTime": 175187, "endTime": 175471, "taskId": 5, "workflowId": -1, "jobId": 2}, {"startTime": 175471, "endTime": 176007, "taskId": 5, "workflowId": -1, "jobId": 2}, {"startTime": 176007, "endTime": 176274, "taskId": 5, "workflowId": -1, "jobId": 2}, {"startTime": 176274, "endTime": 176765, "taskId": 5, "workflowId": -1, "jobId": 2}, {"startTime": 176765, "endTime": 176783, "taskId": 5, "workflowId": -1, "jobId": 2}, {"startTime": 176783, "endTime": 176955, "taskId": 5, "workflowId": -1, "jobId": 2}, {"startTime": 176955, "endTime": 177215, "taskId": 5, "workflowId": -1, "jobId": 2}, {"startTime": 177215, "endTime": 177416, "taskId": 5, "workflowId": -1, "jobId": 2}, {"startTime": 177416, "endTime": 178362, "taskId": 2, "workflowId": 2, "jobId": -1}, {"startTime": 178362, "endTime": 179823, "taskId": 1, "workflowId": -1, "jobId": 4}, {"startTime": 179823, "endTime": 179918, "taskId": 1, "workflowId": -1, "jobId": 4}, {"startTime": 179918, "endTime": 179997, "taskId": 1, "workflowId": -1, "jobId": 4}, {"startTime": 179997, "endTime": 180590, "taskId": 1, "workflowId": -1, "jobId": 4}, {"startTime": 180590, "endTime": 181833, "taskId": 2, "workflowId": -1, "jobId": 6}, {"startTime": 181833, "endTime": 182594, "taskId": 2, "workflowId": -1, "jobId": 6}, {"startTime": 182594, "endTime": 184377, "taskId": 2, "workflowId": -1, "jobId": 6}, {"startTime": 184377, "endTime": 184383, "taskId": 2, "workflowId": -1, "jobId": 6}, {"startTime": 184383, "endTime": 184753, "taskId": 2, "workflowId": -1, "jobId": 6}, {"startTime": 184753, "endTime": 185066, "taskId": 2, "workflowId": -1, "jobId": 6}, {"startTime": 185066, "endTime": 186203, "taskId": 2, "workflowId": -1, "jobId": 6}, {"startTime": 186203, "endTime": 188889, "taskId": 2, "workflowId": -1, "jobId": 6}, {"startTime": 188889, "endTime": 189524, "taskId": 2, "workflowId": -1, "jobId": 6}, {"startTime": 189524, "endTime": 191083, "taskId": 2, "workflowId": -1, "jobId": 6}, {"startTime": 191083, "endTime": 193753, "taskId": 2, "workflowId": -1, "jobId": 6}, {"startTime": 193753, "endTime": 196598, "taskId": 2, "workflowId": -1, "jobId": 6}, {"startTime": 196598, "endTime": 197204, "taskId": 14, "workflowId": 2, "jobId": -1}, {"startTime": 197204, "endTime": 197307, "taskId": 10, "workflowId": -1, "jobId": 2}, {"startTime": 197307, "endTime": 197361, "taskId": 7, "workflowId": -1, "jobId": 5}, {"startTime": 197361, "endTime": 197793, "taskId": 7, "workflowId": -1, "jobId": 5}, {"startTime": 197793, "endTime": 200120, "taskId": 13, "workflowId": 1, "jobId": -1}, {"startTime": 200120, "endTime": 200409, "taskId": 13, "workflowId": 1, "jobId": -1}, {"startTime": 200409, "endTime": 201687, "taskId": 14, "workflowId": 1, "jobId": -1}, {"startTime": 201687, "endTime": 202221, "taskId": 14, "workflowId": 1, "jobId": -1}, {"startTime": 202221, "endTime": 202502, "taskId": 14, "workflowId": 1, "jobId": -1}, {"startTime": 202502, "endTime": 204670, "taskId": 18, "workflowId": 1, "jobId": -1}, {"startTime": 204670, "endTime": 205412, "taskId": 19, "workflowId": 1, "jobId": -1}, {"startTime": 205412, "endTime": 206037, "taskId": 19, "workflowId": 1, "jobId": -1}, {"startTime": 206037, "endTime": 206070, "taskId": 22, "workflowId": 1, "jobId": -1}, {"startTime": 206070, "endTime": 206779, "taskId": 2, "workflowId": -1, "jobId": 7}, {"startTime": 206779, "endTime": 206904, "taskId": 2, "workflowId": -1, "jobId": 7}, {"startTime": 206904, "endTime": 207299, "taskId": 2, "workflowId": -1, "jobId": 7}, {"startTime": 207299, "endTime": 208082, "taskId": 2, "workflowId": -1, "jobId": 7}, {"startTime": 208082, "endTime": 208497, "taskId": 2, "workflowId": -1, "jobId": 7}, {"startTime": 208497, "endTime": 209294, "taskId": 2, "workflowId": -1, "jobId": 7}, {"startTime": 209294, "endTime": 209641, "taskId": 2, "workflowId": -1, "jobId": 7}, {"startTime": 209641, "endTime": 209800, "taskId": 2, "workflowId": -1, "jobId": 7}, {"startTime": 209800, "endTime": 217379, "taskId": 2, "workflowId": -1, "jobId": 7}, {"startTime": 217379, "endTime": 218559, "taskId": 2, "workflowId": -1, "jobId": 7}, {"startTime": 218559, "endTime": 222078, "taskId": 2, "workflowId": -1, "jobId": 7}, {"startTime": 222078, "endTime": 222493, "taskId": 23, "workflowId": 2, "jobId": -1}, {"startTime": 222526, "endTime": 230308, "taskId": 9, "workflowId": -1, "jobId": 3}, {"startTime": 230308, "endTime": 231152, "taskId": 3, "workflowId": -1, "jobId": 4}, {"startTime": 231152, "endTime": 231550, "taskId": 3, "workflowId": -1, "jobId": 4}, {"startTime": 231550, "endTime": 233477, "taskId": 2, "workflowId": -1, "jobId": 8}, {"startTime": 233477, "endTime": 247558, "taskId": 2, "workflowId": -1, "jobId": 8}, {"startTime": 247558, "endTime": 249454, "taskId": 7, "workflowId": -1, "jobId": 8}, {"startTime": 249454, "endTime": 253688, "taskId": 4, "workflowId": -1, "jobId": 4}, {"startTime": 253688, "endTime": 254133, "taskId": 1, "workflowId": -1, "jobId": 6}, {"startTime": 254133, "endTime": 257030, "taskId": 1, "workflowId": -1, "jobId": 6}, {"startTime": 257030, "endTime": 273038, "taskId": 2, "workflowId": -1, "jobId": 9}, {"startTime": 273038, "endTime": 279818, "taskId": 8, "workflowId": -1, "jobId": 6}, {"startTime": 282510, "endTime": 298518, "taskId": 2, "workflowId": -1, "jobId": 10}, {"startTime": 298518, "endTime": 304890, "taskId": 10, "workflowId": -1, "jobId": 5}, {"startTime": 304890, "endTime": 307550, "taskId": 4, "workflowId": -1, "jobId": 5}, {"startTime": 307550, "endTime": 307990, "taskId": 3, "workflowId": -1, "jobId": 6}, {"startTime": 307990, "endTime": 323998, "taskId": 2, "workflowId": -1, "jobId": 11}, {"startTime": 324484, "endTime": 329035, "taskId": 9, "workflowId": -1, "jobId": 6}, {"startTime": 329035, "endTime": 333514, "taskId": 1, "workflowId": -1, "jobId": 8}, {"startTime": 333514, "endTime": 349522, "taskId": 2, "workflowId": -1, "jobId": 12}, {"startTime": 354252, "endTime": 358993, "taskId": 3, "workflowId": -1, "jobId": 7}, {"startTime": 358993, "endTime": 375001, "taskId": 2, "workflowId": -1, "jobId": 13}, {"startTime": 375001, "endTime": 381781, "taskId": 8, "workflowId": -1, "jobId": 9}, {"startTime": 381781, "endTime": 384430, "taskId": 6, "workflowId": -1, "jobId": 5}, {"startTime": 384430, "endTime": 400438, "taskId": 2, "workflowId": -1, "jobId": 14}, {"startTime": 400877, "endTime": 404356, "taskId": 3, "workflowId": -1, "jobId": 8}, {"startTime": 404356, "endTime": 409912, "taskId": 1, "workflowId": -1, "jobId": 10}, {"startTime": 409912, "endTime": 425920, "taskId": 2, "workflowId": -1, "jobId": 15}, {"startTime": 425920, "endTime": 434961, "taskId": 9, "workflowId": -1, "jobId": 8}, {"startTime": 435394, "endTime": 451402, "taskId": 2, "workflowId": -1, "jobId": 16}, {"startTime": 451402, "endTime": 461042, "taskId": 7, "workflowId": -1, "jobId": 16}, {"startTime": 461042, "endTime": 477050, "taskId": 2, "workflowId": -1, "jobId": 17}]}, {"frequency": 1.5, "activePower": 8, "idlePower": 2.7, "memory": 4, "allocations": [{"startTime": 27711, "endTime": 38065, "taskId": 0, "workflowId": -1, "jobId": 0}, {"startTime": 38065, "endTime": 39486, "taskId": 2, "workflowId": -1, "jobId": 0}, {"startTime": 39486, "endTime": 43719, "taskId": 2, "workflowId": -1, "jobId": 0}, {"startTime": 43719, "endTime": 44498, "taskId": 3, "workflowId": -1, "jobId": 0}, {"startTime": 44498, "endTime": 47340, "taskId": 3, "workflowId": -1, "jobId": 0}, {"startTime": 47340, "endTime": 48724, "taskId": 9, "workflowId": 0, "jobId": -1}, {"startTime": 48724, "endTime": 49977, "taskId": 9, "workflowId": 0, "jobId": -1}, {"startTime": 49977, "endTime": 50259, "taskId": 11, "workflowId": 0, "jobId": -1}, {"startTime": 50259, "endTime": 50450, "taskId": 14, "workflowId": 0, "jobId": -1}, {"startTime": 50450, "endTime": 50499, "taskId": 14, "workflowId": 0, "jobId": -1}, {"startTime": 50499, "endTime": 50561, "taskId": 14, "workflowId": 0, "jobId": -1}, {"startTime": 50561, "endTime": 52107, "taskId": 15, "workflowId": 0, "jobId": -1}, {"startTime": 52107, "endTime": 52846, "taskId": 10, "workflowId": -1, "jobId": 0}, {"startTime": 52846, "endTime": 53190, "taskId": 4, "workflowId": -1, "jobId": 0}, {"startTime": 53190, "endTime": 53447, "taskId": 18, "workflowId": 0, "jobId": -1}, {"startTime": 53447, "endTime": 53553, "taskId": 18, "workflowId": 0, "jobId": -1}, {"startTime": 53553, "endTime": 54595, "taskId": 0, "workflowId": -1, "jobId": 1}, {"startTime": 54595, "endTime": 54943, "taskId": 0, "workflowId": -1, "jobId": 1}, {"startTime": 54943, "endTime": 56145, "taskId": 0, "workflowId": -1, "jobId": 1}, {"startTime": 56145, "endTime": 56394, "taskId": 0, "workflowId": -1, "jobId": 1}, {"startTime": 56394, "endTime": 59373, "taskId": 0, "workflowId": -1, "jobId": 1}, {"startTime": 59373, "endTime": 65328, "taskId": 0, "workflowId": -1, "jobId": 1}, {"startTime": 65328, "endTime": 65373, "taskId": 3, "workflowId": 3, "jobId": -1}, {"startTime": 65373, "endTime": 66425, "taskId": 1, "workflowId": -1, "jobId": 1}, {"startTime": 66425, "endTime": 66678, "taskId": 1, "workflowId": -1, "jobId": 1}, {"startTime": 66678, "endTime": 68790, "taskId": 1, "workflowId": -1, "jobId": 1}, {"startTime": 68790, "endTime": 69119, "taskId": 1, "workflowId": -1, "jobId": 1}, {"startTime": 69119, "endTime": 75492, "taskId": 1, "workflowId": -1, "jobId": 1}, {"startTime": 75492, "endTime": 76535, "taskId": 1, "workflowId": -1, "jobId": 1}, {"startTime": 76535, "endTime": 76987, "taskId": 9, "workflowId": 3, "jobId": -1}, {"startTime": 76987, "endTime": 78670, "taskId": 6, "workflowId": 2, "jobId": -1}, {"startTime": 78670, "endTime": 78887, "taskId": 3, "workflowId": -1, "jobId": 1}, {"startTime": 78887, "endTime": 79201, "taskId": 3, "workflowId": -1, "jobId": 1}, {"startTime": 79201, "endTime": 79339, "taskId": 3, "workflowId": -1, "jobId": 1}, {"startTime": 79339, "endTime": 79394, "taskId": 3, "workflowId": -1, "jobId": 1}, {"startTime": 79394, "endTime": 79795, "taskId": 0, "workflowId": -1, "jobId": 2}, {"startTime": 79795, "endTime": 80247, "taskId": 0, "workflowId": -1, "jobId": 2}, {"startTime": 80247, "endTime": 80248, "taskId": 0, "workflowId": -1, "jobId": 2}, {"startTime": 80248, "endTime": 80610, "taskId": 0, "workflowId": -1, "jobId": 2}, {"startTime": 80610, "endTime": 87044, "taskId": 0, "workflowId": -1, "jobId": 2}, {"startTime": 87044, "endTime": 87516, "taskId": 0, "workflowId": -1, "jobId": 2}, {"startTime": 87516, "endTime": 90388, "taskId": 0, "workflowId": -1, "jobId": 2}, {"startTime": 90388, "endTime": 90919, "taskId": 0, "workflowId": -1, "jobId": 2}, {"startTime": 90919, "endTime": 91169, "taskId": 0, "workflowId": -1, "jobId": 2}, {"startTime": 91169, "endTime": 91700, "taskId": 6, "workflowId": 2, "jobId": -1}, {"startTime": 91700, "endTime": 92608, "taskId": 12, "workflowId": 3, "jobId": -1}, {"startTime": 92608, "endTime": 93271, "taskId": 10, "workflowId": -1, "jobId": 1}, {"startTime": 93271, "endTime": 95623, "taskId": 10, "workflowId": 3, "jobId": -1}, {"startTime": 95623, "endTime": 97339, "taskId": 8, "workflowId": 2, "jobId": -1}, {"startTime": 97339, "endTime": 99065, "taskId": 10, "workflowId": 2, "jobId": -1}, {"startTime": 99065, "endTime": 100057, "taskId": 15, "workflowId": 3, "jobId": -1}, {"startTime": 100057, "endTime": 100181, "taskId": 11, "workflowId": -1, "jobId": 0}, {"startTime": 100181, "endTime": 100331, "taskId": 11, "workflowId": -1, "jobId": 0}, {"startTime": 100331, "endTime": 100408, "taskId": 11, "workflowId": -1, "jobId": 0}, {"startTime": 100408, "endTime": 100959, "taskId": 11, "workflowId": -1, "jobId": 0}, {"startTime": 100959, "endTime": 100989, "taskId": 11, "workflowId": -1, "jobId": 0}, {"startTime": 100989, "endTime": 101088, "taskId": 11, "workflowId": -1, "jobId": 0}, {"startTime": 101088, "endTime": 103036, "taskId": 11, "workflowId": -1, "jobId": 0}, {"startTime": 103036, "endTime": 104150, "taskId": 5, "workflowId": -1, "jobId": 1}, {"startTime": 104150, "endTime": 105069, "taskId": 1, "workflowId": -1, "jobId": 2}, {"startTime": 105069, "endTime": 105099, "taskId": 1, "workflowId": -1, "jobId": 2}, {"startTime": 105099, "endTime": 105223, "taskId": 1, "workflowId": -1, "jobId": 2}, {"startTime": 105223, "endTime": 105236, "taskId": 1, "workflowId": -1, "jobId": 2}, {"startTime": 105236, "endTime": 106551, "taskId": 0, "workflowId": -1, "jobId": 3}, {"startTime": 106551, "endTime": 108621, "taskId": 0, "workflowId": -1, "jobId": 3}, {"startTime": 108621, "endTime": 110220, "taskId": 0, "workflowId": -1, "jobId": 3}, {"startTime": 110220, "endTime": 114197, "taskId": 0, "workflowId": -1, "jobId": 3}, {"startTime": 114197, "endTime": 116267, "taskId": 0, "workflowId": -1, "jobId": 3}, {"startTime": 116267, "endTime": 116778, "taskId": 0, "workflowId": -1, "jobId": 3}, {"startTime": 116778, "endTime": 117011, "taskId": 0, "workflowId": -1, "jobId": 3}, {"startTime": 117011, "endTime": 117701, "taskId": 12, "workflowId": 2, "jobId": -1}, {"startTime": 117701, "endTime": 118909, "taskId": 9, "workflowId": -1, "jobId": 1}, {"startTime": 118909, "endTime": 119452, "taskId": 9, "workflowId": -1, "jobId": 1}, {"startTime": 119452, "endTime": 121581, "taskId": 9, "workflowId": -1, "jobId": 1}, {"startTime": 121581, "endTime": 121848, "taskId": 9, "workflowId": -1, "jobId": 1}, {"startTime": 121848, "endTime": 122068, "taskId": 9, "workflowId": -1, "jobId": 1}, {"startTime": 122068, "endTime": 126740, "taskId": 9, "workflowId": -1, "jobId": 1}, {"startTime": 126740, "endTime": 128426, "taskId": 8, "workflowId": -1, "jobId": 2}, {"startTime": 128426, "endTime": 129375, "taskId": 10, "workflowId": -1, "jobId": 1}, {"startTime": 129375, "endTime": 129630, "taskId": 10, "workflowId": -1, "jobId": 1}, {"startTime": 129630, "endTime": 131078, "taskId": 3, "workflowId": -1, "jobId": 2}, {"startTime": 131078, "endTime": 134869, "taskId": 0, "workflowId": -1, "jobId": 4}, {"startTime": 134869, "endTime": 135421, "taskId": 0, "workflowId": -1, "jobId": 4}, {"startTime": 135421, "endTime": 136067, "taskId": 0, "workflowId": -1, "jobId": 4}, {"startTime": 136067, "endTime": 136331, "taskId": 0, "workflowId": -1, "jobId": 4}, {"startTime": 136331, "endTime": 136411, "taskId": 0, "workflowId": -1, "jobId": 4}, {"startTime": 136411, "endTime": 137028, "taskId": 0, "workflowId": -1, "jobId": 4}, {"startTime": 137028, "endTime": 138228, "taskId": 0, "workflowId": -1, "jobId": 4}, {"startTime": 138228, "endTime": 139705, "taskId": 0, "workflowId": -1, "jobId": 4}, {"startTime": 139705, "endTime": 139962, "taskId": 0, "workflowId": -1, "jobId": 4}, {"startTime": 139962, "endTime": 141899, "taskId": 0, "workflowId": -1, "jobId": 4}, {"startTime": 141899, "endTime": 142050, "taskId": 0, "workflowId": -1, "jobId": 4}, {"startTime": 142050, "endTime": 142166, "taskId": 0, "workflowId": -1, "jobId": 4}, {"startTime": 142166, "endTime": 142317, "taskId": 0, "workflowId": -1, "jobId": 4}, {"startTime": 142317, "endTime": 142853, "taskId": 0, "workflowId": -1, "jobId": 4}, {"startTime": 142853, "endTime": 143402, "taskId": 24, "workflowId": 2, "jobId": -1}, {"startTime": 143402, "endTime": 151997, "taskId": 11, "workflowId": -1, "jobId": 1}, {"startTime": 151997, "endTime": 153022, "taskId": 24, "workflowId": 2, "jobId": -1}, {"startTime": 153022, "endTime": 153394, "taskId": 24, "workflowId": 2, "jobId": -1}, {"startTime": 153394, "endTime": 153536, "taskId": 24, "workflowId": 2, "jobId": -1}, {"startTime": 153536, "endTime": 154260, "taskId": 24, "workflowId": 2, "jobId": -1}, {"startTime": 154260, "endTime": 154410, "taskId": 22, "workflowId": 3, "jobId": -1}, {"startTime": 154410, "endTime": 155372, "taskId": 9, "workflowId": -1, "jobId": 2}, {"startTime": 155372, "endTime": 156830, "taskId": 7, "workflowId": -1, "jobId": 4}, {"startTime": 156830, "endTime": 156920, "taskId": 7, "workflowId": -1, "jobId": 4}, {"startTime": 156920, "endTime": 157154, "taskId": 0, "workflowId": -1, "jobId": 5}, {"startTime": 157154, "endTime": 159663, "taskId": 0, "workflowId": -1, "jobId": 5}, {"startTime": 159663, "endTime": 159930, "taskId": 0, "workflowId": -1, "jobId": 5}, {"startTime": 159930, "endTime": 160488, "taskId": 0, "workflowId": -1, "jobId": 5}, {"startTime": 160488, "endTime": 160836, "taskId": 0, "workflowId": -1, "jobId": 5}, {"startTime": 160836, "endTime": 161923, "taskId": 0, "workflowId": -1, "jobId": 5}, {"startTime": 161923, "endTime": 162190, "taskId": 0, "workflowId": -1, "jobId": 5}, {"startTime": 162190, "endTime": 162669, "taskId": 0, "workflowId": -1, "jobId": 5}, {"startTime": 162669, "endTime": 163450, "taskId": 0, "workflowId": -1, "jobId": 5}, {"startTime": 163450, "endTime": 163689, "taskId": 0, "workflowId": -1, "jobId": 5}, {"startTime": 163689, "endTime": 163772, "taskId": 0, "workflowId": -1, "jobId": 5}, {"startTime": 163772, "endTime": 164797, "taskId": 0, "workflowId": -1, "jobId": 5}, {"startTime": 164797, "endTime": 166153, "taskId": 0, "workflowId": -1, "jobId": 5}, {"startTime": 166153, "endTime": 166447, "taskId": 0, "workflowId": -1, "jobId": 5}, {"startTime": 166447, "endTime": 167477, "taskId": 0, "workflowId": -1, "jobId": 5}, {"startTime": 167477, "endTime": 167615, "taskId": 0, "workflowId": -1, "jobId": 5}, {"startTime": 167615, "endTime": 168229, "taskId": 0, "workflowId": -1, "jobId": 5}, {"startTime": 168229, "endTime": 168496, "taskId": 0, "workflowId": -1, "jobId": 5}, {"startTime": 168496, "endTime": 168566, "taskId": 0, "workflowId": -1, "jobId": 5}, {"startTime": 168566, "endTime": 168695, "taskId": 0, "workflowId": -1, "jobId": 5}, {"startTime": 168695, "endTime": 168749, "taskId": 21, "workflowId": 3, "jobId": -1}, {"startTime": 168749, "endTime": 168833, "taskId": 21, "workflowId": 3, "jobId": -1}, {"startTime": 168833, "endTime": 168888, "taskId": 21, "workflowId": 3, "jobId": -1}, {"startTime": 168888, "endTime": 169488, "taskId": 21, "workflowId": 3, "jobId": -1}, {"startTime": 169488, "endTime": 170208, "taskId": 21, "workflowId": 3, "jobId": -1}, {"startTime": 170208, "endTime": 170439, "taskId": 13, "workflowId": 2, "jobId": -1}, {"startTime": 170439, "endTime": 170725, "taskId": 8, "workflowId": -1, "jobId": 3}, {"startTime": 170725, "endTime": 171632, "taskId": 8, "workflowId": -1, "jobId": 3}, {"startTime": 171632, "endTime": 172043, "taskId": 8, "workflowId": -1, "jobId": 3}, {"startTime": 172043, "endTime": 172439, "taskId": 8, "workflowId": -1, "jobId": 3}, {"startTime": 172439, "endTime": 173494, "taskId": 8, "workflowId": -1, "jobId": 3}, {"startTime": 173494, "endTime": 173998, "taskId": 8, "workflowId": -1, "jobId": 3}, {"startTime": 173998, "endTime": 177215, "taskId": 8, "workflowId": -1, "jobId": 3}, {"startTime": 177215, "endTime": 177948, "taskId": 13, "workflowId": 2, "jobId": -1}, {"startTime": 177948, "endTime": 178363, "taskId": 9, "workflowId": -1, "jobId": 3}, {"startTime": 178363, "endTime": 178764, "taskId": 2, "workflowId": 2, "jobId": -1}, {"startTime": 178764, "endTime": 179308, "taskId": 22, "workflowId": 3, "jobId": -1}, {"startTime": 179308, "endTime": 179608, "taskId": 20, "workflowId": 2, "jobId": -1}, {"startTime": 179608, "endTime": 179735, "taskId": 20, "workflowId": 2, "jobId": -1}, {"startTime": 179735, "endTime": 180214, "taskId": 0, "workflowId": 1, "jobId": -1}, {"startTime": 180214, "endTime": 180590, "taskId": 0, "workflowId": 1, "jobId": -1}, {"startTime": 180590, "endTime": 181564, "taskId": 1, "workflowId": -1, "jobId": 4}, {"startTime": 181564, "endTime": 181831, "taskId": 1, "workflowId": -1, "jobId": 4}, {"startTime": 181831, "endTime": 181833, "taskId": 1, "workflowId": -1, "jobId": 4}, {"startTime": 181833, "endTime": 182594, "taskId": 1, "workflowId": -1, "jobId": 4}, {"startTime": 182594, "endTime": 182600, "taskId": 1, "workflowId": -1, "jobId": 4}, {"startTime": 182600, "endTime": 182762, "taskId": 1, "workflowId": -1, "jobId": 4}, {"startTime": 182762, "endTime": 182958, "taskId": 0, "workflowId": -1, "jobId": 6}, {"startTime": 182958, "endTime": 184196, "taskId": 0, "workflowId": -1, "jobId": 6}, {"startTime": 184196, "endTime": 184377, "taskId": 0, "workflowId": -1, "jobId": 6}, {"startTime": 184377, "endTime": 184435, "taskId": 0, "workflowId": -1, "jobId": 6}, {"startTime": 184435, "endTime": 185807, "taskId": 0, "workflowId": -1, "jobId": 6}, {"startTime": 185807, "endTime": 186074, "taskId": 0, "workflowId": -1, "jobId": 6}, {"startTime": 186074, "endTime": 186533, "taskId": 0, "workflowId": -1, "jobId": 6}, {"startTime": 186533, "endTime": 186940, "taskId": 0, "workflowId": -1, "jobId": 6}, {"startTime": 186940, "endTime": 189522, "taskId": 0, "workflowId": -1, "jobId": 6}, {"startTime": 189522, "endTime": 190952, "taskId": 0, "workflowId": -1, "jobId": 6}, {"startTime": 190952, "endTime": 192402, "taskId": 0, "workflowId": -1, "jobId": 6}, {"startTime": 192402, "endTime": 193863, "taskId": 0, "workflowId": -1, "jobId": 6}, {"startTime": 193863, "endTime": 194217, "taskId": 0, "workflowId": -1, "jobId": 6}, {"startTime": 194217, "endTime": 194537, "taskId": 0, "workflowId": -1, "jobId": 6}, {"startTime": 194537, "endTime": 195088, "taskId": 4, "workflowId": -1, "jobId": 3}, {"startTime": 195088, "endTime": 195355, "taskId": 4, "workflowId": -1, "jobId": 3}, {"startTime": 195355, "endTime": 195666, "taskId": 4, "workflowId": -1, "jobId": 3}, {"startTime": 195666, "endTime": 196469, "taskId": 4, "workflowId": -1, "jobId": 3}, {"startTime": 196469, "endTime": 197204, "taskId": 4, "workflowId": -1, "jobId": 3}, {"startTime": 197204, "endTime": 197307, "taskId": 4, "workflowId": -1, "jobId": 3}, {"startTime": 197307, "endTime": 197794, "taskId": 4, "workflowId": -1, "jobId": 3}, {"startTime": 197794, "endTime": 198186, "taskId": 4, "workflowId": -1, "jobId": 3}, {"startTime": 198186, "endTime": 198249, "taskId": 4, "workflowId": -1, "jobId": 3}, {"startTime": 198249, "endTime": 198258, "taskId": 4, "workflowId": -1, "jobId": 3}, {"startTime": 198258, "endTime": 198352, "taskId": 4, "workflowId": -1, "jobId": 3}, {"startTime": 198352, "endTime": 198546, "taskId": 4, "workflowId": -1, "jobId": 3}, {"startTime": 198546, "endTime": 199216, "taskId": 4, "workflowId": -1, "jobId": 3}, {"startTime": 199216, "endTime": 199483, "taskId": 1, "workflowId": 2, "jobId": -1}, {"startTime": 199483, "endTime": 199830, "taskId": 23, "workflowId": 2, "jobId": -1}, {"startTime": 199830, "endTime": 200409, "taskId": 20, "workflowId": 2, "jobId": -1}, {"startTime": 200409, "endTime": 202693, "taskId": 15, "workflowId": 1, "jobId": -1}, {"startTime": 202693, "endTime": 202739, "taskId": 15, "workflowId": 1, "jobId": -1}, {"startTime": 202739, "endTime": 203108, "taskId": 20, "workflowId": 2, "jobId": -1}, {"startTime": 203108, "endTime": 203358, "taskId": 20, "workflowId": 2, "jobId": -1}, {"startTime": 203358, "endTime": 203472, "taskId": 20, "workflowId": 2, "jobId": -1}, {"startTime": 203472, "endTime": 204670, "taskId": 20, "workflowId": 2, "jobId": -1}, {"startTime": 204670, "endTime": 205023, "taskId": 20, "workflowId": 1, "jobId": -1}, {"startTime": 205023, "endTime": 205523, "taskId": 20, "workflowId": 1, "jobId": -1}, {"startTime": 205523, "endTime": 205938, "taskId": 20, "workflowId": 1, "jobId": -1}, {"startTime": 205938, "endTime": 206142, "taskId": 20, "workflowId": 1, "jobId": -1}, {"startTime": 206142, "endTime": 206189, "taskId": 20, "workflowId": 1, "jobId": -1}, {"startTime": 206189, "endTime": 206904, "taskId": 10, "workflowId": -1, "jobId": 2}, {"startTime": 206904, "endTime": 207853, "taskId": 24, "workflowId": 1, "jobId": -1}, {"startTime": 207853, "endTime": 207975, "taskId": 24, "workflowId": 1, "jobId": -1}, {"startTime": 207975, "endTime": 208404, "taskId": 24, "workflowId": 1, "jobId": -1}, {"startTime": 208404, "endTime": 208532, "taskId": 4, "workflowId": 2, "jobId": -1}, {"startTime": 208532, "endTime": 208604, "taskId": 10, "workflowId": -1, "jobId": 2}, {"startTime": 208604, "endTime": 209576, "taskId": 0, "workflowId": -1, "jobId": 7}, {"startTime": 209576, "endTime": 209933, "taskId": 0, "workflowId": -1, "jobId": 7}, {"startTime": 209933, "endTime": 210675, "taskId": 0, "workflowId": -1, "jobId": 7}, {"startTime": 210675, "endTime": 211729, "taskId": 0, "workflowId": -1, "jobId": 7}, {"startTime": 211729, "endTime": 211936, "taskId": 0, "workflowId": -1, "jobId": 7}, {"startTime": 211936, "endTime": 215396, "taskId": 0, "workflowId": -1, "jobId": 7}, {"startTime": 215396, "endTime": 220379, "taskId": 0, "workflowId": -1, "jobId": 7}, {"startTime": 220379, "endTime": 220850, "taskId": 21, "workflowId": 2, "jobId": -1}, {"startTime": 220850, "endTime": 221121, "taskId": 21, "workflowId": 2, "jobId": -1}, {"startTime": 221121, "endTime": 221265, "taskId": 4, "workflowId": 2, "jobId": -1}, {"startTime": 221265, "endTime": 221848, "taskId": 4, "workflowId": 2, "jobId": -1}, {"startTime": 221848, "endTime": 223663, "taskId": 4, "workflowId": 2, "jobId": -1}, {"startTime": 223663, "endTime": 224717, "taskId": 15, "workflowId": 2, "jobId": -1}, {"startTime": 224717, "endTime": 228921, "taskId": 11, "workflowId": -1, "jobId": 3}, {"startTime": 228921, "endTime": 230308, "taskId": 7, "workflowId": -1, "jobId": 7}, {"startTime": 230308, "endTime": 231152, "taskId": 9, "workflowId": -1, "jobId": 3}, {"startTime": 231550, "endTime": 233477, "taskId": 3, "workflowId": -1, "jobId": 4}, {"startTime": 233477, "endTime": 234446, "taskId": 3, "workflowId": -1, "jobId": 4}, {"startTime": 234446, "endTime": 246221, "taskId": 0, "workflowId": -1, "jobId": 8}, {"startTime": 246221, "endTime": 251454, "taskId": 8, "workflowId": -1, "jobId": 5}, {"startTime": 251454, "endTime": 253688, "taskId": 10, "workflowId": -1, "jobId": 4}, {"startTime": 253688, "endTime": 254133, "taskId": 4, "workflowId": -1, "jobId": 4}, {"startTime": 254133, "endTime": 257030, "taskId": 10, "workflowId": -1, "jobId": 4}, {"startTime": 257030, "endTime": 260288, "taskId": 1, "workflowId": -1, "jobId": 6}, {"startTime": 260288, "endTime": 264850, "taskId": 0, "workflowId": -1, "jobId": 9}, {"startTime": 264850, "endTime": 272063, "taskId": 0, "workflowId": -1, "jobId": 9}, {"startTime": 272063, "endTime": 276059, "taskId": 10, "workflowId": -1, "jobId": 4}, {"startTime": 276059, "endTime": 286130, "taskId": 11, "workflowId": -1, "jobId": 4}, {"startTime": 286130, "endTime": 297905, "taskId": 0, "workflowId": -1, "jobId": 10}, {"startTime": 297905, "endTime": 304685, "taskId": 8, "workflowId": -1, "jobId": 7}, {"startTime": 304700, "endTime": 304890, "taskId": 11, "workflowId": -1, "jobId": 5}, {"startTime": 304890, "endTime": 307550, "taskId": 10, "workflowId": -1, "jobId": 5}, {"startTime": 307550, "endTime": 307990, "taskId": 4, "workflowId": -1, "jobId": 5}, {"startTime": 307990, "endTime": 311972, "taskId": 3, "workflowId": -1, "jobId": 6}, {"startTime": 311972, "endTime": 323747, "taskId": 0, "workflowId": -1, "jobId": 11}, {"startTime": 323747, "endTime": 329035, "taskId": 6, "workflowId": -1, "jobId": 4}, {"startTime": 329035, "endTime": 333514, "taskId": 9, "workflowId": -1, "jobId": 6}, {"startTime": 333514, "endTime": 337821, "taskId": 1, "workflowId": -1, "jobId": 8}, {"startTime": 337821, "endTime": 349596, "taskId": 0, "workflowId": -1, "jobId": 12}, {"startTime": 358993, "endTime": 363686, "taskId": 3, "workflowId": -1, "jobId": 7}, {"startTime": 363686, "endTime": 375461, "taskId": 0, "workflowId": -1, "jobId": 13}, {"startTime": 375461, "endTime": 384022, "taskId": 11, "workflowId": -1, "jobId": 6}, {"startTime": 384430, "endTime": 389452, "taskId": 6, "workflowId": -1, "jobId": 5}, {"startTime": 389452, "endTime": 389549, "taskId": 5, "workflowId": -1, "jobId": 5}, {"startTime": 389549, "endTime": 401324, "taskId": 0, "workflowId": -1, "jobId": 14}, {"startTime": 404356, "endTime": 409912, "taskId": 3, "workflowId": -1, "jobId": 8}, {"startTime": 409912, "endTime": 415518, "taskId": 1, "workflowId": -1, "jobId": 10}, {"startTime": 415518, "endTime": 427293, "taskId": 0, "workflowId": -1, "jobId": 15}, {"startTime": 441224, "endTime": 452999, "taskId": 0, "workflowId": -1, "jobId": 16}, {"startTime": 452999, "endTime": 459779, "taskId": 8, "workflowId": -1, "jobId": 11}, {"startTime": 461042, "endTime": 464243, "taskId": 7, "workflowId": -1, "jobId": 16}, {"startTime": 467031, "endTime": 478806, "taskId": 0, "workflowId": -1, "jobId": 17}]}, {"frequency": 1.5, "activePower": 8, "idlePower": 2.7, "memory": 4, "allocations": [{"startTime": 27711, "endTime": 38065, "taskId": 1, "workflowId": -1, "jobId": 0}, {"startTime": 38065, "endTime": 38873, "taskId": 0, "workflowId": -1, "jobId": 0}, {"startTime": 38873, "endTime": 39486, "taskId": 0, "workflowId": -1, "jobId": 0}, {"startTime": 39486, "endTime": 39552, "taskId": 4, "workflowId": -1, "jobId": 0}, {"startTime": 39552, "endTime": 41652, "taskId": 3, "workflowId": 0, "jobId": -1}, {"startTime": 41652, "endTime": 43552, "taskId": 6, "workflowId": 0, "jobId": -1}, {"startTime": 43552, "endTime": 44165, "taskId": 6, "workflowId": 0, "jobId": -1}, {"startTime": 44165, "endTime": 44918, "taskId": 6, "workflowId": 0, "jobId": -1}, {"startTime": 44918, "endTime": 47340, "taskId": 4, "workflowId": -1, "jobId": 0}, {"startTime": 47340, "endTime": 49531, "taskId": 10, "workflowId": 0, "jobId": -1}, {"startTime": 49531, "endTime": 49930, "taskId": 10, "workflowId": 0, "jobId": -1}, {"startTime": 49930, "endTime": 50259, "taskId": 10, "workflowId": 0, "jobId": -1}, {"startTime": 50259, "endTime": 50332, "taskId": 11, "workflowId": 0, "jobId": -1}, {"startTime": 50332, "endTime": 50450, "taskId": 11, "workflowId": 0, "jobId": -1}, {"startTime": 50450, "endTime": 50561, "taskId": 16, "workflowId": 0, "jobId": -1}, {"startTime": 50561, "endTime": 51442, "taskId": 14, "workflowId": 0, "jobId": -1}, {"startTime": 51442, "endTime": 51834, "taskId": 14, "workflowId": 0, "jobId": -1}, {"startTime": 51834, "endTime": 52846, "taskId": 14, "workflowId": 0, "jobId": -1}, {"startTime": 53190, "endTime": 53206, "taskId": 4, "workflowId": -1, "jobId": 0}, {"startTime": 53206, "endTime": 53553, "taskId": 4, "workflowId": -1, "jobId": 0}, {"startTime": 53553, "endTime": 54943, "taskId": 18, "workflowId": 0, "jobId": -1}, {"startTime": 54943, "endTime": 56145, "taskId": 18, "workflowId": 0, "jobId": -1}, {"startTime": 56145, "endTime": 56378, "taskId": 20, "workflowId": 0, "jobId": -1}, {"startTime": 56378, "endTime": 56898, "taskId": 20, "workflowId": 0, "jobId": -1}, {"startTime": 56898, "endTime": 57970, "taskId": 20, "workflowId": 0, "jobId": -1}, {"startTime": 57970, "endTime": 58800, "taskId": 20, "workflowId": 0, "jobId": -1}, {"startTime": 58800, "endTime": 62028, "taskId": 19, "workflowId": 0, "jobId": -1}, {"startTime": 62028, "endTime": 64479, "taskId": 22, "workflowId": 0, "jobId": -1}, {"startTime": 64479, "endTime": 64517, "taskId": 23, "workflowId": 0, "jobId": -1}, {"startTime": 64517, "endTime": 65386, "taskId": 23, "workflowId": 0, "jobId": -1}, {"startTime": 65386, "endTime": 66438, "taskId": 3, "workflowId": 3, "jobId": -1}, {"startTime": 66438, "endTime": 66504, "taskId": 6, "workflowId": 3, "jobId": -1}, {"startTime": 66504, "endTime": 66678, "taskId": 4, "workflowId": 3, "jobId": -1}, {"startTime": 66678, "endTime": 68529, "taskId": 4, "workflowId": 3, "jobId": -1}, {"startTime": 68529, "endTime": 70142, "taskId": 6, "workflowId": 3, "jobId": -1}, {"startTime": 71048, "endTime": 74350, "taskId": 10, "workflowId": -1, "jobId": 0}, {"startTime": 74350, "endTime": 79394, "taskId": 9, "workflowId": -1, "jobId": 0}, {"startTime": 79394, "endTime": 80068, "taskId": 3, "workflowId": -1, "jobId": 1}, {"startTime": 80068, "endTime": 80610, "taskId": 3, "workflowId": -1, "jobId": 1}, {"startTime": 80610, "endTime": 86502, "taskId": 3, "workflowId": -1, "jobId": 1}, {"startTime": 86502, "endTime": 90388, "taskId": 3, "workflowId": -1, "jobId": 1}, {"startTime": 90388, "endTime": 90919, "taskId": 10, "workflowId": -1, "jobId": 0}, {"startTime": 90919, "endTime": 91827, "taskId": 10, "workflowId": -1, "jobId": 0}, {"startTime": 91827, "endTime": 91938, "taskId": 10, "workflowId": -1, "jobId": 0}, {"startTime": 91938, "endTime": 94663, "taskId": 10, "workflowId": -1, "jobId": 0}, {"startTime": 94663, "endTime": 96822, "taskId": 10, "workflowId": -1, "jobId": 0}, {"startTime": 96822, "endTime": 97339, "taskId": 24, "workflowId": 2, "jobId": -1}, {"startTime": 97339, "endTime": 97625, "taskId": 17, "workflowId": 2, "jobId": -1}, {"startTime": 97625, "endTime": 99394, "taskId": 11, "workflowId": -1, "jobId": 0}, {"startTime": 99394, "endTime": 100959, "taskId": 11, "workflowId": 3, "jobId": -1}, {"startTime": 100959, "endTime": 100989, "taskId": 8, "workflowId": -1, "jobId": 1}, {"startTime": 100989, "endTime": 101088, "taskId": 8, "workflowId": -1, "jobId": 1}, {"startTime": 101088, "endTime": 103921, "taskId": 6, "workflowId": -1, "jobId": 0}, {"startTime": 103921, "endTime": 104150, "taskId": 6, "workflowId": -1, "jobId": 0}, {"startTime": 104150, "endTime": 105069, "taskId": 5, "workflowId": -1, "jobId": 1}, {"startTime": 105069, "endTime": 105236, "taskId": 8, "workflowId": -1, "jobId": 1}, {"startTime": 105236, "endTime": 106546, "taskId": 1, "workflowId": -1, "jobId": 2}, {"startTime": 106546, "endTime": 107188, "taskId": 1, "workflowId": -1, "jobId": 2}, {"startTime": 107188, "endTime": 108105, "taskId": 1, "workflowId": -1, "jobId": 2}, {"startTime": 108105, "endTime": 109347, "taskId": 1, "workflowId": -1, "jobId": 2}, {"startTime": 109347, "endTime": 110129, "taskId": 1, "workflowId": -1, "jobId": 2}, {"startTime": 110129, "endTime": 112616, "taskId": 1, "workflowId": -1, "jobId": 2}, {"startTime": 112616, "endTime": 113890, "taskId": 1, "workflowId": -1, "jobId": 2}, {"startTime": 113890, "endTime": 114196, "taskId": 1, "workflowId": -1, "jobId": 2}, {"startTime": 114196, "endTime": 114226, "taskId": 11, "workflowId": 3, "jobId": -1}, {"startTime": 114226, "endTime": 114350, "taskId": 15, "workflowId": 3, "jobId": -1}, {"startTime": 114350, "endTime": 114703, "taskId": 9, "workflowId": 2, "jobId": -1}, {"startTime": 114703, "endTime": 118124, "taskId": 8, "workflowId": -1, "jobId": 1}, {"startTime": 118124, "endTime": 119596, "taskId": 9, "workflowId": 2, "jobId": -1}, {"startTime": 119596, "endTime": 119841, "taskId": 9, "workflowId": 2, "jobId": -1}, {"startTime": 119841, "endTime": 120990, "taskId": 18, "workflowId": 3, "jobId": -1}, {"startTime": 120990, "endTime": 121171, "taskId": 11, "workflowId": -1, "jobId": 1}, {"startTime": 121171, "endTime": 122762, "taskId": 10, "workflowId": -1, "jobId": 1}, {"startTime": 122762, "endTime": 123107, "taskId": 10, "workflowId": -1, "jobId": 1}, {"startTime": 123107, "endTime": 124094, "taskId": 10, "workflowId": -1, "jobId": 1}, {"startTime": 124094, "endTime": 124538, "taskId": 10, "workflowId": -1, "jobId": 1}, {"startTime": 124538, "endTime": 127352, "taskId": 11, "workflowId": -1, "jobId": 1}, {"startTime": 127352, "endTime": 127696, "taskId": 11, "workflowId": -1, "jobId": 1}, {"startTime": 127696, "endTime": 129630, "taskId": 11, "workflowId": -1, "jobId": 1}, {"startTime": 129630, "endTime": 129885, "taskId": 10, "workflowId": -1, "jobId": 1}, {"startTime": 129885, "endTime": 130314, "taskId": 10, "workflowId": -1, "jobId": 1}, {"startTime": 130314, "endTime": 131078, "taskId": 10, "workflowId": -1, "jobId": 1}, {"startTime": 131078, "endTime": 131092, "taskId": 3, "workflowId": -1, "jobId": 2}, {"startTime": 131092, "endTime": 131389, "taskId": 3, "workflowId": -1, "jobId": 2}, {"startTime": 131389, "endTime": 131713, "taskId": 3, "workflowId": -1, "jobId": 2}, {"startTime": 131713, "endTime": 133856, "taskId": 3, "workflowId": -1, "jobId": 2}, {"startTime": 133856, "endTime": 133905, "taskId": 3, "workflowId": -1, "jobId": 2}, {"startTime": 133905, "endTime": 134123, "taskId": 3, "workflowId": -1, "jobId": 2}, {"startTime": 134123, "endTime": 134869, "taskId": 3, "workflowId": -1, "jobId": 2}, {"startTime": 134869, "endTime": 135007, "taskId": 3, "workflowId": -1, "jobId": 2}, {"startTime": 135007, "endTime": 137028, "taskId": 3, "workflowId": -1, "jobId": 2}, {"startTime": 137028, "endTime": 138228, "taskId": 17, "workflowId": 2, "jobId": -1}, {"startTime": 138228, "endTime": 138582, "taskId": 16, "workflowId": 3, "jobId": -1}, {"startTime": 138582, "endTime": 139195, "taskId": 4, "workflowId": -1, "jobId": 2}, {"startTime": 139195, "endTime": 140524, "taskId": 4, "workflowId": -1, "jobId": 2}, {"startTime": 140524, "endTime": 140700, "taskId": 4, "workflowId": -1, "jobId": 2}, {"startTime": 140700, "endTime": 141092, "taskId": 1, "workflowId": -1, "jobId": 3}, {"startTime": 141092, "endTime": 143055, "taskId": 1, "workflowId": -1, "jobId": 3}, {"startTime": 143055, "endTime": 143060, "taskId": 1, "workflowId": -1, "jobId": 3}, {"startTime": 143060, "endTime": 143261, "taskId": 1, "workflowId": -1, "jobId": 3}, {"startTime": 143261, "endTime": 143402, "taskId": 1, "workflowId": -1, "jobId": 3}, {"startTime": 143402, "endTime": 144054, "taskId": 1, "workflowId": -1, "jobId": 3}, {"startTime": 144054, "endTime": 144386, "taskId": 1, "workflowId": -1, "jobId": 3}, {"startTime": 144386, "endTime": 144391, "taskId": 1, "workflowId": -1, "jobId": 3}, {"startTime": 144391, "endTime": 144944, "taskId": 1, "workflowId": -1, "jobId": 3}, {"startTime": 144944, "endTime": 145873, "taskId": 1, "workflowId": -1, "jobId": 3}, {"startTime": 145873, "endTime": 146280, "taskId": 1, "workflowId": -1, "jobId": 3}, {"startTime": 146280, "endTime": 146858, "taskId": 1, "workflowId": -1, "jobId": 3}, {"startTime": 146858, "endTime": 147219, "taskId": 1, "workflowId": -1, "jobId": 3}, {"startTime": 147219, "endTime": 150083, "taskId": 1, "workflowId": -1, "jobId": 3}, {"startTime": 150083, "endTime": 151593, "taskId": 1, "workflowId": -1, "jobId": 3}, {"startTime": 151593, "endTime": 151862, "taskId": 1, "workflowId": -1, "jobId": 3}, {"startTime": 151862, "endTime": 152000, "taskId": 19, "workflowId": 3, "jobId": -1}, {"startTime": 152000, "endTime": 153588, "taskId": 19, "workflowId": 3, "jobId": -1}, {"startTime": 153588, "endTime": 155112, "taskId": 19, "workflowId": 2, "jobId": -1}, {"startTime": 155112, "endTime": 156296, "taskId": 10, "workflowId": -1, "jobId": 2}, {"startTime": 156296, "endTime": 156920, "taskId": 6, "workflowId": -1, "jobId": 1}, {"startTime": 156920, "endTime": 162668, "taskId": 7, "workflowId": -1, "jobId": 4}, {"startTime": 162668, "endTime": 167630, "taskId": 9, "workflowId": -1, "jobId": 2}, {"startTime": 167630, "endTime": 167983, "taskId": 3, "workflowId": -1, "jobId": 3}, {"startTime": 167983, "endTime": 168800, "taskId": 3, "workflowId": -1, "jobId": 3}, {"startTime": 168800, "endTime": 168833, "taskId": 3, "workflowId": -1, "jobId": 3}, {"startTime": 168833, "endTime": 168888, "taskId": 3, "workflowId": -1, "jobId": 3}, {"startTime": 168888, "endTime": 169245, "taskId": 3, "workflowId": -1, "jobId": 3}, {"startTime": 169245, "endTime": 169488, "taskId": 3, "workflowId": -1, "jobId": 3}, {"startTime": 169488, "endTime": 170745, "taskId": 3, "workflowId": -1, "jobId": 3}, {"startTime": 170745, "endTime": 170852, "taskId": 3, "workflowId": -1, "jobId": 3}, {"startTime": 170852, "endTime": 176955, "taskId": 3, "workflowId": -1, "jobId": 3}, {"startTime": 176955, "endTime": 179592, "taskId": 3, "workflowId": -1, "jobId": 3}, {"startTime": 179592, "endTime": 179809, "taskId": 3, "workflowId": -1, "jobId": 3}, {"startTime": 179809, "endTime": 180590, "taskId": 3, "workflowId": -1, "jobId": 3}, {"startTime": 180590, "endTime": 181564, "taskId": 0, "workflowId": 1, "jobId": -1}, {"startTime": 181564, "endTime": 182641, "taskId": 2, "workflowId": 1, "jobId": -1}, {"startTime": 182641, "endTime": 182762, "taskId": 2, "workflowId": 1, "jobId": -1}, {"startTime": 182762, "endTime": 183235, "taskId": 1, "workflowId": -1, "jobId": 4}, {"startTime": 183235, "endTime": 185259, "taskId": 1, "workflowId": -1, "jobId": 4}, {"startTime": 185259, "endTime": 185719, "taskId": 1, "workflowId": -1, "jobId": 4}, {"startTime": 185719, "endTime": 185807, "taskId": 1, "workflowId": -1, "jobId": 4}, {"startTime": 185807, "endTime": 186031, "taskId": 1, "workflowId": -1, "jobId": 4}, {"startTime": 186031, "endTime": 186500, "taskId": 1, "workflowId": -1, "jobId": 4}, {"startTime": 186500, "endTime": 186767, "taskId": 1, "workflowId": -1, "jobId": 4}, {"startTime": 186767, "endTime": 187202, "taskId": 1, "workflowId": -1, "jobId": 4}, {"startTime": 187202, "endTime": 187257, "taskId": 1, "workflowId": -1, "jobId": 4}, {"startTime": 187257, "endTime": 187986, "taskId": 1, "workflowId": -1, "jobId": 4}, {"startTime": 187986, "endTime": 188008, "taskId": 1, "workflowId": -1, "jobId": 4}, {"startTime": 188008, "endTime": 188275, "taskId": 1, "workflowId": -1, "jobId": 4}, {"startTime": 188275, "endTime": 188593, "taskId": 1, "workflowId": -1, "jobId": 4}, {"startTime": 188593, "endTime": 189521, "taskId": 1, "workflowId": -1, "jobId": 4}, {"startTime": 189521, "endTime": 189762, "taskId": 5, "workflowId": 1, "jobId": -1}, {"startTime": 189762, "endTime": 189963, "taskId": 5, "workflowId": 1, "jobId": -1}, {"startTime": 189963, "endTime": 190066, "taskId": 5, "workflowId": 1, "jobId": -1}, {"startTime": 190066, "endTime": 191662, "taskId": 5, "workflowId": 1, "jobId": -1}, {"startTime": 191662, "endTime": 191719, "taskId": 5, "workflowId": 1, "jobId": -1}, {"startTime": 191719, "endTime": 192522, "taskId": 5, "workflowId": 1, "jobId": -1}, {"startTime": 192522, "endTime": 192853, "taskId": 5, "workflowId": 1, "jobId": -1}, {"startTime": 192853, "endTime": 193952, "taskId": 6, "workflowId": 1, "jobId": -1}, {"startTime": 193952, "endTime": 194223, "taskId": 6, "workflowId": 1, "jobId": -1}, {"startTime": 194223, "endTime": 194494, "taskId": 11, "workflowId": 1, "jobId": -1}, {"startTime": 194494, "endTime": 194917, "taskId": 11, "workflowId": 1, "jobId": -1}, {"startTime": 194917, "endTime": 195088, "taskId": 22, "workflowId": 2, "jobId": -1}, {"startTime": 195088, "endTime": 195548, "taskId": 2, "workflowId": 2, "jobId": -1}, {"startTime": 195548, "endTime": 195666, "taskId": 8, "workflowId": 1, "jobId": -1}, {"startTime": 195666, "endTime": 197793, "taskId": 8, "workflowId": 1, "jobId": -1}, {"startTime": 197793, "endTime": 198065, "taskId": 7, "workflowId": -1, "jobId": 5}, {"startTime": 198065, "endTime": 198258, "taskId": 7, "workflowId": -1, "jobId": 5}, {"startTime": 198258, "endTime": 198380, "taskId": 7, "workflowId": -1, "jobId": 5}, {"startTime": 198380, "endTime": 198546, "taskId": 7, "workflowId": -1, "jobId": 5}, {"startTime": 198546, "endTime": 198763, "taskId": 7, "workflowId": -1, "jobId": 5}, {"startTime": 198763, "endTime": 199845, "taskId": 7, "workflowId": -1, "jobId": 5}, {"startTime": 199845, "endTime": 199921, "taskId": 7, "workflowId": -1, "jobId": 5}, {"startTime": 199921, "endTime": 199939, "taskId": 7, "workflowId": -1, "jobId": 5}, {"startTime": 199939, "endTime": 200120, "taskId": 7, "workflowId": -1, "jobId": 5}, {"startTime": 200120, "endTime": 200409, "taskId": 19, "workflowId": 2, "jobId": -1}, {"startTime": 200409, "endTime": 201716, "taskId": 17, "workflowId": 1, "jobId": -1}, {"startTime": 201716, "endTime": 202458, "taskId": 17, "workflowId": 1, "jobId": -1}, {"startTime": 202458, "endTime": 202493, "taskId": 17, "workflowId": 1, "jobId": -1}, {"startTime": 202493, "endTime": 203111, "taskId": 17, "workflowId": 1, "jobId": -1}, {"startTime": 203111, "endTime": 203358, "taskId": 2, "workflowId": 2, "jobId": -1}, {"startTime": 203358, "endTime": 203593, "taskId": 2, "workflowId": 2, "jobId": -1}, {"startTime": 203593, "endTime": 204047, "taskId": 22, "workflowId": 2, "jobId": -1}, {"startTime": 204047, "endTime": 204670, "taskId": 22, "workflowId": 2, "jobId": -1}, {"startTime": 204670, "endTime": 204804, "taskId": 21, "workflowId": 1, "jobId": -1}, {"startTime": 204804, "endTime": 204823, "taskId": 21, "workflowId": 1, "jobId": -1}, {"startTime": 204823, "endTime": 204871, "taskId": 21, "workflowId": 1, "jobId": -1}, {"startTime": 204871, "endTime": 206438, "taskId": 21, "workflowId": 1, "jobId": -1}, {"startTime": 206438, "endTime": 206866, "taskId": 3, "workflowId": 2, "jobId": -1}, {"startTime": 206866, "endTime": 206884, "taskId": 23, "workflowId": 3, "jobId": -1}, {"startTime": 206884, "endTime": 206904, "taskId": 23, "workflowId": 3, "jobId": -1}, {"startTime": 206904, "endTime": 209293, "taskId": 23, "workflowId": 1, "jobId": -1}, {"startTime": 209293, "endTime": 209421, "taskId": 23, "workflowId": 1, "jobId": -1}, {"startTime": 209421, "endTime": 209707, "taskId": 23, "workflowId": 3, "jobId": -1}, {"startTime": 209707, "endTime": 210043, "taskId": 23, "workflowId": 3, "jobId": -1}, {"startTime": 210043, "endTime": 210110, "taskId": 23, "workflowId": 3, "jobId": -1}, {"startTime": 210110, "endTime": 210877, "taskId": 24, "workflowId": 3, "jobId": -1}, {"startTime": 210877, "endTime": 212109, "taskId": 24, "workflowId": 3, "jobId": -1}, {"startTime": 212109, "endTime": 212285, "taskId": 24, "workflowId": 3, "jobId": -1}, {"startTime": 212285, "endTime": 212571, "taskId": 24, "workflowId": 3, "jobId": -1}, {"startTime": 212571, "endTime": 214270, "taskId": 3, "workflowId": 2, "jobId": -1}, {"startTime": 214270, "endTime": 214362, "taskId": 3, "workflowId": -1, "jobId": 4}, {"startTime": 214362, "endTime": 214514, "taskId": 3, "workflowId": -1, "jobId": 4}, {"startTime": 214514, "endTime": 214973, "taskId": 3, "workflowId": -1, "jobId": 4}, {"startTime": 214973, "endTime": 215776, "taskId": 3, "workflowId": -1, "jobId": 4}, {"startTime": 215776, "endTime": 216025, "taskId": 3, "workflowId": -1, "jobId": 4}, {"startTime": 216025, "endTime": 217717, "taskId": 1, "workflowId": -1, "jobId": 5}, {"startTime": 217717, "endTime": 218132, "taskId": 1, "workflowId": -1, "jobId": 5}, {"startTime": 218132, "endTime": 218446, "taskId": 1, "workflowId": -1, "jobId": 5}, {"startTime": 218446, "endTime": 222526, "taskId": 1, "workflowId": -1, "jobId": 5}, {"startTime": 222526, "endTime": 222583, "taskId": 1, "workflowId": -1, "jobId": 5}, {"startTime": 222583, "endTime": 227187, "taskId": 1, "workflowId": -1, "jobId": 5}, {"startTime": 228921, "endTime": 230308, "taskId": 3, "workflowId": -1, "jobId": 4}, {"startTime": 230308, "endTime": 234446, "taskId": 7, "workflowId": -1, "jobId": 7}, {"startTime": 234446, "endTime": 243204, "taskId": 3, "workflowId": -1, "jobId": 4}, {"startTime": 243204, "endTime": 244751, "taskId": 8, "workflowId": -1, "jobId": 5}, {"startTime": 244751, "endTime": 249763, "taskId": 5, "workflowId": -1, "jobId": 3}, {"startTime": 249763, "endTime": 249984, "taskId": 7, "workflowId": -1, "jobId": 8}, {"startTime": 249984, "endTime": 258804, "taskId": 7, "workflowId": -1, "jobId": 8}, {"startTime": 258804, "endTime": 260288, "taskId": 7, "workflowId": -1, "jobId": 8}, {"startTime": 260288, "endTime": 260965, "taskId": 1, "workflowId": -1, "jobId": 6}, {"startTime": 260965, "endTime": 264850, "taskId": 1, "workflowId": -1, "jobId": 6}, {"startTime": 264850, "endTime": 264905, "taskId": 7, "workflowId": -1, "jobId": 8}, {"startTime": 264905, "endTime": 268901, "taskId": 7, "workflowId": -1, "jobId": 9}, {"startTime": 268901, "endTime": 271630, "taskId": 7, "workflowId": -1, "jobId": 9}, {"startTime": 271630, "endTime": 278003, "taskId": 7, "workflowId": -1, "jobId": 9}, {"startTime": 278003, "endTime": 286130, "taskId": 9, "workflowId": -1, "jobId": 5}, {"startTime": 286130, "endTime": 289933, "taskId": 11, "workflowId": -1, "jobId": 4}, {"startTime": 289960, "endTime": 291351, "taskId": 7, "workflowId": -1, "jobId": 10}, {"startTime": 291351, "endTime": 302513, "taskId": 1, "workflowId": -1, "jobId": 7}, {"startTime": 304890, "endTime": 307550, "taskId": 11, "workflowId": -1, "jobId": 5}, {"startTime": 307550, "endTime": 307990, "taskId": 10, "workflowId": -1, "jobId": 5}, {"startTime": 307990, "endTime": 309569, "taskId": 4, "workflowId": -1, "jobId": 5}, {"startTime": 309569, "endTime": 311972, "taskId": 6, "workflowId": -1, "jobId": 4}, {"startTime": 311972, "endTime": 323588, "taskId": 3, "workflowId": -1, "jobId": 6}, {"startTime": 323588, "endTime": 326210, "taskId": 11, "workflowId": -1, "jobId": 5}, {"startTime": 329035, "endTime": 333034, "taskId": 6, "workflowId": -1, "jobId": 4}, {"startTime": 333514, "endTime": 333525, "taskId": 9, "workflowId": -1, "jobId": 6}, {"startTime": 336094, "endTime": 337821, "taskId": 8, "workflowId": -1, "jobId": 8}, {"startTime": 337821, "endTime": 340197, "taskId": 1, "workflowId": -1, "jobId": 8}, {"startTime": 342419, "endTime": 355517, "taskId": 7, "workflowId": -1, "jobId": 12}, {"startTime": 360110, "endTime": 360367, "taskId": 11, "workflowId": -1, "jobId": 6}, {"startTime": 360367, "endTime": 363686, "taskId": 4, "workflowId": -1, "jobId": 6}, {"startTime": 363686, "endTime": 366783, "taskId": 3, "workflowId": -1, "jobId": 7}, {"startTime": 366783, "endTime": 377945, "taskId": 1, "workflowId": -1, "jobId": 9}, {"startTime": 377945, "endTime": 386986, "taskId": 9, "workflowId": -1, "jobId": 7}, {"startTime": 389452, "endTime": 389549, "taskId": 6, "workflowId": -1, "jobId": 5}, {"startTime": 389549, "endTime": 394464, "taskId": 5, "workflowId": -1, "jobId": 5}, {"startTime": 394873, "endTime": 407971, "taskId": 7, "workflowId": -1, "jobId": 14}, {"startTime": 409912, "endTime": 416915, "taskId": 3, "workflowId": -1, "jobId": 8}, {"startTime": 416915, "endTime": 421126, "taskId": 8, "workflowId": -1, "jobId": 10}, {"startTime": 421153, "endTime": 434251, "taskId": 7, "workflowId": -1, "jobId": 15}, {"startTime": 442156, "endTime": 453318, "taskId": 1, "workflowId": -1, "jobId": 11}, {"startTime": 473551, "endTime": 486649, "taskId": 7, "workflowId": -1, "jobId": 17}]}, {"frequency": 1.5, "activePower": 8, "idlePower": 2.7, "memory": 4, "allocations": [{"startTime": 27711, "endTime": 38065, "taskId": 3, "workflowId": -1, "jobId": 0}, {"startTime": 38065, "endTime": 38873, "taskId": 1, "workflowId": -1, "jobId": 0}, {"startTime": 38873, "endTime": 39552, "taskId": 3, "workflowId": -1, "jobId": 0}, {"startTime": 39552, "endTime": 42205, "taskId": 2, "workflowId": 0, "jobId": -1}, {"startTime": 42205, "endTime": 43749, "taskId": 5, "workflowId": 0, "jobId": -1}, {"startTime": 43749, "endTime": 44557, "taskId": 5, "workflowId": 0, "jobId": -1}, {"startTime": 44557, "endTime": 45516, "taskId": 5, "workflowId": 0, "jobId": -1}, {"startTime": 45516, "endTime": 47340, "taskId": 5, "workflowId": -1, "jobId": 0}, {"startTime": 47340, "endTime": 47815, "taskId": 12, "workflowId": 0, "jobId": -1}, {"startTime": 47815, "endTime": 50561, "taskId": 12, "workflowId": 0, "jobId": -1}, {"startTime": 50561, "endTime": 51442, "taskId": 16, "workflowId": 0, "jobId": -1}, {"startTime": 51442, "endTime": 52296, "taskId": 3, "workflowId": -1, "jobId": 0}, {"startTime": 52296, "endTime": 52826, "taskId": 3, "workflowId": -1, "jobId": 0}, {"startTime": 52826, "endTime": 52846, "taskId": 9, "workflowId": -1, "jobId": 0}, {"startTime": 52846, "endTime": 52860, "taskId": 0, "workflowId": 3, "jobId": -1}, {"startTime": 52860, "endTime": 53190, "taskId": 0, "workflowId": 3, "jobId": -1}, {"startTime": 53190, "endTime": 53553, "taskId": 5, "workflowId": -1, "jobId": 0}, {"startTime": 53553, "endTime": 54595, "taskId": 4, "workflowId": -1, "jobId": 0}, {"startTime": 54595, "endTime": 54943, "taskId": 4, "workflowId": -1, "jobId": 0}, {"startTime": 54943, "endTime": 55145, "taskId": 0, "workflowId": 3, "jobId": -1}, {"startTime": 55145, "endTime": 56145, "taskId": 5, "workflowId": -1, "jobId": 0}, {"startTime": 56145, "endTime": 56378, "taskId": 21, "workflowId": 0, "jobId": -1}, {"startTime": 56378, "endTime": 58131, "taskId": 21, "workflowId": 0, "jobId": -1}, {"startTime": 58131, "endTime": 58816, "taskId": 21, "workflowId": 0, "jobId": -1}, {"startTime": 58816, "endTime": 60641, "taskId": 5, "workflowId": -1, "jobId": 0}, {"startTime": 60641, "endTime": 62394, "taskId": 0, "workflowId": 3, "jobId": -1}, {"startTime": 62394, "endTime": 62395, "taskId": 7, "workflowId": -1, "jobId": 1}, {"startTime": 62395, "endTime": 63981, "taskId": 2, "workflowId": 3, "jobId": -1}, {"startTime": 63981, "endTime": 64479, "taskId": 3, "workflowId": 3, "jobId": -1}, {"startTime": 64479, "endTime": 65576, "taskId": 24, "workflowId": 0, "jobId": -1}, {"startTime": 65576, "endTime": 66979, "taskId": 24, "workflowId": 0, "jobId": -1}, {"startTime": 66979, "endTime": 67151, "taskId": 24, "workflowId": 0, "jobId": -1}, {"startTime": 67151, "endTime": 67786, "taskId": 24, "workflowId": 0, "jobId": -1}, {"startTime": 67786, "endTime": 69898, "taskId": 1, "workflowId": 3, "jobId": -1}, {"startTime": 69898, "endTime": 70596, "taskId": 5, "workflowId": 3, "jobId": -1}, {"startTime": 70596, "endTime": 72216, "taskId": 8, "workflowId": 3, "jobId": -1}, {"startTime": 72216, "endTime": 72921, "taskId": 5, "workflowId": 3, "jobId": -1}, {"startTime": 72921, "endTime": 74350, "taskId": 9, "workflowId": 3, "jobId": -1}, {"startTime": 74350, "endTime": 74802, "taskId": 7, "workflowId": -1, "jobId": 1}, {"startTime": 74802, "endTime": 75492, "taskId": 7, "workflowId": -1, "jobId": 1}, {"startTime": 75492, "endTime": 79394, "taskId": 7, "workflowId": -1, "jobId": 1}, {"startTime": 79394, "endTime": 80068, "taskId": 9, "workflowId": -1, "jobId": 0}, {"startTime": 80068, "endTime": 83146, "taskId": 7, "workflowId": -1, "jobId": 1}, {"startTime": 83146, "endTime": 87447, "taskId": 4, "workflowId": -1, "jobId": 1}, {"startTime": 87447, "endTime": 87516, "taskId": 4, "workflowId": -1, "jobId": 1}, {"startTime": 87516, "endTime": 87825, "taskId": 4, "workflowId": -1, "jobId": 1}, {"startTime": 87825, "endTime": 88121, "taskId": 7, "workflowId": -1, "jobId": 1}, {"startTime": 88121, "endTime": 89799, "taskId": 7, "workflowId": -1, "jobId": 1}, {"startTime": 89799, "endTime": 92799, "taskId": 7, "workflowId": -1, "jobId": 1}, {"startTime": 92799, "endTime": 93618, "taskId": 7, "workflowId": 2, "jobId": -1}, {"startTime": 93618, "endTime": 94555, "taskId": 11, "workflowId": 2, "jobId": -1}, {"startTime": 94555, "endTime": 94872, "taskId": 11, "workflowId": 2, "jobId": -1}, {"startTime": 94872, "endTime": 95578, "taskId": 18, "workflowId": 2, "jobId": -1}, {"startTime": 95580, "endTime": 96579, "taskId": 1, "workflowId": 2, "jobId": -1}, {"startTime": 96579, "endTime": 99414, "taskId": 6, "workflowId": -1, "jobId": 0}, {"startTime": 99414, "endTime": 101088, "taskId": 6, "workflowId": -1, "jobId": 0}, {"startTime": 101088, "endTime": 103833, "taskId": 8, "workflowId": -1, "jobId": 1}, {"startTime": 103833, "endTime": 104150, "taskId": 8, "workflowId": -1, "jobId": 1}, {"startTime": 104150, "endTime": 107738, "taskId": 11, "workflowId": -1, "jobId": 0}, {"startTime": 107738, "endTime": 107862, "taskId": 11, "workflowId": -1, "jobId": 0}, {"startTime": 107862, "endTime": 108105, "taskId": 11, "workflowId": -1, "jobId": 0}, {"startTime": 108105, "endTime": 109433, "taskId": 11, "workflowId": -1, "jobId": 0}, {"startTime": 109433, "endTime": 110175, "taskId": 11, "workflowId": -1, "jobId": 0}, {"startTime": 110175, "endTime": 110442, "taskId": 11, "workflowId": -1, "jobId": 0}, {"startTime": 110442, "endTime": 110938, "taskId": 11, "workflowId": -1, "jobId": 0}, {"startTime": 110938, "endTime": 111260, "taskId": 11, "workflowId": -1, "jobId": 0}, {"startTime": 111260, "endTime": 111631, "taskId": 11, "workflowId": -1, "jobId": 0}, {"startTime": 111631, "endTime": 111661, "taskId": 6, "workflowId": -1, "jobId": 0}, {"startTime": 111661, "endTime": 111785, "taskId": 6, "workflowId": -1, "jobId": 0}, {"startTime": 111785, "endTime": 113113, "taskId": 6, "workflowId": -1, "jobId": 0}, {"startTime": 113113, "endTime": 114067, "taskId": 6, "workflowId": -1, "jobId": 0}, {"startTime": 114067, "endTime": 116778, "taskId": 6, "workflowId": -1, "jobId": 0}, {"startTime": 116778, "endTime": 117226, "taskId": 6, "workflowId": -1, "jobId": 0}, {"startTime": 117226, "endTime": 117701, "taskId": 6, "workflowId": -1, "jobId": 0}, {"startTime": 117701, "endTime": 119029, "taskId": 14, "workflowId": 3, "jobId": -1}, {"startTime": 119029, "endTime": 119315, "taskId": 7, "workflowId": -1, "jobId": 3}, {"startTime": 119315, "endTime": 120223, "taskId": 7, "workflowId": -1, "jobId": 3}, {"startTime": 120223, "endTime": 120520, "taskId": 7, "workflowId": -1, "jobId": 3}, {"startTime": 120520, "endTime": 121680, "taskId": 7, "workflowId": -1, "jobId": 3}, {"startTime": 121680, "endTime": 122129, "taskId": 7, "workflowId": -1, "jobId": 3}, {"startTime": 122129, "endTime": 125091, "taskId": 7, "workflowId": -1, "jobId": 3}, {"startTime": 125091, "endTime": 129695, "taskId": 7, "workflowId": -1, "jobId": 3}, {"startTime": 129695, "endTime": 132127, "taskId": 7, "workflowId": -1, "jobId": 3}, {"startTime": 132127, "endTime": 132223, "taskId": 10, "workflowId": -1, "jobId": 1}, {"startTime": 132223, "endTime": 132529, "taskId": 10, "workflowId": -1, "jobId": 1}, {"startTime": 132529, "endTime": 134102, "taskId": 10, "workflowId": -1, "jobId": 1}, {"startTime": 134102, "endTime": 134940, "taskId": 10, "workflowId": -1, "jobId": 1}, {"startTime": 134940, "endTime": 134991, "taskId": 10, "workflowId": -1, "jobId": 1}, {"startTime": 134991, "endTime": 135185, "taskId": 10, "workflowId": -1, "jobId": 1}, {"startTime": 135185, "endTime": 135421, "taskId": 10, "workflowId": -1, "jobId": 1}, {"startTime": 135421, "endTime": 135452, "taskId": 10, "workflowId": -1, "jobId": 1}, {"startTime": 135452, "endTime": 135917, "taskId": 10, "workflowId": -1, "jobId": 1}, {"startTime": 135917, "endTime": 136536, "taskId": 17, "workflowId": 3, "jobId": -1}, {"startTime": 136536, "endTime": 137079, "taskId": 17, "workflowId": 3, "jobId": -1}, {"startTime": 137079, "endTime": 137696, "taskId": 17, "workflowId": 3, "jobId": -1}, {"startTime": 137696, "endTime": 137892, "taskId": 17, "workflowId": 3, "jobId": -1}, {"startTime": 137892, "endTime": 137963, "taskId": 7, "workflowId": -1, "jobId": 4}, {"startTime": 137963, "endTime": 138220, "taskId": 8, "workflowId": -1, "jobId": 2}, {"startTime": 138220, "endTime": 140700, "taskId": 8, "workflowId": -1, "jobId": 2}, {"startTime": 140700, "endTime": 143055, "taskId": 4, "workflowId": -1, "jobId": 2}, {"startTime": 143055, "endTime": 143260, "taskId": 4, "workflowId": -1, "jobId": 2}, {"startTime": 143260, "endTime": 145135, "taskId": 8, "workflowId": -1, "jobId": 2}, {"startTime": 145135, "endTime": 145253, "taskId": 8, "workflowId": -1, "jobId": 2}, {"startTime": 145253, "endTime": 145615, "taskId": 8, "workflowId": -1, "jobId": 2}, {"startTime": 145615, "endTime": 147554, "taskId": 16, "workflowId": 3, "jobId": -1}, {"startTime": 147554, "endTime": 147695, "taskId": 16, "workflowId": 3, "jobId": -1}, {"startTime": 147695, "endTime": 149105, "taskId": 20, "workflowId": 3, "jobId": -1}, {"startTime": 149105, "endTime": 149421, "taskId": 10, "workflowId": -1, "jobId": 2}, {"startTime": 149421, "endTime": 149642, "taskId": 21, "workflowId": 3, "jobId": -1}, {"startTime": 149642, "endTime": 149728, "taskId": 7, "workflowId": -1, "jobId": 4}, {"startTime": 149728, "endTime": 152054, "taskId": 7, "workflowId": -1, "jobId": 4}, {"startTime": 152054, "endTime": 152936, "taskId": 7, "workflowId": -1, "jobId": 4}, {"startTime": 152936, "endTime": 155372, "taskId": 7, "workflowId": -1, "jobId": 4}, {"startTime": 155372, "endTime": 155769, "taskId": 21, "workflowId": 3, "jobId": -1}, {"startTime": 155769, "endTime": 156920, "taskId": 21, "workflowId": 3, "jobId": -1}, {"startTime": 156920, "endTime": 157460, "taskId": 6, "workflowId": -1, "jobId": 1}, {"startTime": 157460, "endTime": 158334, "taskId": 6, "workflowId": -1, "jobId": 1}, {"startTime": 158334, "endTime": 158433, "taskId": 6, "workflowId": -1, "jobId": 1}, {"startTime": 158433, "endTime": 160488, "taskId": 6, "workflowId": -1, "jobId": 1}, {"startTime": 160488, "endTime": 160754, "taskId": 6, "workflowId": -1, "jobId": 1}, {"startTime": 160754, "endTime": 163450, "taskId": 6, "workflowId": -1, "jobId": 1}, {"startTime": 163450, "endTime": 164797, "taskId": 6, "workflowId": -1, "jobId": 1}, {"startTime": 164797, "endTime": 165728, "taskId": 6, "workflowId": -1, "jobId": 1}, {"startTime": 165728, "endTime": 165995, "taskId": 6, "workflowId": -1, "jobId": 1}, {"startTime": 165995, "endTime": 167630, "taskId": 6, "workflowId": -1, "jobId": 1}, {"startTime": 167630, "endTime": 167983, "taskId": 6, "workflowId": -1, "jobId": 1}, {"startTime": 167983, "endTime": 168173, "taskId": 9, "workflowId": -1, "jobId": 2}, {"startTime": 168173, "endTime": 169496, "taskId": 9, "workflowId": -1, "jobId": 2}, {"startTime": 169496, "endTime": 170460, "taskId": 9, "workflowId": -1, "jobId": 2}, {"startTime": 170460, "endTime": 171096, "taskId": 9, "workflowId": -1, "jobId": 2}, {"startTime": 171096, "endTime": 171279, "taskId": 2, "workflowId": 2, "jobId": -1}, {"startTime": 171279, "endTime": 171553, "taskId": 7, "workflowId": -1, "jobId": 5}, {"startTime": 171553, "endTime": 171820, "taskId": 7, "workflowId": -1, "jobId": 5}, {"startTime": 171820, "endTime": 172875, "taskId": 7, "workflowId": -1, "jobId": 5}, {"startTime": 172875, "endTime": 173566, "taskId": 7, "workflowId": -1, "jobId": 5}, {"startTime": 173566, "endTime": 175707, "taskId": 7, "workflowId": -1, "jobId": 5}, {"startTime": 175707, "endTime": 176527, "taskId": 7, "workflowId": -1, "jobId": 5}, {"startTime": 176527, "endTime": 179359, "taskId": 7, "workflowId": -1, "jobId": 5}, {"startTime": 179359, "endTime": 181564, "taskId": 7, "workflowId": -1, "jobId": 5}, {"startTime": 181564, "endTime": 182762, "taskId": 3, "workflowId": -1, "jobId": 3}, {"startTime": 182762, "endTime": 183235, "taskId": 2, "workflowId": 1, "jobId": -1}, {"startTime": 183235, "endTime": 184377, "taskId": 1, "workflowId": 1, "jobId": -1}, {"startTime": 184377, "endTime": 186257, "taskId": 3, "workflowId": -1, "jobId": 3}, {"startTime": 186257, "endTime": 186604, "taskId": 1, "workflowId": 1, "jobId": -1}, {"startTime": 186604, "endTime": 186750, "taskId": 1, "workflowId": 1, "jobId": -1}, {"startTime": 186750, "endTime": 186930, "taskId": 1, "workflowId": 1, "jobId": -1}, {"startTime": 186930, "endTime": 187139, "taskId": 1, "workflowId": 1, "jobId": -1}, {"startTime": 187139, "endTime": 187781, "taskId": 3, "workflowId": 1, "jobId": -1}, {"startTime": 187781, "endTime": 187986, "taskId": 3, "workflowId": 1, "jobId": -1}, {"startTime": 187986, "endTime": 188253, "taskId": 3, "workflowId": 1, "jobId": -1}, {"startTime": 188253, "endTime": 189185, "taskId": 3, "workflowId": 1, "jobId": -1}, {"startTime": 189185, "endTime": 190277, "taskId": 3, "workflowId": 1, "jobId": -1}, {"startTime": 190277, "endTime": 190730, "taskId": 7, "workflowId": 1, "jobId": -1}, {"startTime": 190730, "endTime": 191604, "taskId": 7, "workflowId": 1, "jobId": -1}, {"startTime": 191604, "endTime": 191681, "taskId": 7, "workflowId": 1, "jobId": -1}, {"startTime": 191681, "endTime": 191928, "taskId": 7, "workflowId": 1, "jobId": -1}, {"startTime": 191928, "endTime": 191998, "taskId": 4, "workflowId": 1, "jobId": -1}, {"startTime": 191998, "endTime": 192061, "taskId": 4, "workflowId": 1, "jobId": -1}, {"startTime": 192061, "endTime": 192109, "taskId": 4, "workflowId": 1, "jobId": -1}, {"startTime": 192109, "endTime": 193051, "taskId": 4, "workflowId": 1, "jobId": -1}, {"startTime": 193051, "endTime": 193332, "taskId": 4, "workflowId": 1, "jobId": -1}, {"startTime": 193332, "endTime": 194449, "taskId": 9, "workflowId": 1, "jobId": -1}, {"startTime": 194449, "endTime": 194762, "taskId": 10, "workflowId": 1, "jobId": -1}, {"startTime": 194762, "endTime": 194805, "taskId": 10, "workflowId": 1, "jobId": -1}, {"startTime": 194805, "endTime": 194861, "taskId": 10, "workflowId": 1, "jobId": -1}, {"startTime": 194861, "endTime": 195507, "taskId": 10, "workflowId": 1, "jobId": -1}, {"startTime": 195507, "endTime": 196546, "taskId": 12, "workflowId": 1, "jobId": -1}, {"startTime": 196546, "endTime": 197363, "taskId": 21, "workflowId": 2, "jobId": -1}, {"startTime": 197363, "endTime": 199921, "taskId": 22, "workflowId": 3, "jobId": -1}, {"startTime": 199921, "endTime": 200409, "taskId": 2, "workflowId": 2, "jobId": -1}, {"startTime": 200409, "endTime": 200651, "taskId": 16, "workflowId": 1, "jobId": -1}, {"startTime": 200651, "endTime": 200891, "taskId": 16, "workflowId": 1, "jobId": -1}, {"startTime": 200891, "endTime": 201216, "taskId": 16, "workflowId": 1, "jobId": -1}, {"startTime": 201216, "endTime": 202493, "taskId": 16, "workflowId": 1, "jobId": -1}, {"startTime": 202493, "endTime": 202609, "taskId": 16, "workflowId": 1, "jobId": -1}, {"startTime": 202609, "endTime": 202775, "taskId": 16, "workflowId": 1, "jobId": -1}, {"startTime": 202775, "endTime": 203319, "taskId": 16, "workflowId": 1, "jobId": -1}, {"startTime": 203319, "endTime": 203581, "taskId": 16, "workflowId": 1, "jobId": -1}, {"startTime": 203581, "endTime": 204670, "taskId": 19, "workflowId": 2, "jobId": -1}, {"startTime": 204670, "endTime": 204888, "taskId": 20, "workflowId": 2, "jobId": -1}, {"startTime": 204888, "endTime": 205023, "taskId": 20, "workflowId": 2, "jobId": -1}, {"startTime": 205023, "endTime": 205241, "taskId": 19, "workflowId": 2, "jobId": -1}, {"startTime": 205241, "endTime": 205442, "taskId": 22, "workflowId": 2, "jobId": -1}, {"startTime": 205442, "endTime": 205445, "taskId": 14, "workflowId": 2, "jobId": -1}, {"startTime": 205445, "endTime": 206063, "taskId": 24, "workflowId": 3, "jobId": -1}, {"startTime": 206063, "endTime": 206070, "taskId": 24, "workflowId": 3, "jobId": -1}, {"startTime": 206070, "endTime": 206208, "taskId": 22, "workflowId": 1, "jobId": -1}, {"startTime": 206208, "endTime": 206904, "taskId": 22, "workflowId": 1, "jobId": -1}, {"startTime": 206904, "endTime": 207975, "taskId": 23, "workflowId": 3, "jobId": -1}, {"startTime": 207975, "endTime": 208604, "taskId": 23, "workflowId": 3, "jobId": -1}, {"startTime": 208604, "endTime": 209293, "taskId": 10, "workflowId": -1, "jobId": 2}, {"startTime": 209293, "endTime": 209366, "taskId": 10, "workflowId": -1, "jobId": 2}, {"startTime": 209366, "endTime": 209707, "taskId": 10, "workflowId": -1, "jobId": 2}, {"startTime": 209707, "endTime": 210052, "taskId": 10, "workflowId": -1, "jobId": 2}, {"startTime": 210052, "endTime": 211755, "taskId": 10, "workflowId": -1, "jobId": 2}, {"startTime": 211755, "endTime": 212110, "taskId": 10, "workflowId": -1, "jobId": 2}, {"startTime": 212110, "endTime": 212722, "taskId": 10, "workflowId": -1, "jobId": 2}, {"startTime": 212722, "endTime": 213137, "taskId": 10, "workflowId": -1, "jobId": 2}, {"startTime": 213137, "endTime": 214499, "taskId": 10, "workflowId": -1, "jobId": 2}, {"startTime": 214499, "endTime": 215241, "taskId": 10, "workflowId": -1, "jobId": 2}, {"startTime": 215241, "endTime": 215396, "taskId": 10, "workflowId": -1, "jobId": 2}, {"startTime": 215396, "endTime": 216099, "taskId": 3, "workflowId": 2, "jobId": -1}, {"startTime": 216099, "endTime": 216503, "taskId": 5, "workflowId": 2, "jobId": -1}, {"startTime": 216503, "endTime": 217473, "taskId": 5, "workflowId": 2, "jobId": -1}, {"startTime": 217473, "endTime": 218215, "taskId": 5, "workflowId": 2, "jobId": -1}, {"startTime": 218215, "endTime": 218843, "taskId": 5, "workflowId": 2, "jobId": -1}, {"startTime": 218843, "endTime": 219477, "taskId": 14, "workflowId": 2, "jobId": -1}, {"startTime": 219477, "endTime": 220736, "taskId": 14, "workflowId": 2, "jobId": -1}, {"startTime": 220736, "endTime": 220920, "taskId": 14, "workflowId": 2, "jobId": -1}, {"startTime": 220920, "endTime": 221790, "taskId": 25, "workflowId": 2, "jobId": -1}, {"startTime": 221790, "endTime": 222019, "taskId": 25, "workflowId": 2, "jobId": -1}, {"startTime": 222019, "endTime": 222182, "taskId": 25, "workflowId": 2, "jobId": -1}, {"startTime": 222182, "endTime": 223073, "taskId": 10, "workflowId": -1, "jobId": 3}, {"startTime": 223073, "endTime": 232657, "taskId": 10, "workflowId": -1, "jobId": 3}, {"startTime": 232657, "endTime": 234446, "taskId": 11, "workflowId": -1, "jobId": 3}, {"startTime": 234446, "endTime": 239437, "taskId": 7, "workflowId": -1, "jobId": 7}, {"startTime": 239437, "endTime": 242018, "taskId": 7, "workflowId": -1, "jobId": 7}, {"startTime": 242018, "endTime": 242327, "taskId": 11, "workflowId": -1, "jobId": 3}, {"startTime": 242327, "endTime": 249899, "taskId": 11, "workflowId": -1, "jobId": 3}, {"startTime": 249899, "endTime": 258940, "taskId": 9, "workflowId": -1, "jobId": 4}, {"startTime": 258940, "endTime": 260288, "taskId": 10, "workflowId": -1, "jobId": 4}, {"startTime": 260288, "endTime": 260910, "taskId": 7, "workflowId": -1, "jobId": 8}, {"startTime": 260910, "endTime": 260965, "taskId": 3, "workflowId": -1, "jobId": 5}, {"startTime": 260965, "endTime": 264284, "taskId": 3, "workflowId": -1, "jobId": 5}, {"startTime": 264284, "endTime": 264961, "taskId": 3, "workflowId": -1, "jobId": 5}, {"startTime": 264961, "endTime": 276948, "taskId": 3, "workflowId": -1, "jobId": 5}, {"startTime": 276948, "endTime": 288638, "taskId": 6, "workflowId": -1, "jobId": 3}, {"startTime": 288638, "endTime": 289552, "taskId": 9, "workflowId": -1, "jobId": 5}, {"startTime": 290590, "endTime": 291351, "taskId": 10, "workflowId": -1, "jobId": 5}, {"startTime": 291351, "endTime": 303058, "taskId": 7, "workflowId": -1, "jobId": 10}, {"startTime": 307550, "endTime": 307990, "taskId": 11, "workflowId": -1, "jobId": 5}, {"startTime": 307990, "endTime": 308232, "taskId": 10, "workflowId": -1, "jobId": 5}, {"startTime": 308232, "endTime": 316194, "taskId": 11, "workflowId": -1, "jobId": 5}, {"startTime": 316194, "endTime": 317130, "taskId": 7, "workflowId": -1, "jobId": 11}, {"startTime": 317130, "endTime": 318816, "taskId": 5, "workflowId": -1, "jobId": 4}, {"startTime": 318816, "endTime": 322142, "taskId": 5, "workflowId": -1, "jobId": 4}, {"startTime": 322142, "endTime": 334304, "taskId": 7, "workflowId": -1, "jobId": 11}, {"startTime": 337821, "endTime": 342874, "taskId": 8, "workflowId": -1, "jobId": 8}, {"startTime": 343256, "endTime": 353731, "taskId": 10, "workflowId": -1, "jobId": 6}, {"startTime": 360367, "endTime": 363686, "taskId": 11, "workflowId": -1, "jobId": 6}, {"startTime": 363686, "endTime": 365046, "taskId": 4, "workflowId": -1, "jobId": 6}, {"startTime": 365046, "endTime": 366783, "taskId": 11, "workflowId": -1, "jobId": 6}, {"startTime": 366783, "endTime": 370290, "taskId": 3, "workflowId": -1, "jobId": 7}, {"startTime": 370290, "endTime": 383388, "taskId": 7, "workflowId": -1, "jobId": 13}, {"startTime": 389549, "endTime": 393471, "taskId": 6, "workflowId": -1, "jobId": 5}, {"startTime": 395785, "endTime": 406260, "taskId": 10, "workflowId": -1, "jobId": 7}, {"startTime": 413194, "endTime": 415763, "taskId": 8, "workflowId": -1, "jobId": 10}, {"startTime": 415763, "endTime": 420442, "taskId": 4, "workflowId": -1, "jobId": 7}, {"startTime": 420442, "endTime": 434316, "taskId": 11, "workflowId": -1, "jobId": 7}, {"startTime": 447310, "endTime": 447567, "taskId": 7, "workflowId": -1, "jobId": 16}, {"startTime": 447567, "endTime": 463605, "taskId": 3, "workflowId": -1, "jobId": 9}]}]