[{"frequency": 2.4, "activePower": 9, "idlePower": 2.75, "memory": 2, "allocations": [{"startTime": 37102, "endTime": 38983, "taskId": 0, "workflowId": 2, "jobId": -1}, {"startTime": 38983, "endTime": 39343, "taskId": 2, "workflowId": 2, "jobId": -1}, {"startTime": 39343, "endTime": 39407, "taskId": 1, "workflowId": -1, "jobId": 0}, {"startTime": 39407, "endTime": 47584, "taskId": 1, "workflowId": -1, "jobId": 0}, {"startTime": 47584, "endTime": 51433, "taskId": 2, "workflowId": -1, "jobId": 0}, {"startTime": 51433, "endTime": 52667, "taskId": 3, "workflowId": -1, "jobId": 0}, {"startTime": 52667, "endTime": 53970, "taskId": 3, "workflowId": -1, "jobId": 0}, {"startTime": 53970, "endTime": 59614, "taskId": 3, "workflowId": -1, "jobId": 0}, {"startTime": 59614, "endTime": 60963, "taskId": 18, "workflowId": 3, "jobId": -1}, {"startTime": 60963, "endTime": 62544, "taskId": 6, "workflowId": -1, "jobId": 1}, {"startTime": 62544, "endTime": 70785, "taskId": 1, "workflowId": -1, "jobId": 1}, {"startTime": 73342, "endTime": 82880, "taskId": 0, "workflowId": -1, "jobId": 1}, {"startTime": 85745, "endTime": 93986, "taskId": 1, "workflowId": -1, "jobId": 2}, {"startTime": 96631, "endTime": 102131, "taskId": 3, "workflowId": -1, "jobId": 1}, {"startTime": 102131, "endTime": 102648, "taskId": 4, "workflowId": 1, "jobId": -1}, {"startTime": 102648, "endTime": 106042, "taskId": 3, "workflowId": -1, "jobId": 1}, {"startTime": 106042, "endTime": 107221, "taskId": 10, "workflowId": 1, "jobId": -1}, {"startTime": 107221, "endTime": 107341, "taskId": 9, "workflowId": 1, "jobId": -1}, {"startTime": 107341, "endTime": 107736, "taskId": 0, "workflowId": -1, "jobId": 2}, {"startTime": 107736, "endTime": 108189, "taskId": 0, "workflowId": -1, "jobId": 2}, {"startTime": 108189, "endTime": 108946, "taskId": 0, "workflowId": -1, "jobId": 2}, {"startTime": 108946, "endTime": 117187, "taskId": 1, "workflowId": -1, "jobId": 3}, {"startTime": 125823, "endTime": 132147, "taskId": 6, "workflowId": -1, "jobId": 4}, {"startTime": 132147, "endTime": 140388, "taskId": 1, "workflowId": -1, "jobId": 4}, {"startTime": 141340, "endTime": 150878, "taskId": 0, "workflowId": -1, "jobId": 3}, {"startTime": 153919, "endTime": 155348, "taskId": 3, "workflowId": -1, "jobId": 2}, {"startTime": 155348, "endTime": 163589, "taskId": 1, "workflowId": -1, "jobId": 5}, {"startTime": 169063, "endTime": 169143, "taskId": 6, "workflowId": -1, "jobId": 6}, {"startTime": 169143, "endTime": 170224, "taskId": 0, "workflowId": 0, "jobId": -1}, {"startTime": 170224, "endTime": 171787, "taskId": 5, "workflowId": 0, "jobId": -1}, {"startTime": 171787, "endTime": 172565, "taskId": 4, "workflowId": 0, "jobId": -1}, {"startTime": 173856, "endTime": 174476, "taskId": 7, "workflowId": 0, "jobId": -1}, {"startTime": 174476, "endTime": 175339, "taskId": 11, "workflowId": 0, "jobId": -1}, {"startTime": 175339, "endTime": 178549, "taskId": 0, "workflowId": -1, "jobId": 4}, {"startTime": 178549, "endTime": 186790, "taskId": 1, "workflowId": -1, "jobId": 6}, {"startTime": 190683, "endTime": 200353, "taskId": 6, "workflowId": -1, "jobId": 7}, {"startTime": 201750, "endTime": 209991, "taskId": 1, "workflowId": -1, "jobId": 7}, {"startTime": 211207, "endTime": 220101, "taskId": 3, "workflowId": -1, "jobId": 3}, {"startTime": 222364, "endTime": 224951, "taskId": 4, "workflowId": -1, "jobId": 3}, {"startTime": 224951, "endTime": 233192, "taskId": 1, "workflowId": -1, "jobId": 8}, {"startTime": 233923, "endTime": 243337, "taskId": 6, "workflowId": -1, "jobId": 9}, {"startTime": 243337, "endTime": 248152, "taskId": 0, "workflowId": -1, "jobId": 6}, {"startTime": 248152, "endTime": 256393, "taskId": 1, "workflowId": -1, "jobId": 9}, {"startTime": 268495, "endTime": 271353, "taskId": 3, "workflowId": -1, "jobId": 4}, {"startTime": 271353, "endTime": 279594, "taskId": 1, "workflowId": -1, "jobId": 10}, {"startTime": 279594, "endTime": 283371, "taskId": 6, "workflowId": -1, "jobId": 11}, {"startTime": 283371, "endTime": 289669, "taskId": 4, "workflowId": -1, "jobId": 4}, {"startTime": 294554, "endTime": 302795, "taskId": 1, "workflowId": -1, "jobId": 11}, {"startTime": 311335, "endTime": 317755, "taskId": 0, "workflowId": -1, "jobId": 8}, {"startTime": 317755, "endTime": 325996, "taskId": 1, "workflowId": -1, "jobId": 12}, {"startTime": 327151, "endTime": 336448, "taskId": 5, "workflowId": -1, "jobId": 6}, {"startTime": 338073, "endTime": 340956, "taskId": 2, "workflowId": -1, "jobId": 5}, {"startTime": 340956, "endTime": 349197, "taskId": 1, "workflowId": -1, "jobId": 13}, {"startTime": 363643, "endTime": 364157, "taskId": 6, "workflowId": -1, "jobId": 15}, {"startTime": 364157, "endTime": 372398, "taskId": 1, "workflowId": -1, "jobId": 14}, {"startTime": 375119, "endTime": 379333, "taskId": 5, "workflowId": -1, "jobId": 7}, {"startTime": 379333, "endTime": 387358, "taskId": 0, "workflowId": -1, "jobId": 10}, {"startTime": 387358, "endTime": 395599, "taskId": 1, "workflowId": -1, "jobId": 15}, {"startTime": 397819, "endTime": 402902, "taskId": 2, "workflowId": -1, "jobId": 6}, {"startTime": 405385, "endTime": 410559, "taskId": 4, "workflowId": -1, "jobId": 6}, {"startTime": 410559, "endTime": 418800, "taskId": 1, "workflowId": -1, "jobId": 16}, {"startTime": 423087, "endTime": 432384, "taskId": 5, "workflowId": -1, "jobId": 8}, {"startTime": 433760, "endTime": 442001, "taskId": 1, "workflowId": -1, "jobId": 17}, {"startTime": 447331, "endTime": 456869, "taskId": 0, "workflowId": -1, "jobId": 12}, {"startTime": 456961, "endTime": 465202, "taskId": 1, "workflowId": -1, "jobId": 18}, {"startTime": 471743, "endTime": 481413, "taskId": 6, "workflowId": -1, "jobId": 20}]}, {"frequency": 2.4, "activePower": 9, "idlePower": 2.75, "memory": 2, "allocations": [{"startTime": 37102, "endTime": 37642, "taskId": 2, "workflowId": 3, "jobId": -1}, {"startTime": 37642, "endTime": 38983, "taskId": 4, "workflowId": 3, "jobId": -1}, {"startTime": 38983, "endTime": 39251, "taskId": 5, "workflowId": 2, "jobId": -1}, {"startTime": 39251, "endTime": 39343, "taskId": 5, "workflowId": 2, "jobId": -1}, {"startTime": 39343, "endTime": 39777, "taskId": 0, "workflowId": -1, "jobId": 0}, {"startTime": 39777, "endTime": 40045, "taskId": 0, "workflowId": -1, "jobId": 0}, {"startTime": 40045, "endTime": 40863, "taskId": 0, "workflowId": -1, "jobId": 0}, {"startTime": 40863, "endTime": 48881, "taskId": 0, "workflowId": -1, "jobId": 0}, {"startTime": 48881, "endTime": 51433, "taskId": 4, "workflowId": -1, "jobId": 0}, {"startTime": 51433, "endTime": 52667, "taskId": 2, "workflowId": -1, "jobId": 0}, {"startTime": 52667, "endTime": 52934, "taskId": 15, "workflowId": 2, "jobId": -1}, {"startTime": 52934, "endTime": 53752, "taskId": 15, "workflowId": 2, "jobId": -1}, {"startTime": 53752, "endTime": 53970, "taskId": 15, "workflowId": 2, "jobId": -1}, {"startTime": 53970, "endTime": 54182, "taskId": 15, "workflowId": 2, "jobId": -1}, {"startTime": 54182, "endTime": 54632, "taskId": 17, "workflowId": 2, "jobId": -1}, {"startTime": 54632, "endTime": 54971, "taskId": 9, "workflowId": 3, "jobId": -1}, {"startTime": 54971, "endTime": 55179, "taskId": 6, "workflowId": 3, "jobId": -1}, {"startTime": 55179, "endTime": 55789, "taskId": 6, "workflowId": 3, "jobId": -1}, {"startTime": 55789, "endTime": 56392, "taskId": 12, "workflowId": 3, "jobId": -1}, {"startTime": 56489, "endTime": 57107, "taskId": 8, "workflowId": 3, "jobId": -1}, {"startTime": 57107, "endTime": 57710, "taskId": 14, "workflowId": 3, "jobId": -1}, {"startTime": 57710, "endTime": 59017, "taskId": 14, "workflowId": 3, "jobId": -1}, {"startTime": 59017, "endTime": 60577, "taskId": 7, "workflowId": 3, "jobId": -1}, {"startTime": 60577, "endTime": 60964, "taskId": 15, "workflowId": 3, "jobId": -1}, {"startTime": 60964, "endTime": 60999, "taskId": 18, "workflowId": 3, "jobId": -1}, {"startTime": 60999, "endTime": 62040, "taskId": 17, "workflowId": 3, "jobId": -1}, {"startTime": 62544, "endTime": 70633, "taskId": 6, "workflowId": -1, "jobId": 1}, {"startTime": 82583, "endTime": 87311, "taskId": 6, "workflowId": -1, "jobId": 2}, {"startTime": 87311, "endTime": 96608, "taskId": 5, "workflowId": -1, "jobId": 1}, {"startTime": 99089, "endTime": 102131, "taskId": 2, "workflowId": -1, "jobId": 1}, {"startTime": 102131, "endTime": 103207, "taskId": 3, "workflowId": 1, "jobId": -1}, {"startTime": 103207, "endTime": 104779, "taskId": 12, "workflowId": 1, "jobId": -1}, {"startTime": 104779, "endTime": 108946, "taskId": 4, "workflowId": -1, "jobId": 1}, {"startTime": 108946, "endTime": 116879, "taskId": 0, "workflowId": -1, "jobId": 2}, {"startTime": 132147, "endTime": 135279, "taskId": 6, "workflowId": -1, "jobId": 4}, {"startTime": 135279, "endTime": 144576, "taskId": 5, "workflowId": -1, "jobId": 2}, {"startTime": 147443, "endTime": 155348, "taskId": 6, "workflowId": -1, "jobId": 5}, {"startTime": 155348, "endTime": 162813, "taskId": 3, "workflowId": -1, "jobId": 2}, {"startTime": 169143, "endTime": 170224, "taskId": 6, "workflowId": -1, "jobId": 6}, {"startTime": 170224, "endTime": 171798, "taskId": 1, "workflowId": 0, "jobId": -1}, {"startTime": 171798, "endTime": 173856, "taskId": 6, "workflowId": 0, "jobId": -1}, {"startTime": 173856, "endTime": 174814, "taskId": 8, "workflowId": 0, "jobId": -1}, {"startTime": 174814, "endTime": 175339, "taskId": 6, "workflowId": -1, "jobId": 6}, {"startTime": 175339, "endTime": 176410, "taskId": 11, "workflowId": 0, "jobId": -1}, {"startTime": 176410, "endTime": 177248, "taskId": 13, "workflowId": 0, "jobId": -1}, {"startTime": 177248, "endTime": 178133, "taskId": 6, "workflowId": -1, "jobId": 6}, {"startTime": 178133, "endTime": 178549, "taskId": 15, "workflowId": 0, "jobId": -1}, {"startTime": 178549, "endTime": 184877, "taskId": 0, "workflowId": -1, "jobId": 4}, {"startTime": 209338, "endTime": 218876, "taskId": 0, "workflowId": -1, "jobId": 5}, {"startTime": 224951, "endTime": 228662, "taskId": 4, "workflowId": -1, "jobId": 3}, {"startTime": 231215, "endTime": 240512, "taskId": 5, "workflowId": -1, "jobId": 4}, {"startTime": 243337, "endTime": 243593, "taskId": 6, "workflowId": -1, "jobId": 9}, {"startTime": 248152, "endTime": 252875, "taskId": 0, "workflowId": -1, "jobId": 6}, {"startTime": 255543, "endTime": 265213, "taskId": 6, "workflowId": -1, "jobId": 10}, {"startTime": 271353, "endTime": 277336, "taskId": 3, "workflowId": -1, "jobId": 4}, {"startTime": 277336, "endTime": 286874, "taskId": 0, "workflowId": -1, "jobId": 7}, {"startTime": 298783, "endTime": 308453, "taskId": 6, "workflowId": -1, "jobId": 12}, {"startTime": 317755, "endTime": 320873, "taskId": 0, "workflowId": -1, "jobId": 8}, {"startTime": 325783, "endTime": 334677, "taskId": 3, "workflowId": -1, "jobId": 5}, {"startTime": 340956, "endTime": 343156, "taskId": 2, "workflowId": -1, "jobId": 5}, {"startTime": 344378, "endTime": 345334, "taskId": 4, "workflowId": -1, "jobId": 5}, {"startTime": 345334, "endTime": 354872, "taskId": 0, "workflowId": -1, "jobId": 9}, {"startTime": 364157, "endTime": 373313, "taskId": 6, "workflowId": -1, "jobId": 15}, {"startTime": 379333, "endTime": 384416, "taskId": 5, "workflowId": -1, "jobId": 7}, {"startTime": 385263, "endTime": 387358, "taskId": 6, "workflowId": -1, "jobId": 16}, {"startTime": 387358, "endTime": 388871, "taskId": 0, "workflowId": -1, "jobId": 10}, {"startTime": 388871, "endTime": 392245, "taskId": 7, "workflowId": -1, "jobId": 5}, {"startTime": 406883, "endTime": 410559, "taskId": 6, "workflowId": -1, "jobId": 17}, {"startTime": 410559, "endTime": 411683, "taskId": 4, "workflowId": -1, "jobId": 6}, {"startTime": 413332, "endTime": 422870, "taskId": 0, "workflowId": -1, "jobId": 11}, {"startTime": 428503, "endTime": 438173, "taskId": 6, "workflowId": -1, "jobId": 18}, {"startTime": 440359, "endTime": 449253, "taskId": 3, "workflowId": -1, "jobId": 7}, {"startTime": 450123, "endTime": 459793, "taskId": 6, "workflowId": -1, "jobId": 19}]}, {"frequency": 2.4, "activePower": 9, "idlePower": 2.75, "memory": 2, "allocations": [{"startTime": 37102, "endTime": 37948, "taskId": 1, "workflowId": 3, "jobId": -1}, {"startTime": 37948, "endTime": 38983, "taskId": 6, "workflowId": 3, "jobId": -1}, {"startTime": 38983, "endTime": 39343, "taskId": 1, "workflowId": 2, "jobId": -1}, {"startTime": 39343, "endTime": 39407, "taskId": 2, "workflowId": 2, "jobId": -1}, {"startTime": 39407, "endTime": 40362, "taskId": 1, "workflowId": 2, "jobId": -1}, {"startTime": 40362, "endTime": 40426, "taskId": 1, "workflowId": 2, "jobId": -1}, {"startTime": 40426, "endTime": 42461, "taskId": 3, "workflowId": 2, "jobId": -1}, {"startTime": 42461, "endTime": 51355, "taskId": 5, "workflowId": -1, "jobId": 0}, {"startTime": 51355, "endTime": 51758, "taskId": 5, "workflowId": -1, "jobId": 0}, {"startTime": 51758, "endTime": 52173, "taskId": 12, "workflowId": 2, "jobId": -1}, {"startTime": 52173, "endTime": 52358, "taskId": 12, "workflowId": 2, "jobId": -1}, {"startTime": 52358, "endTime": 52576, "taskId": 14, "workflowId": 2, "jobId": -1}, {"startTime": 52576, "endTime": 53836, "taskId": 14, "workflowId": 2, "jobId": -1}, {"startTime": 53836, "endTime": 54103, "taskId": 4, "workflowId": 3, "jobId": -1}, {"startTime": 54103, "endTime": 54182, "taskId": 9, "workflowId": 3, "jobId": -1}, {"startTime": 54182, "endTime": 54521, "taskId": 16, "workflowId": 2, "jobId": -1}, {"startTime": 54521, "endTime": 54921, "taskId": 16, "workflowId": 2, "jobId": -1}, {"startTime": 54921, "endTime": 55082, "taskId": 16, "workflowId": 2, "jobId": -1}, {"startTime": 55082, "endTime": 55139, "taskId": 5, "workflowId": 3, "jobId": -1}, {"startTime": 55139, "endTime": 56224, "taskId": 8, "workflowId": 3, "jobId": -1}, {"startTime": 56224, "endTime": 56489, "taskId": 8, "workflowId": 3, "jobId": -1}, {"startTime": 56489, "endTime": 57462, "taskId": 13, "workflowId": 3, "jobId": -1}, {"startTime": 57462, "endTime": 57735, "taskId": 11, "workflowId": 3, "jobId": -1}, {"startTime": 57735, "endTime": 58708, "taskId": 11, "workflowId": 3, "jobId": -1}, {"startTime": 58708, "endTime": 59093, "taskId": 11, "workflowId": 3, "jobId": -1}, {"startTime": 59093, "endTime": 60758, "taskId": 10, "workflowId": 3, "jobId": -1}, {"startTime": 60758, "endTime": 60965, "taskId": 17, "workflowId": 3, "jobId": -1}, {"startTime": 60965, "endTime": 61934, "taskId": 15, "workflowId": 3, "jobId": -1}, {"startTime": 87311, "endTime": 92253, "taskId": 6, "workflowId": -1, "jobId": 2}, {"startTime": 100350, "endTime": 102131, "taskId": 4, "workflowId": -1, "jobId": 1}, {"startTime": 102131, "endTime": 103919, "taskId": 2, "workflowId": 1, "jobId": -1}, {"startTime": 103919, "endTime": 105960, "taskId": 2, "workflowId": -1, "jobId": 1}, {"startTime": 105960, "endTime": 107429, "taskId": 11, "workflowId": 1, "jobId": -1}, {"startTime": 107429, "endTime": 107944, "taskId": 9, "workflowId": 1, "jobId": -1}, {"startTime": 107944, "endTime": 108277, "taskId": 9, "workflowId": 1, "jobId": -1}, {"startTime": 108277, "endTime": 108669, "taskId": 5, "workflowId": 1, "jobId": -1}, {"startTime": 108669, "endTime": 108792, "taskId": 14, "workflowId": 1, "jobId": -1}, {"startTime": 108792, "endTime": 108946, "taskId": 14, "workflowId": 1, "jobId": -1}, {"startTime": 108946, "endTime": 109296, "taskId": 4, "workflowId": -1, "jobId": 1}, {"startTime": 109296, "endTime": 109607, "taskId": 8, "workflowId": 1, "jobId": -1}, {"startTime": 109607, "endTime": 110154, "taskId": 6, "workflowId": -1, "jobId": 3}, {"startTime": 110154, "endTime": 110720, "taskId": 17, "workflowId": 1, "jobId": -1}, {"startTime": 110720, "endTime": 111820, "taskId": 18, "workflowId": 1, "jobId": -1}, {"startTime": 111820, "endTime": 120943, "taskId": 6, "workflowId": -1, "jobId": 3}, {"startTime": 135279, "endTime": 135493, "taskId": 6, "workflowId": -1, "jobId": 4}, {"startTime": 155348, "endTime": 157113, "taskId": 6, "workflowId": -1, "jobId": 5}, {"startTime": 158835, "endTime": 163918, "taskId": 2, "workflowId": -1, "jobId": 2}, {"startTime": 170224, "endTime": 171948, "taskId": 2, "workflowId": 0, "jobId": -1}, {"startTime": 171948, "endTime": 173856, "taskId": 6, "workflowId": -1, "jobId": 6}, {"startTime": 173856, "endTime": 175536, "taskId": 9, "workflowId": 0, "jobId": -1}, {"startTime": 175536, "endTime": 176410, "taskId": 6, "workflowId": -1, "jobId": 6}, {"startTime": 176410, "endTime": 177762, "taskId": 14, "workflowId": 0, "jobId": -1}, {"startTime": 178133, "endTime": 178549, "taskId": 6, "workflowId": -1, "jobId": 6}, {"startTime": 178549, "endTime": 180136, "taskId": 15, "workflowId": 0, "jobId": -1}, {"startTime": 180136, "endTime": 180977, "taskId": 16, "workflowId": 0, "jobId": -1}, {"startTime": 180977, "endTime": 183247, "taskId": 6, "workflowId": -1, "jobId": 6}, {"startTime": 183247, "endTime": 192544, "taskId": 5, "workflowId": -1, "jobId": 3}, {"startTime": 212303, "endTime": 218581, "taskId": 6, "workflowId": -1, "jobId": 8}, {"startTime": 218581, "endTime": 223664, "taskId": 2, "workflowId": -1, "jobId": 3}, {"startTime": 248260, "endTime": 251634, "taskId": 7, "workflowId": -1, "jobId": 3}, {"startTime": 277163, "endTime": 277336, "taskId": 6, "workflowId": -1, "jobId": 11}, {"startTime": 277336, "endTime": 277389, "taskId": 3, "workflowId": -1, "jobId": 4}, {"startTime": 278327, "endTime": 279183, "taskId": 2, "workflowId": -1, "jobId": 4}, {"startTime": 279183, "endTime": 288480, "taskId": 5, "workflowId": -1, "jobId": 5}, {"startTime": 317899, "endTime": 320403, "taskId": 7, "workflowId": -1, "jobId": 4}, {"startTime": 320403, "endTime": 330073, "taskId": 6, "workflowId": -1, "jobId": 13}, {"startTime": 342023, "endTime": 345334, "taskId": 6, "workflowId": -1, "jobId": 14}, {"startTime": 345334, "endTime": 350676, "taskId": 4, "workflowId": -1, "jobId": 5}, {"startTime": 383071, "endTime": 391965, "taskId": 3, "workflowId": -1, "jobId": 6}, {"startTime": 410559, "endTime": 416553, "taskId": 6, "workflowId": -1, "jobId": 17}]}, {"frequency": 2.4, "activePower": 9, "idlePower": 2.75, "memory": 2, "allocations": [{"startTime": 37102, "endTime": 38315, "taskId": 3, "workflowId": 3, "jobId": -1}, {"startTime": 38315, "endTime": 38983, "taskId": 5, "workflowId": 3, "jobId": -1}, {"startTime": 38983, "endTime": 39343, "taskId": 4, "workflowId": 2, "jobId": -1}, {"startTime": 39343, "endTime": 39777, "taskId": 5, "workflowId": 2, "jobId": -1}, {"startTime": 39777, "endTime": 40989, "taskId": 4, "workflowId": 2, "jobId": -1}, {"startTime": 40989, "endTime": 41423, "taskId": 4, "workflowId": 2, "jobId": -1}, {"startTime": 41423, "endTime": 42539, "taskId": 6, "workflowId": 2, "jobId": -1}, {"startTime": 42539, "endTime": 43311, "taskId": 7, "workflowId": 2, "jobId": -1}, {"startTime": 43311, "endTime": 44306, "taskId": 10, "workflowId": 2, "jobId": -1}, {"startTime": 44306, "endTime": 46061, "taskId": 8, "workflowId": 2, "jobId": -1}, {"startTime": 46061, "endTime": 48018, "taskId": 9, "workflowId": 2, "jobId": -1}, {"startTime": 48018, "endTime": 48286, "taskId": 11, "workflowId": 2, "jobId": -1}, {"startTime": 48286, "endTime": 49104, "taskId": 11, "workflowId": 2, "jobId": -1}, {"startTime": 49104, "endTime": 50083, "taskId": 11, "workflowId": 2, "jobId": -1}, {"startTime": 50083, "endTime": 50084, "taskId": 4, "workflowId": 3, "jobId": -1}, {"startTime": 50084, "endTime": 50351, "taskId": 13, "workflowId": 2, "jobId": -1}, {"startTime": 50351, "endTime": 50604, "taskId": 13, "workflowId": 2, "jobId": -1}, {"startTime": 50604, "endTime": 50720, "taskId": 7, "workflowId": 3, "jobId": -1}, {"startTime": 50720, "endTime": 50988, "taskId": 3, "workflowId": -1, "jobId": 0}, {"startTime": 50988, "endTime": 51433, "taskId": 3, "workflowId": -1, "jobId": 0}, {"startTime": 51433, "endTime": 51701, "taskId": 4, "workflowId": -1, "jobId": 0}, {"startTime": 51701, "endTime": 55179, "taskId": 4, "workflowId": -1, "jobId": 0}, {"startTime": 55179, "endTime": 56482, "taskId": 7, "workflowId": -1, "jobId": 0}, {"startTime": 56482, "endTime": 58553, "taskId": 7, "workflowId": -1, "jobId": 0}, {"startTime": 58553, "endTime": 59799, "taskId": 5, "workflowId": 3, "jobId": -1}, {"startTime": 59799, "endTime": 61282, "taskId": 16, "workflowId": 3, "jobId": -1}, {"startTime": 102131, "endTime": 104199, "taskId": 1, "workflowId": 1, "jobId": -1}, {"startTime": 104199, "endTime": 105797, "taskId": 6, "workflowId": 1, "jobId": -1}, {"startTime": 105797, "endTime": 107047, "taskId": 7, "workflowId": 1, "jobId": -1}, {"startTime": 107047, "endTime": 108669, "taskId": 13, "workflowId": 1, "jobId": -1}, {"startTime": 108669, "endTime": 108792, "taskId": 5, "workflowId": 1, "jobId": -1}, {"startTime": 108792, "endTime": 108946, "taskId": 8, "workflowId": 1, "jobId": -1}, {"startTime": 108946, "endTime": 109257, "taskId": 14, "workflowId": 1, "jobId": -1}, {"startTime": 109257, "endTime": 110154, "taskId": 14, "workflowId": 1, "jobId": -1}, {"startTime": 110154, "endTime": 110843, "taskId": 16, "workflowId": 1, "jobId": -1}, {"startTime": 110843, "endTime": 112712, "taskId": 15, "workflowId": 1, "jobId": -1}, {"startTime": 112712, "endTime": 116086, "taskId": 7, "workflowId": -1, "jobId": 1}, {"startTime": 161357, "endTime": 167655, "taskId": 4, "workflowId": -1, "jobId": 2}, {"startTime": 170224, "endTime": 172174, "taskId": 3, "workflowId": 0, "jobId": -1}, {"startTime": 173856, "endTime": 175883, "taskId": 10, "workflowId": 0, "jobId": -1}, {"startTime": 176410, "endTime": 178133, "taskId": 12, "workflowId": 0, "jobId": -1}, {"startTime": 178549, "endTime": 180136, "taskId": 6, "workflowId": -1, "jobId": 6}, {"startTime": 180136, "endTime": 181278, "taskId": 17, "workflowId": 0, "jobId": -1}, {"startTime": 181278, "endTime": 183247, "taskId": 7, "workflowId": -1, "jobId": 2}, {"startTime": 183247, "endTime": 183291, "taskId": 6, "workflowId": -1, "jobId": 6}, {"startTime": 183291, "endTime": 184696, "taskId": 7, "workflowId": -1, "jobId": 2}, {"startTime": 218581, "endTime": 221973, "taskId": 6, "workflowId": -1, "jobId": 8}, {"startTime": 277336, "endTime": 279183, "taskId": 6, "workflowId": -1, "jobId": 11}, {"startTime": 279183, "endTime": 283410, "taskId": 2, "workflowId": -1, "jobId": 4}, {"startTime": 283410, "endTime": 287283, "taskId": 6, "workflowId": -1, "jobId": 11}, {"startTime": 320403, "endTime": 321273, "taskId": 7, "workflowId": -1, "jobId": 4}, {"startTime": 345334, "endTime": 351693, "taskId": 6, "workflowId": -1, "jobId": 14}, {"startTime": 387358, "endTime": 394933, "taskId": 6, "workflowId": -1, "jobId": 16}]}]