[{"frequency": 1.5, "activePower": 8, "idlePower": 2.7, "memory": 2, "allocations": [{"startTime": 20595, "endTime": 22440, "taskId": 0, "workflowId": 0, "jobId": -1}, {"startTime": 22440, "endTime": 23940, "taskId": 3, "workflowId": 0, "jobId": -1}, {"startTime": 23940, "endTime": 25683, "taskId": 4, "workflowId": 0, "jobId": -1}, {"startTime": 25683, "endTime": 35763, "taskId": 1, "workflowId": -1, "jobId": 0}, {"startTime": 35763, "endTime": 47071, "taskId": 5, "workflowId": -1, "jobId": 0}, {"startTime": 47071, "endTime": 48227, "taskId": 15, "workflowId": 0, "jobId": -1}, {"startTime": 48227, "endTime": 48277, "taskId": 10, "workflowId": -1, "jobId": 0}, {"startTime": 48277, "endTime": 49921, "taskId": 0, "workflowId": -1, "jobId": 1}, {"startTime": 49921, "endTime": 50141, "taskId": 0, "workflowId": -1, "jobId": 1}, {"startTime": 50141, "endTime": 50481, "taskId": 0, "workflowId": -1, "jobId": 1}, {"startTime": 50481, "endTime": 51365, "taskId": 0, "workflowId": -1, "jobId": 1}, {"startTime": 51365, "endTime": 52175, "taskId": 0, "workflowId": -1, "jobId": 1}, {"startTime": 52175, "endTime": 55167, "taskId": 0, "workflowId": -1, "jobId": 1}, {"startTime": 55167, "endTime": 57669, "taskId": 0, "workflowId": -1, "jobId": 1}, {"startTime": 57669, "endTime": 61727, "taskId": 0, "workflowId": -1, "jobId": 1}, {"startTime": 61727, "endTime": 61900, "taskId": 18, "workflowId": 0, "jobId": -1}, {"startTime": 61900, "endTime": 62675, "taskId": 20, "workflowId": 0, "jobId": -1}, {"startTime": 62675, "endTime": 62855, "taskId": 19, "workflowId": 0, "jobId": -1}, {"startTime": 62855, "endTime": 64477, "taskId": 19, "workflowId": 0, "jobId": -1}, {"startTime": 64477, "endTime": 64478, "taskId": 6, "workflowId": -1, "jobId": 0}, {"startTime": 64478, "endTime": 66939, "taskId": 22, "workflowId": 0, "jobId": -1}, {"startTime": 66939, "endTime": 67694, "taskId": 23, "workflowId": 0, "jobId": -1}, {"startTime": 67694, "endTime": 69347, "taskId": 7, "workflowId": -1, "jobId": 0}, {"startTime": 69347, "endTime": 71023, "taskId": 4, "workflowId": -1, "jobId": 2}, {"startTime": 71023, "endTime": 71778, "taskId": 4, "workflowId": -1, "jobId": 2}, {"startTime": 71778, "endTime": 76414, "taskId": 4, "workflowId": -1, "jobId": 2}, {"startTime": 76414, "endTime": 79310, "taskId": 4, "workflowId": -1, "jobId": 2}, {"startTime": 79310, "endTime": 79659, "taskId": 4, "workflowId": -1, "jobId": 2}, {"startTime": 79659, "endTime": 81903, "taskId": 6, "workflowId": -1, "jobId": 1}, {"startTime": 81903, "endTime": 82896, "taskId": 2, "workflowId": -1, "jobId": 2}, {"startTime": 82896, "endTime": 87013, "taskId": 2, "workflowId": -1, "jobId": 2}, {"startTime": 87013, "endTime": 93605, "taskId": 2, "workflowId": -1, "jobId": 2}, {"startTime": 93605, "endTime": 94637, "taskId": 3, "workflowId": 1, "jobId": -1}, {"startTime": 94637, "endTime": 95387, "taskId": 3, "workflowId": 1, "jobId": -1}, {"startTime": 95387, "endTime": 95517, "taskId": 3, "workflowId": 1, "jobId": -1}, {"startTime": 95517, "endTime": 95581, "taskId": 3, "workflowId": 1, "jobId": -1}, {"startTime": 95581, "endTime": 97363, "taskId": 10, "workflowId": 1, "jobId": -1}, {"startTime": 97363, "endTime": 98931, "taskId": 5, "workflowId": 1, "jobId": -1}, {"startTime": 98931, "endTime": 99105, "taskId": 5, "workflowId": 1, "jobId": -1}, {"startTime": 99105, "endTime": 99259, "taskId": 0, "workflowId": -1, "jobId": 3}, {"startTime": 99259, "endTime": 100679, "taskId": 0, "workflowId": -1, "jobId": 3}, {"startTime": 100679, "endTime": 102591, "taskId": 0, "workflowId": -1, "jobId": 3}, {"startTime": 102591, "endTime": 102620, "taskId": 0, "workflowId": -1, "jobId": 3}, {"startTime": 102620, "endTime": 105811, "taskId": 0, "workflowId": -1, "jobId": 3}, {"startTime": 105811, "endTime": 107316, "taskId": 0, "workflowId": -1, "jobId": 3}, {"startTime": 107316, "endTime": 112555, "taskId": 0, "workflowId": -1, "jobId": 3}, {"startTime": 112555, "endTime": 114425, "taskId": 19, "workflowId": 1, "jobId": -1}, {"startTime": 114425, "endTime": 114794, "taskId": 19, "workflowId": 1, "jobId": -1}, {"startTime": 114794, "endTime": 115463, "taskId": 19, "workflowId": 1, "jobId": -1}, {"startTime": 115463, "endTime": 115656, "taskId": 20, "workflowId": 1, "jobId": -1}, {"startTime": 115656, "endTime": 115791, "taskId": 20, "workflowId": 1, "jobId": -1}, {"startTime": 115791, "endTime": 115831, "taskId": 20, "workflowId": 1, "jobId": -1}, {"startTime": 115831, "endTime": 116466, "taskId": 4, "workflowId": -1, "jobId": 4}, {"startTime": 116466, "endTime": 116725, "taskId": 4, "workflowId": -1, "jobId": 4}, {"startTime": 116725, "endTime": 117241, "taskId": 4, "workflowId": -1, "jobId": 4}, {"startTime": 117241, "endTime": 117832, "taskId": 4, "workflowId": -1, "jobId": 4}, {"startTime": 117832, "endTime": 118262, "taskId": 4, "workflowId": -1, "jobId": 4}, {"startTime": 118262, "endTime": 118942, "taskId": 4, "workflowId": -1, "jobId": 4}, {"startTime": 118942, "endTime": 119258, "taskId": 4, "workflowId": -1, "jobId": 4}, {"startTime": 119258, "endTime": 120883, "taskId": 4, "workflowId": -1, "jobId": 4}, {"startTime": 120883, "endTime": 121732, "taskId": 4, "workflowId": -1, "jobId": 4}, {"startTime": 121732, "endTime": 126143, "taskId": 4, "workflowId": -1, "jobId": 4}, {"startTime": 126143, "endTime": 128053, "taskId": 7, "workflowId": -1, "jobId": 1}, {"startTime": 128053, "endTime": 128942, "taskId": 5, "workflowId": -1, "jobId": 3}, {"startTime": 128942, "endTime": 130435, "taskId": 5, "workflowId": -1, "jobId": 3}, {"startTime": 130435, "endTime": 133387, "taskId": 5, "workflowId": -1, "jobId": 3}, {"startTime": 133387, "endTime": 135027, "taskId": 5, "workflowId": -1, "jobId": 3}, {"startTime": 135027, "endTime": 135863, "taskId": 1, "workflowId": -1, "jobId": 4}, {"startTime": 135863, "endTime": 135962, "taskId": 1, "workflowId": -1, "jobId": 4}, {"startTime": 135962, "endTime": 138235, "taskId": 1, "workflowId": -1, "jobId": 4}, {"startTime": 138235, "endTime": 138750, "taskId": 1, "workflowId": -1, "jobId": 4}, {"startTime": 138750, "endTime": 139073, "taskId": 1, "workflowId": -1, "jobId": 4}, {"startTime": 139073, "endTime": 139361, "taskId": 4, "workflowId": -1, "jobId": 5}, {"startTime": 139361, "endTime": 140913, "taskId": 4, "workflowId": -1, "jobId": 5}, {"startTime": 140913, "endTime": 145107, "taskId": 4, "workflowId": -1, "jobId": 5}, {"startTime": 145107, "endTime": 145987, "taskId": 4, "workflowId": -1, "jobId": 5}, {"startTime": 145987, "endTime": 147187, "taskId": 4, "workflowId": -1, "jobId": 5}, {"startTime": 147187, "endTime": 149385, "taskId": 4, "workflowId": -1, "jobId": 5}, {"startTime": 149385, "endTime": 149933, "taskId": 10, "workflowId": -1, "jobId": 0}, {"startTime": 149933, "endTime": 152248, "taskId": 0, "workflowId": -1, "jobId": 5}, {"startTime": 152248, "endTime": 152576, "taskId": 0, "workflowId": -1, "jobId": 5}, {"startTime": 152576, "endTime": 153456, "taskId": 0, "workflowId": -1, "jobId": 5}, {"startTime": 153456, "endTime": 154071, "taskId": 0, "workflowId": -1, "jobId": 5}, {"startTime": 154071, "endTime": 155626, "taskId": 0, "workflowId": -1, "jobId": 5}, {"startTime": 155626, "endTime": 163383, "taskId": 0, "workflowId": -1, "jobId": 5}, {"startTime": 163383, "endTime": 164762, "taskId": 5, "workflowId": -1, "jobId": 4}, {"startTime": 164762, "endTime": 165090, "taskId": 5, "workflowId": -1, "jobId": 4}, {"startTime": 165090, "endTime": 165698, "taskId": 5, "workflowId": -1, "jobId": 4}, {"startTime": 165698, "endTime": 168067, "taskId": 5, "workflowId": -1, "jobId": 4}, {"startTime": 168067, "endTime": 168069, "taskId": 5, "workflowId": -1, "jobId": 4}, {"startTime": 168069, "endTime": 172755, "taskId": 5, "workflowId": -1, "jobId": 4}, {"startTime": 172755, "endTime": 174691, "taskId": 5, "workflowId": -1, "jobId": 4}, {"startTime": 174691, "endTime": 174996, "taskId": 4, "workflowId": 2, "jobId": -1}, {"startTime": 174996, "endTime": 175019, "taskId": 4, "workflowId": 2, "jobId": -1}, {"startTime": 175019, "endTime": 175347, "taskId": 4, "workflowId": 2, "jobId": -1}, {"startTime": 175347, "endTime": 177185, "taskId": 0, "workflowId": -1, "jobId": 6}, {"startTime": 177185, "endTime": 177513, "taskId": 0, "workflowId": -1, "jobId": 6}, {"startTime": 177513, "endTime": 178162, "taskId": 0, "workflowId": -1, "jobId": 6}, {"startTime": 178162, "endTime": 180270, "taskId": 0, "workflowId": -1, "jobId": 6}, {"startTime": 180270, "endTime": 180477, "taskId": 0, "workflowId": -1, "jobId": 6}, {"startTime": 180477, "endTime": 182521, "taskId": 0, "workflowId": -1, "jobId": 6}, {"startTime": 182521, "endTime": 182984, "taskId": 0, "workflowId": -1, "jobId": 6}, {"startTime": 182984, "endTime": 184082, "taskId": 0, "workflowId": -1, "jobId": 6}, {"startTime": 184082, "endTime": 188797, "taskId": 0, "workflowId": -1, "jobId": 6}, {"startTime": 188797, "endTime": 189125, "taskId": 12, "workflowId": 2, "jobId": -1}, {"startTime": 189125, "endTime": 189823, "taskId": 12, "workflowId": 2, "jobId": -1}, {"startTime": 189823, "endTime": 189899, "taskId": 11, "workflowId": 2, "jobId": -1}, {"startTime": 189899, "endTime": 191109, "taskId": 11, "workflowId": 2, "jobId": -1}, {"startTime": 191109, "endTime": 191543, "taskId": 1, "workflowId": -1, "jobId": 6}, {"startTime": 191543, "endTime": 191703, "taskId": 1, "workflowId": -1, "jobId": 6}, {"startTime": 191703, "endTime": 191847, "taskId": 1, "workflowId": -1, "jobId": 6}, {"startTime": 191847, "endTime": 192315, "taskId": 1, "workflowId": -1, "jobId": 6}, {"startTime": 192315, "endTime": 192511, "taskId": 1, "workflowId": -1, "jobId": 6}, {"startTime": 192511, "endTime": 193613, "taskId": 1, "workflowId": -1, "jobId": 6}, {"startTime": 193613, "endTime": 194747, "taskId": 1, "workflowId": -1, "jobId": 6}, {"startTime": 194747, "endTime": 194753, "taskId": 1, "workflowId": -1, "jobId": 6}, {"startTime": 194753, "endTime": 195081, "taskId": 1, "workflowId": -1, "jobId": 6}, {"startTime": 195081, "endTime": 196551, "taskId": 1, "workflowId": -1, "jobId": 6}, {"startTime": 196551, "endTime": 199601, "taskId": 1, "workflowId": -1, "jobId": 6}, {"startTime": 199601, "endTime": 201189, "taskId": 1, "workflowId": -1, "jobId": 6}, {"startTime": 201189, "endTime": 201517, "taskId": 8, "workflowId": -1, "jobId": 3}, {"startTime": 201517, "endTime": 202314, "taskId": 8, "workflowId": -1, "jobId": 3}, {"startTime": 202314, "endTime": 203685, "taskId": 8, "workflowId": -1, "jobId": 3}, {"startTime": 203685, "endTime": 204047, "taskId": 8, "workflowId": -1, "jobId": 3}, {"startTime": 204047, "endTime": 204118, "taskId": 8, "workflowId": -1, "jobId": 3}, {"startTime": 204118, "endTime": 206614, "taskId": 8, "workflowId": -1, "jobId": 3}, {"startTime": 206614, "endTime": 206986, "taskId": 8, "workflowId": -1, "jobId": 3}, {"startTime": 206986, "endTime": 207178, "taskId": 8, "workflowId": -1, "jobId": 3}, {"startTime": 207178, "endTime": 208799, "taskId": 8, "workflowId": -1, "jobId": 3}, {"startTime": 208799, "endTime": 208992, "taskId": 4, "workflowId": -1, "jobId": 8}, {"startTime": 208992, "endTime": 209320, "taskId": 4, "workflowId": -1, "jobId": 8}, {"startTime": 209320, "endTime": 209492, "taskId": 4, "workflowId": -1, "jobId": 8}, {"startTime": 209492, "endTime": 209553, "taskId": 4, "workflowId": -1, "jobId": 8}, {"startTime": 209553, "endTime": 211072, "taskId": 4, "workflowId": -1, "jobId": 8}, {"startTime": 211072, "endTime": 212603, "taskId": 4, "workflowId": -1, "jobId": 8}, {"startTime": 212603, "endTime": 212624, "taskId": 4, "workflowId": -1, "jobId": 8}, {"startTime": 212624, "endTime": 215482, "taskId": 4, "workflowId": -1, "jobId": 8}, {"startTime": 215482, "endTime": 215810, "taskId": 4, "workflowId": -1, "jobId": 8}, {"startTime": 215810, "endTime": 219111, "taskId": 4, "workflowId": -1, "jobId": 8}, {"startTime": 219111, "endTime": 219150, "taskId": 20, "workflowId": 2, "jobId": -1}, {"startTime": 219150, "endTime": 219439, "taskId": 1, "workflowId": -1, "jobId": 7}, {"startTime": 219439, "endTime": 221479, "taskId": 1, "workflowId": -1, "jobId": 7}, {"startTime": 221479, "endTime": 229230, "taskId": 1, "workflowId": -1, "jobId": 7}, {"startTime": 229230, "endTime": 229503, "taskId": 7, "workflowId": -1, "jobId": 3}, {"startTime": 229503, "endTime": 230430, "taskId": 2, "workflowId": -1, "jobId": 7}, {"startTime": 230430, "endTime": 230584, "taskId": 2, "workflowId": -1, "jobId": 7}, {"startTime": 230584, "endTime": 232041, "taskId": 2, "workflowId": -1, "jobId": 7}, {"startTime": 232041, "endTime": 232771, "taskId": 4, "workflowId": -1, "jobId": 9}, {"startTime": 232771, "endTime": 233524, "taskId": 4, "workflowId": -1, "jobId": 9}, {"startTime": 233524, "endTime": 242353, "taskId": 4, "workflowId": -1, "jobId": 9}, {"startTime": 242353, "endTime": 243707, "taskId": 21, "workflowId": 3, "jobId": -1}, {"startTime": 243707, "endTime": 247191, "taskId": 10, "workflowId": -1, "jobId": 6}, {"startTime": 247191, "endTime": 257271, "taskId": 1, "workflowId": -1, "jobId": 8}, {"startTime": 257271, "endTime": 259023, "taskId": 8, "workflowId": -1, "jobId": 4}, {"startTime": 259023, "endTime": 259230, "taskId": 2, "workflowId": -1, "jobId": 8}, {"startTime": 259230, "endTime": 270725, "taskId": 2, "workflowId": -1, "jobId": 8}, {"startTime": 270725, "endTime": 273431, "taskId": 11, "workflowId": -1, "jobId": 3}, {"startTime": 273431, "endTime": 275232, "taskId": 11, "workflowId": -1, "jobId": 3}, {"startTime": 275232, "endTime": 277003, "taskId": 1, "workflowId": -1, "jobId": 9}, {"startTime": 277003, "endTime": 278525, "taskId": 0, "workflowId": -1, "jobId": 10}, {"startTime": 278525, "endTime": 288837, "taskId": 4, "workflowId": -1, "jobId": 11}, {"startTime": 288837, "endTime": 292379, "taskId": 10, "workflowId": -1, "jobId": 8}, {"startTime": 292379, "endTime": 296883, "taskId": 11, "workflowId": -1, "jobId": 4}, {"startTime": 296883, "endTime": 301177, "taskId": 7, "workflowId": -1, "jobId": 4}, {"startTime": 301767, "endTime": 312079, "taskId": 4, "workflowId": -1, "jobId": 12}, {"startTime": 312079, "endTime": 313824, "taskId": 6, "workflowId": -1, "jobId": 7}, {"startTime": 313824, "endTime": 328071, "taskId": 3, "workflowId": -1, "jobId": 9}, {"startTime": 328071, "endTime": 330561, "taskId": 8, "workflowId": -1, "jobId": 5}, {"startTime": 330561, "endTime": 331044, "taskId": 8, "workflowId": -1, "jobId": 5}, {"startTime": 331044, "endTime": 331314, "taskId": 11, "workflowId": -1, "jobId": 4}, {"startTime": 331314, "endTime": 341394, "taskId": 1, "workflowId": -1, "jobId": 11}, {"startTime": 344519, "endTime": 346153, "taskId": 6, "workflowId": -1, "jobId": 8}, {"startTime": 346153, "endTime": 347583, "taskId": 3, "workflowId": -1, "jobId": 10}, {"startTime": 347583, "endTime": 348251, "taskId": 2, "workflowId": -1, "jobId": 11}, {"startTime": 348251, "endTime": 358563, "taskId": 4, "workflowId": -1, "jobId": 14}, {"startTime": 358563, "endTime": 359355, "taskId": 6, "workflowId": -1, "jobId": 8}, {"startTime": 359355, "endTime": 369435, "taskId": 1, "workflowId": -1, "jobId": 12}, {"startTime": 369435, "endTime": 371493, "taskId": 11, "workflowId": -1, "jobId": 5}, {"startTime": 371493, "endTime": 381805, "taskId": 4, "workflowId": -1, "jobId": 15}, {"startTime": 381805, "endTime": 395875, "taskId": 3, "workflowId": -1, "jobId": 11}, {"startTime": 395875, "endTime": 399077, "taskId": 8, "workflowId": -1, "jobId": 6}, {"startTime": 399077, "endTime": 403204, "taskId": 11, "workflowId": -1, "jobId": 5}, {"startTime": 404073, "endTime": 417523, "taskId": 0, "workflowId": -1, "jobId": 15}, {"startTime": 417523, "endTime": 417977, "taskId": 5, "workflowId": -1, "jobId": 11}, {"startTime": 417977, "endTime": 421950, "taskId": 4, "workflowId": -1, "jobId": 17}, {"startTime": 421950, "endTime": 428289, "taskId": 4, "workflowId": -1, "jobId": 17}, {"startTime": 428289, "endTime": 429487, "taskId": 11, "workflowId": -1, "jobId": 6}, {"startTime": 429487, "endTime": 442937, "taskId": 0, "workflowId": -1, "jobId": 16}, {"startTime": 443140, "endTime": 443478, "taskId": 3, "workflowId": -1, "jobId": 13}, {"startTime": 443478, "endTime": 453558, "taskId": 1, "workflowId": -1, "jobId": 15}, {"startTime": 453558, "endTime": 454901, "taskId": 11, "workflowId": -1, "jobId": 6}, {"startTime": 454901, "endTime": 468351, "taskId": 0, "workflowId": -1, "jobId": 17}, {"startTime": 471519, "endTime": 481599, "taskId": 1, "workflowId": -1, "jobId": 16}]}, {"frequency": 1.5, "activePower": 8, "idlePower": 2.7, "memory": 2, "allocations": [{"startTime": 22440, "endTime": 22863, "taskId": 1, "workflowId": 0, "jobId": -1}, {"startTime": 22863, "endTime": 24521, "taskId": 4, "workflowId": -1, "jobId": 0}, {"startTime": 24521, "endTime": 33175, "taskId": 4, "workflowId": -1, "jobId": 0}, {"startTime": 33175, "endTime": 47422, "taskId": 3, "workflowId": -1, "jobId": 0}, {"startTime": 47422, "endTime": 50272, "taskId": 14, "workflowId": 0, "jobId": -1}, {"startTime": 50272, "endTime": 50481, "taskId": 7, "workflowId": -1, "jobId": 0}, {"startTime": 50481, "endTime": 50904, "taskId": 17, "workflowId": 0, "jobId": -1}, {"startTime": 50904, "endTime": 52108, "taskId": 1, "workflowId": -1, "jobId": 1}, {"startTime": 52108, "endTime": 52175, "taskId": 1, "workflowId": -1, "jobId": 1}, {"startTime": 52175, "endTime": 56260, "taskId": 1, "workflowId": -1, "jobId": 1}, {"startTime": 56260, "endTime": 57669, "taskId": 1, "workflowId": -1, "jobId": 1}, {"startTime": 57669, "endTime": 60984, "taskId": 1, "workflowId": -1, "jobId": 1}, {"startTime": 60984, "endTime": 61157, "taskId": 5, "workflowId": -1, "jobId": 1}, {"startTime": 61157, "endTime": 65069, "taskId": 5, "workflowId": -1, "jobId": 1}, {"startTime": 65069, "endTime": 72292, "taskId": 5, "workflowId": -1, "jobId": 1}, {"startTime": 72292, "endTime": 73691, "taskId": 10, "workflowId": -1, "jobId": 0}, {"startTime": 73691, "endTime": 76928, "taskId": 0, "workflowId": -1, "jobId": 2}, {"startTime": 76928, "endTime": 79310, "taskId": 0, "workflowId": -1, "jobId": 2}, {"startTime": 79310, "endTime": 81092, "taskId": 0, "workflowId": -1, "jobId": 2}, {"startTime": 81092, "endTime": 87141, "taskId": 0, "workflowId": -1, "jobId": 2}, {"startTime": 87141, "endTime": 87522, "taskId": 6, "workflowId": -1, "jobId": 1}, {"startTime": 87522, "endTime": 88519, "taskId": 3, "workflowId": -1, "jobId": 2}, {"startTime": 88519, "endTime": 92589, "taskId": 3, "workflowId": -1, "jobId": 2}, {"startTime": 92589, "endTime": 101769, "taskId": 4, "workflowId": -1, "jobId": 3}, {"startTime": 101769, "endTime": 102901, "taskId": 4, "workflowId": -1, "jobId": 3}, {"startTime": 102901, "endTime": 104275, "taskId": 8, "workflowId": 1, "jobId": -1}, {"startTime": 104275, "endTime": 104842, "taskId": 8, "workflowId": 1, "jobId": -1}, {"startTime": 104842, "endTime": 106216, "taskId": 6, "workflowId": 1, "jobId": -1}, {"startTime": 106216, "endTime": 106986, "taskId": 11, "workflowId": 1, "jobId": -1}, {"startTime": 106986, "endTime": 107194, "taskId": 1, "workflowId": -1, "jobId": 3}, {"startTime": 107194, "endTime": 108354, "taskId": 1, "workflowId": -1, "jobId": 3}, {"startTime": 108354, "endTime": 108568, "taskId": 1, "workflowId": -1, "jobId": 3}, {"startTime": 108568, "endTime": 109080, "taskId": 1, "workflowId": -1, "jobId": 3}, {"startTime": 109080, "endTime": 109195, "taskId": 1, "workflowId": -1, "jobId": 3}, {"startTime": 109195, "endTime": 109350, "taskId": 1, "workflowId": -1, "jobId": 3}, {"startTime": 109350, "endTime": 110540, "taskId": 1, "workflowId": -1, "jobId": 3}, {"startTime": 110540, "endTime": 112295, "taskId": 1, "workflowId": -1, "jobId": 3}, {"startTime": 112295, "endTime": 113254, "taskId": 1, "workflowId": -1, "jobId": 3}, {"startTime": 113254, "endTime": 117066, "taskId": 1, "workflowId": -1, "jobId": 3}, {"startTime": 117066, "endTime": 117526, "taskId": 20, "workflowId": 1, "jobId": -1}, {"startTime": 117526, "endTime": 118062, "taskId": 20, "workflowId": 1, "jobId": -1}, {"startTime": 118062, "endTime": 118327, "taskId": 20, "workflowId": 1, "jobId": -1}, {"startTime": 118327, "endTime": 118749, "taskId": 20, "workflowId": 1, "jobId": -1}, {"startTime": 118749, "endTime": 119496, "taskId": 20, "workflowId": 1, "jobId": -1}, {"startTime": 119566, "endTime": 119850, "taskId": 10, "workflowId": -1, "jobId": 0}, {"startTime": 119850, "endTime": 120003, "taskId": 3, "workflowId": -1, "jobId": 3}, {"startTime": 120003, "endTime": 120079, "taskId": 3, "workflowId": -1, "jobId": 3}, {"startTime": 120079, "endTime": 120567, "taskId": 3, "workflowId": -1, "jobId": 3}, {"startTime": 120567, "endTime": 121817, "taskId": 3, "workflowId": -1, "jobId": 3}, {"startTime": 121817, "endTime": 122260, "taskId": 3, "workflowId": -1, "jobId": 3}, {"startTime": 122260, "endTime": 124519, "taskId": 3, "workflowId": -1, "jobId": 3}, {"startTime": 124519, "endTime": 134097, "taskId": 0, "workflowId": -1, "jobId": 4}, {"startTime": 134097, "endTime": 135649, "taskId": 0, "workflowId": -1, "jobId": 4}, {"startTime": 135649, "endTime": 135722, "taskId": 0, "workflowId": -1, "jobId": 4}, {"startTime": 135722, "endTime": 136106, "taskId": 0, "workflowId": -1, "jobId": 4}, {"startTime": 136106, "endTime": 137645, "taskId": 0, "workflowId": -1, "jobId": 4}, {"startTime": 137645, "endTime": 137969, "taskId": 0, "workflowId": -1, "jobId": 4}, {"startTime": 137969, "endTime": 139073, "taskId": 7, "workflowId": -1, "jobId": 1}, {"startTime": 139073, "endTime": 139421, "taskId": 1, "workflowId": -1, "jobId": 4}, {"startTime": 139421, "endTime": 140921, "taskId": 1, "workflowId": -1, "jobId": 4}, {"startTime": 140921, "endTime": 140973, "taskId": 1, "workflowId": -1, "jobId": 4}, {"startTime": 140973, "endTime": 141572, "taskId": 1, "workflowId": -1, "jobId": 4}, {"startTime": 141572, "endTime": 142373, "taskId": 1, "workflowId": -1, "jobId": 4}, {"startTime": 142373, "endTime": 142452, "taskId": 1, "workflowId": -1, "jobId": 4}, {"startTime": 142452, "endTime": 144448, "taskId": 1, "workflowId": -1, "jobId": 4}, {"startTime": 144448, "endTime": 145107, "taskId": 1, "workflowId": -1, "jobId": 4}, {"startTime": 145107, "endTime": 145435, "taskId": 8, "workflowId": -1, "jobId": 2}, {"startTime": 145435, "endTime": 146315, "taskId": 8, "workflowId": -1, "jobId": 2}, {"startTime": 146315, "endTime": 146955, "taskId": 8, "workflowId": -1, "jobId": 2}, {"startTime": 146955, "endTime": 147187, "taskId": 8, "workflowId": -1, "jobId": 2}, {"startTime": 147187, "endTime": 149055, "taskId": 6, "workflowId": -1, "jobId": 2}, {"startTime": 149055, "endTime": 151317, "taskId": 6, "workflowId": -1, "jobId": 2}, {"startTime": 151317, "endTime": 152100, "taskId": 8, "workflowId": -1, "jobId": 2}, {"startTime": 152100, "endTime": 152179, "taskId": 8, "workflowId": -1, "jobId": 2}, {"startTime": 152179, "endTime": 152428, "taskId": 3, "workflowId": -1, "jobId": 4}, {"startTime": 152428, "endTime": 153308, "taskId": 3, "workflowId": -1, "jobId": 4}, {"startTime": 153308, "endTime": 166426, "taskId": 3, "workflowId": -1, "jobId": 4}, {"startTime": 166426, "endTime": 167097, "taskId": 0, "workflowId": 2, "jobId": -1}, {"startTime": 167097, "endTime": 167805, "taskId": 1, "workflowId": 2, "jobId": -1}, {"startTime": 167805, "endTime": 168253, "taskId": 1, "workflowId": 2, "jobId": -1}, {"startTime": 168253, "endTime": 168476, "taskId": 2, "workflowId": 2, "jobId": -1}, {"startTime": 168476, "endTime": 168741, "taskId": 2, "workflowId": 2, "jobId": -1}, {"startTime": 168741, "endTime": 169197, "taskId": 2, "workflowId": 2, "jobId": -1}, {"startTime": 169197, "endTime": 169865, "taskId": 2, "workflowId": 2, "jobId": -1}, {"startTime": 169865, "endTime": 170463, "taskId": 8, "workflowId": -1, "jobId": 2}, {"startTime": 170463, "endTime": 171110, "taskId": 2, "workflowId": -1, "jobId": 5}, {"startTime": 171110, "endTime": 171173, "taskId": 2, "workflowId": -1, "jobId": 5}, {"startTime": 171173, "endTime": 171244, "taskId": 2, "workflowId": -1, "jobId": 5}, {"startTime": 171244, "endTime": 171512, "taskId": 2, "workflowId": -1, "jobId": 5}, {"startTime": 171512, "endTime": 172522, "taskId": 2, "workflowId": -1, "jobId": 5}, {"startTime": 172522, "endTime": 173613, "taskId": 2, "workflowId": -1, "jobId": 5}, {"startTime": 173613, "endTime": 173827, "taskId": 2, "workflowId": -1, "jobId": 5}, {"startTime": 173827, "endTime": 174181, "taskId": 2, "workflowId": -1, "jobId": 5}, {"startTime": 174181, "endTime": 175016, "taskId": 2, "workflowId": -1, "jobId": 5}, {"startTime": 175016, "endTime": 175588, "taskId": 2, "workflowId": -1, "jobId": 5}, {"startTime": 175588, "endTime": 176496, "taskId": 2, "workflowId": -1, "jobId": 5}, {"startTime": 176496, "endTime": 178359, "taskId": 2, "workflowId": -1, "jobId": 5}, {"startTime": 178359, "endTime": 182165, "taskId": 2, "workflowId": -1, "jobId": 5}, {"startTime": 182165, "endTime": 182493, "taskId": 13, "workflowId": 2, "jobId": -1}, {"startTime": 182493, "endTime": 182586, "taskId": 13, "workflowId": 2, "jobId": -1}, {"startTime": 182586, "endTime": 183691, "taskId": 13, "workflowId": 2, "jobId": -1}, {"startTime": 183691, "endTime": 183779, "taskId": 6, "workflowId": -1, "jobId": 4}, {"startTime": 183779, "endTime": 184107, "taskId": 6, "workflowId": -1, "jobId": 4}, {"startTime": 184107, "endTime": 184268, "taskId": 6, "workflowId": -1, "jobId": 4}, {"startTime": 184268, "endTime": 184508, "taskId": 6, "workflowId": -1, "jobId": 4}, {"startTime": 184508, "endTime": 184735, "taskId": 3, "workflowId": -1, "jobId": 5}, {"startTime": 184735, "endTime": 185357, "taskId": 3, "workflowId": -1, "jobId": 5}, {"startTime": 185357, "endTime": 185557, "taskId": 3, "workflowId": -1, "jobId": 5}, {"startTime": 185557, "endTime": 186583, "taskId": 4, "workflowId": -1, "jobId": 7}, {"startTime": 186583, "endTime": 187228, "taskId": 4, "workflowId": -1, "jobId": 7}, {"startTime": 187228, "endTime": 187367, "taskId": 4, "workflowId": -1, "jobId": 7}, {"startTime": 187367, "endTime": 187925, "taskId": 4, "workflowId": -1, "jobId": 7}, {"startTime": 187925, "endTime": 189681, "taskId": 4, "workflowId": -1, "jobId": 7}, {"startTime": 189681, "endTime": 195869, "taskId": 4, "workflowId": -1, "jobId": 7}, {"startTime": 195869, "endTime": 196303, "taskId": 8, "workflowId": -1, "jobId": 3}, {"startTime": 196303, "endTime": 197271, "taskId": 8, "workflowId": -1, "jobId": 3}, {"startTime": 197271, "endTime": 198178, "taskId": 8, "workflowId": -1, "jobId": 3}, {"startTime": 198178, "endTime": 198405, "taskId": 5, "workflowId": -1, "jobId": 5}, {"startTime": 198405, "endTime": 198808, "taskId": 5, "workflowId": -1, "jobId": 5}, {"startTime": 198808, "endTime": 199983, "taskId": 5, "workflowId": -1, "jobId": 5}, {"startTime": 199983, "endTime": 200761, "taskId": 2, "workflowId": -1, "jobId": 6}, {"startTime": 200761, "endTime": 201344, "taskId": 0, "workflowId": -1, "jobId": 7}, {"startTime": 201344, "endTime": 209486, "taskId": 0, "workflowId": -1, "jobId": 7}, {"startTime": 209486, "endTime": 211685, "taskId": 0, "workflowId": -1, "jobId": 7}, {"startTime": 211685, "endTime": 214211, "taskId": 0, "workflowId": -1, "jobId": 7}, {"startTime": 214211, "endTime": 216579, "taskId": 21, "workflowId": 2, "jobId": -1}, {"startTime": 216579, "endTime": 216837, "taskId": 21, "workflowId": 2, "jobId": -1}, {"startTime": 216837, "endTime": 217150, "taskId": 3, "workflowId": -1, "jobId": 6}, {"startTime": 217150, "endTime": 219490, "taskId": 3, "workflowId": -1, "jobId": 6}, {"startTime": 219490, "endTime": 231084, "taskId": 3, "workflowId": -1, "jobId": 6}, {"startTime": 231084, "endTime": 232041, "taskId": 7, "workflowId": -1, "jobId": 3}, {"startTime": 232041, "endTime": 232438, "taskId": 2, "workflowId": -1, "jobId": 7}, {"startTime": 232438, "endTime": 234625, "taskId": 2, "workflowId": -1, "jobId": 7}, {"startTime": 234625, "endTime": 235104, "taskId": 2, "workflowId": -1, "jobId": 7}, {"startTime": 235104, "endTime": 235412, "taskId": 2, "workflowId": -1, "jobId": 7}, {"startTime": 235412, "endTime": 236458, "taskId": 2, "workflowId": -1, "jobId": 7}, {"startTime": 236458, "endTime": 238645, "taskId": 2, "workflowId": -1, "jobId": 7}, {"startTime": 238645, "endTime": 241205, "taskId": 2, "workflowId": -1, "jobId": 7}, {"startTime": 241205, "endTime": 244267, "taskId": 7, "workflowId": -1, "jobId": 3}, {"startTime": 244267, "endTime": 245672, "taskId": 9, "workflowId": -1, "jobId": 4}, {"startTime": 245672, "endTime": 247191, "taskId": 22, "workflowId": 3, "jobId": -1}, {"startTime": 247191, "endTime": 248035, "taskId": 10, "workflowId": -1, "jobId": 6}, {"startTime": 248035, "endTime": 249166, "taskId": 11, "workflowId": -1, "jobId": 3}, {"startTime": 249166, "endTime": 251589, "taskId": 3, "workflowId": -1, "jobId": 7}, {"startTime": 251589, "endTime": 265039, "taskId": 0, "workflowId": -1, "jobId": 9}, {"startTime": 265039, "endTime": 266998, "taskId": 8, "workflowId": -1, "jobId": 4}, {"startTime": 266998, "endTime": 268304, "taskId": 8, "workflowId": -1, "jobId": 4}, {"startTime": 268304, "endTime": 277003, "taskId": 5, "workflowId": -1, "jobId": 7}, {"startTime": 277003, "endTime": 278525, "taskId": 1, "workflowId": -1, "jobId": 9}, {"startTime": 278525, "endTime": 290453, "taskId": 0, "workflowId": -1, "jobId": 10}, {"startTime": 290453, "endTime": 296829, "taskId": 9, "workflowId": -1, "jobId": 5}, {"startTime": 296883, "endTime": 302417, "taskId": 11, "workflowId": -1, "jobId": 4}, {"startTime": 302417, "endTime": 315867, "taskId": 0, "workflowId": -1, "jobId": 11}, {"startTime": 315867, "endTime": 318063, "taskId": 10, "workflowId": -1, "jobId": 9}, {"startTime": 318063, "endTime": 320553, "taskId": 2, "workflowId": -1, "jobId": 10}, {"startTime": 320553, "endTime": 323411, "taskId": 2, "workflowId": -1, "jobId": 10}, {"startTime": 323411, "endTime": 329765, "taskId": 2, "workflowId": -1, "jobId": 10}, {"startTime": 329765, "endTime": 332255, "taskId": 10, "workflowId": -1, "jobId": 9}, {"startTime": 332255, "endTime": 334843, "taskId": 11, "workflowId": -1, "jobId": 4}, {"startTime": 334843, "endTime": 338430, "taskId": 9, "workflowId": -1, "jobId": 6}, {"startTime": 338430, "endTime": 349738, "taskId": 5, "workflowId": -1, "jobId": 9}, {"startTime": 349738, "endTime": 353245, "taskId": 6, "workflowId": -1, "jobId": 8}, {"startTime": 353245, "endTime": 359209, "taskId": 0, "workflowId": -1, "jobId": 13}, {"startTime": 359209, "endTime": 366695, "taskId": 0, "workflowId": -1, "jobId": 13}, {"startTime": 366695, "endTime": 367983, "taskId": 11, "workflowId": -1, "jobId": 5}, {"startTime": 367983, "endTime": 373493, "taskId": 8, "workflowId": -1, "jobId": 6}, {"startTime": 373493, "endTime": 377103, "taskId": 5, "workflowId": -1, "jobId": 10}, {"startTime": 377103, "endTime": 378659, "taskId": 2, "workflowId": -1, "jobId": 12}, {"startTime": 378659, "endTime": 392109, "taskId": 0, "workflowId": -1, "jobId": 14}, {"startTime": 392109, "endTime": 394735, "taskId": 8, "workflowId": -1, "jobId": 6}, {"startTime": 394735, "endTime": 405047, "taskId": 4, "workflowId": -1, "jobId": 16}, {"startTime": 406624, "endTime": 418326, "taskId": 2, "workflowId": -1, "jobId": 13}, {"startTime": 418326, "endTime": 422299, "taskId": 5, "workflowId": -1, "jobId": 11}, {"startTime": 422299, "endTime": 423012, "taskId": 10, "workflowId": -1, "jobId": 12}, {"startTime": 423012, "endTime": 424933, "taskId": 10, "workflowId": -1, "jobId": 12}, {"startTime": 424933, "endTime": 436143, "taskId": 6, "workflowId": -1, "jobId": 10}, {"startTime": 436143, "endTime": 441219, "taskId": 2, "workflowId": -1, "jobId": 14}, {"startTime": 441219, "endTime": 451531, "taskId": 4, "workflowId": -1, "jobId": 18}, {"startTime": 451531, "endTime": 456217, "taskId": 10, "workflowId": -1, "jobId": 13}, {"startTime": 456217, "endTime": 460148, "taskId": 11, "workflowId": -1, "jobId": 6}, {"startTime": 464461, "endTime": 474773, "taskId": 4, "workflowId": -1, "jobId": 19}]}, {"frequency": 1.5, "activePower": 8, "idlePower": 2.7, "memory": 2, "allocations": [{"startTime": 22440, "endTime": 22863, "taskId": 4, "workflowId": 0, "jobId": -1}, {"startTime": 22863, "endTime": 24521, "taskId": 1, "workflowId": 0, "jobId": -1}, {"startTime": 24521, "endTime": 26514, "taskId": 2, "workflowId": 0, "jobId": -1}, {"startTime": 26514, "endTime": 38216, "taskId": 2, "workflowId": -1, "jobId": 0}, {"startTime": 38216, "endTime": 39279, "taskId": 5, "workflowId": 0, "jobId": -1}, {"startTime": 39279, "endTime": 40136, "taskId": 12, "workflowId": 0, "jobId": -1}, {"startTime": 40136, "endTime": 40673, "taskId": 12, "workflowId": 0, "jobId": -1}, {"startTime": 40673, "endTime": 43610, "taskId": 8, "workflowId": 0, "jobId": -1}, {"startTime": 43610, "endTime": 44467, "taskId": 5, "workflowId": 0, "jobId": -1}, {"startTime": 44467, "endTime": 45883, "taskId": 13, "workflowId": 0, "jobId": -1}, {"startTime": 45883, "endTime": 46106, "taskId": 15, "workflowId": 0, "jobId": -1}, {"startTime": 46106, "endTime": 47262, "taskId": 4, "workflowId": -1, "jobId": 1}, {"startTime": 47262, "endTime": 51419, "taskId": 4, "workflowId": -1, "jobId": 1}, {"startTime": 51419, "endTime": 56418, "taskId": 4, "workflowId": -1, "jobId": 1}, {"startTime": 56418, "endTime": 56591, "taskId": 3, "workflowId": -1, "jobId": 1}, {"startTime": 56591, "endTime": 57669, "taskId": 3, "workflowId": -1, "jobId": 1}, {"startTime": 57669, "endTime": 60503, "taskId": 3, "workflowId": -1, "jobId": 1}, {"startTime": 60503, "endTime": 61054, "taskId": 3, "workflowId": -1, "jobId": 1}, {"startTime": 61054, "endTime": 70665, "taskId": 3, "workflowId": -1, "jobId": 1}, {"startTime": 70665, "endTime": 73096, "taskId": 7, "workflowId": -1, "jobId": 0}, {"startTime": 73096, "endTime": 78945, "taskId": 6, "workflowId": -1, "jobId": 1}, {"startTime": 78945, "endTime": 79310, "taskId": 1, "workflowId": -1, "jobId": 2}, {"startTime": 79310, "endTime": 81092, "taskId": 1, "workflowId": -1, "jobId": 2}, {"startTime": 81092, "endTime": 89025, "taskId": 1, "workflowId": -1, "jobId": 2}, {"startTime": 89025, "endTime": 90804, "taskId": 2, "workflowId": 1, "jobId": -1}, {"startTime": 90804, "endTime": 91954, "taskId": 4, "workflowId": 1, "jobId": -1}, {"startTime": 91954, "endTime": 92241, "taskId": 3, "workflowId": 1, "jobId": -1}, {"startTime": 92241, "endTime": 92589, "taskId": 3, "workflowId": 1, "jobId": -1}, {"startTime": 92589, "endTime": 94965, "taskId": 3, "workflowId": -1, "jobId": 2}, {"startTime": 94965, "endTime": 95478, "taskId": 3, "workflowId": -1, "jobId": 2}, {"startTime": 95478, "endTime": 95997, "taskId": 3, "workflowId": -1, "jobId": 2}, {"startTime": 95997, "endTime": 96339, "taskId": 3, "workflowId": -1, "jobId": 2}, {"startTime": 96339, "endTime": 97371, "taskId": 3, "workflowId": -1, "jobId": 2}, {"startTime": 97371, "endTime": 98202, "taskId": 3, "workflowId": -1, "jobId": 2}, {"startTime": 98202, "endTime": 99259, "taskId": 3, "workflowId": -1, "jobId": 2}, {"startTime": 99259, "endTime": 101641, "taskId": 3, "workflowId": -1, "jobId": 2}, {"startTime": 101641, "endTime": 101769, "taskId": 3, "workflowId": -1, "jobId": 2}, {"startTime": 101769, "endTime": 103143, "taskId": 5, "workflowId": 1, "jobId": -1}, {"startTime": 103143, "endTime": 103343, "taskId": 5, "workflowId": 1, "jobId": -1}, {"startTime": 103343, "endTime": 103681, "taskId": 9, "workflowId": 1, "jobId": -1}, {"startTime": 103681, "endTime": 104677, "taskId": 9, "workflowId": 1, "jobId": -1}, {"startTime": 104677, "endTime": 105255, "taskId": 9, "workflowId": 1, "jobId": -1}, {"startTime": 105255, "endTime": 105821, "taskId": 12, "workflowId": 1, "jobId": -1}, {"startTime": 105821, "endTime": 106251, "taskId": 12, "workflowId": 1, "jobId": -1}, {"startTime": 106251, "endTime": 107402, "taskId": 12, "workflowId": 1, "jobId": -1}, {"startTime": 107402, "endTime": 108526, "taskId": 11, "workflowId": 1, "jobId": -1}, {"startTime": 108526, "endTime": 108770, "taskId": 11, "workflowId": 1, "jobId": -1}, {"startTime": 108770, "endTime": 109057, "taskId": 18, "workflowId": 1, "jobId": -1}, {"startTime": 109057, "endTime": 109522, "taskId": 18, "workflowId": 1, "jobId": -1}, {"startTime": 109522, "endTime": 109954, "taskId": 18, "workflowId": 1, "jobId": -1}, {"startTime": 109954, "endTime": 110477, "taskId": 18, "workflowId": 1, "jobId": -1}, {"startTime": 110477, "endTime": 110544, "taskId": 16, "workflowId": 1, "jobId": -1}, {"startTime": 110544, "endTime": 111423, "taskId": 16, "workflowId": 1, "jobId": -1}, {"startTime": 111423, "endTime": 111843, "taskId": 2, "workflowId": -1, "jobId": 3}, {"startTime": 111843, "endTime": 112430, "taskId": 2, "workflowId": -1, "jobId": 3}, {"startTime": 112430, "endTime": 113171, "taskId": 2, "workflowId": -1, "jobId": 3}, {"startTime": 113171, "endTime": 113713, "taskId": 2, "workflowId": -1, "jobId": 3}, {"startTime": 113713, "endTime": 115285, "taskId": 2, "workflowId": -1, "jobId": 3}, {"startTime": 115285, "endTime": 115791, "taskId": 2, "workflowId": -1, "jobId": 3}, {"startTime": 115791, "endTime": 115971, "taskId": 2, "workflowId": -1, "jobId": 3}, {"startTime": 115971, "endTime": 119207, "taskId": 2, "workflowId": -1, "jobId": 3}, {"startTime": 119207, "endTime": 122260, "taskId": 2, "workflowId": -1, "jobId": 3}, {"startTime": 122260, "endTime": 123125, "taskId": 2, "workflowId": -1, "jobId": 3}, {"startTime": 123125, "endTime": 123234, "taskId": 6, "workflowId": -1, "jobId": 2}, {"startTime": 123234, "endTime": 124389, "taskId": 6, "workflowId": -1, "jobId": 2}, {"startTime": 124389, "endTime": 124519, "taskId": 6, "workflowId": -1, "jobId": 2}, {"startTime": 124519, "endTime": 127526, "taskId": 3, "workflowId": -1, "jobId": 3}, {"startTime": 127526, "endTime": 129893, "taskId": 3, "workflowId": -1, "jobId": 3}, {"startTime": 129893, "endTime": 134097, "taskId": 3, "workflowId": -1, "jobId": 3}, {"startTime": 134097, "endTime": 134748, "taskId": 7, "workflowId": -1, "jobId": 1}, {"startTime": 134748, "endTime": 135027, "taskId": 7, "workflowId": -1, "jobId": 1}, {"startTime": 135027, "endTime": 135379, "taskId": 5, "workflowId": -1, "jobId": 3}, {"startTime": 135379, "endTime": 135962, "taskId": 5, "workflowId": -1, "jobId": 3}, {"startTime": 135962, "endTime": 138750, "taskId": 5, "workflowId": -1, "jobId": 3}, {"startTime": 138750, "endTime": 139360, "taskId": 5, "workflowId": -1, "jobId": 3}, {"startTime": 139360, "endTime": 139850, "taskId": 8, "workflowId": -1, "jobId": 2}, {"startTime": 139850, "endTime": 140943, "taskId": 8, "workflowId": -1, "jobId": 2}, {"startTime": 140943, "endTime": 141846, "taskId": 2, "workflowId": -1, "jobId": 4}, {"startTime": 141846, "endTime": 142312, "taskId": 2, "workflowId": -1, "jobId": 4}, {"startTime": 142312, "endTime": 152645, "taskId": 2, "workflowId": -1, "jobId": 4}, {"startTime": 152645, "endTime": 154960, "taskId": 8, "workflowId": -1, "jobId": 2}, {"startTime": 154960, "endTime": 155288, "taskId": 8, "workflowId": -1, "jobId": 2}, {"startTime": 155288, "endTime": 157458, "taskId": 8, "workflowId": -1, "jobId": 2}, {"startTime": 157458, "endTime": 162315, "taskId": 8, "workflowId": -1, "jobId": 2}, {"startTime": 162315, "endTime": 164447, "taskId": 4, "workflowId": -1, "jobId": 6}, {"startTime": 164447, "endTime": 164775, "taskId": 4, "workflowId": -1, "jobId": 6}, {"startTime": 164775, "endTime": 167218, "taskId": 4, "workflowId": -1, "jobId": 6}, {"startTime": 167218, "endTime": 167546, "taskId": 4, "workflowId": -1, "jobId": 6}, {"startTime": 167546, "endTime": 172627, "taskId": 4, "workflowId": -1, "jobId": 6}, {"startTime": 172627, "endTime": 173407, "taskId": 8, "workflowId": -1, "jobId": 2}, {"startTime": 173407, "endTime": 174311, "taskId": 6, "workflowId": 2, "jobId": -1}, {"startTime": 174311, "endTime": 174942, "taskId": 6, "workflowId": 2, "jobId": -1}, {"startTime": 174942, "endTime": 174996, "taskId": 6, "workflowId": 2, "jobId": -1}, {"startTime": 174996, "endTime": 175019, "taskId": 6, "workflowId": 2, "jobId": -1}, {"startTime": 175019, "endTime": 175066, "taskId": 6, "workflowId": 2, "jobId": -1}, {"startTime": 175066, "endTime": 175347, "taskId": 7, "workflowId": -1, "jobId": 2}, {"startTime": 175347, "endTime": 177159, "taskId": 4, "workflowId": 2, "jobId": -1}, {"startTime": 177159, "endTime": 177185, "taskId": 4, "workflowId": 2, "jobId": -1}, {"startTime": 177185, "endTime": 177435, "taskId": 8, "workflowId": 2, "jobId": -1}, {"startTime": 177435, "endTime": 177763, "taskId": 8, "workflowId": 2, "jobId": -1}, {"startTime": 177763, "endTime": 178425, "taskId": 8, "workflowId": 2, "jobId": -1}, {"startTime": 178425, "endTime": 179110, "taskId": 8, "workflowId": 2, "jobId": -1}, {"startTime": 179110, "endTime": 180206, "taskId": 9, "workflowId": 2, "jobId": -1}, {"startTime": 180206, "endTime": 180477, "taskId": 9, "workflowId": 2, "jobId": -1}, {"startTime": 180477, "endTime": 181283, "taskId": 9, "workflowId": 2, "jobId": -1}, {"startTime": 181283, "endTime": 181640, "taskId": 7, "workflowId": 2, "jobId": -1}, {"startTime": 181640, "endTime": 182586, "taskId": 7, "workflowId": 2, "jobId": -1}, {"startTime": 182586, "endTime": 183062, "taskId": 7, "workflowId": 2, "jobId": -1}, {"startTime": 183062, "endTime": 183465, "taskId": 9, "workflowId": 2, "jobId": -1}, {"startTime": 183465, "endTime": 183691, "taskId": 18, "workflowId": 2, "jobId": -1}, {"startTime": 183691, "endTime": 183779, "taskId": 13, "workflowId": 2, "jobId": -1}, {"startTime": 183779, "endTime": 183955, "taskId": 16, "workflowId": 2, "jobId": -1}, {"startTime": 183955, "endTime": 184508, "taskId": 12, "workflowId": 2, "jobId": -1}, {"startTime": 184508, "endTime": 185557, "taskId": 6, "workflowId": -1, "jobId": 4}, {"startTime": 185557, "endTime": 186583, "taskId": 3, "workflowId": -1, "jobId": 5}, {"startTime": 186583, "endTime": 187367, "taskId": 3, "workflowId": -1, "jobId": 5}, {"startTime": 187367, "endTime": 187685, "taskId": 3, "workflowId": -1, "jobId": 5}, {"startTime": 187685, "endTime": 189349, "taskId": 3, "workflowId": -1, "jobId": 5}, {"startTime": 189349, "endTime": 189489, "taskId": 3, "workflowId": -1, "jobId": 5}, {"startTime": 189489, "endTime": 191803, "taskId": 3, "workflowId": -1, "jobId": 5}, {"startTime": 191803, "endTime": 196893, "taskId": 3, "workflowId": -1, "jobId": 5}, {"startTime": 196893, "endTime": 198755, "taskId": 3, "workflowId": -1, "jobId": 5}, {"startTime": 198755, "endTime": 198872, "taskId": 18, "workflowId": 2, "jobId": -1}, {"startTime": 198872, "endTime": 199083, "taskId": 16, "workflowId": 2, "jobId": -1}, {"startTime": 199083, "endTime": 199889, "taskId": 16, "workflowId": 2, "jobId": -1}, {"startTime": 199889, "endTime": 199974, "taskId": 16, "workflowId": 2, "jobId": -1}, {"startTime": 199974, "endTime": 199983, "taskId": 15, "workflowId": 2, "jobId": -1}, {"startTime": 199983, "endTime": 200761, "taskId": 5, "workflowId": -1, "jobId": 5}, {"startTime": 200761, "endTime": 201108, "taskId": 2, "workflowId": -1, "jobId": 6}, {"startTime": 201108, "endTime": 201805, "taskId": 2, "workflowId": -1, "jobId": 6}, {"startTime": 201805, "endTime": 202828, "taskId": 2, "workflowId": -1, "jobId": 6}, {"startTime": 202828, "endTime": 202912, "taskId": 2, "workflowId": -1, "jobId": 6}, {"startTime": 202912, "endTime": 203156, "taskId": 2, "workflowId": -1, "jobId": 6}, {"startTime": 203156, "endTime": 205196, "taskId": 2, "workflowId": -1, "jobId": 6}, {"startTime": 205196, "endTime": 205770, "taskId": 2, "workflowId": -1, "jobId": 6}, {"startTime": 205770, "endTime": 208138, "taskId": 2, "workflowId": -1, "jobId": 6}, {"startTime": 208138, "endTime": 208466, "taskId": 2, "workflowId": -1, "jobId": 6}, {"startTime": 208466, "endTime": 208820, "taskId": 2, "workflowId": -1, "jobId": 6}, {"startTime": 208820, "endTime": 209486, "taskId": 2, "workflowId": -1, "jobId": 6}, {"startTime": 209486, "endTime": 211685, "taskId": 2, "workflowId": -1, "jobId": 6}, {"startTime": 211685, "endTime": 212344, "taskId": 15, "workflowId": 2, "jobId": -1}, {"startTime": 212344, "endTime": 212810, "taskId": 15, "workflowId": 2, "jobId": -1}, {"startTime": 212810, "endTime": 214181, "taskId": 17, "workflowId": 2, "jobId": -1}, {"startTime": 214181, "endTime": 214614, "taskId": 17, "workflowId": 2, "jobId": -1}, {"startTime": 214614, "endTime": 216837, "taskId": 19, "workflowId": 2, "jobId": -1}, {"startTime": 216837, "endTime": 217150, "taskId": 21, "workflowId": 2, "jobId": -1}, {"startTime": 217150, "endTime": 217472, "taskId": 22, "workflowId": 2, "jobId": -1}, {"startTime": 217472, "endTime": 219168, "taskId": 22, "workflowId": 2, "jobId": -1}, {"startTime": 219168, "endTime": 221482, "taskId": 20, "workflowId": 2, "jobId": -1}, {"startTime": 221482, "endTime": 221497, "taskId": 20, "workflowId": 2, "jobId": -1}, {"startTime": 221497, "endTime": 221825, "taskId": 6, "workflowId": 3, "jobId": -1}, {"startTime": 221825, "endTime": 223082, "taskId": 12, "workflowId": 3, "jobId": -1}, {"startTime": 223082, "endTime": 223898, "taskId": 12, "workflowId": 3, "jobId": -1}, {"startTime": 223898, "endTime": 223915, "taskId": 6, "workflowId": -1, "jobId": 5}, {"startTime": 223915, "endTime": 224470, "taskId": 6, "workflowId": -1, "jobId": 5}, {"startTime": 224470, "endTime": 226085, "taskId": 6, "workflowId": -1, "jobId": 5}, {"startTime": 226085, "endTime": 226175, "taskId": 6, "workflowId": -1, "jobId": 5}, {"startTime": 226175, "endTime": 227768, "taskId": 0, "workflowId": -1, "jobId": 8}, {"startTime": 227768, "endTime": 239625, "taskId": 0, "workflowId": -1, "jobId": 8}, {"startTime": 239625, "endTime": 240979, "taskId": 6, "workflowId": -1, "jobId": 5}, {"startTime": 240979, "endTime": 243485, "taskId": 6, "workflowId": -1, "jobId": 5}, {"startTime": 243485, "endTime": 245672, "taskId": 19, "workflowId": 3, "jobId": -1}, {"startTime": 245672, "endTime": 247191, "taskId": 9, "workflowId": -1, "jobId": 4}, {"startTime": 247191, "endTime": 247792, "taskId": 22, "workflowId": 3, "jobId": -1}, {"startTime": 247792, "endTime": 249248, "taskId": 24, "workflowId": 3, "jobId": -1}, {"startTime": 249248, "endTime": 250216, "taskId": 11, "workflowId": -1, "jobId": 3}, {"startTime": 250216, "endTime": 251589, "taskId": 10, "workflowId": -1, "jobId": 7}, {"startTime": 251589, "endTime": 254902, "taskId": 3, "workflowId": -1, "jobId": 7}, {"startTime": 254902, "endTime": 255283, "taskId": 3, "workflowId": -1, "jobId": 7}, {"startTime": 255283, "endTime": 263413, "taskId": 4, "workflowId": -1, "jobId": 10}, {"startTime": 263413, "endTime": 265595, "taskId": 4, "workflowId": -1, "jobId": 10}, {"startTime": 265595, "endTime": 267554, "taskId": 10, "workflowId": -1, "jobId": 7}, {"startTime": 267554, "endTime": 268304, "taskId": 11, "workflowId": -1, "jobId": 3}, {"startTime": 268304, "endTime": 276582, "taskId": 8, "workflowId": -1, "jobId": 4}, {"startTime": 276582, "endTime": 277003, "taskId": 11, "workflowId": -1, "jobId": 3}, {"startTime": 277003, "endTime": 278525, "taskId": 5, "workflowId": -1, "jobId": 7}, {"startTime": 278525, "endTime": 279484, "taskId": 1, "workflowId": -1, "jobId": 9}, {"startTime": 279484, "endTime": 279612, "taskId": 1, "workflowId": -1, "jobId": 9}, {"startTime": 279612, "endTime": 285312, "taskId": 1, "workflowId": -1, "jobId": 9}, {"startTime": 285312, "endTime": 287399, "taskId": 23, "workflowId": 3, "jobId": -1}, {"startTime": 287399, "endTime": 288543, "taskId": 10, "workflowId": -1, "jobId": 8}, {"startTime": 288543, "endTime": 300245, "taskId": 2, "workflowId": -1, "jobId": 9}, {"startTime": 302417, "endTime": 303273, "taskId": 11, "workflowId": -1, "jobId": 4}, {"startTime": 303273, "endTime": 313353, "taskId": 1, "workflowId": -1, "jobId": 10}, {"startTime": 313353, "endTime": 313824, "taskId": 8, "workflowId": -1, "jobId": 5}, {"startTime": 313824, "endTime": 325009, "taskId": 6, "workflowId": -1, "jobId": 7}, {"startTime": 325009, "endTime": 325282, "taskId": 4, "workflowId": -1, "jobId": 13}, {"startTime": 325282, "endTime": 327772, "taskId": 4, "workflowId": -1, "jobId": 13}, {"startTime": 327772, "endTime": 335321, "taskId": 4, "workflowId": -1, "jobId": 13}, {"startTime": 338430, "endTime": 341219, "taskId": 9, "workflowId": -1, "jobId": 6}, {"startTime": 346153, "endTime": 347583, "taskId": 6, "workflowId": -1, "jobId": 8}, {"startTime": 347583, "endTime": 348251, "taskId": 3, "workflowId": -1, "jobId": 10}, {"startTime": 348251, "endTime": 359285, "taskId": 2, "workflowId": -1, "jobId": 11}, {"startTime": 359285, "endTime": 359355, "taskId": 10, "workflowId": -1, "jobId": 10}, {"startTime": 359355, "endTime": 364527, "taskId": 6, "workflowId": -1, "jobId": 8}, {"startTime": 364527, "endTime": 364918, "taskId": 11, "workflowId": -1, "jobId": 5}, {"startTime": 364918, "endTime": 365388, "taskId": 9, "workflowId": -1, "jobId": 7}, {"startTime": 365388, "endTime": 369682, "taskId": 7, "workflowId": -1, "jobId": 5}, {"startTime": 371493, "endTime": 373493, "taskId": 11, "workflowId": -1, "jobId": 5}, {"startTime": 373493, "endTime": 377103, "taskId": 8, "workflowId": -1, "jobId": 6}, {"startTime": 377103, "endTime": 378659, "taskId": 5, "workflowId": -1, "jobId": 10}, {"startTime": 378659, "endTime": 384801, "taskId": 2, "workflowId": -1, "jobId": 12}, {"startTime": 384801, "endTime": 388805, "taskId": 2, "workflowId": -1, "jobId": 12}, {"startTime": 388805, "endTime": 394633, "taskId": 6, "workflowId": -1, "jobId": 9}, {"startTime": 394633, "endTime": 399413, "taskId": 6, "workflowId": -1, "jobId": 9}, {"startTime": 408556, "endTime": 410811, "taskId": 5, "workflowId": -1, "jobId": 11}, {"startTime": 410811, "endTime": 425058, "taskId": 3, "workflowId": -1, "jobId": 12}, {"startTime": 425058, "endTime": 425503, "taskId": 10, "workflowId": -1, "jobId": 12}, {"startTime": 425503, "endTime": 427110, "taskId": 8, "workflowId": -1, "jobId": 7}, {"startTime": 427110, "endTime": 436143, "taskId": 8, "workflowId": -1, "jobId": 7}, {"startTime": 436143, "endTime": 438136, "taskId": 6, "workflowId": -1, "jobId": 10}, {"startTime": 438136, "endTime": 441219, "taskId": 11, "workflowId": -1, "jobId": 6}, {"startTime": 441219, "endTime": 447845, "taskId": 2, "workflowId": -1, "jobId": 14}, {"startTime": 447845, "endTime": 459153, "taskId": 5, "workflowId": -1, "jobId": 12}, {"startTime": 465663, "endTime": 477365, "taskId": 2, "workflowId": -1, "jobId": 15}]}, {"frequency": 1.5, "activePower": 8, "idlePower": 2.7, "memory": 2, "allocations": [{"startTime": 22440, "endTime": 22863, "taskId": 2, "workflowId": 0, "jobId": -1}, {"startTime": 22863, "endTime": 36313, "taskId": 0, "workflowId": -1, "jobId": 0}, {"startTime": 36313, "endTime": 37416, "taskId": 6, "workflowId": 0, "jobId": -1}, {"startTime": 37416, "endTime": 39278, "taskId": 7, "workflowId": 0, "jobId": -1}, {"startTime": 39278, "endTime": 39279, "taskId": 6, "workflowId": -1, "jobId": 0}, {"startTime": 39279, "endTime": 39336, "taskId": 9, "workflowId": 0, "jobId": -1}, {"startTime": 39336, "endTime": 42113, "taskId": 9, "workflowId": 0, "jobId": -1}, {"startTime": 42113, "endTime": 45189, "taskId": 10, "workflowId": 0, "jobId": -1}, {"startTime": 45189, "endTime": 46255, "taskId": 11, "workflowId": 0, "jobId": -1}, {"startTime": 46255, "endTime": 47411, "taskId": 16, "workflowId": 0, "jobId": -1}, {"startTime": 47411, "endTime": 47445, "taskId": 16, "workflowId": 0, "jobId": -1}, {"startTime": 48277, "endTime": 49105, "taskId": 6, "workflowId": -1, "jobId": 0}, {"startTime": 49105, "endTime": 50481, "taskId": 17, "workflowId": 0, "jobId": -1}, {"startTime": 50481, "endTime": 50904, "taskId": 18, "workflowId": 0, "jobId": -1}, {"startTime": 50904, "endTime": 52175, "taskId": 17, "workflowId": 0, "jobId": -1}, {"startTime": 52175, "endTime": 52383, "taskId": 18, "workflowId": 0, "jobId": -1}, {"startTime": 52383, "endTime": 52556, "taskId": 2, "workflowId": -1, "jobId": 1}, {"startTime": 52556, "endTime": 53399, "taskId": 2, "workflowId": -1, "jobId": 1}, {"startTime": 53399, "endTime": 54215, "taskId": 2, "workflowId": -1, "jobId": 1}, {"startTime": 54215, "endTime": 55167, "taskId": 2, "workflowId": -1, "jobId": 1}, {"startTime": 55167, "endTime": 62855, "taskId": 2, "workflowId": -1, "jobId": 1}, {"startTime": 62855, "endTime": 64085, "taskId": 2, "workflowId": -1, "jobId": 1}, {"startTime": 64085, "endTime": 66937, "taskId": 21, "workflowId": 0, "jobId": -1}, {"startTime": 66937, "endTime": 66939, "taskId": 6, "workflowId": -1, "jobId": 0}, {"startTime": 66939, "endTime": 68170, "taskId": 24, "workflowId": 0, "jobId": -1}, {"startTime": 68170, "endTime": 68599, "taskId": 24, "workflowId": 0, "jobId": -1}, {"startTime": 68721, "endTime": 71022, "taskId": 6, "workflowId": -1, "jobId": 0}, {"startTime": 71022, "endTime": 72806, "taskId": 6, "workflowId": -1, "jobId": 0}, {"startTime": 72806, "endTime": 81092, "taskId": 6, "workflowId": -1, "jobId": 0}, {"startTime": 81092, "endTime": 81903, "taskId": 8, "workflowId": -1, "jobId": 1}, {"startTime": 81903, "endTime": 84329, "taskId": 6, "workflowId": -1, "jobId": 1}, {"startTime": 84329, "endTime": 85635, "taskId": 6, "workflowId": -1, "jobId": 1}, {"startTime": 85635, "endTime": 87013, "taskId": 0, "workflowId": 1, "jobId": -1}, {"startTime": 87013, "endTime": 88839, "taskId": 0, "workflowId": 1, "jobId": -1}, {"startTime": 88839, "endTime": 88840, "taskId": 6, "workflowId": -1, "jobId": 1}, {"startTime": 88840, "endTime": 89836, "taskId": 1, "workflowId": 1, "jobId": -1}, {"startTime": 89836, "endTime": 90804, "taskId": 1, "workflowId": 1, "jobId": -1}, {"startTime": 90804, "endTime": 91800, "taskId": 2, "workflowId": 1, "jobId": -1}, {"startTime": 91800, "endTime": 92241, "taskId": 2, "workflowId": 1, "jobId": -1}, {"startTime": 92241, "endTime": 92589, "taskId": 10, "workflowId": 1, "jobId": -1}, {"startTime": 92589, "endTime": 92989, "taskId": 3, "workflowId": 1, "jobId": -1}, {"startTime": 92989, "endTime": 93073, "taskId": 5, "workflowId": -1, "jobId": 2}, {"startTime": 93073, "endTime": 93237, "taskId": 5, "workflowId": -1, "jobId": 2}, {"startTime": 93237, "endTime": 94105, "taskId": 5, "workflowId": -1, "jobId": 2}, {"startTime": 94105, "endTime": 94371, "taskId": 5, "workflowId": -1, "jobId": 2}, {"startTime": 94371, "endTime": 94965, "taskId": 5, "workflowId": -1, "jobId": 2}, {"startTime": 94965, "endTime": 95367, "taskId": 5, "workflowId": -1, "jobId": 2}, {"startTime": 95367, "endTime": 97279, "taskId": 5, "workflowId": -1, "jobId": 2}, {"startTime": 97279, "endTime": 97759, "taskId": 5, "workflowId": -1, "jobId": 2}, {"startTime": 97759, "endTime": 98251, "taskId": 5, "workflowId": -1, "jobId": 2}, {"startTime": 98251, "endTime": 99247, "taskId": 5, "workflowId": -1, "jobId": 2}, {"startTime": 99247, "endTime": 102483, "taskId": 5, "workflowId": -1, "jobId": 2}, {"startTime": 102483, "endTime": 104297, "taskId": 5, "workflowId": -1, "jobId": 2}, {"startTime": 104297, "endTime": 105596, "taskId": 7, "workflowId": 1, "jobId": -1}, {"startTime": 105596, "endTime": 106963, "taskId": 7, "workflowId": 1, "jobId": -1}, {"startTime": 106963, "endTime": 107488, "taskId": 7, "workflowId": 1, "jobId": -1}, {"startTime": 107488, "endTime": 108517, "taskId": 13, "workflowId": 1, "jobId": -1}, {"startTime": 108517, "endTime": 108612, "taskId": 13, "workflowId": 1, "jobId": -1}, {"startTime": 108612, "endTime": 108833, "taskId": 17, "workflowId": 1, "jobId": -1}, {"startTime": 108833, "endTime": 109195, "taskId": 17, "workflowId": 1, "jobId": -1}, {"startTime": 109195, "endTime": 109641, "taskId": 17, "workflowId": 1, "jobId": -1}, {"startTime": 109641, "endTime": 110367, "taskId": 15, "workflowId": 1, "jobId": -1}, {"startTime": 110367, "endTime": 110631, "taskId": 15, "workflowId": 1, "jobId": -1}, {"startTime": 110631, "endTime": 110724, "taskId": 14, "workflowId": 1, "jobId": -1}, {"startTime": 110724, "endTime": 111357, "taskId": 14, "workflowId": 1, "jobId": -1}, {"startTime": 111357, "endTime": 111363, "taskId": 19, "workflowId": 1, "jobId": -1}, {"startTime": 111363, "endTime": 111423, "taskId": 19, "workflowId": 1, "jobId": -1}, {"startTime": 111423, "endTime": 112353, "taskId": 16, "workflowId": 1, "jobId": -1}, {"startTime": 112353, "endTime": 113171, "taskId": 16, "workflowId": 1, "jobId": -1}, {"startTime": 113171, "endTime": 114331, "taskId": 22, "workflowId": 1, "jobId": -1}, {"startTime": 114331, "endTime": 115017, "taskId": 22, "workflowId": 1, "jobId": -1}, {"startTime": 115017, "endTime": 115213, "taskId": 22, "workflowId": 1, "jobId": -1}, {"startTime": 115213, "endTime": 115410, "taskId": 22, "workflowId": 1, "jobId": -1}, {"startTime": 115410, "endTime": 115593, "taskId": 24, "workflowId": 1, "jobId": -1}, {"startTime": 115593, "endTime": 115656, "taskId": 24, "workflowId": 1, "jobId": -1}, {"startTime": 115656, "endTime": 115791, "taskId": 24, "workflowId": 1, "jobId": -1}, {"startTime": 115791, "endTime": 116589, "taskId": 24, "workflowId": 1, "jobId": -1}, {"startTime": 116589, "endTime": 116608, "taskId": 24, "workflowId": 1, "jobId": -1}, {"startTime": 116608, "endTime": 117526, "taskId": 24, "workflowId": 1, "jobId": -1}, {"startTime": 117526, "endTime": 117889, "taskId": 24, "workflowId": 1, "jobId": -1}, {"startTime": 117889, "endTime": 118749, "taskId": 21, "workflowId": 1, "jobId": -1}, {"startTime": 118749, "endTime": 119150, "taskId": 21, "workflowId": 1, "jobId": -1}, {"startTime": 119150, "endTime": 119703, "taskId": 6, "workflowId": -1, "jobId": 1}, {"startTime": 119703, "endTime": 121817, "taskId": 23, "workflowId": 1, "jobId": -1}, {"startTime": 121817, "endTime": 122260, "taskId": 6, "workflowId": -1, "jobId": 1}, {"startTime": 122260, "endTime": 123234, "taskId": 6, "workflowId": 3, "jobId": -1}, {"startTime": 123234, "endTime": 124119, "taskId": 8, "workflowId": -1, "jobId": 1}, {"startTime": 124119, "endTime": 124389, "taskId": 8, "workflowId": -1, "jobId": 1}, {"startTime": 124389, "endTime": 138750, "taskId": 8, "workflowId": -1, "jobId": 1}, {"startTime": 138750, "endTime": 139073, "taskId": 6, "workflowId": 3, "jobId": -1}, {"startTime": 139073, "endTime": 139401, "taskId": 7, "workflowId": -1, "jobId": 1}, {"startTime": 139401, "endTime": 139421, "taskId": 7, "workflowId": -1, "jobId": 1}, {"startTime": 139421, "endTime": 139510, "taskId": 10, "workflowId": -1, "jobId": 0}, {"startTime": 139510, "endTime": 142616, "taskId": 6, "workflowId": -1, "jobId": 2}, {"startTime": 142616, "endTime": 147187, "taskId": 6, "workflowId": -1, "jobId": 2}, {"startTime": 147187, "endTime": 150050, "taskId": 6, "workflowId": -1, "jobId": 3}, {"startTime": 150050, "endTime": 160390, "taskId": 6, "workflowId": -1, "jobId": 3}, {"startTime": 160390, "endTime": 162315, "taskId": 7, "workflowId": -1, "jobId": 2}, {"startTime": 162315, "endTime": 162705, "taskId": 8, "workflowId": -1, "jobId": 2}, {"startTime": 162705, "endTime": 163033, "taskId": 8, "workflowId": -1, "jobId": 2}, {"startTime": 163033, "endTime": 163068, "taskId": 8, "workflowId": -1, "jobId": 2}, {"startTime": 163068, "endTime": 164447, "taskId": 1, "workflowId": -1, "jobId": 5}, {"startTime": 164447, "endTime": 164684, "taskId": 1, "workflowId": -1, "jobId": 5}, {"startTime": 164684, "endTime": 166762, "taskId": 1, "workflowId": -1, "jobId": 5}, {"startTime": 166762, "endTime": 169953, "taskId": 1, "workflowId": -1, "jobId": 5}, {"startTime": 169953, "endTime": 173148, "taskId": 1, "workflowId": -1, "jobId": 5}, {"startTime": 173148, "endTime": 173476, "taskId": 3, "workflowId": 2, "jobId": -1}, {"startTime": 173476, "endTime": 174426, "taskId": 3, "workflowId": 2, "jobId": -1}, {"startTime": 174426, "endTime": 175463, "taskId": 5, "workflowId": 2, "jobId": -1}, {"startTime": 175463, "endTime": 175642, "taskId": 5, "workflowId": 2, "jobId": -1}, {"startTime": 175642, "endTime": 175919, "taskId": 5, "workflowId": 2, "jobId": -1}, {"startTime": 175919, "endTime": 176110, "taskId": 5, "workflowId": 2, "jobId": -1}, {"startTime": 176110, "endTime": 178035, "taskId": 7, "workflowId": -1, "jobId": 2}, {"startTime": 178035, "endTime": 178162, "taskId": 7, "workflowId": -1, "jobId": 2}, {"startTime": 178162, "endTime": 178198, "taskId": 7, "workflowId": -1, "jobId": 2}, {"startTime": 178198, "endTime": 178425, "taskId": 10, "workflowId": 2, "jobId": -1}, {"startTime": 178425, "endTime": 179649, "taskId": 10, "workflowId": 2, "jobId": -1}, {"startTime": 179649, "endTime": 179823, "taskId": 10, "workflowId": 2, "jobId": -1}, {"startTime": 179823, "endTime": 179977, "taskId": 14, "workflowId": 2, "jobId": -1}, {"startTime": 179977, "endTime": 180477, "taskId": 7, "workflowId": 2, "jobId": -1}, {"startTime": 180477, "endTime": 181283, "taskId": 7, "workflowId": 2, "jobId": -1}, {"startTime": 181283, "endTime": 181615, "taskId": 14, "workflowId": 2, "jobId": -1}, {"startTime": 181615, "endTime": 182897, "taskId": 14, "workflowId": 2, "jobId": -1}, {"startTime": 182897, "endTime": 182984, "taskId": 14, "workflowId": 2, "jobId": -1}, {"startTime": 182984, "endTime": 183659, "taskId": 14, "workflowId": 2, "jobId": -1}, {"startTime": 183659, "endTime": 184508, "taskId": 11, "workflowId": 2, "jobId": -1}, {"startTime": 184508, "endTime": 184829, "taskId": 12, "workflowId": 2, "jobId": -1}, {"startTime": 184829, "endTime": 185212, "taskId": 12, "workflowId": 2, "jobId": -1}, {"startTime": 185212, "endTime": 185557, "taskId": 12, "workflowId": 2, "jobId": -1}, {"startTime": 185557, "endTime": 186229, "taskId": 6, "workflowId": -1, "jobId": 4}, {"startTime": 186229, "endTime": 186583, "taskId": 6, "workflowId": -1, "jobId": 4}, {"startTime": 186583, "endTime": 187197, "taskId": 6, "workflowId": -1, "jobId": 4}, {"startTime": 187197, "endTime": 188033, "taskId": 6, "workflowId": -1, "jobId": 4}, {"startTime": 188033, "endTime": 188303, "taskId": 6, "workflowId": -1, "jobId": 4}, {"startTime": 188303, "endTime": 188331, "taskId": 6, "workflowId": -1, "jobId": 4}, {"startTime": 188331, "endTime": 189000, "taskId": 6, "workflowId": -1, "jobId": 4}, {"startTime": 189000, "endTime": 189271, "taskId": 6, "workflowId": -1, "jobId": 4}, {"startTime": 189271, "endTime": 190405, "taskId": 6, "workflowId": -1, "jobId": 4}, {"startTime": 190405, "endTime": 190645, "taskId": 6, "workflowId": -1, "jobId": 4}, {"startTime": 190645, "endTime": 193584, "taskId": 6, "workflowId": -1, "jobId": 4}, {"startTime": 193584, "endTime": 194788, "taskId": 6, "workflowId": -1, "jobId": 4}, {"startTime": 194788, "endTime": 195658, "taskId": 6, "workflowId": -1, "jobId": 4}, {"startTime": 195658, "endTime": 196893, "taskId": 6, "workflowId": -1, "jobId": 4}, {"startTime": 196893, "endTime": 197327, "taskId": 11, "workflowId": 2, "jobId": -1}, {"startTime": 197327, "endTime": 197995, "taskId": 18, "workflowId": 2, "jobId": -1}, {"startTime": 197995, "endTime": 198178, "taskId": 18, "workflowId": 2, "jobId": -1}, {"startTime": 198178, "endTime": 198295, "taskId": 8, "workflowId": -1, "jobId": 3}, {"startTime": 198295, "endTime": 199207, "taskId": 8, "workflowId": -1, "jobId": 3}, {"startTime": 199207, "endTime": 199397, "taskId": 8, "workflowId": -1, "jobId": 3}, {"startTime": 199397, "endTime": 199799, "taskId": 8, "workflowId": -1, "jobId": 3}, {"startTime": 199799, "endTime": 200761, "taskId": 8, "workflowId": -1, "jobId": 3}, {"startTime": 200761, "endTime": 201201, "taskId": 5, "workflowId": -1, "jobId": 5}, {"startTime": 201201, "endTime": 202113, "taskId": 5, "workflowId": -1, "jobId": 5}, {"startTime": 202113, "endTime": 203515, "taskId": 5, "workflowId": -1, "jobId": 5}, {"startTime": 203515, "endTime": 204251, "taskId": 5, "workflowId": -1, "jobId": 5}, {"startTime": 204251, "endTime": 204579, "taskId": 5, "workflowId": -1, "jobId": 5}, {"startTime": 204579, "endTime": 206331, "taskId": 5, "workflowId": -1, "jobId": 5}, {"startTime": 206331, "endTime": 209485, "taskId": 5, "workflowId": -1, "jobId": 5}, {"startTime": 209485, "endTime": 210610, "taskId": 8, "workflowId": -1, "jobId": 3}, {"startTime": 210610, "endTime": 212196, "taskId": 8, "workflowId": -1, "jobId": 3}, {"startTime": 212196, "endTime": 212414, "taskId": 8, "workflowId": -1, "jobId": 3}, {"startTime": 212414, "endTime": 213309, "taskId": 8, "workflowId": -1, "jobId": 3}, {"startTime": 213309, "endTime": 215353, "taskId": 24, "workflowId": 2, "jobId": -1}, {"startTime": 215353, "endTime": 215805, "taskId": 24, "workflowId": 2, "jobId": -1}, {"startTime": 215805, "endTime": 216837, "taskId": 22, "workflowId": 2, "jobId": -1}, {"startTime": 216837, "endTime": 217472, "taskId": 19, "workflowId": 2, "jobId": -1}, {"startTime": 217472, "endTime": 218855, "taskId": 23, "workflowId": 2, "jobId": -1}, {"startTime": 218855, "endTime": 219183, "taskId": 23, "workflowId": 2, "jobId": -1}, {"startTime": 219183, "endTime": 219812, "taskId": 23, "workflowId": 2, "jobId": -1}, {"startTime": 219812, "endTime": 220140, "taskId": 10, "workflowId": -1, "jobId": 0}, {"startTime": 220140, "endTime": 221397, "taskId": 10, "workflowId": -1, "jobId": 0}, {"startTime": 221397, "endTime": 222126, "taskId": 10, "workflowId": -1, "jobId": 0}, {"startTime": 222126, "endTime": 223383, "taskId": 20, "workflowId": 3, "jobId": -1}, {"startTime": 223383, "endTime": 223741, "taskId": 10, "workflowId": -1, "jobId": 6}, {"startTime": 223741, "endTime": 223898, "taskId": 19, "workflowId": 3, "jobId": -1}, {"startTime": 223898, "endTime": 223915, "taskId": 12, "workflowId": 3, "jobId": -1}, {"startTime": 223915, "endTime": 224470, "taskId": 17, "workflowId": 3, "jobId": -1}, {"startTime": 224470, "endTime": 225605, "taskId": 17, "workflowId": 3, "jobId": -1}, {"startTime": 225605, "endTime": 226102, "taskId": 21, "workflowId": 3, "jobId": -1}, {"startTime": 226102, "endTime": 226175, "taskId": 21, "workflowId": 3, "jobId": -1}, {"startTime": 226175, "endTime": 227529, "taskId": 6, "workflowId": -1, "jobId": 5}, {"startTime": 227529, "endTime": 228798, "taskId": 6, "workflowId": -1, "jobId": 5}, {"startTime": 228798, "endTime": 229716, "taskId": 6, "workflowId": -1, "jobId": 5}, {"startTime": 229716, "endTime": 230430, "taskId": 6, "workflowId": -1, "jobId": 5}, {"startTime": 230430, "endTime": 233241, "taskId": 6, "workflowId": -1, "jobId": 5}, {"startTime": 233241, "endTime": 237101, "taskId": 5, "workflowId": -1, "jobId": 6}, {"startTime": 237101, "endTime": 240163, "taskId": 5, "workflowId": -1, "jobId": 6}, {"startTime": 240163, "endTime": 242350, "taskId": 5, "workflowId": -1, "jobId": 6}, {"startTime": 242350, "endTime": 244549, "taskId": 5, "workflowId": -1, "jobId": 6}, {"startTime": 244549, "endTime": 247191, "taskId": 11, "workflowId": -1, "jobId": 3}, {"startTime": 247191, "endTime": 250643, "taskId": 9, "workflowId": -1, "jobId": 4}, {"startTime": 250643, "endTime": 251589, "taskId": 11, "workflowId": -1, "jobId": 3}, {"startTime": 251589, "endTime": 252943, "taskId": 10, "workflowId": -1, "jobId": 7}, {"startTime": 252943, "endTime": 254902, "taskId": 8, "workflowId": -1, "jobId": 4}, {"startTime": 254902, "endTime": 255283, "taskId": 8, "workflowId": -1, "jobId": 4}, {"startTime": 255283, "endTime": 263413, "taskId": 3, "workflowId": -1, "jobId": 7}, {"startTime": 263413, "endTime": 264105, "taskId": 8, "workflowId": -1, "jobId": 4}, {"startTime": 264105, "endTime": 265372, "taskId": 6, "workflowId": -1, "jobId": 6}, {"startTime": 265372, "endTime": 277308, "taskId": 6, "workflowId": -1, "jobId": 6}, {"startTime": 277308, "endTime": 278525, "taskId": 11, "workflowId": -1, "jobId": 3}, {"startTime": 278525, "endTime": 279612, "taskId": 5, "workflowId": -1, "jobId": 7}, {"startTime": 279612, "endTime": 279789, "taskId": 11, "workflowId": -1, "jobId": 3}, {"startTime": 279789, "endTime": 280876, "taskId": 11, "workflowId": -1, "jobId": 3}, {"startTime": 280876, "endTime": 281495, "taskId": 23, "workflowId": 3, "jobId": -1}, {"startTime": 281495, "endTime": 283582, "taskId": 3, "workflowId": -1, "jobId": 8}, {"startTime": 283582, "endTime": 295742, "taskId": 3, "workflowId": -1, "jobId": 8}, {"startTime": 303273, "endTime": 303367, "taskId": 11, "workflowId": -1, "jobId": 4}, {"startTime": 303367, "endTime": 314675, "taskId": 5, "workflowId": -1, "jobId": 8}, {"startTime": 314675, "endTime": 325009, "taskId": 8, "workflowId": -1, "jobId": 5}, {"startTime": 325009, "endTime": 325282, "taskId": 6, "workflowId": -1, "jobId": 7}, {"startTime": 325282, "endTime": 327831, "taskId": 8, "workflowId": -1, "jobId": 5}, {"startTime": 327831, "endTime": 341281, "taskId": 0, "workflowId": -1, "jobId": 12}, {"startTime": 347583, "endTime": 348251, "taskId": 6, "workflowId": -1, "jobId": 8}, {"startTime": 348251, "endTime": 360400, "taskId": 3, "workflowId": -1, "jobId": 10}, {"startTime": 360400, "endTime": 365016, "taskId": 10, "workflowId": -1, "jobId": 10}, {"startTime": 365016, "endTime": 365388, "taskId": 11, "workflowId": -1, "jobId": 5}, {"startTime": 365388, "endTime": 371294, "taskId": 9, "workflowId": -1, "jobId": 7}, {"startTime": 373493, "endTime": 377103, "taskId": 11, "workflowId": -1, "jobId": 5}, {"startTime": 377103, "endTime": 378482, "taskId": 8, "workflowId": -1, "jobId": 6}, {"startTime": 378482, "endTime": 378659, "taskId": 3, "workflowId": -1, "jobId": 11}, {"startTime": 378659, "endTime": 384801, "taskId": 5, "workflowId": -1, "jobId": 10}, {"startTime": 384801, "endTime": 387396, "taskId": 6, "workflowId": -1, "jobId": 9}, {"startTime": 387396, "endTime": 390629, "taskId": 1, "workflowId": -1, "jobId": 13}, {"startTime": 390629, "endTime": 397476, "taskId": 1, "workflowId": -1, "jobId": 13}, {"startTime": 397476, "endTime": 402162, "taskId": 10, "workflowId": -1, "jobId": 11}, {"startTime": 410811, "endTime": 415437, "taskId": 5, "workflowId": -1, "jobId": 11}, {"startTime": 415437, "endTime": 419864, "taskId": 1, "workflowId": -1, "jobId": 14}, {"startTime": 419864, "endTime": 425517, "taskId": 1, "workflowId": -1, "jobId": 14}, {"startTime": 425517, "endTime": 427124, "taskId": 10, "workflowId": -1, "jobId": 12}, {"startTime": 427124, "endTime": 433500, "taskId": 9, "workflowId": -1, "jobId": 8}, {"startTime": 433500, "endTime": 436143, "taskId": 11, "workflowId": -1, "jobId": 6}, {"startTime": 436143, "endTime": 441830, "taskId": 8, "workflowId": -1, "jobId": 7}, {"startTime": 441830, "endTime": 443478, "taskId": 11, "workflowId": -1, "jobId": 6}, {"startTime": 443478, "endTime": 457387, "taskId": 3, "workflowId": -1, "jobId": 13}]}]