[{"frequency": 1.5, "activePower": 8, "idlePower": 2.7, "memory": 2, "allocations": [{"startTime": 47541, "endTime": 50778, "taskId": 2, "workflowId": 3, "jobId": -1}, {"startTime": 60010, "endTime": 62908, "taskId": 9, "workflowId": 2, "jobId": -1}, {"startTime": 66875, "endTime": 69829, "taskId": 10, "workflowId": 2, "jobId": -1}, {"startTime": 73113, "endTime": 75370, "taskId": 17, "workflowId": 2, "jobId": -1}, {"startTime": 79499, "endTime": 81023, "taskId": 14, "workflowId": 3, "jobId": -1}, {"startTime": 160117, "endTime": 163131, "taskId": 0, "workflowId": 1, "jobId": -1}, {"startTime": 163131, "endTime": 164127, "taskId": 1, "workflowId": 1, "jobId": -1}, {"startTime": 164127, "endTime": 165501, "taskId": 4, "workflowId": 1, "jobId": -1}, {"startTime": 165501, "endTime": 167420, "taskId": 5, "workflowId": 1, "jobId": -1}, {"startTime": 167420, "endTime": 167814, "taskId": 7, "workflowId": 1, "jobId": -1}, {"startTime": 167814, "endTime": 169388, "taskId": 8, "workflowId": 1, "jobId": -1}, {"startTime": 169388, "endTime": 169872, "taskId": 9, "workflowId": 1, "jobId": -1}, {"startTime": 169872, "endTime": 172349, "taskId": 9, "workflowId": 1, "jobId": -1}, {"startTime": 172349, "endTime": 175625, "taskId": 11, "workflowId": 1, "jobId": -1}, {"startTime": 175625, "endTime": 177007, "taskId": 14, "workflowId": 1, "jobId": -1}, {"startTime": 177007, "endTime": 180072, "taskId": 12, "workflowId": 1, "jobId": -1}, {"startTime": 180072, "endTime": 181325, "taskId": 15, "workflowId": 1, "jobId": -1}, {"startTime": 181325, "endTime": 183301, "taskId": 17, "workflowId": 1, "jobId": -1}, {"startTime": 215694, "endTime": 217500, "taskId": 0, "workflowId": 0, "jobId": -1}, {"startTime": 217500, "endTime": 219274, "taskId": 3, "workflowId": 0, "jobId": -1}, {"startTime": 219274, "endTime": 221498, "taskId": 5, "workflowId": 0, "jobId": -1}, {"startTime": 221498, "endTime": 223192, "taskId": 6, "workflowId": 0, "jobId": -1}, {"startTime": 223192, "endTime": 225243, "taskId": 7, "workflowId": 0, "jobId": -1}, {"startTime": 225243, "endTime": 228425, "taskId": 8, "workflowId": 0, "jobId": -1}, {"startTime": 228425, "endTime": 230037, "taskId": 12, "workflowId": 0, "jobId": -1}, {"startTime": 230037, "endTime": 231459, "taskId": 14, "workflowId": 0, "jobId": -1}, {"startTime": 231459, "endTime": 232613, "taskId": 13, "workflowId": 0, "jobId": -1}, {"startTime": 233452, "endTime": 236019, "taskId": 16, "workflowId": 0, "jobId": -1}]}, {"frequency": 1.5, "activePower": 8, "idlePower": 2.7, "memory": 2, "allocations": [{"startTime": 43713, "endTime": 59585, "taskId": 1, "workflowId": -1, "jobId": 0}, {"startTime": 59585, "endTime": 70651, "taskId": 2, "workflowId": -1, "jobId": 0}, {"startTime": 72960, "endTime": 88832, "taskId": 1, "workflowId": -1, "jobId": 1}, {"startTime": 88832, "endTime": 99898, "taskId": 2, "workflowId": -1, "jobId": 1}, {"startTime": 99898, "endTime": 102207, "taskId": 6, "workflowId": -1, "jobId": 1}, {"startTime": 102207, "endTime": 118079, "taskId": 1, "workflowId": -1, "jobId": 2}, {"startTime": 118079, "endTime": 129145, "taskId": 2, "workflowId": -1, "jobId": 2}, {"startTime": 129145, "endTime": 131454, "taskId": 6, "workflowId": -1, "jobId": 1}, {"startTime": 131454, "endTime": 147326, "taskId": 1, "workflowId": -1, "jobId": 3}, {"startTime": 147326, "endTime": 158392, "taskId": 2, "workflowId": -1, "jobId": 3}, {"startTime": 159711, "endTime": 160701, "taskId": 0, "workflowId": -1, "jobId": 3}, {"startTime": 160701, "endTime": 176573, "taskId": 1, "workflowId": -1, "jobId": 4}, {"startTime": 176573, "endTime": 187639, "taskId": 2, "workflowId": -1, "jobId": 4}, {"startTime": 189948, "endTime": 205820, "taskId": 1, "workflowId": -1, "jobId": 5}, {"startTime": 205820, "endTime": 216231, "taskId": 0, "workflowId": -1, "jobId": 4}, {"startTime": 216231, "endTime": 219195, "taskId": 6, "workflowId": -1, "jobId": 5}, {"startTime": 219195, "endTime": 235067, "taskId": 1, "workflowId": -1, "jobId": 6}, {"startTime": 235067, "endTime": 237043, "taskId": 6, "workflowId": -1, "jobId": 5}, {"startTime": 237043, "endTime": 237405, "taskId": 0, "workflowId": -1, "jobId": 5}, {"startTime": 237405, "endTime": 248471, "taskId": 2, "workflowId": -1, "jobId": 6}, {"startTime": 248471, "endTime": 264343, "taskId": 1, "workflowId": -1, "jobId": 7}, {"startTime": 264343, "endTime": 264410, "taskId": 6, "workflowId": -1, "jobId": 5}, {"startTime": 269687, "endTime": 280753, "taskId": 2, "workflowId": -1, "jobId": 7}, {"startTime": 280753, "endTime": 291399, "taskId": 0, "workflowId": -1, "jobId": 6}, {"startTime": 291985, "endTime": 308452, "taskId": 3, "workflowId": -1, "jobId": 8}, {"startTime": 308452, "endTime": 324324, "taskId": 1, "workflowId": -1, "jobId": 9}, {"startTime": 324324, "endTime": 340791, "taskId": 3, "workflowId": -1, "jobId": 9}, {"startTime": 340791, "endTime": 349925, "taskId": 2, "workflowId": -1, "jobId": 9}, {"startTime": 353041, "endTime": 354053, "taskId": 0, "workflowId": -1, "jobId": 8}, {"startTime": 354053, "endTime": 370520, "taskId": 3, "workflowId": -1, "jobId": 10}, {"startTime": 370520, "endTime": 381586, "taskId": 2, "workflowId": -1, "jobId": 10}, {"startTime": 385087, "endTime": 401554, "taskId": 3, "workflowId": -1, "jobId": 11}, {"startTime": 401554, "endTime": 409501, "taskId": 0, "workflowId": -1, "jobId": 9}, {"startTime": 409501, "endTime": 420567, "taskId": 2, "workflowId": -1, "jobId": 11}, {"startTime": 423924, "endTime": 439796, "taskId": 1, "workflowId": -1, "jobId": 13}, {"startTime": 439796, "endTime": 450713, "taskId": 0, "workflowId": -1, "jobId": 10}, {"startTime": 450713, "endTime": 453171, "taskId": 6, "workflowId": -1, "jobId": 13}, {"startTime": 453171, "endTime": 469043, "taskId": 1, "workflowId": -1, "jobId": 14}, {"startTime": 469043, "endTime": 476648, "taskId": 6, "workflowId": -1, "jobId": 13}]}, {"frequency": 1.5, "activePower": 8, "idlePower": 2.7, "memory": 2, "allocations": [{"startTime": 79500, "endTime": 80723, "taskId": 10, "workflowId": 3, "jobId": -1}, {"startTime": 163131, "endTime": 164265, "taskId": 2, "workflowId": 1, "jobId": -1}, {"startTime": 164265, "endTime": 165198, "taskId": 6, "workflowId": 1, "jobId": -1}, {"startTime": 165198, "endTime": 167814, "taskId": 3, "workflowId": 1, "jobId": -1}, {"startTime": 167814, "endTime": 169872, "taskId": 7, "workflowId": 1, "jobId": -1}, {"startTime": 169872, "endTime": 172622, "taskId": 10, "workflowId": 1, "jobId": -1}, {"startTime": 175625, "endTime": 177970, "taskId": 13, "workflowId": 1, "jobId": -1}, {"startTime": 181325, "endTime": 183699, "taskId": 16, "workflowId": 1, "jobId": -1}, {"startTime": 217500, "endTime": 219344, "taskId": 1, "workflowId": 0, "jobId": -1}, {"startTime": 219344, "endTime": 222009, "taskId": 2, "workflowId": 0, "jobId": -1}, {"startTime": 222009, "endTime": 224284, "taskId": 4, "workflowId": 0, "jobId": -1}, {"startTime": 224284, "endTime": 227004, "taskId": 10, "workflowId": 0, "jobId": -1}, {"startTime": 227004, "endTime": 228255, "taskId": 11, "workflowId": 0, "jobId": -1}, {"startTime": 228255, "endTime": 231459, "taskId": 9, "workflowId": 0, "jobId": -1}, {"startTime": 231459, "endTime": 231667, "taskId": 14, "workflowId": 0, "jobId": -1}, {"startTime": 231667, "endTime": 233452, "taskId": 15, "workflowId": 0, "jobId": -1}, {"startTime": 233452, "endTime": 236717, "taskId": 17, "workflowId": 0, "jobId": -1}]}, {"frequency": 1.5, "activePower": 8, "idlePower": 2.7, "memory": 2, "allocations": [{"startTime": 43713, "endTime": 60180, "taskId": 3, "workflowId": -1, "jobId": 0}, {"startTime": 60180, "endTime": 71097, "taskId": 0, "workflowId": -1, "jobId": 0}, {"startTime": 74437, "endTime": 74747, "taskId": 6, "workflowId": -1, "jobId": 1}, {"startTime": 74747, "endTime": 91214, "taskId": 3, "workflowId": -1, "jobId": 1}, {"startTime": 91214, "endTime": 102131, "taskId": 0, "workflowId": -1, "jobId": 1}, {"startTime": 102207, "endTime": 105781, "taskId": 6, "workflowId": -1, "jobId": 1}, {"startTime": 105781, "endTime": 122248, "taskId": 3, "workflowId": -1, "jobId": 2}, {"startTime": 122248, "endTime": 133165, "taskId": 0, "workflowId": -1, "jobId": 2}, {"startTime": 133165, "endTime": 136815, "taskId": 6, "workflowId": -1, "jobId": 1}, {"startTime": 136815, "endTime": 138227, "taskId": 3, "workflowId": -1, "jobId": 3}, {"startTime": 138227, "endTime": 153282, "taskId": 3, "workflowId": -1, "jobId": 3}, {"startTime": 153282, "endTime": 154694, "taskId": 6, "workflowId": -1, "jobId": 1}, {"startTime": 160701, "endTime": 170628, "taskId": 0, "workflowId": -1, "jobId": 3}, {"startTime": 170628, "endTime": 187095, "taskId": 3, "workflowId": -1, "jobId": 4}, {"startTime": 197333, "endTime": 198377, "taskId": 6, "workflowId": -1, "jobId": 5}, {"startTime": 198377, "endTime": 198883, "taskId": 0, "workflowId": -1, "jobId": 4}, {"startTime": 198883, "endTime": 215350, "taskId": 3, "workflowId": -1, "jobId": 5}, {"startTime": 215350, "endTime": 226416, "taskId": 2, "workflowId": -1, "jobId": 5}, {"startTime": 226416, "endTime": 229917, "taskId": 6, "workflowId": -1, "jobId": 5}, {"startTime": 229917, "endTime": 246384, "taskId": 3, "workflowId": -1, "jobId": 6}, {"startTime": 246384, "endTime": 256939, "taskId": 0, "workflowId": -1, "jobId": 5}, {"startTime": 256939, "endTime": 260951, "taskId": 6, "workflowId": -1, "jobId": 5}, {"startTime": 260951, "endTime": 277418, "taskId": 3, "workflowId": -1, "jobId": 7}, {"startTime": 277418, "endTime": 277689, "taskId": 0, "workflowId": -1, "jobId": 6}, {"startTime": 277689, "endTime": 293561, "taskId": 1, "workflowId": -1, "jobId": 8}, {"startTime": 301803, "endTime": 301969, "taskId": 5, "workflowId": -1, "jobId": 7}, {"startTime": 301969, "endTime": 313035, "taskId": 2, "workflowId": -1, "jobId": 8}, {"startTime": 313035, "endTime": 314375, "taskId": 5, "workflowId": -1, "jobId": 7}, {"startTime": 314375, "endTime": 325292, "taskId": 0, "workflowId": -1, "jobId": 7}, {"startTime": 325292, "endTime": 330298, "taskId": 5, "workflowId": -1, "jobId": 7}, {"startTime": 334251, "endTime": 336183, "taskId": 2, "workflowId": -1, "jobId": 9}, {"startTime": 336183, "endTime": 352055, "taskId": 1, "workflowId": -1, "jobId": 10}, {"startTime": 354053, "endTime": 363958, "taskId": 0, "workflowId": -1, "jobId": 8}, {"startTime": 365430, "endTime": 381302, "taskId": 1, "workflowId": -1, "jobId": 11}, {"startTime": 391707, "endTime": 394677, "taskId": 0, "workflowId": -1, "jobId": 9}, {"startTime": 394677, "endTime": 410549, "taskId": 1, "workflowId": -1, "jobId": 12}, {"startTime": 416121, "endTime": 432588, "taskId": 3, "workflowId": -1, "jobId": 12}, {"startTime": 432588, "endTime": 443654, "taskId": 2, "workflowId": -1, "jobId": 12}, {"startTime": 443654, "endTime": 447155, "taskId": 6, "workflowId": -1, "jobId": 13}, {"startTime": 447155, "endTime": 463622, "taskId": 3, "workflowId": -1, "jobId": 13}, {"startTime": 463622, "endTime": 474688, "taskId": 2, "workflowId": -1, "jobId": 13}]}]