[{"frequency": 1.5, "activePower": 8, "idlePower": 2.7, "memory": 2, "allocations": [{"startTime": 27645, "endTime": 29867, "taskId": 0, "workflowId": 2, "jobId": -1}, {"startTime": 29867, "endTime": 30655, "taskId": 1, "workflowId": -1, "jobId": 0}, {"startTime": 30655, "endTime": 43053, "taskId": 1, "workflowId": -1, "jobId": 0}, {"startTime": 43053, "endTime": 49221, "taskId": 2, "workflowId": -1, "jobId": 0}, {"startTime": 49221, "endTime": 51186, "taskId": 5, "workflowId": -1, "jobId": 0}, {"startTime": 51186, "endTime": 53068, "taskId": 5, "workflowId": -1, "jobId": 0}, {"startTime": 53068, "endTime": 54058, "taskId": 1, "workflowId": -1, "jobId": 1}, {"startTime": 54058, "endTime": 58829, "taskId": 1, "workflowId": -1, "jobId": 1}, {"startTime": 58829, "endTime": 59629, "taskId": 1, "workflowId": -1, "jobId": 1}, {"startTime": 59629, "endTime": 60601, "taskId": 1, "workflowId": -1, "jobId": 1}, {"startTime": 60601, "endTime": 62483, "taskId": 1, "workflowId": -1, "jobId": 1}, {"startTime": 62483, "endTime": 66254, "taskId": 1, "workflowId": -1, "jobId": 1}, {"startTime": 66254, "endTime": 66536, "taskId": 10, "workflowId": 3, "jobId": -1}, {"startTime": 66536, "endTime": 67360, "taskId": 5, "workflowId": 3, "jobId": -1}, {"startTime": 67360, "endTime": 68082, "taskId": 14, "workflowId": 3, "jobId": -1}, {"startTime": 68082, "endTime": 69335, "taskId": 10, "workflowId": 3, "jobId": -1}, {"startTime": 69627, "endTime": 76269, "taskId": 6, "workflowId": -1, "jobId": 1}, {"startTime": 76269, "endTime": 89455, "taskId": 1, "workflowId": -1, "jobId": 2}, {"startTime": 89613, "endTime": 97746, "taskId": 2, "workflowId": -1, "jobId": 1}, {"startTime": 97865, "endTime": 99470, "taskId": 0, "workflowId": -1, "jobId": 2}, {"startTime": 99470, "endTime": 112656, "taskId": 1, "workflowId": -1, "jobId": 3}, {"startTime": 112656, "endTime": 113480, "taskId": 5, "workflowId": 1, "jobId": -1}, {"startTime": 113480, "endTime": 114663, "taskId": 6, "workflowId": -1, "jobId": 3}, {"startTime": 114663, "endTime": 117039, "taskId": 14, "workflowId": 1, "jobId": -1}, {"startTime": 117039, "endTime": 117945, "taskId": 17, "workflowId": 1, "jobId": -1}, {"startTime": 117945, "endTime": 122671, "taskId": 6, "workflowId": -1, "jobId": 3}, {"startTime": 122671, "endTime": 135857, "taskId": 1, "workflowId": -1, "jobId": 4}, {"startTime": 137967, "endTime": 144443, "taskId": 6, "workflowId": -1, "jobId": 5}, {"startTime": 144443, "endTime": 145872, "taskId": 3, "workflowId": -1, "jobId": 2}, {"startTime": 145872, "endTime": 159058, "taskId": 1, "workflowId": -1, "jobId": 5}, {"startTime": 159587, "endTime": 165863, "taskId": 6, "workflowId": -1, "jobId": 6}, {"startTime": 165863, "endTime": 169073, "taskId": 0, "workflowId": -1, "jobId": 4}, {"startTime": 169073, "endTime": 169143, "taskId": 1, "workflowId": -1, "jobId": 6}, {"startTime": 169143, "endTime": 170872, "taskId": 0, "workflowId": 0, "jobId": -1}, {"startTime": 170872, "endTime": 173373, "taskId": 5, "workflowId": 0, "jobId": -1}, {"startTime": 173373, "endTime": 176131, "taskId": 2, "workflowId": 0, "jobId": -1}, {"startTime": 176131, "endTime": 177375, "taskId": 4, "workflowId": 0, "jobId": -1}, {"startTime": 177375, "endTime": 179803, "taskId": 5, "workflowId": -1, "jobId": 3}, {"startTime": 179803, "endTime": 180795, "taskId": 7, "workflowId": 0, "jobId": -1}, {"startTime": 180795, "endTime": 183482, "taskId": 9, "workflowId": 0, "jobId": -1}, {"startTime": 183482, "endTime": 184429, "taskId": 6, "workflowId": -1, "jobId": 6}, {"startTime": 184429, "endTime": 185770, "taskId": 13, "workflowId": 0, "jobId": -1}, {"startTime": 185770, "endTime": 187185, "taskId": 6, "workflowId": -1, "jobId": 6}, {"startTime": 187185, "endTime": 190390, "taskId": 15, "workflowId": 0, "jobId": -1}, {"startTime": 190390, "endTime": 191735, "taskId": 16, "workflowId": 0, "jobId": -1}, {"startTime": 191735, "endTime": 192274, "taskId": 7, "workflowId": -1, "jobId": 2}, {"startTime": 192274, "endTime": 205460, "taskId": 1, "workflowId": -1, "jobId": 7}, {"startTime": 209105, "endTime": 215475, "taskId": 2, "workflowId": -1, "jobId": 3}, {"startTime": 215475, "endTime": 228661, "taskId": 1, "workflowId": -1, "jobId": 8}, {"startTime": 233861, "endTime": 238676, "taskId": 0, "workflowId": -1, "jobId": 6}, {"startTime": 238676, "endTime": 251862, "taskId": 1, "workflowId": -1, "jobId": 9}, {"startTime": 259019, "endTime": 261877, "taskId": 3, "workflowId": -1, "jobId": 4}, {"startTime": 261877, "endTime": 275063, "taskId": 1, "workflowId": -1, "jobId": 10}, {"startTime": 275063, "endTime": 285078, "taskId": 4, "workflowId": -1, "jobId": 4}, {"startTime": 285078, "endTime": 298264, "taskId": 1, "workflowId": -1, "jobId": 11}, {"startTime": 301859, "endTime": 308279, "taskId": 0, "workflowId": -1, "jobId": 8}, {"startTime": 308279, "endTime": 321465, "taskId": 1, "workflowId": -1, "jobId": 12}, {"startTime": 328597, "endTime": 331480, "taskId": 2, "workflowId": -1, "jobId": 5}, {"startTime": 331480, "endTime": 344666, "taskId": 1, "workflowId": -1, "jobId": 13}, {"startTime": 354167, "endTime": 354681, "taskId": 6, "workflowId": -1, "jobId": 15}, {"startTime": 354681, "endTime": 367867, "taskId": 1, "workflowId": -1, "jobId": 14}, {"startTime": 369857, "endTime": 377882, "taskId": 0, "workflowId": -1, "jobId": 10}, {"startTime": 377882, "endTime": 391068, "taskId": 1, "workflowId": -1, "jobId": 15}, {"startTime": 395909, "endTime": 401083, "taskId": 4, "workflowId": -1, "jobId": 6}, {"startTime": 401083, "endTime": 414269, "taskId": 1, "workflowId": -1, "jobId": 16}, {"startTime": 419027, "endTime": 424284, "taskId": 6, "workflowId": -1, "jobId": 18}, {"startTime": 424284, "endTime": 437470, "taskId": 1, "workflowId": -1, "jobId": 17}, {"startTime": 437855, "endTime": 447485, "taskId": 0, "workflowId": -1, "jobId": 12}, {"startTime": 447485, "endTime": 460671, "taskId": 1, "workflowId": -1, "jobId": 18}, {"startTime": 462267, "endTime": 470686, "taskId": 6, "workflowId": -1, "jobId": 20}, {"startTime": 470686, "endTime": 483872, "taskId": 1, "workflowId": -1, "jobId": 19}]}, {"frequency": 1.5, "activePower": 8, "idlePower": 2.7, "memory": 2, "allocations": [{"startTime": 27645, "endTime": 28509, "taskId": 2, "workflowId": 3, "jobId": -1}, {"startTime": 28509, "endTime": 29867, "taskId": 4, "workflowId": 3, "jobId": -1}, {"startTime": 29867, "endTime": 31083, "taskId": 0, "workflowId": -1, "jobId": 0}, {"startTime": 31083, "endTime": 45127, "taskId": 0, "workflowId": -1, "jobId": 0}, {"startTime": 45127, "endTime": 47225, "taskId": 4, "workflowId": -1, "jobId": 0}, {"startTime": 47225, "endTime": 49221, "taskId": 4, "workflowId": -1, "jobId": 0}, {"startTime": 49221, "endTime": 50097, "taskId": 2, "workflowId": -1, "jobId": 0}, {"startTime": 50097, "endTime": 51186, "taskId": 2, "workflowId": -1, "jobId": 0}, {"startTime": 51186, "endTime": 53068, "taskId": 11, "workflowId": 2, "jobId": -1}, {"startTime": 53068, "endTime": 53284, "taskId": 5, "workflowId": -1, "jobId": 0}, {"startTime": 53284, "endTime": 54490, "taskId": 5, "workflowId": -1, "jobId": 0}, {"startTime": 54490, "endTime": 56588, "taskId": 5, "workflowId": -1, "jobId": 0}, {"startTime": 56588, "endTime": 57362, "taskId": 5, "workflowId": -1, "jobId": 0}, {"startTime": 57362, "endTime": 58829, "taskId": 5, "workflowId": -1, "jobId": 0}, {"startTime": 58829, "endTime": 58962, "taskId": 6, "workflowId": 3, "jobId": -1}, {"startTime": 58962, "endTime": 59682, "taskId": 17, "workflowId": 2, "jobId": -1}, {"startTime": 60510, "endTime": 62100, "taskId": 6, "workflowId": 3, "jobId": -1}, {"startTime": 62699, "endTime": 63866, "taskId": 7, "workflowId": -1, "jobId": 0}, {"startTime": 63866, "endTime": 65027, "taskId": 0, "workflowId": -1, "jobId": 1}, {"startTime": 65027, "endTime": 65032, "taskId": 0, "workflowId": -1, "jobId": 1}, {"startTime": 65032, "endTime": 67360, "taskId": 0, "workflowId": -1, "jobId": 1}, {"startTime": 67360, "endTime": 79126, "taskId": 0, "workflowId": -1, "jobId": 1}, {"startTime": 79126, "endTime": 87155, "taskId": 6, "workflowId": -1, "jobId": 2}, {"startTime": 87155, "endTime": 99470, "taskId": 3, "workflowId": -1, "jobId": 1}, {"startTime": 99470, "endTime": 113125, "taskId": 0, "workflowId": -1, "jobId": 2}, {"startTime": 113125, "endTime": 113869, "taskId": 8, "workflowId": 1, "jobId": -1}, {"startTime": 114663, "endTime": 117039, "taskId": 6, "workflowId": -1, "jobId": 3}, {"startTime": 117039, "endTime": 118141, "taskId": 16, "workflowId": 1, "jobId": -1}, {"startTime": 118141, "endTime": 122671, "taskId": 6, "workflowId": -1, "jobId": 4}, {"startTime": 122671, "endTime": 123933, "taskId": 6, "workflowId": -1, "jobId": 3}, {"startTime": 125803, "endTime": 131864, "taskId": 5, "workflowId": -1, "jobId": 2}, {"startTime": 131864, "endTime": 147124, "taskId": 0, "workflowId": -1, "jobId": 3}, {"startTime": 149359, "endTime": 157492, "taskId": 2, "workflowId": -1, "jobId": 2}, {"startTime": 157492, "endTime": 159050, "taskId": 6, "workflowId": -1, "jobId": 5}, {"startTime": 165863, "endTime": 169073, "taskId": 6, "workflowId": -1, "jobId": 6}, {"startTime": 169073, "endTime": 169143, "taskId": 0, "workflowId": -1, "jobId": 4}, {"startTime": 169143, "endTime": 182259, "taskId": 1, "workflowId": -1, "jobId": 6}, {"startTime": 182259, "endTime": 184429, "taskId": 5, "workflowId": -1, "jobId": 3}, {"startTime": 184429, "endTime": 186592, "taskId": 14, "workflowId": 0, "jobId": -1}, {"startTime": 186592, "endTime": 187185, "taskId": 6, "workflowId": -1, "jobId": 7}, {"startTime": 187185, "endTime": 189009, "taskId": 6, "workflowId": -1, "jobId": 6}, {"startTime": 189009, "endTime": 190390, "taskId": 7, "workflowId": -1, "jobId": 2}, {"startTime": 190390, "endTime": 192216, "taskId": 17, "workflowId": 0, "jobId": -1}, {"startTime": 192274, "endTime": 195752, "taskId": 7, "workflowId": -1, "jobId": 2}, {"startTime": 199862, "endTime": 215122, "taskId": 0, "workflowId": -1, "jobId": 5}, {"startTime": 215122, "endTime": 215475, "taskId": 6, "workflowId": -1, "jobId": 8}, {"startTime": 215475, "endTime": 217238, "taskId": 2, "workflowId": -1, "jobId": 3}, {"startTime": 221739, "endTime": 236614, "taskId": 5, "workflowId": -1, "jobId": 4}, {"startTime": 238676, "endTime": 249121, "taskId": 0, "workflowId": -1, "jobId": 6}, {"startTime": 261877, "endTime": 267860, "taskId": 3, "workflowId": -1, "jobId": 4}, {"startTime": 267860, "endTime": 283120, "taskId": 0, "workflowId": -1, "jobId": 7}, {"startTime": 285078, "endTime": 285139, "taskId": 4, "workflowId": -1, "jobId": 4}, {"startTime": 289307, "endTime": 304778, "taskId": 6, "workflowId": -1, "jobId": 12}, {"startTime": 308279, "endTime": 317119, "taskId": 0, "workflowId": -1, "jobId": 8}, {"startTime": 317675, "endTime": 332550, "taskId": 5, "workflowId": -1, "jobId": 6}, {"startTime": 334902, "endTime": 335858, "taskId": 4, "workflowId": -1, "jobId": 5}, {"startTime": 335858, "endTime": 351118, "taskId": 0, "workflowId": -1, "jobId": 9}, {"startTime": 354681, "endTime": 365643, "taskId": 6, "workflowId": -1, "jobId": 15}, {"startTime": 365643, "endTime": 377882, "taskId": 5, "workflowId": -1, "jobId": 7}, {"startTime": 377882, "endTime": 385117, "taskId": 0, "workflowId": -1, "jobId": 10}, {"startTime": 385117, "endTime": 388343, "taskId": 7, "workflowId": -1, "jobId": 5}, {"startTime": 388343, "endTime": 396476, "taskId": 2, "workflowId": -1, "jobId": 6}, {"startTime": 397407, "endTime": 401083, "taskId": 6, "workflowId": -1, "jobId": 17}, {"startTime": 401083, "endTime": 403856, "taskId": 4, "workflowId": -1, "jobId": 6}, {"startTime": 403856, "endTime": 419116, "taskId": 0, "workflowId": -1, "jobId": 11}, {"startTime": 424284, "endTime": 430883, "taskId": 6, "workflowId": -1, "jobId": 18}, {"startTime": 430883, "endTime": 445113, "taskId": 3, "workflowId": -1, "jobId": 7}, {"startTime": 447485, "endTime": 453115, "taskId": 0, "workflowId": -1, "jobId": 12}, {"startTime": 470686, "endTime": 477738, "taskId": 6, "workflowId": -1, "jobId": 20}]}, {"frequency": 1.5, "activePower": 8, "idlePower": 2.7, "memory": 2, "allocations": [{"startTime": 27645, "endTime": 28999, "taskId": 1, "workflowId": 3, "jobId": -1}, {"startTime": 28999, "endTime": 29000, "taskId": 10, "workflowId": 3, "jobId": -1}, {"startTime": 29000, "endTime": 29867, "taskId": 6, "workflowId": 3, "jobId": -1}, {"startTime": 29867, "endTime": 30655, "taskId": 0, "workflowId": 2, "jobId": -1}, {"startTime": 30655, "endTime": 31333, "taskId": 2, "workflowId": 2, "jobId": -1}, {"startTime": 31333, "endTime": 33539, "taskId": 1, "workflowId": 2, "jobId": -1}, {"startTime": 33539, "endTime": 36795, "taskId": 3, "workflowId": 2, "jobId": -1}, {"startTime": 36795, "endTime": 44885, "taskId": 3, "workflowId": -1, "jobId": 0}, {"startTime": 44885, "endTime": 46101, "taskId": 3, "workflowId": -1, "jobId": 0}, {"startTime": 46101, "endTime": 51025, "taskId": 3, "workflowId": -1, "jobId": 0}, {"startTime": 51025, "endTime": 54156, "taskId": 9, "workflowId": 2, "jobId": -1}, {"startTime": 54156, "endTime": 55578, "taskId": 11, "workflowId": 2, "jobId": -1}, {"startTime": 55578, "endTime": 56254, "taskId": 13, "workflowId": 2, "jobId": -1}, {"startTime": 56254, "endTime": 56409, "taskId": 13, "workflowId": 2, "jobId": -1}, {"startTime": 56409, "endTime": 58773, "taskId": 14, "workflowId": 2, "jobId": -1}, {"startTime": 58962, "endTime": 59126, "taskId": 16, "workflowId": 2, "jobId": -1}, {"startTime": 59126, "endTime": 59309, "taskId": 16, "workflowId": 2, "jobId": -1}, {"startTime": 59309, "endTime": 60401, "taskId": 16, "workflowId": 2, "jobId": -1}, {"startTime": 60401, "endTime": 62100, "taskId": 7, "workflowId": 3, "jobId": -1}, {"startTime": 62100, "endTime": 63064, "taskId": 12, "workflowId": 3, "jobId": -1}, {"startTime": 63064, "endTime": 63866, "taskId": 13, "workflowId": 3, "jobId": -1}, {"startTime": 63866, "endTime": 64620, "taskId": 7, "workflowId": -1, "jobId": 0}, {"startTime": 64620, "endTime": 65027, "taskId": 7, "workflowId": -1, "jobId": 0}, {"startTime": 65027, "endTime": 65781, "taskId": 13, "workflowId": 3, "jobId": -1}, {"startTime": 65781, "endTime": 66764, "taskId": 7, "workflowId": 3, "jobId": -1}, {"startTime": 66764, "endTime": 67790, "taskId": 16, "workflowId": 3, "jobId": -1}, {"startTime": 67790, "endTime": 68082, "taskId": 18, "workflowId": 3, "jobId": -1}, {"startTime": 68082, "endTime": 70415, "taskId": 14, "workflowId": 3, "jobId": -1}, {"startTime": 70415, "endTime": 72337, "taskId": 18, "workflowId": 3, "jobId": -1}, {"startTime": 72337, "endTime": 73107, "taskId": 17, "workflowId": 3, "jobId": -1}, {"startTime": 73107, "endTime": 76269, "taskId": 6, "workflowId": -1, "jobId": 2}, {"startTime": 76269, "endTime": 77835, "taskId": 6, "workflowId": -1, "jobId": 1}, {"startTime": 77835, "endTime": 92710, "taskId": 5, "workflowId": -1, "jobId": 1}, {"startTime": 94727, "endTime": 99470, "taskId": 6, "workflowId": -1, "jobId": 3}, {"startTime": 99470, "endTime": 101385, "taskId": 3, "workflowId": -1, "jobId": 1}, {"startTime": 101385, "endTime": 102131, "taskId": 7, "workflowId": -1, "jobId": 1}, {"startTime": 102131, "endTime": 102957, "taskId": 4, "workflowId": 1, "jobId": -1}, {"startTime": 102957, "endTime": 105817, "taskId": 2, "workflowId": 1, "jobId": -1}, {"startTime": 105817, "endTime": 108332, "taskId": 12, "workflowId": 1, "jobId": -1}, {"startTime": 108332, "endTime": 109881, "taskId": 7, "workflowId": 1, "jobId": -1}, {"startTime": 109881, "endTime": 110331, "taskId": 7, "workflowId": 1, "jobId": -1}, {"startTime": 110331, "endTime": 112217, "taskId": 10, "workflowId": 1, "jobId": -1}, {"startTime": 112217, "endTime": 113041, "taskId": 9, "workflowId": 1, "jobId": -1}, {"startTime": 113041, "endTime": 113766, "taskId": 9, "workflowId": 1, "jobId": -1}, {"startTime": 113766, "endTime": 116347, "taskId": 7, "workflowId": -1, "jobId": 1}, {"startTime": 116347, "endTime": 117039, "taskId": 6, "workflowId": -1, "jobId": 4}, {"startTime": 117039, "endTime": 118799, "taskId": 18, "workflowId": 1, "jobId": -1}, {"startTime": 118799, "endTime": 120179, "taskId": 7, "workflowId": -1, "jobId": 1}, {"startTime": 122672, "endTime": 131864, "taskId": 6, "workflowId": -1, "jobId": 4}, {"startTime": 131864, "endTime": 140678, "taskId": 5, "workflowId": -1, "jobId": 2}, {"startTime": 144443, "endTime": 145872, "taskId": 6, "workflowId": -1, "jobId": 5}, {"startTime": 145872, "endTime": 158673, "taskId": 3, "workflowId": -1, "jobId": 2}, {"startTime": 169073, "endTime": 169143, "taskId": 6, "workflowId": -1, "jobId": 6}, {"startTime": 169143, "endTime": 181123, "taskId": 0, "workflowId": -1, "jobId": 4}, {"startTime": 181123, "endTime": 184366, "taskId": 10, "workflowId": 0, "jobId": -1}, {"startTime": 184366, "endTime": 184429, "taskId": 6, "workflowId": -1, "jobId": 7}, {"startTime": 184429, "endTime": 187185, "taskId": 12, "workflowId": 0, "jobId": -1}, {"startTime": 187185, "endTime": 201731, "taskId": 6, "workflowId": -1, "jobId": 7}, {"startTime": 201731, "endTime": 215961, "taskId": 3, "workflowId": -1, "jobId": 3}, {"startTime": 215961, "endTime": 221018, "taskId": 6, "workflowId": -1, "jobId": 8}, {"startTime": 224448, "endTime": 239919, "taskId": 6, "workflowId": -1, "jobId": 9}, {"startTime": 246067, "endTime": 261538, "taskId": 6, "workflowId": -1, "jobId": 10}, {"startTime": 267687, "endTime": 267860, "taskId": 6, "workflowId": -1, "jobId": 11}, {"startTime": 267860, "endTime": 273249, "taskId": 3, "workflowId": -1, "jobId": 4}, {"startTime": 273249, "endTime": 280526, "taskId": 2, "workflowId": -1, "jobId": 4}, {"startTime": 280526, "endTime": 294833, "taskId": 6, "workflowId": -1, "jobId": 11}, {"startTime": 308423, "endTime": 310927, "taskId": 7, "workflowId": -1, "jobId": 4}, {"startTime": 310927, "endTime": 316307, "taskId": 6, "workflowId": -1, "jobId": 13}, {"startTime": 316307, "endTime": 330537, "taskId": 3, "workflowId": -1, "jobId": 5}, {"startTime": 331480, "endTime": 336730, "taskId": 2, "workflowId": -1, "jobId": 5}, {"startTime": 336730, "endTime": 348890, "taskId": 6, "workflowId": -1, "jobId": 14}, {"startTime": 365643, "endTime": 369638, "taskId": 6, "workflowId": -1, "jobId": 15}, {"startTime": 373595, "endTime": 377882, "taskId": 3, "workflowId": -1, "jobId": 6}, {"startTime": 377882, "endTime": 380518, "taskId": 5, "workflowId": -1, "jobId": 7}, {"startTime": 380518, "endTime": 393894, "taskId": 6, "workflowId": -1, "jobId": 16}, {"startTime": 401083, "endTime": 403856, "taskId": 6, "workflowId": -1, "jobId": 17}, {"startTime": 403856, "endTime": 405985, "taskId": 4, "workflowId": -1, "jobId": 6}, {"startTime": 413611, "endTime": 428486, "taskId": 5, "workflowId": -1, "jobId": 8}, {"startTime": 430883, "endTime": 434498, "taskId": 6, "workflowId": -1, "jobId": 18}, {"startTime": 440647, "endTime": 456118, "taskId": 6, "workflowId": -1, "jobId": 19}]}, {"frequency": 1.5, "activePower": 8, "idlePower": 2.7, "memory": 2, "allocations": [{"startTime": 27645, "endTime": 29586, "taskId": 3, "workflowId": 3, "jobId": -1}, {"startTime": 29586, "endTime": 29867, "taskId": 5, "workflowId": 3, "jobId": -1}, {"startTime": 29867, "endTime": 30655, "taskId": 5, "workflowId": -1, "jobId": 0}, {"startTime": 30655, "endTime": 31925, "taskId": 5, "workflowId": 2, "jobId": -1}, {"startTime": 31925, "endTime": 35134, "taskId": 4, "workflowId": 2, "jobId": -1}, {"startTime": 35134, "endTime": 36920, "taskId": 6, "workflowId": 2, "jobId": -1}, {"startTime": 36920, "endTime": 38136, "taskId": 7, "workflowId": 2, "jobId": -1}, {"startTime": 38136, "endTime": 38155, "taskId": 7, "workflowId": 2, "jobId": -1}, {"startTime": 38155, "endTime": 39747, "taskId": 10, "workflowId": 2, "jobId": -1}, {"startTime": 39747, "endTime": 40234, "taskId": 8, "workflowId": 2, "jobId": -1}, {"startTime": 40234, "endTime": 42554, "taskId": 8, "workflowId": 2, "jobId": -1}, {"startTime": 42554, "endTime": 43106, "taskId": 4, "workflowId": 3, "jobId": -1}, {"startTime": 43106, "endTime": 43770, "taskId": 4, "workflowId": 3, "jobId": -1}, {"startTime": 43770, "endTime": 44438, "taskId": 9, "workflowId": 3, "jobId": -1}, {"startTime": 44438, "endTime": 44742, "taskId": 10, "workflowId": 3, "jobId": -1}, {"startTime": 44742, "endTime": 49221, "taskId": 5, "workflowId": -1, "jobId": 0}, {"startTime": 49221, "endTime": 50437, "taskId": 4, "workflowId": -1, "jobId": 0}, {"startTime": 50437, "endTime": 52535, "taskId": 4, "workflowId": -1, "jobId": 0}, {"startTime": 52535, "endTime": 55203, "taskId": 4, "workflowId": -1, "jobId": 0}, {"startTime": 55203, "endTime": 55578, "taskId": 6, "workflowId": 3, "jobId": -1}, {"startTime": 55578, "endTime": 56538, "taskId": 12, "workflowId": 2, "jobId": -1}, {"startTime": 56538, "endTime": 56913, "taskId": 15, "workflowId": 2, "jobId": -1}, {"startTime": 56913, "endTime": 58636, "taskId": 15, "workflowId": 2, "jobId": -1}, {"startTime": 58636, "endTime": 58962, "taskId": 15, "workflowId": 2, "jobId": -1}, {"startTime": 58962, "endTime": 59629, "taskId": 8, "workflowId": 3, "jobId": -1}, {"startTime": 59629, "endTime": 62699, "taskId": 7, "workflowId": -1, "jobId": 0}, {"startTime": 62699, "endTime": 65032, "taskId": 8, "workflowId": 3, "jobId": -1}, {"startTime": 65032, "endTime": 65180, "taskId": 8, "workflowId": 3, "jobId": -1}, {"startTime": 65180, "endTime": 65571, "taskId": 11, "workflowId": 3, "jobId": -1}, {"startTime": 65571, "endTime": 66536, "taskId": 11, "workflowId": 3, "jobId": -1}, {"startTime": 66536, "endTime": 67360, "taskId": 11, "workflowId": 3, "jobId": -1}, {"startTime": 67360, "endTime": 67790, "taskId": 11, "workflowId": 3, "jobId": -1}, {"startTime": 67790, "endTime": 69837, "taskId": 5, "workflowId": 3, "jobId": -1}, {"startTime": 69837, "endTime": 70661, "taskId": 10, "workflowId": 3, "jobId": -1}, {"startTime": 70661, "endTime": 72007, "taskId": 16, "workflowId": 3, "jobId": -1}, {"startTime": 72007, "endTime": 74176, "taskId": 15, "workflowId": 3, "jobId": -1}, {"startTime": 74176, "endTime": 75402, "taskId": 17, "workflowId": 3, "jobId": -1}, {"startTime": 76270, "endTime": 77835, "taskId": 6, "workflowId": -1, "jobId": 2}, {"startTime": 77835, "endTime": 85098, "taskId": 6, "workflowId": -1, "jobId": 1}, {"startTime": 87155, "endTime": 89870, "taskId": 6, "workflowId": -1, "jobId": 2}, {"startTime": 90874, "endTime": 100950, "taskId": 4, "workflowId": -1, "jobId": 1}, {"startTime": 100950, "endTime": 102131, "taskId": 6, "workflowId": -1, "jobId": 3}, {"startTime": 102131, "endTime": 103853, "taskId": 3, "workflowId": 1, "jobId": -1}, {"startTime": 103853, "endTime": 107162, "taskId": 1, "workflowId": 1, "jobId": -1}, {"startTime": 107162, "endTime": 109718, "taskId": 6, "workflowId": 1, "jobId": -1}, {"startTime": 109718, "endTime": 110462, "taskId": 11, "workflowId": 1, "jobId": -1}, {"startTime": 110462, "endTime": 112068, "taskId": 11, "workflowId": 1, "jobId": -1}, {"startTime": 112068, "endTime": 114663, "taskId": 13, "workflowId": 1, "jobId": -1}, {"startTime": 116348, "endTime": 117039, "taskId": 7, "workflowId": -1, "jobId": 1}, {"startTime": 117039, "endTime": 120029, "taskId": 15, "workflowId": 1, "jobId": -1}, {"startTime": 131864, "endTime": 132921, "taskId": 6, "workflowId": -1, "jobId": 4}, {"startTime": 145873, "endTime": 151881, "taskId": 6, "workflowId": -1, "jobId": 5}, {"startTime": 151881, "endTime": 161957, "taskId": 4, "workflowId": -1, "jobId": 2}, {"startTime": 169143, "endTime": 170872, "taskId": 6, "workflowId": -1, "jobId": 6}, {"startTime": 170872, "endTime": 173390, "taskId": 1, "workflowId": 0, "jobId": -1}, {"startTime": 173390, "endTime": 176510, "taskId": 3, "workflowId": 0, "jobId": -1}, {"startTime": 176510, "endTime": 179803, "taskId": 6, "workflowId": 0, "jobId": -1}, {"startTime": 179803, "endTime": 181335, "taskId": 8, "workflowId": 0, "jobId": -1}, {"startTime": 181335, "endTime": 184429, "taskId": 11, "workflowId": 0, "jobId": -1}, {"startTime": 184429, "endTime": 194706, "taskId": 5, "workflowId": -1, "jobId": 3}, {"startTime": 201731, "endTime": 202000, "taskId": 6, "workflowId": -1, "jobId": 7}, {"startTime": 202827, "endTime": 212888, "taskId": 6, "workflowId": -1, "jobId": 8}, {"startTime": 212888, "endTime": 222964, "taskId": 4, "workflowId": -1, "jobId": 3}, {"startTime": 238784, "endTime": 244182, "taskId": 7, "workflowId": -1, "jobId": 3}, {"startTime": 267860, "endTime": 268851, "taskId": 6, "workflowId": -1, "jobId": 11}, {"startTime": 268851, "endTime": 269707, "taskId": 2, "workflowId": -1, "jobId": 4}, {"startTime": 269707, "endTime": 284582, "taskId": 5, "workflowId": -1, "jobId": 5}, {"startTime": 310927, "endTime": 313821, "taskId": 7, "workflowId": -1, "jobId": 4}, {"startTime": 316307, "endTime": 326398, "taskId": 6, "workflowId": -1, "jobId": 13}, {"startTime": 332547, "endTime": 335858, "taskId": 6, "workflowId": -1, "jobId": 14}, {"startTime": 335858, "endTime": 344978, "taskId": 4, "workflowId": -1, "jobId": 5}, {"startTime": 375787, "endTime": 377882, "taskId": 6, "workflowId": -1, "jobId": 16}, {"startTime": 377882, "endTime": 387825, "taskId": 3, "workflowId": -1, "jobId": 6}, {"startTime": 388343, "endTime": 390515, "taskId": 7, "workflowId": -1, "jobId": 5}, {"startTime": 403856, "endTime": 412878, "taskId": 6, "workflowId": -1, "jobId": 17}]}]