[{"frequency": 1.4, "activePower": 4.5, "idlePower": 2, "memory": 1, "allocations": [{"startTime": 64903, "endTime": 67436, "taskId": 14, "workflowId": 2, "jobId": -1}, {"startTime": 102131, "endTime": 102131, "taskId": 0, "workflowId": 1, "jobId": -1}, {"startTime": 103862, "endTime": 117990, "taskId": 1, "workflowId": -1, "jobId": 3}, {"startTime": 117990, "endTime": 123774, "taskId": 7, "workflowId": -1, "jobId": 1}, {"startTime": 170255, "endTime": 186605, "taskId": 0, "workflowId": -1, "jobId": 4}, {"startTime": 186605, "endTime": 187938, "taskId": 4, "workflowId": 0, "jobId": -1}, {"startTime": 187938, "endTime": 190618, "taskId": 5, "workflowId": 0, "jobId": -1}, {"startTime": 190618, "endTime": 193573, "taskId": 2, "workflowId": 0, "jobId": -1}, {"startTime": 193573, "endTime": 196452, "taskId": 9, "workflowId": 0, "jobId": -1}, {"startTime": 196452, "endTime": 199927, "taskId": 10, "workflowId": 0, "jobId": -1}, {"startTime": 238253, "endTime": 254603, "taskId": 0, "workflowId": -1, "jobId": 6}, {"startTime": 359073, "endTime": 373201, "taskId": 1, "workflowId": -1, "jobId": 14}, {"startTime": 382274, "endTime": 396402, "taskId": 1, "workflowId": -1, "jobId": 15}, {"startTime": 408248, "endTime": 424598, "taskId": 0, "workflowId": -1, "jobId": 11}, {"startTime": 428676, "endTime": 442804, "taskId": 1, "workflowId": -1, "jobId": 17}]}, {"frequency": 1.4, "activePower": 4.5, "idlePower": 2, "memory": 1, "allocations": [{"startTime": 32172, "endTime": 34930, "taskId": 4, "workflowId": 3, "jobId": -1}, {"startTime": 34930, "endTime": 51280, "taskId": 0, "workflowId": -1, "jobId": 0}, {"startTime": 51280, "endTime": 51995, "taskId": 9, "workflowId": 3, "jobId": -1}, {"startTime": 51995, "endTime": 54868, "taskId": 7, "workflowId": 3, "jobId": -1}, {"startTime": 54868, "endTime": 57410, "taskId": 16, "workflowId": 3, "jobId": -1}, {"startTime": 57410, "endTime": 73986, "taskId": 6, "workflowId": -1, "jobId": 1}, {"startTime": 73986, "endTime": 90336, "taskId": 0, "workflowId": -1, "jobId": 1}, {"startTime": 102257, "endTime": 118607, "taskId": 0, "workflowId": -1, "jobId": 2}, {"startTime": 118607, "endTime": 121346, "taskId": 6, "workflowId": 1, "jobId": -1}, {"startTime": 127063, "endTime": 141191, "taskId": 1, "workflowId": -1, "jobId": 4}, {"startTime": 150264, "endTime": 164392, "taskId": 1, "workflowId": -1, "jobId": 5}, {"startTime": 173465, "endTime": 187593, "taskId": 1, "workflowId": -1, "jobId": 6}, {"startTime": 187593, "endTime": 191121, "taskId": 6, "workflowId": 0, "jobId": -1}, {"startTime": 193573, "endTime": 194636, "taskId": 7, "workflowId": 0, "jobId": -1}, {"startTime": 194636, "endTime": 197951, "taskId": 11, "workflowId": 0, "jobId": -1}, {"startTime": 197951, "endTime": 199388, "taskId": 13, "workflowId": 0, "jobId": -1}, {"startTime": 217280, "endTime": 228075, "taskId": 4, "workflowId": -1, "jobId": 3}, {"startTime": 263411, "endTime": 278657, "taskId": 3, "workflowId": -1, "jobId": 4}, {"startTime": 289470, "endTime": 303598, "taskId": 1, "workflowId": -1, "jobId": 11}, {"startTime": 312671, "endTime": 326799, "taskId": 1, "workflowId": -1, "jobId": 12}, {"startTime": 405475, "endTime": 419603, "taskId": 1, "workflowId": -1, "jobId": 16}, {"startTime": 442247, "endTime": 458597, "taskId": 0, "workflowId": -1, "jobId": 12}, {"startTime": 475078, "endTime": 489206, "taskId": 1, "workflowId": -1, "jobId": 19}]}, {"frequency": 1.4, "activePower": 4.5, "idlePower": 2, "memory": 1, "allocations": [{"startTime": 32172, "endTime": 32172, "taskId": 0, "workflowId": 3, "jobId": -1}, {"startTime": 32172, "endTime": 34252, "taskId": 3, "workflowId": 3, "jobId": -1}, {"startTime": 57460, "endTime": 71588, "taskId": 1, "workflowId": -1, "jobId": 1}, {"startTime": 80661, "endTime": 94789, "taskId": 1, "workflowId": -1, "jobId": 2}, {"startTime": 95266, "endTime": 106061, "taskId": 4, "workflowId": -1, "jobId": 1}, {"startTime": 132642, "endTime": 135187, "taskId": 14, "workflowId": 1, "jobId": -1}, {"startTime": 148835, "endTime": 164081, "taskId": 3, "workflowId": -1, "jobId": 2}, {"startTime": 169143, "endTime": 170996, "taskId": 0, "workflowId": 0, "jobId": -1}, {"startTime": 170996, "endTime": 174339, "taskId": 3, "workflowId": 0, "jobId": -1}, {"startTime": 174339, "endTime": 177037, "taskId": 1, "workflowId": 0, "jobId": -1}, {"startTime": 196666, "endTime": 210794, "taskId": 1, "workflowId": -1, "jobId": 7}, {"startTime": 210794, "endTime": 213747, "taskId": 12, "workflowId": 0, "jobId": -1}, {"startTime": 213747, "endTime": 230097, "taskId": 0, "workflowId": -1, "jobId": 5}, {"startTime": 230097, "endTime": 231538, "taskId": 16, "workflowId": 0, "jobId": -1}, {"startTime": 231538, "endTime": 245666, "taskId": 1, "workflowId": -1, "jobId": 8}, {"startTime": 266269, "endTime": 280397, "taskId": 1, "workflowId": -1, "jobId": 10}, {"startTime": 306251, "endTime": 322601, "taskId": 0, "workflowId": -1, "jobId": 8}, {"startTime": 332989, "endTime": 341703, "taskId": 2, "workflowId": -1, "jobId": 5}, {"startTime": 341703, "endTime": 355831, "taskId": 1, "workflowId": -1, "jobId": 13}]}, {"frequency": 1.4, "activePower": 4.5, "idlePower": 2, "memory": 1, "allocations": [{"startTime": 34259, "endTime": 48387, "taskId": 1, "workflowId": -1, "jobId": 0}, {"startTime": 51551, "endTime": 53875, "taskId": 15, "workflowId": 3, "jobId": -1}, {"startTime": 87024, "endTime": 88566, "taskId": 16, "workflowId": 2, "jobId": -1}, {"startTime": 91547, "endTime": 106793, "taskId": 3, "workflowId": -1, "jobId": 1}, {"startTime": 106793, "endTime": 115507, "taskId": 2, "workflowId": -1, "jobId": 1}, {"startTime": 115507, "endTime": 117352, "taskId": 3, "workflowId": 1, "jobId": -1}, {"startTime": 136256, "endTime": 152606, "taskId": 0, "workflowId": -1, "jobId": 3}, {"startTime": 173537, "endTime": 179321, "taskId": 7, "workflowId": -1, "jobId": 2}, {"startTime": 191121, "endTime": 192762, "taskId": 8, "workflowId": 0, "jobId": -1}, {"startTime": 199927, "endTime": 202245, "taskId": 14, "workflowId": 0, "jobId": -1}, {"startTime": 213747, "endTime": 217181, "taskId": 15, "workflowId": 0, "jobId": -1}, {"startTime": 217181, "endTime": 219138, "taskId": 17, "workflowId": 0, "jobId": -1}, {"startTime": 243068, "endTime": 257196, "taskId": 1, "workflowId": -1, "jobId": 9}, {"startTime": 272252, "endTime": 288602, "taskId": 0, "workflowId": -1, "jobId": 7}, {"startTime": 315319, "endTime": 331895, "taskId": 6, "workflowId": -1, "jobId": 13}, {"startTime": 340250, "endTime": 356600, "taskId": 0, "workflowId": -1, "jobId": 9}, {"startTime": 370035, "endTime": 385973, "taskId": 5, "workflowId": -1, "jobId": 7}, {"startTime": 385973, "endTime": 402323, "taskId": 0, "workflowId": -1, "jobId": 10}, {"startTime": 445039, "endTime": 461615, "taskId": 6, "workflowId": -1, "jobId": 19}, {"startTime": 461615, "endTime": 475743, "taskId": 1, "workflowId": -1, "jobId": 18}]}]