[{"frequency": 1.4, "activePower": 4.5, "idlePower": 2, "memory": 1, "allocations": [{"startTime": 32861, "endTime": 35899, "taskId": 3, "workflowId": 3, "jobId": -1}, {"startTime": 45202, "endTime": 45202, "taskId": 0, "workflowId": 1, "jobId": -1}, {"startTime": 50526, "endTime": 52161, "taskId": 11, "workflowId": 3, "jobId": -1}, {"startTime": 52161, "endTime": 53356, "taskId": 13, "workflowId": 3, "jobId": -1}, {"startTime": 71477, "endTime": 72727, "taskId": 16, "workflowId": 3, "jobId": -1}, {"startTime": 80939, "endTime": 80939, "taskId": 0, "workflowId": 0, "jobId": -1}, {"startTime": 80939, "endTime": 84254, "taskId": 2, "workflowId": 0, "jobId": -1}, {"startTime": 84254, "endTime": 85072, "taskId": 3, "workflowId": 0, "jobId": -1}, {"startTime": 85072, "endTime": 86575, "taskId": 6, "workflowId": 2, "jobId": -1}, {"startTime": 86575, "endTime": 87771, "taskId": 15, "workflowId": 1, "jobId": -1}, {"startTime": 87771, "endTime": 90574, "taskId": 16, "workflowId": 1, "jobId": -1}, {"startTime": 90574, "endTime": 93342, "taskId": 8, "workflowId": 2, "jobId": -1}, {"startTime": 105659, "endTime": 108473, "taskId": 10, "workflowId": 0, "jobId": -1}, {"startTime": 113201, "endTime": 116606, "taskId": 16, "workflowId": 0, "jobId": -1}, {"startTime": 117163, "endTime": 119453, "taskId": 16, "workflowId": 2, "jobId": -1}, {"startTime": 141147, "endTime": 157091, "taskId": 0, "workflowId": -1, "jobId": 4}, {"startTime": 157091, "endTime": 173169, "taskId": 4, "workflowId": -1, "jobId": 4}, {"startTime": 173169, "endTime": 189113, "taskId": 0, "workflowId": -1, "jobId": 5}, {"startTime": 210815, "endTime": 226893, "taskId": 4, "workflowId": -1, "jobId": 6}, {"startTime": 226893, "endTime": 242764, "taskId": 1, "workflowId": -1, "jobId": 5}, {"startTime": 304722, "endTime": 320593, "taskId": 1, "workflowId": -1, "jobId": 7}, {"startTime": 344203, "endTime": 360074, "taskId": 1, "workflowId": -1, "jobId": 8}, {"startTime": 394929, "endTime": 410873, "taskId": 0, "workflowId": -1, "jobId": 13}, {"startTime": 410873, "endTime": 426686, "taskId": 5, "workflowId": -1, "jobId": 7}]}, {"frequency": 1.4, "activePower": 4.5, "idlePower": 2, "memory": 1, "allocations": [{"startTime": 28355, "endTime": 44299, "taskId": 0, "workflowId": -1, "jobId": 0}, {"startTime": 45202, "endTime": 47930, "taskId": 6, "workflowId": 1, "jobId": -1}, {"startTime": 47930, "endTime": 49290, "taskId": 4, "workflowId": 1, "jobId": -1}, {"startTime": 56553, "endTime": 72497, "taskId": 0, "workflowId": -1, "jobId": 1}, {"startTime": 84628, "endTime": 87083, "taskId": 17, "workflowId": 1, "jobId": -1}, {"startTime": 104710, "endTime": 107805, "taskId": 8, "workflowId": 0, "jobId": -1}, {"startTime": 110767, "endTime": 113201, "taskId": 14, "workflowId": 0, "jobId": -1}, {"startTime": 146798, "endTime": 162669, "taskId": 1, "workflowId": -1, "jobId": 3}, {"startTime": 166489, "endTime": 172090, "taskId": 3, "workflowId": -1, "jobId": 2}, {"startTime": 241225, "endTime": 257303, "taskId": 4, "workflowId": -1, "jobId": 7}, {"startTime": 302235, "endTime": 306675, "taskId": 6, "workflowId": -1, "jobId": 10}, {"startTime": 310335, "endTime": 326279, "taskId": 0, "workflowId": -1, "jobId": 10}, {"startTime": 366731, "endTime": 382675, "taskId": 0, "workflowId": -1, "jobId": 12}, {"startTime": 383684, "endTime": 399555, "taskId": 1, "workflowId": -1, "jobId": 9}, {"startTime": 423127, "endTime": 439071, "taskId": 0, "workflowId": -1, "jobId": 14}, {"startTime": 439071, "endTime": 454942, "taskId": 1, "workflowId": -1, "jobId": 10}, {"startTime": 454942, "endTime": 470886, "taskId": 0, "workflowId": -1, "jobId": 15}]}, {"frequency": 1.4, "activePower": 4.5, "idlePower": 2, "memory": 1, "allocations": [{"startTime": 32858, "endTime": 36256, "taskId": 2, "workflowId": 3, "jobId": -1}, {"startTime": 39694, "endTime": 42093, "taskId": 6, "workflowId": 3, "jobId": -1}, {"startTime": 42093, "endTime": 43250, "taskId": 8, "workflowId": 3, "jobId": -1}, {"startTime": 84751, "endTime": 100695, "taskId": 0, "workflowId": -1, "jobId": 2}, {"startTime": 100695, "endTime": 103290, "taskId": 18, "workflowId": 1, "jobId": -1}, {"startTime": 103290, "endTime": 104710, "taskId": 7, "workflowId": 0, "jobId": -1}, {"startTime": 104710, "endTime": 106078, "taskId": 14, "workflowId": 2, "jobId": -1}, {"startTime": 106078, "endTime": 107236, "taskId": 11, "workflowId": 0, "jobId": -1}, {"startTime": 113201, "endTime": 115423, "taskId": 15, "workflowId": 0, "jobId": -1}, {"startTime": 239339, "endTime": 255152, "taskId": 5, "workflowId": -1, "jobId": 4}, {"startTime": 255152, "endTime": 271096, "taskId": 0, "workflowId": -1, "jobId": 8}, {"startTime": 271096, "endTime": 286967, "taskId": 1, "workflowId": -1, "jobId": 6}, {"startTime": 286967, "endTime": 302911, "taskId": 0, "workflowId": -1, "jobId": 9}, {"startTime": 302911, "endTime": 318989, "taskId": 4, "workflowId": -1, "jobId": 9}]}, {"frequency": 1.4, "activePower": 4.5, "idlePower": 2, "memory": 1, "allocations": [{"startTime": 28355, "endTime": 44168, "taskId": 5, "workflowId": -1, "jobId": 0}, {"startTime": 44168, "endTime": 60039, "taskId": 1, "workflowId": -1, "jobId": 0}, {"startTime": 60039, "endTime": 64479, "taskId": 6, "workflowId": -1, "jobId": 1}, {"startTime": 64479, "endTime": 67930, "taskId": 9, "workflowId": 1, "jobId": -1}, {"startTime": 67930, "endTime": 83801, "taskId": 1, "workflowId": -1, "jobId": 1}, {"startTime": 83801, "endTime": 85862, "taskId": 4, "workflowId": 0, "jobId": -1}, {"startTime": 85862, "endTime": 88092, "taskId": 1, "workflowId": 0, "jobId": -1}, {"startTime": 88092, "endTime": 89018, "taskId": 5, "workflowId": 0, "jobId": -1}, {"startTime": 89018, "endTime": 91010, "taskId": 6, "workflowId": 0, "jobId": -1}, {"startTime": 104710, "endTime": 105659, "taskId": 9, "workflowId": 0, "jobId": -1}, {"startTime": 107236, "endTime": 110767, "taskId": 13, "workflowId": 0, "jobId": -1}, {"startTime": 110767, "endTime": 126638, "taskId": 1, "workflowId": -1, "jobId": 2}, {"startTime": 126638, "endTime": 130058, "taskId": 12, "workflowId": 0, "jobId": -1}, {"startTime": 130058, "endTime": 146002, "taskId": 0, "workflowId": -1, "jobId": 3}, {"startTime": 146002, "endTime": 147792, "taskId": 18, "workflowId": 0, "jobId": -1}, {"startTime": 147792, "endTime": 150437, "taskId": 17, "workflowId": 0, "jobId": -1}, {"startTime": 186279, "endTime": 202150, "taskId": 1, "workflowId": -1, "jobId": 4}, {"startTime": 202150, "endTime": 206590, "taskId": 6, "workflowId": -1, "jobId": 6}, {"startTime": 206590, "endTime": 222534, "taskId": 0, "workflowId": -1, "jobId": 6}, {"startTime": 222534, "endTime": 228736, "taskId": 7, "workflowId": -1, "jobId": 3}, {"startTime": 228736, "endTime": 244680, "taskId": 0, "workflowId": -1, "jobId": 7}, {"startTime": 244680, "endTime": 250281, "taskId": 3, "workflowId": -1, "jobId": 3}, {"startTime": 338533, "endTime": 354477, "taskId": 0, "workflowId": -1, "jobId": 11}]}]