[{"frequency": 1.5, "activePower": 8, "idlePower": 2.7, "memory": 4, "allocations": [{"startTime": 45202, "endTime": 48315, "taskId": 5, "workflowId": 1, "jobId": -1}, {"startTime": 48315, "endTime": 48315, "taskId": 0, "workflowId": 1, "jobId": -1}, {"startTime": 64440, "endTime": 67648, "taskId": 12, "workflowId": 1, "jobId": -1}, {"startTime": 76128, "endTime": 76880, "taskId": 14, "workflowId": 3, "jobId": -1}, {"startTime": 80939, "endTime": 84033, "taskId": 2, "workflowId": 0, "jobId": -1}, {"startTime": 84033, "endTime": 84897, "taskId": 5, "workflowId": 0, "jobId": -1}, {"startTime": 84897, "endTime": 86756, "taskId": 6, "workflowId": 0, "jobId": -1}, {"startTime": 88258, "endTime": 89425, "taskId": 16, "workflowId": 3, "jobId": -1}, {"startTime": 89425, "endTime": 92008, "taskId": 8, "workflowId": 2, "jobId": -1}, {"startTime": 92008, "endTime": 106889, "taskId": 0, "workflowId": -1, "jobId": 2}, {"startTime": 106889, "endTime": 109777, "taskId": 8, "workflowId": 0, "jobId": -1}, {"startTime": 109777, "endTime": 113073, "taskId": 13, "workflowId": 0, "jobId": -1}, {"startTime": 113073, "endTime": 116265, "taskId": 12, "workflowId": 0, "jobId": -1}, {"startTime": 116265, "endTime": 131078, "taskId": 1, "workflowId": -1, "jobId": 2}, {"startTime": 131078, "endTime": 133350, "taskId": 14, "workflowId": 0, "jobId": -1}, {"startTime": 133350, "endTime": 148231, "taskId": 0, "workflowId": -1, "jobId": 3}, {"startTime": 148231, "endTime": 150369, "taskId": 16, "workflowId": 2, "jobId": -1}, {"startTime": 150369, "endTime": 152443, "taskId": 15, "workflowId": 0, "jobId": -1}, {"startTime": 152443, "endTime": 154113, "taskId": 18, "workflowId": 0, "jobId": -1}, {"startTime": 174296, "endTime": 189177, "taskId": 0, "workflowId": -1, "jobId": 5}, {"startTime": 230711, "endTime": 245524, "taskId": 1, "workflowId": -1, "jobId": 5}, {"startTime": 270192, "endTime": 285005, "taskId": 1, "workflowId": -1, "jobId": 6}, {"startTime": 285005, "endTime": 289149, "taskId": 6, "workflowId": -1, "jobId": 9}, {"startTime": 289149, "endTime": 304030, "taskId": 0, "workflowId": -1, "jobId": 9}, {"startTime": 343484, "endTime": 358365, "taskId": 0, "workflowId": -1, "jobId": 11}, {"startTime": 358365, "endTime": 373178, "taskId": 1, "workflowId": -1, "jobId": 8}, {"startTime": 373178, "endTime": 387937, "taskId": 5, "workflowId": -1, "jobId": 6}, {"startTime": 399880, "endTime": 414761, "taskId": 0, "workflowId": -1, "jobId": 13}, {"startTime": 444126, "endTime": 448270, "taskId": 6, "workflowId": -1, "jobId": 15}, {"startTime": 456276, "endTime": 471157, "taskId": 0, "workflowId": -1, "jobId": 15}]}, {"frequency": 1.5, "activePower": 8, "idlePower": 2.7, "memory": 4, "allocations": [{"startTime": 33306, "endTime": 48187, "taskId": 0, "workflowId": -1, "jobId": 0}, {"startTime": 48187, "endTime": 63000, "taskId": 1, "workflowId": -1, "jobId": 0}, {"startTime": 63000, "endTime": 78006, "taskId": 4, "workflowId": -1, "jobId": 0}, {"startTime": 78006, "endTime": 92887, "taskId": 0, "workflowId": -1, "jobId": 1}, {"startTime": 92887, "endTime": 94968, "taskId": 1, "workflowId": 0, "jobId": -1}, {"startTime": 94968, "endTime": 94968, "taskId": 0, "workflowId": 0, "jobId": -1}, {"startTime": 139167, "endTime": 141635, "taskId": 17, "workflowId": 0, "jobId": -1}, {"startTime": 146098, "endTime": 160979, "taskId": 0, "workflowId": -1, "jobId": 4}, {"startTime": 160979, "endTime": 175985, "taskId": 4, "workflowId": -1, "jobId": 4}, {"startTime": 202494, "endTime": 217375, "taskId": 0, "workflowId": -1, "jobId": 6}, {"startTime": 230692, "endTime": 245573, "taskId": 0, "workflowId": -1, "jobId": 7}, {"startTime": 315286, "endTime": 330167, "taskId": 0, "workflowId": -1, "jobId": 10}, {"startTime": 361962, "endTime": 366106, "taskId": 6, "workflowId": -1, "jobId": 12}, {"startTime": 371682, "endTime": 386563, "taskId": 0, "workflowId": -1, "jobId": 12}, {"startTime": 388635, "endTime": 403448, "taskId": 1, "workflowId": -1, "jobId": 9}, {"startTime": 428078, "endTime": 442959, "taskId": 0, "workflowId": -1, "jobId": 14}, {"startTime": 442959, "endTime": 457772, "taskId": 1, "workflowId": -1, "jobId": 10}]}, {"frequency": 1.5, "activePower": 8, "idlePower": 2.7, "memory": 4, "allocations": [{"startTime": 38278, "endTime": 41113, "taskId": 3, "workflowId": 3, "jobId": -1}, {"startTime": 41113, "endTime": 42491, "taskId": 4, "workflowId": 3, "jobId": -1}, {"startTime": 72787, "endTime": 87600, "taskId": 1, "workflowId": -1, "jobId": 1}, {"startTime": 87600, "endTime": 89524, "taskId": 4, "workflowId": 0, "jobId": -1}, {"startTime": 96294, "endTime": 97180, "taskId": 9, "workflowId": 0, "jobId": -1}, {"startTime": 97180, "endTime": 99806, "taskId": 10, "workflowId": 0, "jobId": -1}, {"startTime": 133225, "endTime": 135989, "taskId": 17, "workflowId": 2, "jobId": -1}, {"startTime": 135989, "endTime": 139167, "taskId": 16, "workflowId": 0, "jobId": -1}, {"startTime": 252410, "endTime": 256554, "taskId": 6, "workflowId": -1, "jobId": 8}, {"startTime": 309673, "endTime": 324486, "taskId": 1, "workflowId": -1, "jobId": 7}, {"startTime": 416738, "endTime": 420882, "taskId": 6, "workflowId": -1, "jobId": 14}]}, {"frequency": 1.5, "activePower": 8, "idlePower": 2.7, "memory": 4, "allocations": [{"startTime": 45202, "endTime": 47830, "taskId": 1, "workflowId": 1, "jobId": -1}, {"startTime": 47830, "endTime": 49100, "taskId": 4, "workflowId": 1, "jobId": -1}, {"startTime": 80939, "endTime": 81703, "taskId": 3, "workflowId": 0, "jobId": -1}, {"startTime": 94968, "endTime": 96294, "taskId": 7, "workflowId": 0, "jobId": -1}, {"startTime": 97180, "endTime": 98261, "taskId": 11, "workflowId": 0, "jobId": -1}, {"startTime": 151749, "endTime": 166562, "taskId": 1, "workflowId": -1, "jobId": 3}, {"startTime": 191230, "endTime": 206043, "taskId": 1, "workflowId": -1, "jobId": 4}, {"startTime": 258890, "endTime": 273771, "taskId": 0, "workflowId": -1, "jobId": 8}, {"startTime": 354536, "endTime": 360324, "taskId": 7, "workflowId": -1, "jobId": 5}]}]