[{"frequency": 1.5, "activePower": 8, "idlePower": 2.7, "memory": 2, "allocations": [{"startTime": 27926, "endTime": 30519, "taskId": 0, "workflowId": 3, "jobId": -1}, {"startTime": 30519, "endTime": 45400, "taskId": 0, "workflowId": -1, "jobId": 0}, {"startTime": 45400, "endTime": 46778, "taskId": 6, "workflowId": 1, "jobId": -1}, {"startTime": 46778, "endTime": 47830, "taskId": 6, "workflowId": 1, "jobId": -1}, {"startTime": 47830, "endTime": 47946, "taskId": 8, "workflowId": 1, "jobId": -1}, {"startTime": 47946, "endTime": 49087, "taskId": 8, "workflowId": 1, "jobId": -1}, {"startTime": 49087, "endTime": 49471, "taskId": 8, "workflowId": 1, "jobId": -1}, {"startTime": 49471, "endTime": 50849, "taskId": 10, "workflowId": 1, "jobId": -1}, {"startTime": 50849, "endTime": 51098, "taskId": 10, "workflowId": 1, "jobId": -1}, {"startTime": 51098, "endTime": 52739, "taskId": 1, "workflowId": 3, "jobId": -1}, {"startTime": 52739, "endTime": 53917, "taskId": 12, "workflowId": 1, "jobId": -1}, {"startTime": 53917, "endTime": 55947, "taskId": 12, "workflowId": 1, "jobId": -1}, {"startTime": 55947, "endTime": 56824, "taskId": 13, "workflowId": 1, "jobId": -1}, {"startTime": 56824, "endTime": 57684, "taskId": 14, "workflowId": 1, "jobId": -1}, {"startTime": 57684, "endTime": 58717, "taskId": 15, "workflowId": 1, "jobId": -1}, {"startTime": 58717, "endTime": 58800, "taskId": 0, "workflowId": -1, "jobId": 1}, {"startTime": 58800, "endTime": 73598, "taskId": 0, "workflowId": -1, "jobId": 1}, {"startTime": 73598, "endTime": 74972, "taskId": 7, "workflowId": 3, "jobId": -1}, {"startTime": 74972, "endTime": 76498, "taskId": 11, "workflowId": 3, "jobId": -1}, {"startTime": 76498, "endTime": 76571, "taskId": 3, "workflowId": 2, "jobId": -1}, {"startTime": 76571, "endTime": 80939, "taskId": 4, "workflowId": -1, "jobId": 1}, {"startTime": 80939, "endTime": 81120, "taskId": 1, "workflowId": 0, "jobId": -1}, {"startTime": 81120, "endTime": 82523, "taskId": 1, "workflowId": 0, "jobId": -1}, {"startTime": 82523, "endTime": 83020, "taskId": 1, "workflowId": 0, "jobId": -1}, {"startTime": 83020, "endTime": 83337, "taskId": 7, "workflowId": 0, "jobId": -1}, {"startTime": 83337, "endTime": 83784, "taskId": 7, "workflowId": 0, "jobId": -1}, {"startTime": 83784, "endTime": 83965, "taskId": 7, "workflowId": 0, "jobId": -1}, {"startTime": 83965, "endTime": 84196, "taskId": 7, "workflowId": 0, "jobId": -1}, {"startTime": 84196, "endTime": 84346, "taskId": 7, "workflowId": 0, "jobId": -1}, {"startTime": 84346, "endTime": 84527, "taskId": 8, "workflowId": 0, "jobId": -1}, {"startTime": 84527, "endTime": 84657, "taskId": 8, "workflowId": 0, "jobId": -1}, {"startTime": 84657, "endTime": 85892, "taskId": 8, "workflowId": 0, "jobId": -1}, {"startTime": 85892, "endTime": 86060, "taskId": 9, "workflowId": 0, "jobId": -1}, {"startTime": 86060, "endTime": 86613, "taskId": 9, "workflowId": 0, "jobId": -1}, {"startTime": 86613, "endTime": 86778, "taskId": 9, "workflowId": 0, "jobId": -1}, {"startTime": 86778, "endTime": 86915, "taskId": 3, "workflowId": 2, "jobId": -1}, {"startTime": 86915, "endTime": 86985, "taskId": 0, "workflowId": -1, "jobId": 2}, {"startTime": 86985, "endTime": 88327, "taskId": 0, "workflowId": -1, "jobId": 2}, {"startTime": 88327, "endTime": 89439, "taskId": 0, "workflowId": -1, "jobId": 2}, {"startTime": 89439, "endTime": 89729, "taskId": 0, "workflowId": -1, "jobId": 2}, {"startTime": 89729, "endTime": 90529, "taskId": 0, "workflowId": -1, "jobId": 2}, {"startTime": 90529, "endTime": 91901, "taskId": 0, "workflowId": -1, "jobId": 2}, {"startTime": 91901, "endTime": 101796, "taskId": 0, "workflowId": -1, "jobId": 2}, {"startTime": 101796, "endTime": 103657, "taskId": 5, "workflowId": 2, "jobId": -1}, {"startTime": 104351, "endTime": 106894, "taskId": 5, "workflowId": -1, "jobId": 1}, {"startTime": 106894, "endTime": 109481, "taskId": 4, "workflowId": -1, "jobId": 2}, {"startTime": 109481, "endTime": 115113, "taskId": 1, "workflowId": -1, "jobId": 2}, {"startTime": 115113, "endTime": 129994, "taskId": 0, "workflowId": -1, "jobId": 3}, {"startTime": 130606, "endTime": 132744, "taskId": 16, "workflowId": 2, "jobId": -1}, {"startTime": 136011, "endTime": 140071, "taskId": 5, "workflowId": -1, "jobId": 2}, {"startTime": 140071, "endTime": 143311, "taskId": 6, "workflowId": -1, "jobId": 4}, {"startTime": 143311, "endTime": 158192, "taskId": 0, "workflowId": -1, "jobId": 4}, {"startTime": 159011, "endTime": 159375, "taskId": 7, "workflowId": -1, "jobId": 2}, {"startTime": 159375, "endTime": 169110, "taskId": 2, "workflowId": -1, "jobId": 3}, {"startTime": 171509, "endTime": 186390, "taskId": 0, "workflowId": -1, "jobId": 5}, {"startTime": 188443, "endTime": 199707, "taskId": 1, "workflowId": -1, "jobId": 4}, {"startTime": 199707, "endTime": 214588, "taskId": 0, "workflowId": -1, "jobId": 6}, {"startTime": 222235, "endTime": 226379, "taskId": 6, "workflowId": -1, "jobId": 7}, {"startTime": 227905, "endTime": 242786, "taskId": 0, "workflowId": -1, "jobId": 7}, {"startTime": 243389, "endTime": 245279, "taskId": 4, "workflowId": -1, "jobId": 7}, {"startTime": 245279, "endTime": 255014, "taskId": 2, "workflowId": -1, "jobId": 5}, {"startTime": 256103, "endTime": 270984, "taskId": 0, "workflowId": -1, "jobId": 8}, {"startTime": 273799, "endTime": 284301, "taskId": 4, "workflowId": -1, "jobId": 8}, {"startTime": 284301, "endTime": 299182, "taskId": 0, "workflowId": -1, "jobId": 9}, {"startTime": 304209, "endTime": 304399, "taskId": 4, "workflowId": -1, "jobId": 9}, {"startTime": 304399, "endTime": 306787, "taskId": 6, "workflowId": -1, "jobId": 10}, {"startTime": 306787, "endTime": 306886, "taskId": 3, "workflowId": -1, "jobId": 4}, {"startTime": 306886, "endTime": 312499, "taskId": 1, "workflowId": -1, "jobId": 7}, {"startTime": 312499, "endTime": 327380, "taskId": 0, "workflowId": -1, "jobId": 10}, {"startTime": 331183, "endTime": 340697, "taskId": 2, "workflowId": -1, "jobId": 7}, {"startTime": 340697, "endTime": 355578, "taskId": 0, "workflowId": -1, "jobId": 11}, {"startTime": 359175, "endTime": 363319, "taskId": 6, "workflowId": -1, "jobId": 12}, {"startTime": 365029, "endTime": 368895, "taskId": 4, "workflowId": -1, "jobId": 11}, {"startTime": 368895, "endTime": 383776, "taskId": 0, "workflowId": -1, "jobId": 12}, {"startTime": 385848, "endTime": 397093, "taskId": 1, "workflowId": -1, "jobId": 9}, {"startTime": 397093, "endTime": 411974, "taskId": 0, "workflowId": -1, "jobId": 13}, {"startTime": 413951, "endTime": 417087, "taskId": 6, "workflowId": -1, "jobId": 14}, {"startTime": 417087, "endTime": 425291, "taskId": 2, "workflowId": -1, "jobId": 9}, {"startTime": 425291, "endTime": 440172, "taskId": 0, "workflowId": -1, "jobId": 14}, {"startTime": 441339, "endTime": 445483, "taskId": 6, "workflowId": -1, "jobId": 15}, {"startTime": 453489, "endTime": 468370, "taskId": 0, "workflowId": -1, "jobId": 15}, {"startTime": 468727, "endTime": 472871, "taskId": 6, "workflowId": -1, "jobId": 16}]}, {"frequency": 1.5, "activePower": 8, "idlePower": 2.7, "memory": 2, "allocations": [{"startTime": 30519, "endTime": 45332, "taskId": 1, "workflowId": -1, "jobId": 0}, {"startTime": 45332, "endTime": 48445, "taskId": 5, "workflowId": 1, "jobId": -1}, {"startTime": 48445, "endTime": 49121, "taskId": 2, "workflowId": 1, "jobId": -1}, {"startTime": 49121, "endTime": 49471, "taskId": 4, "workflowId": -1, "jobId": 0}, {"startTime": 49471, "endTime": 52692, "taskId": 9, "workflowId": 1, "jobId": -1}, {"startTime": 52692, "endTime": 52739, "taskId": 2, "workflowId": 3, "jobId": -1}, {"startTime": 52739, "endTime": 53917, "taskId": 1, "workflowId": 3, "jobId": -1}, {"startTime": 53917, "endTime": 55295, "taskId": 4, "workflowId": 3, "jobId": -1}, {"startTime": 55295, "endTime": 57684, "taskId": 5, "workflowId": -1, "jobId": 0}, {"startTime": 57684, "endTime": 58717, "taskId": 17, "workflowId": 1, "jobId": -1}, {"startTime": 58717, "endTime": 58800, "taskId": 15, "workflowId": 1, "jobId": -1}, {"startTime": 58800, "endTime": 59262, "taskId": 18, "workflowId": 1, "jobId": -1}, {"startTime": 59262, "endTime": 59975, "taskId": 18, "workflowId": 1, "jobId": -1}, {"startTime": 59975, "endTime": 61222, "taskId": 18, "workflowId": 1, "jobId": -1}, {"startTime": 61222, "endTime": 61565, "taskId": 6, "workflowId": 3, "jobId": -1}, {"startTime": 61565, "endTime": 69501, "taskId": 4, "workflowId": -1, "jobId": 1}, {"startTime": 69501, "endTime": 70000, "taskId": 0, "workflowId": 2, "jobId": -1}, {"startTime": 70000, "endTime": 70459, "taskId": 1, "workflowId": -1, "jobId": 1}, {"startTime": 70459, "endTime": 71327, "taskId": 1, "workflowId": -1, "jobId": 1}, {"startTime": 71327, "endTime": 72407, "taskId": 1, "workflowId": -1, "jobId": 1}, {"startTime": 72407, "endTime": 84813, "taskId": 1, "workflowId": -1, "jobId": 1}, {"startTime": 84813, "endTime": 84994, "taskId": 4, "workflowId": -1, "jobId": 1}, {"startTime": 84994, "endTime": 85295, "taskId": 14, "workflowId": 3, "jobId": -1}, {"startTime": 85295, "endTime": 85686, "taskId": 6, "workflowId": -1, "jobId": 2}, {"startTime": 85686, "endTime": 86216, "taskId": 6, "workflowId": -1, "jobId": 2}, {"startTime": 86216, "endTime": 86778, "taskId": 6, "workflowId": -1, "jobId": 2}, {"startTime": 86778, "endTime": 86915, "taskId": 11, "workflowId": 0, "jobId": -1}, {"startTime": 86915, "endTime": 87271, "taskId": 8, "workflowId": 0, "jobId": -1}, {"startTime": 87271, "endTime": 87331, "taskId": 8, "workflowId": 0, "jobId": -1}, {"startTime": 87331, "endTime": 87856, "taskId": 8, "workflowId": 0, "jobId": -1}, {"startTime": 87856, "endTime": 87859, "taskId": 8, "workflowId": 0, "jobId": -1}, {"startTime": 87859, "endTime": 87869, "taskId": 8, "workflowId": 0, "jobId": -1}, {"startTime": 87869, "endTime": 88257, "taskId": 8, "workflowId": 0, "jobId": -1}, {"startTime": 88257, "endTime": 89106, "taskId": 4, "workflowId": 2, "jobId": -1}, {"startTime": 89106, "endTime": 89404, "taskId": 6, "workflowId": -1, "jobId": 2}, {"startTime": 89404, "endTime": 89439, "taskId": 10, "workflowId": 0, "jobId": -1}, {"startTime": 89439, "endTime": 90358, "taskId": 10, "workflowId": 0, "jobId": -1}, {"startTime": 90358, "endTime": 90391, "taskId": 12, "workflowId": 0, "jobId": -1}, {"startTime": 90391, "endTime": 91773, "taskId": 12, "workflowId": 0, "jobId": -1}, {"startTime": 91773, "endTime": 92058, "taskId": 12, "workflowId": 0, "jobId": -1}, {"startTime": 92058, "endTime": 93550, "taskId": 12, "workflowId": 0, "jobId": -1}, {"startTime": 93550, "endTime": 95501, "taskId": 4, "workflowId": -1, "jobId": 2}, {"startTime": 95501, "endTime": 96098, "taskId": 18, "workflowId": 0, "jobId": -1}, {"startTime": 96098, "endTime": 97171, "taskId": 18, "workflowId": 0, "jobId": -1}, {"startTime": 98219, "endTime": 99586, "taskId": 4, "workflowId": -1, "jobId": 2}, {"startTime": 99586, "endTime": 104814, "taskId": 3, "workflowId": -1, "jobId": 1}, {"startTime": 104814, "endTime": 106151, "taskId": 10, "workflowId": 2, "jobId": -1}, {"startTime": 106894, "endTime": 109481, "taskId": 5, "workflowId": -1, "jobId": 1}, {"startTime": 109481, "endTime": 115113, "taskId": 4, "workflowId": -1, "jobId": 2}, {"startTime": 115113, "endTime": 124294, "taskId": 1, "workflowId": -1, "jobId": 2}, {"startTime": 124294, "endTime": 125413, "taskId": 11, "workflowId": 2, "jobId": -1}, {"startTime": 125413, "endTime": 126315, "taskId": 12, "workflowId": 2, "jobId": -1}, {"startTime": 126315, "endTime": 127907, "taskId": 15, "workflowId": 2, "jobId": -1}, {"startTime": 127907, "endTime": 130671, "taskId": 17, "workflowId": 2, "jobId": -1}, {"startTime": 140071, "endTime": 143311, "taskId": 5, "workflowId": -1, "jobId": 2}, {"startTime": 143311, "endTime": 144215, "taskId": 6, "workflowId": -1, "jobId": 4}, {"startTime": 148962, "endTime": 163775, "taskId": 1, "workflowId": -1, "jobId": 3}, {"startTime": 167459, "endTime": 168653, "taskId": 6, "workflowId": -1, "jobId": 5}, {"startTime": 168653, "endTime": 173881, "taskId": 3, "workflowId": -1, "jobId": 2}, {"startTime": 182569, "endTime": 197575, "taskId": 4, "workflowId": -1, "jobId": 5}, {"startTime": 199707, "endTime": 203256, "taskId": 1, "workflowId": -1, "jobId": 4}, {"startTime": 212979, "endTime": 227924, "taskId": 4, "workflowId": -1, "jobId": 6}, {"startTime": 227924, "endTime": 242737, "taskId": 1, "workflowId": -1, "jobId": 5}, {"startTime": 245279, "endTime": 258395, "taskId": 4, "workflowId": -1, "jobId": 7}, {"startTime": 267405, "endTime": 282218, "taskId": 1, "workflowId": -1, "jobId": 6}, {"startTime": 284301, "endTime": 288231, "taskId": 4, "workflowId": -1, "jobId": 8}, {"startTime": 288231, "endTime": 297966, "taskId": 2, "workflowId": -1, "jobId": 6}, {"startTime": 304399, "endTime": 306787, "taskId": 4, "workflowId": -1, "jobId": 9}, {"startTime": 306787, "endTime": 306886, "taskId": 6, "workflowId": -1, "jobId": 10}, {"startTime": 306886, "endTime": 312015, "taskId": 3, "workflowId": -1, "jobId": 4}, {"startTime": 312499, "endTime": 321699, "taskId": 1, "workflowId": -1, "jobId": 7}, {"startTime": 331787, "endTime": 335931, "taskId": 6, "workflowId": -1, "jobId": 11}, {"startTime": 340697, "endTime": 340918, "taskId": 2, "workflowId": -1, "jobId": 7}, {"startTime": 346367, "endTime": 361180, "taskId": 1, "workflowId": -1, "jobId": 8}, {"startTime": 368895, "endTime": 374135, "taskId": 4, "workflowId": -1, "jobId": 11}, {"startTime": 374135, "endTime": 383870, "taskId": 2, "workflowId": -1, "jobId": 8}, {"startTime": 386563, "endTime": 390707, "taskId": 6, "workflowId": -1, "jobId": 13}, {"startTime": 395439, "endTime": 397093, "taskId": 4, "workflowId": -1, "jobId": 12}, {"startTime": 397093, "endTime": 400661, "taskId": 1, "workflowId": -1, "jobId": 9}, {"startTime": 415995, "endTime": 417087, "taskId": 7, "workflowId": -1, "jobId": 6}, {"startTime": 417087, "endTime": 418095, "taskId": 6, "workflowId": -1, "jobId": 14}, {"startTime": 425291, "endTime": 425329, "taskId": 2, "workflowId": -1, "jobId": 9}, {"startTime": 425329, "endTime": 440142, "taskId": 1, "workflowId": -1, "jobId": 10}, {"startTime": 456259, "endTime": 471265, "taskId": 4, "workflowId": -1, "jobId": 14}]}, {"frequency": 1.5, "activePower": 8, "idlePower": 2.7, "memory": 2, "allocations": [{"startTime": 30519, "endTime": 40254, "taskId": 2, "workflowId": -1, "jobId": 0}, {"startTime": 40254, "endTime": 45202, "taskId": 4, "workflowId": -1, "jobId": 0}, {"startTime": 45202, "endTime": 47830, "taskId": 1, "workflowId": 1, "jobId": -1}, {"startTime": 47830, "endTime": 47946, "taskId": 6, "workflowId": 1, "jobId": -1}, {"startTime": 47946, "endTime": 49100, "taskId": 4, "workflowId": 1, "jobId": -1}, {"startTime": 49100, "endTime": 49216, "taskId": 4, "workflowId": 1, "jobId": -1}, {"startTime": 49216, "endTime": 49240, "taskId": 3, "workflowId": 3, "jobId": -1}, {"startTime": 49240, "endTime": 49471, "taskId": 1, "workflowId": 3, "jobId": -1}, {"startTime": 49471, "endTime": 50478, "taskId": 11, "workflowId": 1, "jobId": -1}, {"startTime": 50478, "endTime": 52290, "taskId": 11, "workflowId": 1, "jobId": -1}, {"startTime": 52290, "endTime": 52739, "taskId": 11, "workflowId": 1, "jobId": -1}, {"startTime": 52739, "endTime": 54117, "taskId": 2, "workflowId": 3, "jobId": -1}, {"startTime": 54117, "endTime": 55788, "taskId": 2, "workflowId": 3, "jobId": -1}, {"startTime": 55788, "endTime": 57684, "taskId": 6, "workflowId": 3, "jobId": -1}, {"startTime": 57684, "endTime": 58717, "taskId": 16, "workflowId": 1, "jobId": -1}, {"startTime": 58717, "endTime": 59975, "taskId": 17, "workflowId": 1, "jobId": -1}, {"startTime": 59975, "endTime": 60300, "taskId": 4, "workflowId": -1, "jobId": 0}, {"startTime": 60300, "endTime": 60437, "taskId": 4, "workflowId": -1, "jobId": 0}, {"startTime": 60437, "endTime": 64581, "taskId": 6, "workflowId": -1, "jobId": 1}, {"startTime": 64581, "endTime": 69501, "taskId": 7, "workflowId": -1, "jobId": 0}, {"startTime": 69501, "endTime": 70000, "taskId": 4, "workflowId": -1, "jobId": 1}, {"startTime": 70000, "endTime": 70369, "taskId": 0, "workflowId": 2, "jobId": -1}, {"startTime": 70369, "endTime": 70459, "taskId": 0, "workflowId": 2, "jobId": -1}, {"startTime": 70459, "endTime": 71327, "taskId": 7, "workflowId": -1, "jobId": 0}, {"startTime": 71327, "endTime": 71449, "taskId": 4, "workflowId": 2, "jobId": -1}, {"startTime": 71449, "endTime": 72823, "taskId": 4, "workflowId": -1, "jobId": 1}, {"startTime": 72823, "endTime": 73471, "taskId": 4, "workflowId": -1, "jobId": 1}, {"startTime": 73471, "endTime": 76571, "taskId": 2, "workflowId": -1, "jobId": 1}, {"startTime": 76571, "endTime": 79029, "taskId": 2, "workflowId": -1, "jobId": 1}, {"startTime": 79029, "endTime": 80939, "taskId": 2, "workflowId": -1, "jobId": 1}, {"startTime": 80939, "endTime": 83206, "taskId": 2, "workflowId": 0, "jobId": -1}, {"startTime": 83206, "endTime": 83337, "taskId": 2, "workflowId": 0, "jobId": -1}, {"startTime": 83337, "endTime": 84033, "taskId": 2, "workflowId": 0, "jobId": -1}, {"startTime": 84033, "endTime": 85892, "taskId": 6, "workflowId": 0, "jobId": -1}, {"startTime": 85892, "endTime": 86283, "taskId": 14, "workflowId": 3, "jobId": -1}, {"startTime": 86283, "endTime": 86300, "taskId": 4, "workflowId": 2, "jobId": -1}, {"startTime": 86300, "endTime": 86491, "taskId": 4, "workflowId": 2, "jobId": -1}, {"startTime": 86491, "endTime": 86778, "taskId": 4, "workflowId": 2, "jobId": -1}, {"startTime": 86778, "endTime": 86915, "taskId": 10, "workflowId": 0, "jobId": -1}, {"startTime": 86915, "endTime": 87007, "taskId": 11, "workflowId": 0, "jobId": -1}, {"startTime": 87007, "endTime": 87703, "taskId": 11, "workflowId": 0, "jobId": -1}, {"startTime": 87703, "endTime": 87859, "taskId": 11, "workflowId": 0, "jobId": -1}, {"startTime": 87859, "endTime": 87869, "taskId": 13, "workflowId": 3, "jobId": -1}, {"startTime": 87869, "endTime": 89404, "taskId": 10, "workflowId": 0, "jobId": -1}, {"startTime": 89404, "endTime": 89795, "taskId": 6, "workflowId": -1, "jobId": 2}, {"startTime": 89795, "endTime": 90519, "taskId": 6, "workflowId": -1, "jobId": 2}, {"startTime": 90519, "endTime": 91155, "taskId": 6, "workflowId": -1, "jobId": 2}, {"startTime": 91155, "endTime": 91766, "taskId": 14, "workflowId": 0, "jobId": -1}, {"startTime": 91766, "endTime": 92871, "taskId": 14, "workflowId": 0, "jobId": -1}, {"startTime": 92871, "endTime": 93427, "taskId": 14, "workflowId": 0, "jobId": -1}, {"startTime": 93427, "endTime": 93460, "taskId": 15, "workflowId": 0, "jobId": -1}, {"startTime": 93460, "endTime": 94314, "taskId": 15, "workflowId": 0, "jobId": -1}, {"startTime": 94314, "endTime": 94532, "taskId": 15, "workflowId": 0, "jobId": -1}, {"startTime": 94532, "endTime": 94842, "taskId": 15, "workflowId": 0, "jobId": -1}, {"startTime": 94842, "endTime": 95501, "taskId": 15, "workflowId": 0, "jobId": -1}, {"startTime": 95501, "endTime": 95534, "taskId": 4, "workflowId": 2, "jobId": -1}, {"startTime": 95534, "endTime": 95947, "taskId": 6, "workflowId": 2, "jobId": -1}, {"startTime": 95947, "endTime": 96605, "taskId": 6, "workflowId": 2, "jobId": -1}, {"startTime": 96605, "endTime": 96916, "taskId": 17, "workflowId": 0, "jobId": -1}, {"startTime": 96916, "endTime": 98021, "taskId": 17, "workflowId": 0, "jobId": -1}, {"startTime": 98021, "endTime": 99073, "taskId": 17, "workflowId": 0, "jobId": -1}, {"startTime": 99073, "endTime": 100178, "taskId": 13, "workflowId": 3, "jobId": -1}, {"startTime": 100178, "endTime": 101290, "taskId": 12, "workflowId": 3, "jobId": -1}, {"startTime": 101290, "endTime": 102299, "taskId": 12, "workflowId": 3, "jobId": -1}, {"startTime": 102299, "endTime": 102733, "taskId": 9, "workflowId": 2, "jobId": -1}, {"startTime": 102733, "endTime": 103921, "taskId": 7, "workflowId": 2, "jobId": -1}, {"startTime": 103921, "endTime": 104288, "taskId": 7, "workflowId": -1, "jobId": 1}, {"startTime": 104288, "endTime": 106839, "taskId": 7, "workflowId": -1, "jobId": 1}, {"startTime": 106839, "endTime": 109481, "taskId": 7, "workflowId": -1, "jobId": 1}, {"startTime": 109481, "endTime": 109709, "taskId": 5, "workflowId": -1, "jobId": 1}, {"startTime": 109709, "endTime": 115113, "taskId": 5, "workflowId": -1, "jobId": 1}, {"startTime": 115113, "endTime": 116423, "taskId": 4, "workflowId": -1, "jobId": 2}, {"startTime": 116423, "endTime": 116920, "taskId": 2, "workflowId": -1, "jobId": 2}, {"startTime": 116920, "endTime": 118634, "taskId": 2, "workflowId": -1, "jobId": 2}, {"startTime": 118634, "endTime": 126158, "taskId": 2, "workflowId": -1, "jobId": 2}, {"startTime": 126158, "endTime": 127434, "taskId": 14, "workflowId": 2, "jobId": -1}, {"startTime": 127434, "endTime": 130606, "taskId": 13, "workflowId": 2, "jobId": -1}, {"startTime": 143311, "endTime": 150770, "taskId": 5, "workflowId": -1, "jobId": 2}, {"startTime": 152159, "endTime": 167165, "taskId": 4, "workflowId": -1, "jobId": 4}, {"startTime": 168653, "endTime": 171603, "taskId": 6, "workflowId": -1, "jobId": 5}, {"startTime": 188757, "endTime": 194847, "taskId": 5, "workflowId": -1, "jobId": 3}, {"startTime": 194847, "endTime": 198991, "taskId": 6, "workflowId": -1, "jobId": 6}, {"startTime": 202327, "endTime": 212062, "taskId": 2, "workflowId": -1, "jobId": 4}, {"startTime": 223257, "endTime": 227924, "taskId": 7, "workflowId": -1, "jobId": 3}, {"startTime": 227924, "endTime": 227985, "taskId": 4, "workflowId": -1, "jobId": 6}, {"startTime": 237720, "endTime": 242948, "taskId": 3, "workflowId": -1, "jobId": 3}, {"startTime": 249623, "endTime": 253767, "taskId": 6, "workflowId": -1, "jobId": 8}, {"startTime": 277011, "endTime": 281155, "taskId": 6, "workflowId": -1, "jobId": 9}, {"startTime": 287503, "endTime": 288231, "taskId": 7, "workflowId": -1, "jobId": 4}, {"startTime": 288231, "endTime": 288805, "taskId": 4, "workflowId": -1, "jobId": 8}, {"startTime": 294249, "endTime": 306787, "taskId": 5, "workflowId": -1, "jobId": 5}, {"startTime": 306787, "endTime": 306886, "taskId": 4, "workflowId": -1, "jobId": 9}, {"startTime": 306886, "endTime": 308543, "taskId": 6, "workflowId": -1, "jobId": 10}, {"startTime": 308543, "endTime": 310665, "taskId": 5, "workflowId": -1, "jobId": 5}, {"startTime": 334620, "endTime": 349626, "taskId": 4, "workflowId": -1, "jobId": 10}, {"startTime": 351749, "endTime": 357537, "taskId": 7, "workflowId": -1, "jobId": 5}, {"startTime": 374135, "endTime": 375854, "taskId": 4, "workflowId": -1, "jobId": 11}, {"startTime": 375854, "endTime": 381082, "taskId": 3, "workflowId": -1, "jobId": 5}, {"startTime": 397093, "endTime": 410445, "taskId": 4, "workflowId": -1, "jobId": 12}, {"startTime": 417087, "endTime": 421783, "taskId": 7, "workflowId": -1, "jobId": 6}, {"startTime": 425329, "endTime": 426822, "taskId": 2, "workflowId": -1, "jobId": 9}]}, {"frequency": 1.5, "activePower": 8, "idlePower": 2.7, "memory": 2, "allocations": [{"startTime": 30519, "endTime": 35747, "taskId": 3, "workflowId": -1, "jobId": 0}, {"startTime": 35747, "endTime": 36064, "taskId": 0, "workflowId": 3, "jobId": -1}, {"startTime": 36064, "endTime": 38247, "taskId": 5, "workflowId": 3, "jobId": -1}, {"startTime": 38247, "endTime": 40208, "taskId": 6, "workflowId": -1, "jobId": 0}, {"startTime": 40208, "endTime": 42391, "taskId": 6, "workflowId": -1, "jobId": 0}, {"startTime": 42391, "endTime": 45202, "taskId": 3, "workflowId": 3, "jobId": -1}, {"startTime": 45202, "endTime": 45226, "taskId": 3, "workflowId": 1, "jobId": -1}, {"startTime": 45226, "endTime": 48254, "taskId": 3, "workflowId": 1, "jobId": -1}, {"startTime": 48254, "endTime": 48276, "taskId": 7, "workflowId": 1, "jobId": -1}, {"startTime": 48276, "endTime": 48930, "taskId": 7, "workflowId": 1, "jobId": -1}, {"startTime": 48930, "endTime": 48954, "taskId": 7, "workflowId": 1, "jobId": -1}, {"startTime": 48954, "endTime": 49395, "taskId": 7, "workflowId": 1, "jobId": -1}, {"startTime": 49395, "endTime": 49471, "taskId": 2, "workflowId": 3, "jobId": -1}, {"startTime": 49471, "endTime": 52004, "taskId": 4, "workflowId": -1, "jobId": 0}, {"startTime": 52004, "endTime": 58717, "taskId": 4, "workflowId": -1, "jobId": 0}, {"startTime": 58717, "endTime": 59179, "taskId": 16, "workflowId": 1, "jobId": -1}, {"startTime": 59179, "endTime": 59522, "taskId": 16, "workflowId": 1, "jobId": -1}, {"startTime": 59522, "endTime": 60300, "taskId": 16, "workflowId": 1, "jobId": -1}, {"startTime": 60300, "endTime": 60643, "taskId": 5, "workflowId": -1, "jobId": 0}, {"startTime": 60643, "endTime": 72670, "taskId": 5, "workflowId": -1, "jobId": 0}, {"startTime": 72670, "endTime": 73750, "taskId": 8, "workflowId": 3, "jobId": -1}, {"startTime": 73750, "endTime": 74929, "taskId": 1, "workflowId": 2, "jobId": -1}, {"startTime": 74929, "endTime": 77790, "taskId": 10, "workflowId": 3, "jobId": -1}, {"startTime": 77790, "endTime": 80879, "taskId": 9, "workflowId": 3, "jobId": -1}, {"startTime": 80879, "endTime": 80939, "taskId": 14, "workflowId": 3, "jobId": -1}, {"startTime": 80939, "endTime": 81631, "taskId": 4, "workflowId": 0, "jobId": -1}, {"startTime": 81631, "endTime": 81738, "taskId": 4, "workflowId": 0, "jobId": -1}, {"startTime": 81738, "endTime": 82863, "taskId": 4, "workflowId": 0, "jobId": -1}, {"startTime": 82863, "endTime": 83337, "taskId": 5, "workflowId": 0, "jobId": -1}, {"startTime": 83337, "endTime": 83727, "taskId": 5, "workflowId": 0, "jobId": -1}, {"startTime": 83727, "endTime": 84345, "taskId": 3, "workflowId": 0, "jobId": -1}, {"startTime": 84345, "endTime": 84491, "taskId": 3, "workflowId": 0, "jobId": -1}, {"startTime": 84491, "endTime": 84672, "taskId": 2, "workflowId": -1, "jobId": 1}, {"startTime": 84672, "endTime": 85183, "taskId": 2, "workflowId": -1, "jobId": 1}, {"startTime": 85183, "endTime": 85364, "taskId": 2, "workflowId": -1, "jobId": 1}, {"startTime": 85364, "endTime": 85994, "taskId": 2, "workflowId": -1, "jobId": 1}, {"startTime": 85994, "endTime": 86757, "taskId": 2, "workflowId": -1, "jobId": 1}, {"startTime": 86757, "endTime": 86778, "taskId": 6, "workflowId": 2, "jobId": -1}, {"startTime": 86778, "endTime": 87109, "taskId": 4, "workflowId": 2, "jobId": -1}, {"startTime": 87109, "endTime": 87859, "taskId": 4, "workflowId": 2, "jobId": -1}, {"startTime": 87859, "endTime": 87869, "taskId": 13, "workflowId": 0, "jobId": -1}, {"startTime": 87869, "endTime": 88160, "taskId": 13, "workflowId": 0, "jobId": -1}, {"startTime": 88160, "endTime": 88632, "taskId": 13, "workflowId": 0, "jobId": -1}, {"startTime": 88632, "endTime": 88741, "taskId": 13, "workflowId": 0, "jobId": -1}, {"startTime": 88741, "endTime": 89275, "taskId": 13, "workflowId": 0, "jobId": -1}, {"startTime": 89275, "endTime": 89638, "taskId": 13, "workflowId": 0, "jobId": -1}, {"startTime": 89638, "endTime": 90123, "taskId": 13, "workflowId": 0, "jobId": -1}, {"startTime": 90123, "endTime": 91155, "taskId": 13, "workflowId": 0, "jobId": -1}, {"startTime": 91155, "endTime": 91188, "taskId": 6, "workflowId": -1, "jobId": 2}, {"startTime": 91188, "endTime": 91238, "taskId": 6, "workflowId": -1, "jobId": 2}, {"startTime": 91238, "endTime": 91766, "taskId": 6, "workflowId": -1, "jobId": 2}, {"startTime": 91766, "endTime": 91799, "taskId": 4, "workflowId": -1, "jobId": 2}, {"startTime": 91799, "endTime": 91901, "taskId": 4, "workflowId": -1, "jobId": 2}, {"startTime": 91901, "endTime": 93283, "taskId": 4, "workflowId": -1, "jobId": 2}, {"startTime": 93283, "endTime": 93427, "taskId": 4, "workflowId": -1, "jobId": 2}, {"startTime": 93427, "endTime": 93675, "taskId": 16, "workflowId": 0, "jobId": -1}, {"startTime": 93675, "endTime": 93704, "taskId": 16, "workflowId": 0, "jobId": -1}, {"startTime": 93704, "endTime": 95729, "taskId": 16, "workflowId": 0, "jobId": -1}, {"startTime": 95729, "endTime": 96605, "taskId": 16, "workflowId": 0, "jobId": -1}, {"startTime": 96605, "endTime": 96916, "taskId": 6, "workflowId": 2, "jobId": -1}, {"startTime": 96916, "endTime": 99153, "taskId": 3, "workflowId": 2, "jobId": -1}, {"startTime": 99153, "endTime": 99464, "taskId": 3, "workflowId": 2, "jobId": -1}, {"startTime": 99464, "endTime": 101274, "taskId": 2, "workflowId": 2, "jobId": -1}, {"startTime": 101274, "endTime": 102733, "taskId": 2, "workflowId": 2, "jobId": -1}, {"startTime": 102733, "endTime": 104288, "taskId": 9, "workflowId": 2, "jobId": -1}, {"startTime": 104288, "endTime": 106839, "taskId": 15, "workflowId": 3, "jobId": -1}, {"startTime": 106839, "endTime": 109422, "taskId": 8, "workflowId": 2, "jobId": -1}, {"startTime": 109422, "endTime": 109481, "taskId": 17, "workflowId": 3, "jobId": -1}, {"startTime": 109481, "endTime": 109709, "taskId": 7, "workflowId": -1, "jobId": 1}, {"startTime": 109709, "endTime": 110455, "taskId": 17, "workflowId": 3, "jobId": -1}, {"startTime": 110455, "endTime": 110683, "taskId": 17, "workflowId": 3, "jobId": -1}, {"startTime": 110683, "endTime": 111850, "taskId": 16, "workflowId": 3, "jobId": -1}, {"startTime": 111850, "endTime": 112683, "taskId": 11, "workflowId": 2, "jobId": -1}, {"startTime": 112683, "endTime": 115113, "taskId": 6, "workflowId": -1, "jobId": 3}, {"startTime": 115113, "endTime": 116423, "taskId": 5, "workflowId": -1, "jobId": 1}, {"startTime": 116423, "endTime": 116827, "taskId": 4, "workflowId": -1, "jobId": 2}, {"startTime": 116827, "endTime": 116920, "taskId": 4, "workflowId": -1, "jobId": 2}, {"startTime": 116920, "endTime": 119607, "taskId": 5, "workflowId": -1, "jobId": 1}, {"startTime": 119607, "endTime": 121321, "taskId": 6, "workflowId": -1, "jobId": 3}, {"startTime": 121321, "endTime": 121749, "taskId": 11, "workflowId": 2, "jobId": -1}, {"startTime": 121749, "endTime": 136755, "taskId": 4, "workflowId": -1, "jobId": 3}, {"startTime": 159375, "endTime": 164799, "taskId": 7, "workflowId": -1, "jobId": 2}, {"startTime": 194847, "endTime": 203516, "taskId": 5, "workflowId": -1, "jobId": 3}, {"startTime": 227924, "endTime": 229045, "taskId": 7, "workflowId": -1, "jobId": 3}, {"startTime": 241503, "endTime": 256262, "taskId": 5, "workflowId": -1, "jobId": 4}, {"startTime": 288231, "endTime": 293291, "taskId": 7, "workflowId": -1, "jobId": 4}, {"startTime": 306787, "endTime": 306886, "taskId": 5, "workflowId": -1, "jobId": 5}, {"startTime": 306886, "endTime": 319215, "taskId": 4, "workflowId": -1, "jobId": 9}, {"startTime": 346995, "endTime": 361754, "taskId": 5, "workflowId": -1, "jobId": 6}, {"startTime": 375854, "endTime": 380035, "taskId": 4, "workflowId": -1, "jobId": 11}, {"startTime": 399741, "endTime": 414500, "taskId": 5, "workflowId": -1, "jobId": 7}, {"startTime": 425849, "endTime": 440855, "taskId": 4, "workflowId": -1, "jobId": 13}]}]