[{"frequency": 2.83, "activePower": 95.4, "idlePower": 49.6, "memory": 2, "allocations": [{"startTime": 22960, "endTime": 24100, "taskId": 0, "workflowId": 0, "jobId": -1}, {"startTime": 24100, "endTime": 24742, "taskId": 1, "workflowId": 0, "jobId": -1}, {"startTime": 24742, "endTime": 25143, "taskId": 2, "workflowId": 0, "jobId": -1}, {"startTime": 25143, "endTime": 32044, "taskId": 1, "workflowId": -1, "jobId": 0}, {"startTime": 32044, "endTime": 32082, "taskId": 9, "workflowId": 0, "jobId": -1}, {"startTime": 32082, "endTime": 33071, "taskId": 8, "workflowId": 0, "jobId": -1}, {"startTime": 33071, "endTime": 33321, "taskId": 8, "workflowId": 0, "jobId": -1}, {"startTime": 33321, "endTime": 33322, "taskId": 22, "workflowId": 0, "jobId": -1}, {"startTime": 33322, "endTime": 33384, "taskId": 13, "workflowId": 0, "jobId": -1}, {"startTime": 33384, "endTime": 33701, "taskId": 13, "workflowId": 0, "jobId": -1}, {"startTime": 33701, "endTime": 33988, "taskId": 13, "workflowId": 0, "jobId": -1}, {"startTime": 33988, "endTime": 34140, "taskId": 13, "workflowId": 0, "jobId": -1}, {"startTime": 34140, "endTime": 34404, "taskId": 13, "workflowId": 0, "jobId": -1}, {"startTime": 34404, "endTime": 34760, "taskId": 13, "workflowId": 0, "jobId": -1}, {"startTime": 34760, "endTime": 35006, "taskId": 22, "workflowId": 0, "jobId": -1}, {"startTime": 35006, "endTime": 35293, "taskId": 19, "workflowId": 0, "jobId": -1}, {"startTime": 35293, "endTime": 35487, "taskId": 19, "workflowId": 0, "jobId": -1}, {"startTime": 35487, "endTime": 35620, "taskId": 22, "workflowId": 0, "jobId": -1}, {"startTime": 35620, "endTime": 36319, "taskId": 16, "workflowId": 0, "jobId": -1}, {"startTime": 36319, "endTime": 36426, "taskId": 16, "workflowId": 0, "jobId": -1}, {"startTime": 36703, "endTime": 37039, "taskId": 6, "workflowId": -1, "jobId": 0}, {"startTime": 37039, "endTime": 37961, "taskId": 1, "workflowId": 2, "jobId": -1}, {"startTime": 37961, "endTime": 38225, "taskId": 11, "workflowId": -1, "jobId": 0}, {"startTime": 38225, "endTime": 39542, "taskId": 5, "workflowId": -1, "jobId": 0}, {"startTime": 39542, "endTime": 40629, "taskId": 5, "workflowId": -1, "jobId": 0}, {"startTime": 40629, "endTime": 41202, "taskId": 8, "workflowId": 2, "jobId": -1}, {"startTime": 41202, "endTime": 41344, "taskId": 0, "workflowId": 1, "jobId": -1}, {"startTime": 41344, "endTime": 41437, "taskId": 0, "workflowId": 1, "jobId": -1}, {"startTime": 41437, "endTime": 41493, "taskId": 0, "workflowId": 1, "jobId": -1}, {"startTime": 41493, "endTime": 42678, "taskId": 0, "workflowId": 1, "jobId": -1}, {"startTime": 42678, "endTime": 42679, "taskId": 7, "workflowId": 2, "jobId": -1}, {"startTime": 42679, "endTime": 43220, "taskId": 1, "workflowId": 1, "jobId": -1}, {"startTime": 43220, "endTime": 43343, "taskId": 1, "workflowId": 1, "jobId": -1}, {"startTime": 43343, "endTime": 43419, "taskId": 1, "workflowId": 1, "jobId": -1}, {"startTime": 43419, "endTime": 43533, "taskId": 1, "workflowId": 1, "jobId": -1}, {"startTime": 43533, "endTime": 44149, "taskId": 1, "workflowId": 1, "jobId": -1}, {"startTime": 44149, "endTime": 44395, "taskId": 2, "workflowId": 1, "jobId": -1}, {"startTime": 44395, "endTime": 44918, "taskId": 2, "workflowId": 1, "jobId": -1}, {"startTime": 44918, "endTime": 45930, "taskId": 5, "workflowId": 1, "jobId": -1}, {"startTime": 45930, "endTime": 45977, "taskId": 9, "workflowId": 2, "jobId": -1}, {"startTime": 45977, "endTime": 47559, "taskId": 11, "workflowId": 2, "jobId": -1}, {"startTime": 47559, "endTime": 47854, "taskId": 17, "workflowId": 2, "jobId": -1}, {"startTime": 47854, "endTime": 48053, "taskId": 6, "workflowId": 1, "jobId": -1}, {"startTime": 48053, "endTime": 48227, "taskId": 6, "workflowId": 1, "jobId": -1}, {"startTime": 48227, "endTime": 48329, "taskId": 6, "workflowId": 1, "jobId": -1}, {"startTime": 48329, "endTime": 48432, "taskId": 6, "workflowId": 1, "jobId": -1}, {"startTime": 48432, "endTime": 48648, "taskId": 14, "workflowId": 2, "jobId": -1}, {"startTime": 48648, "endTime": 48768, "taskId": 1, "workflowId": -1, "jobId": 1}, {"startTime": 48768, "endTime": 48870, "taskId": 1, "workflowId": -1, "jobId": 1}, {"startTime": 48870, "endTime": 50030, "taskId": 1, "workflowId": -1, "jobId": 1}, {"startTime": 50030, "endTime": 50362, "taskId": 1, "workflowId": -1, "jobId": 1}, {"startTime": 50362, "endTime": 50640, "taskId": 1, "workflowId": -1, "jobId": 1}, {"startTime": 50640, "endTime": 51016, "taskId": 1, "workflowId": -1, "jobId": 1}, {"startTime": 51016, "endTime": 51417, "taskId": 1, "workflowId": -1, "jobId": 1}, {"startTime": 51417, "endTime": 51558, "taskId": 1, "workflowId": -1, "jobId": 1}, {"startTime": 51558, "endTime": 51937, "taskId": 1, "workflowId": -1, "jobId": 1}, {"startTime": 51937, "endTime": 52486, "taskId": 1, "workflowId": -1, "jobId": 1}, {"startTime": 52486, "endTime": 52599, "taskId": 1, "workflowId": -1, "jobId": 1}, {"startTime": 52599, "endTime": 55549, "taskId": 1, "workflowId": -1, "jobId": 1}, {"startTime": 55549, "endTime": 56091, "taskId": 13, "workflowId": 2, "jobId": -1}, {"startTime": 56091, "endTime": 56141, "taskId": 13, "workflowId": 2, "jobId": -1}, {"startTime": 56141, "endTime": 56203, "taskId": 13, "workflowId": 2, "jobId": -1}, {"startTime": 56203, "endTime": 56416, "taskId": 15, "workflowId": 2, "jobId": -1}, {"startTime": 56416, "endTime": 57284, "taskId": 19, "workflowId": 2, "jobId": -1}, {"startTime": 57284, "endTime": 57420, "taskId": 15, "workflowId": 2, "jobId": -1}, {"startTime": 57420, "endTime": 57610, "taskId": 15, "workflowId": 2, "jobId": -1}, {"startTime": 57610, "endTime": 57695, "taskId": 15, "workflowId": 2, "jobId": -1}, {"startTime": 57695, "endTime": 57701, "taskId": 23, "workflowId": 1, "jobId": -1}, {"startTime": 57701, "endTime": 58732, "taskId": 2, "workflowId": -1, "jobId": 1}, {"startTime": 58732, "endTime": 59383, "taskId": 2, "workflowId": -1, "jobId": 1}, {"startTime": 59383, "endTime": 65633, "taskId": 2, "workflowId": -1, "jobId": 1}, {"startTime": 65633, "endTime": 65768, "taskId": 3, "workflowId": 3, "jobId": -1}, {"startTime": 65768, "endTime": 66286, "taskId": 11, "workflowId": -1, "jobId": 1}, {"startTime": 66286, "endTime": 67298, "taskId": 11, "workflowId": -1, "jobId": 1}, {"startTime": 67298, "endTime": 67946, "taskId": 11, "workflowId": -1, "jobId": 1}, {"startTime": 67946, "endTime": 68460, "taskId": 11, "workflowId": -1, "jobId": 1}, {"startTime": 68460, "endTime": 69108, "taskId": 4, "workflowId": 3, "jobId": -1}, {"startTime": 69108, "endTime": 70672, "taskId": 2, "workflowId": 3, "jobId": -1}, {"startTime": 70970, "endTime": 71628, "taskId": 8, "workflowId": 3, "jobId": -1}, {"startTime": 71628, "endTime": 72013, "taskId": 13, "workflowId": 3, "jobId": -1}, {"startTime": 72013, "endTime": 72155, "taskId": 7, "workflowId": -1, "jobId": 1}, {"startTime": 72155, "endTime": 79056, "taskId": 1, "workflowId": -1, "jobId": 2}, {"startTime": 79056, "endTime": 80496, "taskId": 19, "workflowId": 3, "jobId": -1}, {"startTime": 80507, "endTime": 81002, "taskId": 22, "workflowId": 3, "jobId": -1}, {"startTime": 81019, "endTime": 81518, "taskId": 24, "workflowId": 3, "jobId": -1}, {"startTime": 81518, "endTime": 89058, "taskId": 0, "workflowId": -1, "jobId": 2}, {"startTime": 90358, "endTime": 95662, "taskId": 2, "workflowId": -1, "jobId": 2}, {"startTime": 95662, "endTime": 102563, "taskId": 1, "workflowId": -1, "jobId": 3}, {"startTime": 105774, "endTime": 109701, "taskId": 5, "workflowId": -1, "jobId": 2}, {"startTime": 109701, "endTime": 117241, "taskId": 0, "workflowId": -1, "jobId": 3}, {"startTime": 118976, "endTime": 119169, "taskId": 7, "workflowId": -1, "jobId": 2}, {"startTime": 119169, "endTime": 126070, "taskId": 1, "workflowId": -1, "jobId": 4}, {"startTime": 126186, "endTime": 128878, "taskId": 11, "workflowId": -1, "jobId": 3}, {"startTime": 129349, "endTime": 135484, "taskId": 9, "workflowId": -1, "jobId": 2}, {"startTime": 137786, "endTime": 145326, "taskId": 0, "workflowId": -1, "jobId": 4}, {"startTime": 146097, "endTime": 150428, "taskId": 5, "workflowId": -1, "jobId": 3}, {"startTime": 155491, "endTime": 163423, "taskId": 2, "workflowId": -1, "jobId": 4}, {"startTime": 165516, "endTime": 165835, "taskId": 6, "workflowId": -1, "jobId": 2}, {"startTime": 165835, "endTime": 165931, "taskId": 7, "workflowId": -1, "jobId": 3}, {"startTime": 165931, "endTime": 166311, "taskId": 0, "workflowId": -1, "jobId": 5}, {"startTime": 166311, "endTime": 173212, "taskId": 1, "workflowId": -1, "jobId": 6}, {"startTime": 179522, "endTime": 182804, "taskId": 8, "workflowId": -1, "jobId": 2}, {"startTime": 186598, "endTime": 188051, "taskId": 5, "workflowId": -1, "jobId": 4}, {"startTime": 188051, "endTime": 189818, "taskId": 2, "workflowId": -1, "jobId": 5}, {"startTime": 189818, "endTime": 196719, "taskId": 1, "workflowId": -1, "jobId": 7}, {"startTime": 212629, "endTime": 213197, "taskId": 7, "workflowId": -1, "jobId": 4}, {"startTime": 213197, "endTime": 220098, "taskId": 1, "workflowId": -1, "jobId": 8}, {"startTime": 220501, "endTime": 222240, "taskId": 2, "workflowId": -1, "jobId": 6}, {"startTime": 222240, "endTime": 229780, "taskId": 0, "workflowId": -1, "jobId": 7}, {"startTime": 233461, "endTime": 235678, "taskId": 9, "workflowId": -1, "jobId": 4}, {"startTime": 235678, "endTime": 236704, "taskId": 6, "workflowId": -1, "jobId": 3}, {"startTime": 236704, "endTime": 243605, "taskId": 1, "workflowId": -1, "jobId": 9}, {"startTime": 250397, "endTime": 257937, "taskId": 0, "workflowId": -1, "jobId": 8}, {"startTime": 259501, "endTime": 260211, "taskId": 7, "workflowId": -1, "jobId": 5}, {"startTime": 260211, "endTime": 267112, "taskId": 1, "workflowId": -1, "jobId": 10}, {"startTime": 269931, "endTime": 278463, "taskId": 10, "workflowId": -1, "jobId": 5}, {"startTime": 278554, "endTime": 286094, "taskId": 0, "workflowId": -1, "jobId": 9}, {"startTime": 290029, "endTime": 293253, "taskId": 3, "workflowId": -1, "jobId": 8}, {"startTime": 294485, "endTime": 297177, "taskId": 11, "workflowId": -1, "jobId": 8}, {"startTime": 305857, "endTime": 306373, "taskId": 6, "workflowId": -1, "jobId": 4}, {"startTime": 306373, "endTime": 306711, "taskId": 7, "workflowId": -1, "jobId": 6}, {"startTime": 306711, "endTime": 307225, "taskId": 0, "workflowId": -1, "jobId": 10}, {"startTime": 307225, "endTime": 314126, "taskId": 1, "workflowId": -1, "jobId": 12}, {"startTime": 318181, "endTime": 326113, "taskId": 2, "workflowId": -1, "jobId": 9}, {"startTime": 328153, "endTime": 330732, "taskId": 11, "workflowId": -1, "jobId": 9}, {"startTime": 330732, "endTime": 337633, "taskId": 1, "workflowId": -1, "jobId": 13}, {"startTime": 347661, "endTime": 350741, "taskId": 5, "workflowId": -1, "jobId": 8}, {"startTime": 350741, "endTime": 354239, "taskId": 2, "workflowId": -1, "jobId": 10}, {"startTime": 354239, "endTime": 361140, "taskId": 1, "workflowId": -1, "jobId": 14}, {"startTime": 361821, "endTime": 363025, "taskId": 11, "workflowId": -1, "jobId": 10}, {"startTime": 363025, "endTime": 370565, "taskId": 0, "workflowId": -1, "jobId": 12}, {"startTime": 376036, "endTime": 377746, "taskId": 6, "workflowId": -1, "jobId": 5}, {"startTime": 377746, "endTime": 384647, "taskId": 1, "workflowId": -1, "jobId": 15}, {"startTime": 386296, "endTime": 387976, "taskId": 4, "workflowId": -1, "jobId": 5}, {"startTime": 387976, "endTime": 389362, "taskId": 5, "workflowId": -1, "jobId": 9}, {"startTime": 389362, "endTime": 391182, "taskId": 3, "workflowId": -1, "jobId": 11}, {"startTime": 391182, "endTime": 398722, "taskId": 0, "workflowId": -1, "jobId": 13}, {"startTime": 400117, "endTime": 401253, "taskId": 7, "workflowId": -1, "jobId": 8}, {"startTime": 401253, "endTime": 408154, "taskId": 1, "workflowId": -1, "jobId": 16}, {"startTime": 411091, "endTime": 414373, "taskId": 8, "workflowId": -1, "jobId": 5}, {"startTime": 415861, "endTime": 419339, "taskId": 2, "workflowId": -1, "jobId": 12}, {"startTime": 419339, "endTime": 426879, "taskId": 0, "workflowId": -1, "jobId": 14}, {"startTime": 428291, "endTime": 432622, "taskId": 5, "workflowId": -1, "jobId": 10}, {"startTime": 441781, "endTime": 446989, "taskId": 9, "workflowId": -1, "jobId": 8}, {"startTime": 446989, "endTime": 447496, "taskId": 7, "workflowId": -1, "jobId": 9}, {"startTime": 447496, "endTime": 448267, "taskId": 0, "workflowId": -1, "jobId": 15}, {"startTime": 448267, "endTime": 455168, "taskId": 1, "workflowId": -1, "jobId": 18}, {"startTime": 455584, "endTime": 458808, "taskId": 3, "workflowId": -1, "jobId": 13}, {"startTime": 462825, "endTime": 465517, "taskId": 11, "workflowId": -1, "jobId": 13}, {"startTime": 471774, "endTime": 478675, "taskId": 1, "workflowId": -1, "jobId": 19}]}, {"frequency": 2.83, "activePower": 95.4, "idlePower": 49.6, "memory": 2, "allocations": [{"startTime": 25143, "endTime": 32683, "taskId": 0, "workflowId": -1, "jobId": 0}, {"startTime": 32683, "endTime": 33045, "taskId": 21, "workflowId": 0, "jobId": -1}, {"startTime": 33045, "endTime": 33766, "taskId": 21, "workflowId": 0, "jobId": -1}, {"startTime": 33766, "endTime": 33988, "taskId": 21, "workflowId": 0, "jobId": -1}, {"startTime": 33988, "endTime": 34089, "taskId": 21, "workflowId": 0, "jobId": -1}, {"startTime": 34089, "endTime": 34140, "taskId": 17, "workflowId": 0, "jobId": -1}, {"startTime": 34140, "endTime": 34231, "taskId": 17, "workflowId": 0, "jobId": -1}, {"startTime": 34231, "endTime": 35006, "taskId": 19, "workflowId": 0, "jobId": -1}, {"startTime": 35006, "endTime": 35986, "taskId": 17, "workflowId": 0, "jobId": -1}, {"startTime": 35986, "endTime": 36319, "taskId": 3, "workflowId": -1, "jobId": 0}, {"startTime": 36319, "endTime": 38225, "taskId": 3, "workflowId": -1, "jobId": 0}, {"startTime": 38225, "endTime": 39209, "taskId": 3, "workflowId": -1, "jobId": 0}, {"startTime": 39209, "endTime": 40030, "taskId": 3, "workflowId": 2, "jobId": -1}, {"startTime": 40030, "endTime": 40462, "taskId": 8, "workflowId": 2, "jobId": -1}, {"startTime": 40462, "endTime": 41279, "taskId": 10, "workflowId": 2, "jobId": -1}, {"startTime": 41279, "endTime": 41437, "taskId": 6, "workflowId": -1, "jobId": 0}, {"startTime": 41437, "endTime": 41556, "taskId": 7, "workflowId": -1, "jobId": 0}, {"startTime": 41556, "endTime": 43343, "taskId": 7, "workflowId": -1, "jobId": 0}, {"startTime": 43343, "endTime": 43419, "taskId": 8, "workflowId": 2, "jobId": -1}, {"startTime": 43419, "endTime": 43533, "taskId": 10, "workflowId": 2, "jobId": -1}, {"startTime": 43533, "endTime": 43627, "taskId": 10, "workflowId": 2, "jobId": -1}, {"startTime": 43627, "endTime": 43689, "taskId": 8, "workflowId": 2, "jobId": -1}, {"startTime": 43689, "endTime": 44952, "taskId": 4, "workflowId": -1, "jobId": 0}, {"startTime": 44952, "endTime": 45565, "taskId": 4, "workflowId": -1, "jobId": 0}, {"startTime": 45565, "endTime": 45759, "taskId": 4, "workflowId": -1, "jobId": 0}, {"startTime": 45759, "endTime": 46040, "taskId": 6, "workflowId": 2, "jobId": -1}, {"startTime": 46040, "endTime": 46336, "taskId": 6, "workflowId": 2, "jobId": -1}, {"startTime": 46336, "endTime": 46581, "taskId": 6, "workflowId": 2, "jobId": -1}, {"startTime": 46581, "endTime": 46722, "taskId": 6, "workflowId": 2, "jobId": -1}, {"startTime": 46722, "endTime": 46755, "taskId": 6, "workflowId": 2, "jobId": -1}, {"startTime": 46755, "endTime": 47485, "taskId": 6, "workflowId": 2, "jobId": -1}, {"startTime": 47485, "endTime": 48200, "taskId": 18, "workflowId": 2, "jobId": -1}, {"startTime": 48200, "endTime": 48255, "taskId": 18, "workflowId": 2, "jobId": -1}, {"startTime": 48255, "endTime": 48422, "taskId": 18, "workflowId": 2, "jobId": -1}, {"startTime": 48422, "endTime": 48648, "taskId": 20, "workflowId": 2, "jobId": -1}, {"startTime": 48648, "endTime": 49042, "taskId": 17, "workflowId": 2, "jobId": -1}, {"startTime": 49042, "endTime": 49090, "taskId": 17, "workflowId": 2, "jobId": -1}, {"startTime": 49090, "endTime": 49102, "taskId": 17, "workflowId": 2, "jobId": -1}, {"startTime": 49102, "endTime": 49192, "taskId": 17, "workflowId": 2, "jobId": -1}, {"startTime": 49192, "endTime": 49558, "taskId": 17, "workflowId": 2, "jobId": -1}, {"startTime": 49558, "endTime": 49744, "taskId": 17, "workflowId": 2, "jobId": -1}, {"startTime": 49744, "endTime": 49765, "taskId": 17, "workflowId": 2, "jobId": -1}, {"startTime": 49765, "endTime": 49910, "taskId": 17, "workflowId": 2, "jobId": -1}, {"startTime": 49910, "endTime": 50662, "taskId": 12, "workflowId": 1, "jobId": -1}, {"startTime": 50662, "endTime": 50767, "taskId": 9, "workflowId": 1, "jobId": -1}, {"startTime": 50767, "endTime": 50965, "taskId": 9, "workflowId": 1, "jobId": -1}, {"startTime": 50965, "endTime": 51240, "taskId": 9, "workflowId": 1, "jobId": -1}, {"startTime": 51240, "endTime": 51453, "taskId": 9, "workflowId": 1, "jobId": -1}, {"startTime": 51453, "endTime": 51506, "taskId": 9, "workflowId": 1, "jobId": -1}, {"startTime": 51506, "endTime": 51589, "taskId": 9, "workflowId": 1, "jobId": -1}, {"startTime": 51589, "endTime": 51706, "taskId": 9, "workflowId": 1, "jobId": -1}, {"startTime": 51706, "endTime": 51865, "taskId": 9, "workflowId": 1, "jobId": -1}, {"startTime": 51865, "endTime": 52131, "taskId": 9, "workflowId": 1, "jobId": -1}, {"startTime": 52131, "endTime": 52177, "taskId": 9, "workflowId": 1, "jobId": -1}, {"startTime": 52177, "endTime": 52366, "taskId": 24, "workflowId": 1, "jobId": -1}, {"startTime": 52366, "endTime": 52412, "taskId": 14, "workflowId": 2, "jobId": -1}, {"startTime": 52412, "endTime": 53298, "taskId": 14, "workflowId": 2, "jobId": -1}, {"startTime": 53298, "endTime": 53556, "taskId": 0, "workflowId": -1, "jobId": 1}, {"startTime": 53556, "endTime": 53619, "taskId": 0, "workflowId": -1, "jobId": 1}, {"startTime": 53619, "endTime": 53810, "taskId": 0, "workflowId": -1, "jobId": 1}, {"startTime": 53810, "endTime": 53915, "taskId": 0, "workflowId": -1, "jobId": 1}, {"startTime": 53915, "endTime": 54094, "taskId": 0, "workflowId": -1, "jobId": 1}, {"startTime": 54094, "endTime": 54331, "taskId": 0, "workflowId": -1, "jobId": 1}, {"startTime": 54331, "endTime": 54353, "taskId": 0, "workflowId": -1, "jobId": 1}, {"startTime": 54353, "endTime": 55258, "taskId": 0, "workflowId": -1, "jobId": 1}, {"startTime": 55258, "endTime": 55517, "taskId": 0, "workflowId": -1, "jobId": 1}, {"startTime": 55517, "endTime": 55657, "taskId": 0, "workflowId": -1, "jobId": 1}, {"startTime": 55657, "endTime": 56007, "taskId": 0, "workflowId": -1, "jobId": 1}, {"startTime": 56007, "endTime": 56147, "taskId": 0, "workflowId": -1, "jobId": 1}, {"startTime": 56147, "endTime": 56452, "taskId": 0, "workflowId": -1, "jobId": 1}, {"startTime": 56452, "endTime": 57075, "taskId": 0, "workflowId": -1, "jobId": 1}, {"startTime": 57075, "endTime": 57121, "taskId": 0, "workflowId": -1, "jobId": 1}, {"startTime": 57121, "endTime": 57663, "taskId": 0, "workflowId": -1, "jobId": 1}, {"startTime": 57663, "endTime": 60838, "taskId": 0, "workflowId": -1, "jobId": 1}, {"startTime": 60838, "endTime": 61489, "taskId": 14, "workflowId": 1, "jobId": -1}, {"startTime": 61489, "endTime": 65456, "taskId": 9, "workflowId": -1, "jobId": 0}, {"startTime": 65456, "endTime": 67624, "taskId": 5, "workflowId": -1, "jobId": 1}, {"startTime": 67624, "endTime": 69787, "taskId": 5, "workflowId": -1, "jobId": 1}, {"startTime": 69787, "endTime": 70970, "taskId": 7, "workflowId": 3, "jobId": -1}, {"startTime": 70970, "endTime": 72020, "taskId": 10, "workflowId": 3, "jobId": -1}, {"startTime": 72020, "endTime": 72155, "taskId": 11, "workflowId": 3, "jobId": -1}, {"startTime": 72155, "endTime": 72457, "taskId": 7, "workflowId": -1, "jobId": 1}, {"startTime": 72457, "endTime": 77131, "taskId": 7, "workflowId": -1, "jobId": 1}, {"startTime": 77279, "endTime": 83414, "taskId": 9, "workflowId": -1, "jobId": 1}, {"startTime": 91404, "endTime": 94628, "taskId": 3, "workflowId": -1, "jobId": 2}, {"startTime": 95550, "endTime": 95662, "taskId": 6, "workflowId": -1, "jobId": 1}, {"startTime": 95662, "endTime": 98290, "taskId": 2, "workflowId": -1, "jobId": 2}, {"startTime": 102417, "endTime": 105699, "taskId": 8, "workflowId": -1, "jobId": 1}, {"startTime": 109701, "endTime": 110105, "taskId": 5, "workflowId": -1, "jobId": 2}, {"startTime": 119169, "endTime": 122830, "taskId": 7, "workflowId": -1, "jobId": 2}, {"startTime": 122830, "endTime": 130762, "taskId": 2, "workflowId": -1, "jobId": 3}, {"startTime": 142686, "endTime": 149587, "taskId": 1, "workflowId": -1, "jobId": 5}, {"startTime": 157651, "endTime": 160875, "taskId": 3, "workflowId": -1, "jobId": 4}, {"startTime": 165835, "endTime": 165931, "taskId": 6, "workflowId": -1, "jobId": 2}, {"startTime": 165931, "endTime": 166311, "taskId": 7, "workflowId": -1, "jobId": 3}, {"startTime": 166311, "endTime": 173471, "taskId": 0, "workflowId": -1, "jobId": 5}, {"startTime": 181474, "endTime": 187609, "taskId": 9, "workflowId": -1, "jobId": 3}, {"startTime": 188051, "endTime": 189818, "taskId": 5, "workflowId": -1, "jobId": 4}, {"startTime": 189818, "endTime": 195983, "taskId": 2, "workflowId": -1, "jobId": 5}, {"startTime": 213197, "endTime": 217747, "taskId": 7, "workflowId": -1, "jobId": 4}, {"startTime": 220973, "endTime": 222240, "taskId": 10, "workflowId": -1, "jobId": 4}, {"startTime": 222240, "endTime": 228433, "taskId": 2, "workflowId": -1, "jobId": 6}, {"startTime": 228433, "endTime": 231104, "taskId": 10, "workflowId": -1, "jobId": 4}, {"startTime": 235678, "endTime": 236704, "taskId": 9, "workflowId": -1, "jobId": 4}, {"startTime": 236704, "endTime": 240254, "taskId": 6, "workflowId": -1, "jobId": 3}, {"startTime": 241834, "endTime": 246314, "taskId": 4, "workflowId": -1, "jobId": 3}, {"startTime": 253061, "endTime": 260993, "taskId": 2, "workflowId": -1, "jobId": 7}, {"startTime": 267031, "endTime": 271362, "taskId": 5, "workflowId": -1, "jobId": 6}, {"startTime": 283718, "endTime": 290619, "taskId": 1, "workflowId": -1, "jobId": 11}, {"startTime": 306373, "endTime": 306711, "taskId": 6, "workflowId": -1, "jobId": 4}, {"startTime": 306711, "endTime": 307225, "taskId": 7, "workflowId": -1, "jobId": 6}, {"startTime": 307225, "endTime": 314251, "taskId": 0, "workflowId": -1, "jobId": 10}, {"startTime": 318889, "endTime": 323140, "taskId": 10, "workflowId": -1, "jobId": 6}, {"startTime": 323140, "endTime": 326364, "taskId": 3, "workflowId": -1, "jobId": 9}, {"startTime": 330732, "endTime": 330845, "taskId": 11, "workflowId": -1, "jobId": 9}, {"startTime": 333901, "endTime": 334868, "taskId": 8, "workflowId": -1, "jobId": 4}, {"startTime": 334868, "endTime": 342408, "taskId": 0, "workflowId": -1, "jobId": 11}, {"startTime": 350741, "endTime": 351992, "taskId": 5, "workflowId": -1, "jobId": 8}, {"startTime": 353245, "endTime": 354239, "taskId": 7, "workflowId": -1, "jobId": 7}, {"startTime": 354239, "endTime": 358673, "taskId": 2, "workflowId": -1, "jobId": 10}, {"startTime": 363025, "endTime": 364513, "taskId": 11, "workflowId": -1, "jobId": 10}, {"startTime": 367847, "endTime": 376379, "taskId": 10, "workflowId": -1, "jobId": 7}, {"startTime": 377746, "endTime": 380612, "taskId": 6, "workflowId": -1, "jobId": 5}, {"startTime": 383301, "endTime": 391233, "taskId": 2, "workflowId": -1, "jobId": 11}, {"startTime": 391233, "endTime": 395489, "taskId": 9, "workflowId": -1, "jobId": 7}, {"startTime": 395489, "endTime": 398181, "taskId": 11, "workflowId": -1, "jobId": 11}, {"startTime": 401253, "endTime": 405235, "taskId": 7, "workflowId": -1, "jobId": 8}, {"startTime": 416805, "endTime": 419339, "taskId": 10, "workflowId": -1, "jobId": 8}, {"startTime": 419339, "endTime": 423793, "taskId": 2, "workflowId": -1, "jobId": 12}, {"startTime": 424760, "endTime": 431661, "taskId": 1, "workflowId": -1, "jobId": 17}, {"startTime": 446989, "endTime": 447496, "taskId": 9, "workflowId": -1, "jobId": 8}, {"startTime": 447496, "endTime": 448267, "taskId": 7, "workflowId": -1, "jobId": 9}, {"startTime": 448267, "endTime": 455036, "taskId": 0, "workflowId": -1, "jobId": 15}]}, {"frequency": 2.83, "activePower": 95.4, "idlePower": 49.6, "memory": 2, "allocations": [{"startTime": 25143, "endTime": 33075, "taskId": 2, "workflowId": -1, "jobId": 0}, {"startTime": 33075, "endTime": 33894, "taskId": 24, "workflowId": 0, "jobId": -1}, {"startTime": 33894, "endTime": 34158, "taskId": 24, "workflowId": 0, "jobId": -1}, {"startTime": 34158, "endTime": 34607, "taskId": 24, "workflowId": 0, "jobId": -1}, {"startTime": 34607, "endTime": 35468, "taskId": 23, "workflowId": 0, "jobId": -1}, {"startTime": 35468, "endTime": 36287, "taskId": 14, "workflowId": 0, "jobId": -1}, {"startTime": 36287, "endTime": 36298, "taskId": 11, "workflowId": -1, "jobId": 0}, {"startTime": 36298, "endTime": 36319, "taskId": 5, "workflowId": -1, "jobId": 0}, {"startTime": 36319, "endTime": 38225, "taskId": 5, "workflowId": -1, "jobId": 0}, {"startTime": 38225, "endTime": 40895, "taskId": 7, "workflowId": -1, "jobId": 0}, {"startTime": 40895, "endTime": 41437, "taskId": 7, "workflowId": -1, "jobId": 0}, {"startTime": 41437, "endTime": 42679, "taskId": 8, "workflowId": -1, "jobId": 0}, {"startTime": 42679, "endTime": 43797, "taskId": 6, "workflowId": -1, "jobId": 0}, {"startTime": 43797, "endTime": 45066, "taskId": 6, "workflowId": -1, "jobId": 0}, {"startTime": 45066, "endTime": 45379, "taskId": 6, "workflowId": -1, "jobId": 0}, {"startTime": 45379, "endTime": 45523, "taskId": 6, "workflowId": -1, "jobId": 0}, {"startTime": 45523, "endTime": 45722, "taskId": 6, "workflowId": -1, "jobId": 0}, {"startTime": 45722, "endTime": 46761, "taskId": 6, "workflowId": -1, "jobId": 0}, {"startTime": 46761, "endTime": 47042, "taskId": 8, "workflowId": 2, "jobId": -1}, {"startTime": 47042, "endTime": 48219, "taskId": 8, "workflowId": 1, "jobId": -1}, {"startTime": 48219, "endTime": 48599, "taskId": 11, "workflowId": 1, "jobId": -1}, {"startTime": 48599, "endTime": 48873, "taskId": 11, "workflowId": 1, "jobId": -1}, {"startTime": 48873, "endTime": 48989, "taskId": 11, "workflowId": 1, "jobId": -1}, {"startTime": 48989, "endTime": 49045, "taskId": 11, "workflowId": 1, "jobId": -1}, {"startTime": 49045, "endTime": 49497, "taskId": 20, "workflowId": 2, "jobId": -1}, {"startTime": 49497, "endTime": 49499, "taskId": 20, "workflowId": 2, "jobId": -1}, {"startTime": 49499, "endTime": 49558, "taskId": 16, "workflowId": 1, "jobId": -1}, {"startTime": 49558, "endTime": 49765, "taskId": 16, "workflowId": 2, "jobId": -1}, {"startTime": 49765, "endTime": 49815, "taskId": 16, "workflowId": 2, "jobId": -1}, {"startTime": 49815, "endTime": 49973, "taskId": 16, "workflowId": 2, "jobId": -1}, {"startTime": 49973, "endTime": 50483, "taskId": 16, "workflowId": 2, "jobId": -1}, {"startTime": 50483, "endTime": 50560, "taskId": 16, "workflowId": 2, "jobId": -1}, {"startTime": 50560, "endTime": 50562, "taskId": 16, "workflowId": 2, "jobId": -1}, {"startTime": 50562, "endTime": 50640, "taskId": 16, "workflowId": 2, "jobId": -1}, {"startTime": 50640, "endTime": 50767, "taskId": 16, "workflowId": 2, "jobId": -1}, {"startTime": 50767, "endTime": 51101, "taskId": 16, "workflowId": 1, "jobId": -1}, {"startTime": 51101, "endTime": 51240, "taskId": 14, "workflowId": 2, "jobId": -1}, {"startTime": 51240, "endTime": 51241, "taskId": 16, "workflowId": 1, "jobId": -1}, {"startTime": 51241, "endTime": 51782, "taskId": 16, "workflowId": 1, "jobId": -1}, {"startTime": 51782, "endTime": 51788, "taskId": 16, "workflowId": 1, "jobId": -1}, {"startTime": 51788, "endTime": 51865, "taskId": 16, "workflowId": 1, "jobId": -1}, {"startTime": 51865, "endTime": 51909, "taskId": 16, "workflowId": 1, "jobId": -1}, {"startTime": 51909, "endTime": 51937, "taskId": 16, "workflowId": 1, "jobId": -1}, {"startTime": 51937, "endTime": 52162, "taskId": 16, "workflowId": 1, "jobId": -1}, {"startTime": 52162, "endTime": 52183, "taskId": 21, "workflowId": 2, "jobId": -1}, {"startTime": 52183, "endTime": 52407, "taskId": 21, "workflowId": 2, "jobId": -1}, {"startTime": 52407, "endTime": 52486, "taskId": 21, "workflowId": 2, "jobId": -1}, {"startTime": 52486, "endTime": 52829, "taskId": 21, "workflowId": 2, "jobId": -1}, {"startTime": 52829, "endTime": 52895, "taskId": 21, "workflowId": 2, "jobId": -1}, {"startTime": 52895, "endTime": 53005, "taskId": 24, "workflowId": 2, "jobId": -1}, {"startTime": 53005, "endTime": 53298, "taskId": 9, "workflowId": 2, "jobId": -1}, {"startTime": 53298, "endTime": 53370, "taskId": 14, "workflowId": 2, "jobId": -1}, {"startTime": 53370, "endTime": 53487, "taskId": 14, "workflowId": 2, "jobId": -1}, {"startTime": 53487, "endTime": 53556, "taskId": 14, "workflowId": 2, "jobId": -1}, {"startTime": 53556, "endTime": 53619, "taskId": 24, "workflowId": 1, "jobId": -1}, {"startTime": 53619, "endTime": 54029, "taskId": 24, "workflowId": 1, "jobId": -1}, {"startTime": 54029, "endTime": 54036, "taskId": 24, "workflowId": 1, "jobId": -1}, {"startTime": 54036, "endTime": 54273, "taskId": 17, "workflowId": 1, "jobId": -1}, {"startTime": 54273, "endTime": 54298, "taskId": 17, "workflowId": 1, "jobId": -1}, {"startTime": 54298, "endTime": 55177, "taskId": 17, "workflowId": 1, "jobId": -1}, {"startTime": 55177, "endTime": 55315, "taskId": 24, "workflowId": 1, "jobId": -1}, {"startTime": 55315, "endTime": 55438, "taskId": 24, "workflowId": 1, "jobId": -1}, {"startTime": 55438, "endTime": 55924, "taskId": 24, "workflowId": 1, "jobId": -1}, {"startTime": 55924, "endTime": 55980, "taskId": 23, "workflowId": 2, "jobId": -1}, {"startTime": 55980, "endTime": 56141, "taskId": 19, "workflowId": 2, "jobId": -1}, {"startTime": 56141, "endTime": 56317, "taskId": 19, "workflowId": 2, "jobId": -1}, {"startTime": 56317, "endTime": 56416, "taskId": 19, "workflowId": 2, "jobId": -1}, {"startTime": 56416, "endTime": 57276, "taskId": 23, "workflowId": 2, "jobId": -1}, {"startTime": 57276, "endTime": 57639, "taskId": 23, "workflowId": 2, "jobId": -1}, {"startTime": 57639, "endTime": 58252, "taskId": 13, "workflowId": 1, "jobId": -1}, {"startTime": 58252, "endTime": 58499, "taskId": 3, "workflowId": -1, "jobId": 1}, {"startTime": 58499, "endTime": 59041, "taskId": 3, "workflowId": -1, "jobId": 1}, {"startTime": 59041, "endTime": 59281, "taskId": 3, "workflowId": -1, "jobId": 1}, {"startTime": 59281, "endTime": 59823, "taskId": 3, "workflowId": -1, "jobId": 1}, {"startTime": 59823, "endTime": 61476, "taskId": 3, "workflowId": -1, "jobId": 1}, {"startTime": 61476, "endTime": 62240, "taskId": 10, "workflowId": -1, "jobId": 0}, {"startTime": 62240, "endTime": 70008, "taskId": 10, "workflowId": -1, "jobId": 0}, {"startTime": 70970, "endTime": 72029, "taskId": 9, "workflowId": 3, "jobId": -1}, {"startTime": 72029, "endTime": 72030, "taskId": 12, "workflowId": 3, "jobId": -1}, {"startTime": 72030, "endTime": 72155, "taskId": 15, "workflowId": 3, "jobId": -1}, {"startTime": 72155, "endTime": 72457, "taskId": 11, "workflowId": 3, "jobId": -1}, {"startTime": 72457, "endTime": 73155, "taskId": 14, "workflowId": 3, "jobId": -1}, {"startTime": 73155, "endTime": 74099, "taskId": 16, "workflowId": 3, "jobId": -1}, {"startTime": 74099, "endTime": 74900, "taskId": 10, "workflowId": -1, "jobId": 1}, {"startTime": 74900, "endTime": 82631, "taskId": 10, "workflowId": -1, "jobId": 1}, {"startTime": 92480, "endTime": 95172, "taskId": 11, "workflowId": -1, "jobId": 2}, {"startTime": 95662, "endTime": 100126, "taskId": 6, "workflowId": -1, "jobId": 1}, {"startTime": 122830, "endTime": 124094, "taskId": 7, "workflowId": -1, "jobId": 2}, {"startTime": 124479, "endTime": 127703, "taskId": 3, "workflowId": -1, "jobId": 3}, {"startTime": 159896, "endTime": 162588, "taskId": 11, "workflowId": -1, "jobId": 4}, {"startTime": 165931, "endTime": 166311, "taskId": 6, "workflowId": -1, "jobId": 2}, {"startTime": 166311, "endTime": 170953, "taskId": 7, "workflowId": -1, "jobId": 3}, {"startTime": 172067, "endTime": 180599, "taskId": 10, "workflowId": -1, "jobId": 3}, {"startTime": 189818, "endTime": 190790, "taskId": 5, "workflowId": -1, "jobId": 4}, {"startTime": 190790, "endTime": 194014, "taskId": 3, "workflowId": -1, "jobId": 5}, {"startTime": 194180, "endTime": 201720, "taskId": 0, "workflowId": -1, "jobId": 6}, {"startTime": 222240, "endTime": 223807, "taskId": 10, "workflowId": -1, "jobId": 4}, {"startTime": 223807, "endTime": 227031, "taskId": 3, "workflowId": -1, "jobId": 6}, {"startTime": 227031, "endTime": 227149, "taskId": 10, "workflowId": -1, "jobId": 4}, {"startTime": 227149, "endTime": 229841, "taskId": 11, "workflowId": -1, "jobId": 6}, {"startTime": 236704, "endTime": 239596, "taskId": 9, "workflowId": -1, "jobId": 4}, {"startTime": 256711, "endTime": 256918, "taskId": 8, "workflowId": -1, "jobId": 3}, {"startTime": 256918, "endTime": 260142, "taskId": 3, "workflowId": -1, "jobId": 7}, {"startTime": 260211, "endTime": 264619, "taskId": 7, "workflowId": -1, "jobId": 5}, {"startTime": 285541, "endTime": 285621, "taskId": 9, "workflowId": -1, "jobId": 5}, {"startTime": 285621, "endTime": 293553, "taskId": 2, "workflowId": -1, "jobId": 8}, {"startTime": 306711, "endTime": 307225, "taskId": 6, "workflowId": -1, "jobId": 4}, {"startTime": 307225, "endTime": 307346, "taskId": 7, "workflowId": -1, "jobId": 6}, {"startTime": 307346, "endTime": 311677, "taskId": 5, "workflowId": -1, "jobId": 7}, {"startTime": 314065, "endTime": 318545, "taskId": 4, "workflowId": -1, "jobId": 4}, {"startTime": 323140, "endTime": 327421, "taskId": 10, "workflowId": -1, "jobId": 6}, {"startTime": 334868, "endTime": 337183, "taskId": 8, "workflowId": -1, "jobId": 4}, {"startTime": 337621, "endTime": 343756, "taskId": 9, "workflowId": -1, "jobId": 6}, {"startTime": 354239, "endTime": 356251, "taskId": 7, "workflowId": -1, "jobId": 7}, {"startTime": 356251, "endTime": 359475, "taskId": 3, "workflowId": -1, "jobId": 10}, {"startTime": 387976, "endTime": 389362, "taskId": 4, "workflowId": -1, "jobId": 5}, {"startTime": 389362, "endTime": 391182, "taskId": 5, "workflowId": -1, "jobId": 9}, {"startTime": 391182, "endTime": 392586, "taskId": 3, "workflowId": -1, "jobId": 11}, {"startTime": 395489, "endTime": 396962, "taskId": 9, "workflowId": -1, "jobId": 7}, {"startTime": 419339, "endTime": 422473, "taskId": 10, "workflowId": -1, "jobId": 8}, {"startTime": 422473, "endTime": 425697, "taskId": 3, "workflowId": -1, "jobId": 12}, {"startTime": 429157, "endTime": 431849, "taskId": 11, "workflowId": -1, "jobId": 12}, {"startTime": 447496, "endTime": 447916, "taskId": 9, "workflowId": -1, "jobId": 8}, {"startTime": 448267, "endTime": 448421, "taskId": 7, "workflowId": -1, "jobId": 9}, {"startTime": 448421, "endTime": 456353, "taskId": 2, "workflowId": -1, "jobId": 13}]}, {"frequency": 2.83, "activePower": 95.4, "idlePower": 49.6, "memory": 2, "allocations": [{"startTime": 25143, "endTime": 25531, "taskId": 2, "workflowId": 0, "jobId": -1}, {"startTime": 25531, "endTime": 25532, "taskId": 3, "workflowId": -1, "jobId": 0}, {"startTime": 25532, "endTime": 26411, "taskId": 3, "workflowId": 0, "jobId": -1}, {"startTime": 26411, "endTime": 27529, "taskId": 5, "workflowId": 0, "jobId": -1}, {"startTime": 27529, "endTime": 28755, "taskId": 4, "workflowId": 0, "jobId": -1}, {"startTime": 28755, "endTime": 28765, "taskId": 4, "workflowId": 0, "jobId": -1}, {"startTime": 28765, "endTime": 28766, "taskId": 10, "workflowId": 0, "jobId": -1}, {"startTime": 28766, "endTime": 29128, "taskId": 6, "workflowId": 0, "jobId": -1}, {"startTime": 29128, "endTime": 29150, "taskId": 6, "workflowId": 0, "jobId": -1}, {"startTime": 29150, "endTime": 29534, "taskId": 10, "workflowId": 0, "jobId": -1}, {"startTime": 29534, "endTime": 29848, "taskId": 10, "workflowId": 0, "jobId": -1}, {"startTime": 29848, "endTime": 29918, "taskId": 10, "workflowId": 0, "jobId": -1}, {"startTime": 29918, "endTime": 30211, "taskId": 18, "workflowId": 0, "jobId": -1}, {"startTime": 30211, "endTime": 31042, "taskId": 12, "workflowId": 0, "jobId": -1}, {"startTime": 31042, "endTime": 31216, "taskId": 18, "workflowId": 0, "jobId": -1}, {"startTime": 31216, "endTime": 31217, "taskId": 11, "workflowId": 0, "jobId": -1}, {"startTime": 31217, "endTime": 31579, "taskId": 20, "workflowId": 0, "jobId": -1}, {"startTime": 31579, "endTime": 31880, "taskId": 20, "workflowId": 0, "jobId": -1}, {"startTime": 31880, "endTime": 31988, "taskId": 11, "workflowId": 0, "jobId": -1}, {"startTime": 31988, "endTime": 32082, "taskId": 8, "workflowId": 0, "jobId": -1}, {"startTime": 32082, "endTime": 32445, "taskId": 9, "workflowId": 0, "jobId": -1}, {"startTime": 32445, "endTime": 33071, "taskId": 9, "workflowId": 0, "jobId": -1}, {"startTime": 33071, "endTime": 33086, "taskId": 9, "workflowId": 0, "jobId": -1}, {"startTime": 33086, "endTime": 33384, "taskId": 9, "workflowId": 0, "jobId": -1}, {"startTime": 33384, "endTime": 33638, "taskId": 11, "workflowId": 0, "jobId": -1}, {"startTime": 33638, "endTime": 33750, "taskId": 7, "workflowId": 0, "jobId": -1}, {"startTime": 33750, "endTime": 33794, "taskId": 7, "workflowId": 0, "jobId": -1}, {"startTime": 33794, "endTime": 34097, "taskId": 7, "workflowId": 0, "jobId": -1}, {"startTime": 34097, "endTime": 34231, "taskId": 7, "workflowId": 0, "jobId": -1}, {"startTime": 34231, "endTime": 34943, "taskId": 7, "workflowId": 0, "jobId": -1}, {"startTime": 34943, "endTime": 34980, "taskId": 15, "workflowId": 0, "jobId": -1}, {"startTime": 34980, "endTime": 35956, "taskId": 15, "workflowId": 0, "jobId": -1}, {"startTime": 35956, "endTime": 36319, "taskId": 0, "workflowId": 2, "jobId": -1}, {"startTime": 36319, "endTime": 36368, "taskId": 0, "workflowId": 2, "jobId": -1}, {"startTime": 36368, "endTime": 37039, "taskId": 0, "workflowId": 2, "jobId": -1}, {"startTime": 37039, "endTime": 37961, "taskId": 8, "workflowId": -1, "jobId": 0}, {"startTime": 37961, "endTime": 38225, "taskId": 2, "workflowId": 2, "jobId": -1}, {"startTime": 38225, "endTime": 38875, "taskId": 2, "workflowId": 2, "jobId": -1}, {"startTime": 38876, "endTime": 39179, "taskId": 4, "workflowId": 2, "jobId": -1}, {"startTime": 39179, "endTime": 39433, "taskId": 4, "workflowId": 2, "jobId": -1}, {"startTime": 39433, "endTime": 40461, "taskId": 5, "workflowId": 2, "jobId": -1}, {"startTime": 40461, "endTime": 40462, "taskId": 11, "workflowId": 2, "jobId": -1}, {"startTime": 40462, "endTime": 41279, "taskId": 12, "workflowId": 2, "jobId": -1}, {"startTime": 41279, "endTime": 41556, "taskId": 4, "workflowId": -1, "jobId": 0}, {"startTime": 41556, "endTime": 43689, "taskId": 4, "workflowId": -1, "jobId": 0}, {"startTime": 43689, "endTime": 43935, "taskId": 8, "workflowId": -1, "jobId": 0}, {"startTime": 43935, "endTime": 44454, "taskId": 8, "workflowId": -1, "jobId": 0}, {"startTime": 44454, "endTime": 44807, "taskId": 8, "workflowId": -1, "jobId": 0}, {"startTime": 44807, "endTime": 44996, "taskId": 12, "workflowId": 2, "jobId": -1}, {"startTime": 44996, "endTime": 45053, "taskId": 12, "workflowId": 2, "jobId": -1}, {"startTime": 45053, "endTime": 45066, "taskId": 4, "workflowId": 1, "jobId": -1}, {"startTime": 45066, "endTime": 46249, "taskId": 4, "workflowId": 1, "jobId": -1}, {"startTime": 46249, "endTime": 46722, "taskId": 3, "workflowId": 1, "jobId": -1}, {"startTime": 46722, "endTime": 46755, "taskId": 3, "workflowId": 1, "jobId": -1}, {"startTime": 46755, "endTime": 47074, "taskId": 3, "workflowId": 1, "jobId": -1}, {"startTime": 47074, "endTime": 47854, "taskId": 3, "workflowId": 1, "jobId": -1}, {"startTime": 47854, "endTime": 48395, "taskId": 10, "workflowId": 1, "jobId": -1}, {"startTime": 48395, "endTime": 48522, "taskId": 10, "workflowId": 1, "jobId": -1}, {"startTime": 48522, "endTime": 48624, "taskId": 10, "workflowId": 1, "jobId": -1}, {"startTime": 48624, "endTime": 48630, "taskId": 10, "workflowId": 1, "jobId": -1}, {"startTime": 48630, "endTime": 48648, "taskId": 12, "workflowId": 1, "jobId": -1}, {"startTime": 48648, "endTime": 49063, "taskId": 18, "workflowId": 1, "jobId": -1}, {"startTime": 49063, "endTime": 49278, "taskId": 16, "workflowId": 2, "jobId": -1}, {"startTime": 49278, "endTime": 49558, "taskId": 16, "workflowId": 2, "jobId": -1}, {"startTime": 49558, "endTime": 49895, "taskId": 18, "workflowId": 1, "jobId": -1}, {"startTime": 49895, "endTime": 49902, "taskId": 18, "workflowId": 1, "jobId": -1}, {"startTime": 49902, "endTime": 50071, "taskId": 18, "workflowId": 1, "jobId": -1}, {"startTime": 50071, "endTime": 50072, "taskId": 24, "workflowId": 2, "jobId": -1}, {"startTime": 50072, "endTime": 50182, "taskId": 20, "workflowId": 1, "jobId": -1}, {"startTime": 50182, "endTime": 50754, "taskId": 20, "workflowId": 1, "jobId": -1}, {"startTime": 50754, "endTime": 51697, "taskId": 22, "workflowId": 2, "jobId": -1}, {"startTime": 51697, "endTime": 51837, "taskId": 24, "workflowId": 2, "jobId": -1}, {"startTime": 51837, "endTime": 51937, "taskId": 24, "workflowId": 2, "jobId": -1}, {"startTime": 51937, "endTime": 52041, "taskId": 24, "workflowId": 2, "jobId": -1}, {"startTime": 52041, "endTime": 52240, "taskId": 24, "workflowId": 2, "jobId": -1}, {"startTime": 52240, "endTime": 52365, "taskId": 24, "workflowId": 2, "jobId": -1}, {"startTime": 52365, "endTime": 52438, "taskId": 24, "workflowId": 2, "jobId": -1}, {"startTime": 52438, "endTime": 52781, "taskId": 24, "workflowId": 2, "jobId": -1}, {"startTime": 52781, "endTime": 52895, "taskId": 24, "workflowId": 2, "jobId": -1}, {"startTime": 52895, "endTime": 53346, "taskId": 22, "workflowId": 2, "jobId": -1}, {"startTime": 53346, "endTime": 53669, "taskId": 21, "workflowId": 2, "jobId": -1}, {"startTime": 53669, "endTime": 53709, "taskId": 21, "workflowId": 2, "jobId": -1}, {"startTime": 53709, "endTime": 54036, "taskId": 21, "workflowId": 2, "jobId": -1}, {"startTime": 54036, "endTime": 54070, "taskId": 21, "workflowId": 2, "jobId": -1}, {"startTime": 54070, "endTime": 54211, "taskId": 9, "workflowId": 2, "jobId": -1}, {"startTime": 54211, "endTime": 54360, "taskId": 21, "workflowId": 1, "jobId": -1}, {"startTime": 54360, "endTime": 54380, "taskId": 21, "workflowId": 1, "jobId": -1}, {"startTime": 54380, "endTime": 54862, "taskId": 21, "workflowId": 1, "jobId": -1}, {"startTime": 54862, "endTime": 55542, "taskId": 21, "workflowId": 1, "jobId": -1}, {"startTime": 55542, "endTime": 55775, "taskId": 9, "workflowId": 2, "jobId": -1}, {"startTime": 55775, "endTime": 56024, "taskId": 19, "workflowId": 1, "jobId": -1}, {"startTime": 56024, "endTime": 56141, "taskId": 19, "workflowId": 1, "jobId": -1}, {"startTime": 56141, "endTime": 56175, "taskId": 19, "workflowId": 1, "jobId": -1}, {"startTime": 56175, "endTime": 56317, "taskId": 19, "workflowId": 1, "jobId": -1}, {"startTime": 56317, "endTime": 56463, "taskId": 19, "workflowId": 1, "jobId": -1}, {"startTime": 56463, "endTime": 56648, "taskId": 19, "workflowId": 1, "jobId": -1}, {"startTime": 56648, "endTime": 56912, "taskId": 19, "workflowId": 1, "jobId": -1}, {"startTime": 56912, "endTime": 57453, "taskId": 7, "workflowId": 2, "jobId": -1}, {"startTime": 57453, "endTime": 57685, "taskId": 15, "workflowId": 1, "jobId": -1}, {"startTime": 57685, "endTime": 58381, "taskId": 15, "workflowId": 1, "jobId": -1}, {"startTime": 58381, "endTime": 58628, "taskId": 13, "workflowId": 1, "jobId": -1}, {"startTime": 58628, "endTime": 59163, "taskId": 22, "workflowId": 1, "jobId": -1}, {"startTime": 59163, "endTime": 60194, "taskId": 23, "workflowId": 1, "jobId": -1}, {"startTime": 60194, "endTime": 60441, "taskId": 22, "workflowId": 1, "jobId": -1}, {"startTime": 60441, "endTime": 60983, "taskId": 7, "workflowId": 1, "jobId": -1}, {"startTime": 60983, "endTime": 63400, "taskId": 11, "workflowId": -1, "jobId": 0}, {"startTime": 63400, "endTime": 65056, "taskId": 0, "workflowId": 3, "jobId": -1}, {"startTime": 65056, "endTime": 65456, "taskId": 3, "workflowId": 3, "jobId": -1}, {"startTime": 65456, "endTime": 65591, "taskId": 9, "workflowId": -1, "jobId": 0}, {"startTime": 65591, "endTime": 67624, "taskId": 9, "workflowId": -1, "jobId": 0}, {"startTime": 67624, "endTime": 68277, "taskId": 5, "workflowId": 3, "jobId": -1}, {"startTime": 68277, "endTime": 69289, "taskId": 1, "workflowId": 3, "jobId": -1}, {"startTime": 69289, "endTime": 70752, "taskId": 6, "workflowId": 3, "jobId": -1}, {"startTime": 70970, "endTime": 72013, "taskId": 11, "workflowId": 3, "jobId": -1}, {"startTime": 72013, "endTime": 72030, "taskId": 13, "workflowId": 3, "jobId": -1}, {"startTime": 72030, "endTime": 72155, "taskId": 14, "workflowId": 3, "jobId": -1}, {"startTime": 72155, "endTime": 72801, "taskId": 15, "workflowId": 3, "jobId": -1}, {"startTime": 72801, "endTime": 74092, "taskId": 12, "workflowId": 3, "jobId": -1}, {"startTime": 74092, "endTime": 74099, "taskId": 17, "workflowId": 3, "jobId": -1}, {"startTime": 74099, "endTime": 74900, "taskId": 16, "workflowId": 3, "jobId": -1}, {"startTime": 74900, "endTime": 76105, "taskId": 17, "workflowId": 3, "jobId": -1}, {"startTime": 76105, "endTime": 77856, "taskId": 18, "workflowId": 3, "jobId": -1}, {"startTime": 77865, "endTime": 78492, "taskId": 21, "workflowId": 3, "jobId": -1}, {"startTime": 78492, "endTime": 79448, "taskId": 20, "workflowId": 3, "jobId": -1}, {"startTime": 81019, "endTime": 81519, "taskId": 23, "workflowId": 3, "jobId": -1}, {"startTime": 81519, "endTime": 82406, "taskId": 24, "workflowId": 3, "jobId": -1}, {"startTime": 82406, "endTime": 83476, "taskId": 23, "workflowId": 3, "jobId": -1}, {"startTime": 97494, "endTime": 101974, "taskId": 4, "workflowId": -1, "jobId": 1}, {"startTime": 123067, "endTime": 131599, "taskId": 10, "workflowId": -1, "jobId": 2}, {"startTime": 166311, "endTime": 170092, "taskId": 6, "workflowId": -1, "jobId": 2}, {"startTime": 170092, "endTime": 174572, "taskId": 4, "workflowId": -1, "jobId": 2}, {"startTime": 190790, "endTime": 190929, "taskId": 5, "workflowId": -1, "jobId": 4}, {"startTime": 193511, "endTime": 196203, "taskId": 11, "workflowId": -1, "jobId": 5}, {"startTime": 223807, "endTime": 226716, "taskId": 10, "workflowId": -1, "jobId": 4}, {"startTime": 226716, "endTime": 231047, "taskId": 5, "workflowId": -1, "jobId": 5}, {"startTime": 256918, "endTime": 259993, "taskId": 8, "workflowId": -1, "jobId": 3}, {"startTime": 260817, "endTime": 263509, "taskId": 11, "workflowId": -1, "jobId": 7}, {"startTime": 285621, "endTime": 291676, "taskId": 9, "workflowId": -1, "jobId": 5}, {"startTime": 307225, "endTime": 307346, "taskId": 6, "workflowId": -1, "jobId": 4}, {"startTime": 307346, "endTime": 311491, "taskId": 7, "workflowId": -1, "jobId": 6}, {"startTime": 311491, "endTime": 314578, "taskId": 6, "workflowId": -1, "jobId": 4}, {"startTime": 356251, "endTime": 358363, "taskId": 7, "workflowId": -1, "jobId": 7}, {"startTime": 389362, "endTime": 390776, "taskId": 4, "workflowId": -1, "jobId": 5}, {"startTime": 390776, "endTime": 391182, "taskId": 9, "workflowId": -1, "jobId": 7}, {"startTime": 391182, "endTime": 392307, "taskId": 5, "workflowId": -1, "jobId": 9}, {"startTime": 422473, "endTime": 425337, "taskId": 10, "workflowId": -1, "jobId": 8}, {"startTime": 448421, "endTime": 452107, "taskId": 7, "workflowId": -1, "jobId": 9}]}]