[{"frequency": 2.83, "activePower": 118, "idlePower": 56.7, "memory": 4, "allocations": [{"startTime": 34705, "endTime": 36301, "taskId": 0, "workflowId": 2, "jobId": -1}, {"startTime": 36301, "endTime": 36661, "taskId": 2, "workflowId": 2, "jobId": -1}, {"startTime": 36661, "endTime": 36924, "taskId": 3, "workflowId": 2, "jobId": -1}, {"startTime": 36924, "endTime": 43913, "taskId": 1, "workflowId": -1, "jobId": 0}, {"startTime": 43913, "endTime": 46543, "taskId": 2, "workflowId": -1, "jobId": 0}, {"startTime": 46543, "endTime": 48224, "taskId": 3, "workflowId": -1, "jobId": 0}, {"startTime": 48224, "endTime": 49329, "taskId": 3, "workflowId": -1, "jobId": 0}, {"startTime": 49329, "endTime": 53481, "taskId": 3, "workflowId": -1, "jobId": 0}, {"startTime": 53481, "endTime": 54795, "taskId": 10, "workflowId": 3, "jobId": -1}, {"startTime": 55018, "endTime": 60125, "taskId": 6, "workflowId": -1, "jobId": 0}, {"startTime": 60125, "endTime": 67114, "taskId": 1, "workflowId": -1, "jobId": 1}, {"startTime": 70923, "endTime": 79011, "taskId": 0, "workflowId": -1, "jobId": 1}, {"startTime": 80164, "endTime": 83326, "taskId": 6, "workflowId": -1, "jobId": 2}, {"startTime": 83326, "endTime": 90315, "taskId": 1, "workflowId": -1, "jobId": 2}, {"startTime": 94212, "endTime": 101755, "taskId": 3, "workflowId": -1, "jobId": 1}, {"startTime": 101784, "endTime": 102131, "taskId": 6, "workflowId": -1, "jobId": 3}, {"startTime": 102131, "endTime": 102569, "taskId": 4, "workflowId": 1, "jobId": -1}, {"startTime": 102569, "endTime": 103044, "taskId": 4, "workflowId": -1, "jobId": 1}, {"startTime": 103044, "endTime": 104377, "taskId": 12, "workflowId": 1, "jobId": -1}, {"startTime": 104377, "endTime": 104922, "taskId": 10, "workflowId": 1, "jobId": -1}, {"startTime": 104922, "endTime": 105377, "taskId": 0, "workflowId": -1, "jobId": 2}, {"startTime": 105377, "endTime": 106527, "taskId": 0, "workflowId": -1, "jobId": 2}, {"startTime": 106527, "endTime": 113516, "taskId": 1, "workflowId": -1, "jobId": 3}, {"startTime": 123404, "endTime": 129728, "taskId": 6, "workflowId": -1, "jobId": 4}, {"startTime": 129728, "endTime": 136717, "taskId": 1, "workflowId": -1, "jobId": 4}, {"startTime": 138921, "endTime": 147009, "taskId": 0, "workflowId": -1, "jobId": 3}, {"startTime": 151500, "endTime": 152929, "taskId": 3, "workflowId": -1, "jobId": 2}, {"startTime": 152929, "endTime": 159918, "taskId": 1, "workflowId": -1, "jobId": 5}, {"startTime": 166644, "endTime": 169143, "taskId": 6, "workflowId": -1, "jobId": 6}, {"startTime": 169143, "endTime": 170060, "taskId": 0, "workflowId": 0, "jobId": -1}, {"startTime": 170060, "endTime": 171386, "taskId": 5, "workflowId": 0, "jobId": -1}, {"startTime": 171386, "endTime": 172046, "taskId": 4, "workflowId": 0, "jobId": -1}, {"startTime": 172920, "endTime": 176130, "taskId": 0, "workflowId": -1, "jobId": 4}, {"startTime": 176130, "endTime": 183119, "taskId": 1, "workflowId": -1, "jobId": 6}, {"startTime": 188264, "endTime": 196464, "taskId": 6, "workflowId": -1, "jobId": 7}, {"startTime": 199331, "endTime": 206320, "taskId": 1, "workflowId": -1, "jobId": 7}, {"startTime": 206919, "endTime": 215007, "taskId": 0, "workflowId": -1, "jobId": 5}, {"startTime": 216162, "endTime": 220473, "taskId": 2, "workflowId": -1, "jobId": 3}, {"startTime": 222532, "endTime": 229521, "taskId": 1, "workflowId": -1, "jobId": 8}, {"startTime": 231504, "endTime": 239704, "taskId": 6, "workflowId": -1, "jobId": 9}, {"startTime": 240918, "endTime": 245733, "taskId": 0, "workflowId": -1, "jobId": 6}, {"startTime": 245733, "endTime": 252722, "taskId": 1, "workflowId": -1, "jobId": 9}, {"startTime": 253124, "endTime": 261324, "taskId": 6, "workflowId": -1, "jobId": 10}, {"startTime": 266076, "endTime": 268934, "taskId": 3, "workflowId": -1, "jobId": 4}, {"startTime": 268934, "endTime": 275923, "taskId": 1, "workflowId": -1, "jobId": 10}, {"startTime": 276764, "endTime": 284649, "taskId": 5, "workflowId": -1, "jobId": 5}, {"startTime": 292135, "endTime": 299124, "taskId": 1, "workflowId": -1, "jobId": 11}, {"startTime": 308916, "endTime": 315336, "taskId": 0, "workflowId": -1, "jobId": 8}, {"startTime": 315336, "endTime": 322325, "taskId": 1, "workflowId": -1, "jobId": 12}, {"startTime": 323364, "endTime": 324732, "taskId": 3, "workflowId": -1, "jobId": 5}, {"startTime": 324732, "endTime": 332617, "taskId": 5, "workflowId": -1, "jobId": 6}, {"startTime": 335654, "endTime": 338537, "taskId": 2, "workflowId": -1, "jobId": 5}, {"startTime": 338537, "endTime": 345526, "taskId": 1, "workflowId": -1, "jobId": 13}, {"startTime": 361224, "endTime": 361738, "taskId": 6, "workflowId": -1, "jobId": 15}, {"startTime": 361738, "endTime": 368727, "taskId": 1, "workflowId": -1, "jobId": 14}, {"startTime": 372700, "endTime": 376914, "taskId": 5, "workflowId": -1, "jobId": 7}, {"startTime": 376914, "endTime": 384939, "taskId": 0, "workflowId": -1, "jobId": 10}, {"startTime": 384939, "endTime": 391928, "taskId": 1, "workflowId": -1, "jobId": 15}, {"startTime": 395400, "endTime": 399711, "taskId": 2, "workflowId": -1, "jobId": 6}, {"startTime": 402966, "endTime": 408140, "taskId": 4, "workflowId": -1, "jobId": 6}, {"startTime": 408140, "endTime": 415129, "taskId": 1, "workflowId": -1, "jobId": 16}, {"startTime": 420668, "endTime": 428553, "taskId": 5, "workflowId": -1, "jobId": 8}, {"startTime": 431341, "endTime": 438330, "taskId": 1, "workflowId": -1, "jobId": 17}, {"startTime": 444912, "endTime": 453000, "taskId": 0, "workflowId": -1, "jobId": 12}, {"startTime": 454542, "endTime": 461531, "taskId": 1, "workflowId": -1, "jobId": 18}, {"startTime": 469324, "endTime": 477524, "taskId": 6, "workflowId": -1, "jobId": 20}]}, {"frequency": 2.83, "activePower": 118, "idlePower": 56.7, "memory": 4, "allocations": [{"startTime": 34705, "endTime": 35163, "taskId": 2, "workflowId": 3, "jobId": -1}, {"startTime": 35163, "endTime": 36301, "taskId": 4, "workflowId": 3, "jobId": -1}, {"startTime": 36301, "endTime": 36528, "taskId": 5, "workflowId": 2, "jobId": -1}, {"startTime": 36528, "endTime": 36924, "taskId": 5, "workflowId": 2, "jobId": -1}, {"startTime": 36924, "endTime": 36975, "taskId": 0, "workflowId": -1, "jobId": 0}, {"startTime": 36975, "endTime": 37202, "taskId": 0, "workflowId": -1, "jobId": 0}, {"startTime": 37202, "endTime": 37897, "taskId": 0, "workflowId": -1, "jobId": 0}, {"startTime": 37897, "endTime": 45012, "taskId": 0, "workflowId": -1, "jobId": 0}, {"startTime": 45012, "endTime": 46543, "taskId": 4, "workflowId": -1, "jobId": 0}, {"startTime": 46543, "endTime": 48224, "taskId": 2, "workflowId": -1, "jobId": 0}, {"startTime": 48224, "endTime": 48451, "taskId": 15, "workflowId": 2, "jobId": -1}, {"startTime": 48451, "endTime": 48919, "taskId": 15, "workflowId": 2, "jobId": -1}, {"startTime": 48919, "endTime": 49509, "taskId": 15, "workflowId": 2, "jobId": -1}, {"startTime": 49509, "endTime": 49891, "taskId": 17, "workflowId": 2, "jobId": -1}, {"startTime": 49891, "endTime": 50239, "taskId": 6, "workflowId": 3, "jobId": -1}, {"startTime": 50239, "endTime": 50353, "taskId": 12, "workflowId": 3, "jobId": -1}, {"startTime": 50353, "endTime": 50750, "taskId": 12, "workflowId": 3, "jobId": -1}, {"startTime": 50750, "endTime": 51575, "taskId": 13, "workflowId": 3, "jobId": -1}, {"startTime": 51575, "endTime": 52022, "taskId": 7, "workflowId": 3, "jobId": -1}, {"startTime": 52022, "endTime": 52997, "taskId": 11, "workflowId": 3, "jobId": -1}, {"startTime": 52997, "endTime": 53215, "taskId": 11, "workflowId": 3, "jobId": -1}, {"startTime": 53215, "endTime": 53406, "taskId": 11, "workflowId": 3, "jobId": -1}, {"startTime": 53406, "endTime": 54381, "taskId": 7, "workflowId": 3, "jobId": -1}, {"startTime": 54381, "endTime": 55531, "taskId": 15, "workflowId": 3, "jobId": -1}, {"startTime": 58544, "endTime": 60125, "taskId": 6, "workflowId": -1, "jobId": 1}, {"startTime": 60125, "endTime": 63217, "taskId": 6, "workflowId": -1, "jobId": 0}, {"startTime": 83326, "endTime": 84892, "taskId": 6, "workflowId": -1, "jobId": 2}, {"startTime": 84892, "endTime": 92777, "taskId": 5, "workflowId": -1, "jobId": 1}, {"startTime": 96670, "endTime": 100981, "taskId": 2, "workflowId": -1, "jobId": 1}, {"startTime": 102131, "endTime": 103044, "taskId": 3, "workflowId": 1, "jobId": -1}, {"startTime": 103044, "endTime": 103710, "taskId": 4, "workflowId": -1, "jobId": 1}, {"startTime": 103710, "endTime": 103885, "taskId": 9, "workflowId": 1, "jobId": -1}, {"startTime": 103885, "endTime": 104945, "taskId": 7, "workflowId": 1, "jobId": -1}, {"startTime": 104945, "endTime": 105400, "taskId": 10, "workflowId": 1, "jobId": -1}, {"startTime": 105400, "endTime": 105837, "taskId": 5, "workflowId": 1, "jobId": -1}, {"startTime": 105837, "endTime": 106378, "taskId": 6, "workflowId": -1, "jobId": 3}, {"startTime": 106378, "endTime": 106527, "taskId": 14, "workflowId": 1, "jobId": -1}, {"startTime": 106527, "endTime": 113010, "taskId": 0, "workflowId": -1, "jobId": 2}, {"startTime": 129728, "endTime": 131604, "taskId": 6, "workflowId": -1, "jobId": 4}, {"startTime": 132860, "endTime": 140745, "taskId": 5, "workflowId": -1, "jobId": 2}, {"startTime": 145024, "endTime": 152929, "taskId": 6, "workflowId": -1, "jobId": 5}, {"startTime": 152929, "endTime": 159043, "taskId": 3, "workflowId": -1, "jobId": 2}, {"startTime": 169143, "endTime": 170060, "taskId": 6, "workflowId": -1, "jobId": 6}, {"startTime": 170060, "endTime": 171395, "taskId": 1, "workflowId": 0, "jobId": -1}, {"startTime": 171395, "endTime": 173141, "taskId": 6, "workflowId": 0, "jobId": -1}, {"startTime": 173141, "endTime": 173667, "taskId": 7, "workflowId": 0, "jobId": -1}, {"startTime": 173667, "endTime": 175386, "taskId": 10, "workflowId": 0, "jobId": -1}, {"startTime": 175593, "endTime": 176130, "taskId": 13, "workflowId": 0, "jobId": -1}, {"startTime": 176130, "endTime": 176304, "taskId": 0, "workflowId": -1, "jobId": 4}, {"startTime": 176304, "endTime": 181008, "taskId": 0, "workflowId": -1, "jobId": 4}, {"startTime": 208788, "endTime": 216331, "taskId": 3, "workflowId": -1, "jobId": 3}, {"startTime": 219945, "endTime": 225286, "taskId": 4, "workflowId": -1, "jobId": 3}, {"startTime": 228796, "endTime": 236681, "taskId": 5, "workflowId": -1, "jobId": 4}, {"startTime": 245733, "endTime": 249006, "taskId": 0, "workflowId": -1, "jobId": 6}, {"startTime": 268934, "endTime": 273619, "taskId": 3, "workflowId": -1, "jobId": 4}, {"startTime": 274744, "endTime": 274917, "taskId": 6, "workflowId": -1, "jobId": 11}, {"startTime": 274917, "endTime": 283005, "taskId": 0, "workflowId": -1, "jobId": 7}, {"startTime": 296364, "endTime": 304564, "taskId": 6, "workflowId": -1, "jobId": 12}, {"startTime": 315336, "endTime": 317004, "taskId": 0, "workflowId": -1, "jobId": 8}, {"startTime": 317984, "endTime": 324732, "taskId": 6, "workflowId": -1, "jobId": 13}, {"startTime": 324732, "endTime": 330907, "taskId": 3, "workflowId": -1, "jobId": 5}, {"startTime": 338537, "endTime": 339965, "taskId": 2, "workflowId": -1, "jobId": 5}, {"startTime": 341959, "endTime": 342915, "taskId": 4, "workflowId": -1, "jobId": 5}, {"startTime": 342915, "endTime": 351003, "taskId": 0, "workflowId": -1, "jobId": 9}, {"startTime": 361738, "endTime": 369424, "taskId": 6, "workflowId": -1, "jobId": 15}, {"startTime": 376914, "endTime": 380585, "taskId": 5, "workflowId": -1, "jobId": 7}, {"startTime": 380652, "endTime": 384939, "taskId": 3, "workflowId": -1, "jobId": 6}, {"startTime": 384939, "endTime": 385002, "taskId": 0, "workflowId": -1, "jobId": 10}, {"startTime": 385119, "endTime": 387981, "taskId": 7, "workflowId": -1, "jobId": 5}, {"startTime": 404464, "endTime": 408140, "taskId": 6, "workflowId": -1, "jobId": 17}, {"startTime": 408140, "endTime": 408307, "taskId": 4, "workflowId": -1, "jobId": 6}, {"startTime": 410913, "endTime": 419001, "taskId": 0, "workflowId": -1, "jobId": 11}, {"startTime": 426084, "endTime": 434284, "taskId": 6, "workflowId": -1, "jobId": 18}, {"startTime": 437940, "endTime": 445483, "taskId": 3, "workflowId": -1, "jobId": 7}, {"startTime": 447704, "endTime": 455904, "taskId": 6, "workflowId": -1, "jobId": 19}]}, {"frequency": 2.83, "activePower": 118, "idlePower": 56.7, "memory": 4, "allocations": [{"startTime": 34705, "endTime": 35423, "taskId": 1, "workflowId": 3, "jobId": -1}, {"startTime": 35423, "endTime": 35424, "taskId": 10, "workflowId": 3, "jobId": -1}, {"startTime": 35424, "endTime": 36301, "taskId": 6, "workflowId": 3, "jobId": -1}, {"startTime": 36301, "endTime": 36924, "taskId": 1, "workflowId": 2, "jobId": -1}, {"startTime": 36924, "endTime": 36975, "taskId": 5, "workflowId": 2, "jobId": -1}, {"startTime": 36975, "endTime": 37470, "taskId": 4, "workflowId": 2, "jobId": -1}, {"startTime": 37470, "endTime": 38053, "taskId": 4, "workflowId": 2, "jobId": -1}, {"startTime": 38053, "endTime": 39000, "taskId": 6, "workflowId": 2, "jobId": -1}, {"startTime": 39000, "endTime": 39655, "taskId": 7, "workflowId": 2, "jobId": -1}, {"startTime": 39655, "endTime": 40499, "taskId": 10, "workflowId": 2, "jobId": -1}, {"startTime": 40499, "endTime": 41987, "taskId": 8, "workflowId": 2, "jobId": -1}, {"startTime": 41987, "endTime": 43647, "taskId": 9, "workflowId": 2, "jobId": -1}, {"startTime": 43647, "endTime": 43874, "taskId": 11, "workflowId": 2, "jobId": -1}, {"startTime": 43874, "endTime": 44569, "taskId": 11, "workflowId": 2, "jobId": -1}, {"startTime": 44569, "endTime": 45399, "taskId": 11, "workflowId": 2, "jobId": -1}, {"startTime": 45399, "endTime": 45626, "taskId": 13, "workflowId": 2, "jobId": -1}, {"startTime": 45626, "endTime": 45674, "taskId": 13, "workflowId": 2, "jobId": -1}, {"startTime": 45674, "endTime": 45840, "taskId": 13, "workflowId": 2, "jobId": -1}, {"startTime": 45840, "endTime": 45938, "taskId": 10, "workflowId": 3, "jobId": -1}, {"startTime": 45938, "endTime": 46543, "taskId": 3, "workflowId": -1, "jobId": 0}, {"startTime": 46543, "endTime": 50353, "taskId": 4, "workflowId": -1, "jobId": 0}, {"startTime": 50353, "endTime": 51458, "taskId": 8, "workflowId": 3, "jobId": -1}, {"startTime": 51458, "endTime": 51775, "taskId": 8, "workflowId": 3, "jobId": -1}, {"startTime": 51775, "endTime": 52022, "taskId": 8, "workflowId": 3, "jobId": -1}, {"startTime": 52022, "endTime": 53127, "taskId": 14, "workflowId": 3, "jobId": -1}, {"startTime": 53127, "endTime": 53642, "taskId": 14, "workflowId": 3, "jobId": -1}, {"startTime": 53642, "endTime": 54816, "taskId": 18, "workflowId": 3, "jobId": -1}, {"startTime": 54816, "endTime": 55874, "taskId": 17, "workflowId": 3, "jobId": -1}, {"startTime": 60126, "endTime": 66745, "taskId": 6, "workflowId": -1, "jobId": 1}, {"startTime": 84892, "endTime": 88364, "taskId": 6, "workflowId": -1, "jobId": 2}, {"startTime": 97931, "endTime": 102131, "taskId": 4, "workflowId": -1, "jobId": 1}, {"startTime": 102131, "endTime": 103647, "taskId": 2, "workflowId": 1, "jobId": -1}, {"startTime": 103647, "endTime": 105002, "taskId": 6, "workflowId": 1, "jobId": -1}, {"startTime": 105002, "endTime": 106378, "taskId": 13, "workflowId": 1, "jobId": -1}, {"startTime": 106378, "endTime": 106527, "taskId": 6, "workflowId": -1, "jobId": 3}, {"startTime": 106527, "endTime": 107638, "taskId": 14, "workflowId": 1, "jobId": -1}, {"startTime": 107638, "endTime": 108118, "taskId": 17, "workflowId": 1, "jobId": -1}, {"startTime": 108118, "endTime": 109051, "taskId": 18, "workflowId": 1, "jobId": -1}, {"startTime": 109051, "endTime": 115103, "taskId": 6, "workflowId": -1, "jobId": 3}, {"startTime": 152929, "endTime": 153224, "taskId": 6, "workflowId": -1, "jobId": 5}, {"startTime": 156416, "endTime": 160727, "taskId": 2, "workflowId": -1, "jobId": 2}, {"startTime": 170060, "endTime": 171522, "taskId": 2, "workflowId": 0, "jobId": -1}, {"startTime": 171522, "endTime": 173141, "taskId": 6, "workflowId": -1, "jobId": 6}, {"startTime": 173141, "endTime": 173953, "taskId": 8, "workflowId": 0, "jobId": -1}, {"startTime": 173953, "endTime": 175593, "taskId": 11, "workflowId": 0, "jobId": -1}, {"startTime": 175593, "endTime": 176130, "taskId": 14, "workflowId": 0, "jobId": -1}, {"startTime": 176130, "endTime": 176304, "taskId": 13, "workflowId": 0, "jobId": -1}, {"startTime": 176304, "endTime": 177228, "taskId": 12, "workflowId": 0, "jobId": -1}, {"startTime": 177228, "endTime": 178927, "taskId": 15, "workflowId": 0, "jobId": -1}, {"startTime": 178927, "endTime": 179640, "taskId": 16, "workflowId": 0, "jobId": -1}, {"startTime": 179640, "endTime": 180828, "taskId": 7, "workflowId": -1, "jobId": 2}, {"startTime": 180828, "endTime": 188713, "taskId": 5, "workflowId": -1, "jobId": 3}, {"startTime": 209884, "endTime": 218084, "taskId": 6, "workflowId": -1, "jobId": 8}, {"startTime": 245841, "endTime": 248703, "taskId": 7, "workflowId": -1, "jobId": 3}, {"startTime": 274917, "endTime": 275908, "taskId": 6, "workflowId": -1, "jobId": 11}, {"startTime": 275908, "endTime": 280219, "taskId": 2, "workflowId": -1, "jobId": 4}, {"startTime": 280952, "endTime": 286293, "taskId": 4, "workflowId": -1, "jobId": 4}, {"startTime": 315480, "endTime": 318342, "taskId": 7, "workflowId": -1, "jobId": 4}, {"startTime": 324732, "endTime": 326184, "taskId": 6, "workflowId": -1, "jobId": 13}, {"startTime": 339604, "endTime": 342915, "taskId": 6, "workflowId": -1, "jobId": 14}, {"startTime": 342915, "endTime": 347300, "taskId": 4, "workflowId": -1, "jobId": 5}, {"startTime": 382844, "endTime": 384939, "taskId": 6, "workflowId": -1, "jobId": 16}, {"startTime": 384939, "endTime": 388195, "taskId": 3, "workflowId": -1, "jobId": 6}, {"startTime": 408140, "endTime": 412664, "taskId": 6, "workflowId": -1, "jobId": 17}]}, {"frequency": 2.83, "activePower": 118, "idlePower": 56.7, "memory": 4, "allocations": [{"startTime": 34705, "endTime": 35734, "taskId": 3, "workflowId": 3, "jobId": -1}, {"startTime": 35734, "endTime": 36301, "taskId": 5, "workflowId": 3, "jobId": -1}, {"startTime": 36301, "endTime": 36924, "taskId": 4, "workflowId": 2, "jobId": -1}, {"startTime": 36924, "endTime": 37470, "taskId": 1, "workflowId": 2, "jobId": -1}, {"startTime": 37470, "endTime": 38002, "taskId": 3, "workflowId": 2, "jobId": -1}, {"startTime": 38002, "endTime": 38933, "taskId": 3, "workflowId": 2, "jobId": -1}, {"startTime": 38933, "endTime": 46476, "taskId": 5, "workflowId": -1, "jobId": 0}, {"startTime": 46476, "endTime": 46703, "taskId": 5, "workflowId": -1, "jobId": 0}, {"startTime": 46703, "endTime": 46818, "taskId": 5, "workflowId": -1, "jobId": 0}, {"startTime": 46818, "endTime": 47045, "taskId": 12, "workflowId": 2, "jobId": -1}, {"startTime": 47045, "endTime": 47327, "taskId": 12, "workflowId": 2, "jobId": -1}, {"startTime": 47327, "endTime": 47398, "taskId": 14, "workflowId": 2, "jobId": -1}, {"startTime": 47398, "endTime": 47740, "taskId": 14, "workflowId": 2, "jobId": -1}, {"startTime": 47740, "endTime": 48581, "taskId": 14, "workflowId": 2, "jobId": -1}, {"startTime": 48581, "endTime": 48808, "taskId": 4, "workflowId": 3, "jobId": -1}, {"startTime": 48808, "endTime": 49162, "taskId": 9, "workflowId": 3, "jobId": -1}, {"startTime": 49162, "endTime": 49509, "taskId": 6, "workflowId": 3, "jobId": -1}, {"startTime": 49509, "endTime": 49857, "taskId": 16, "workflowId": 2, "jobId": -1}, {"startTime": 49857, "endTime": 50260, "taskId": 16, "workflowId": 2, "jobId": -1}, {"startTime": 50260, "endTime": 50272, "taskId": 16, "workflowId": 2, "jobId": -1}, {"startTime": 50272, "endTime": 53134, "taskId": 7, "workflowId": -1, "jobId": 0}, {"startTime": 53134, "endTime": 54239, "taskId": 5, "workflowId": 3, "jobId": -1}, {"startTime": 54239, "endTime": 55497, "taskId": 16, "workflowId": 3, "jobId": -1}, {"startTime": 102131, "endTime": 103885, "taskId": 1, "workflowId": 1, "jobId": -1}, {"startTime": 103885, "endTime": 104280, "taskId": 11, "workflowId": 1, "jobId": -1}, {"startTime": 104280, "endTime": 105131, "taskId": 11, "workflowId": 1, "jobId": -1}, {"startTime": 105131, "endTime": 105568, "taskId": 9, "workflowId": 1, "jobId": -1}, {"startTime": 105568, "endTime": 105777, "taskId": 9, "workflowId": 1, "jobId": -1}, {"startTime": 105777, "endTime": 106172, "taskId": 8, "workflowId": 1, "jobId": -1}, {"startTime": 106527, "endTime": 107638, "taskId": 6, "workflowId": -1, "jobId": 3}, {"startTime": 107638, "endTime": 108223, "taskId": 16, "workflowId": 1, "jobId": -1}, {"startTime": 108223, "endTime": 109808, "taskId": 15, "workflowId": 1, "jobId": -1}, {"startTime": 109808, "endTime": 112670, "taskId": 7, "workflowId": -1, "jobId": 1}, {"startTime": 158938, "endTime": 164279, "taskId": 4, "workflowId": -1, "jobId": 2}, {"startTime": 170060, "endTime": 171714, "taskId": 3, "workflowId": 0, "jobId": -1}, {"startTime": 173141, "endTime": 174566, "taskId": 9, "workflowId": 0, "jobId": -1}, {"startTime": 174566, "endTime": 175593, "taskId": 6, "workflowId": -1, "jobId": 6}, {"startTime": 175593, "endTime": 176130, "taskId": 12, "workflowId": 0, "jobId": -1}, {"startTime": 176130, "endTime": 176740, "taskId": 14, "workflowId": 0, "jobId": -1}, {"startTime": 176740, "endTime": 178878, "taskId": 6, "workflowId": -1, "jobId": 6}, {"startTime": 178878, "endTime": 178927, "taskId": 7, "workflowId": -1, "jobId": 2}, {"startTime": 178927, "endTime": 179895, "taskId": 17, "workflowId": 0, "jobId": -1}, {"startTime": 180828, "endTime": 182453, "taskId": 7, "workflowId": -1, "jobId": 2}, {"startTime": 275908, "endTime": 282944, "taskId": 6, "workflowId": -1, "jobId": 11}, {"startTime": 342915, "endTime": 347804, "taskId": 6, "workflowId": -1, "jobId": 14}, {"startTime": 384939, "endTime": 391044, "taskId": 6, "workflowId": -1, "jobId": 16}]}]