[{"frequency": 1.4, "activePower": 4.5, "idlePower": 2, "memory": 1, "allocations": [{"startTime": 32470, "endTime": 34447, "taskId": 0, "workflowId": 0, "jobId": -1}, {"startTime": 34447, "endTime": 36054, "taskId": 3, "workflowId": 0, "jobId": -1}, {"startTime": 36054, "endTime": 38373, "taskId": 4, "workflowId": 0, "jobId": -1}, {"startTime": 38373, "endTime": 39555, "taskId": 6, "workflowId": 0, "jobId": -1}, {"startTime": 39555, "endTime": 41262, "taskId": 5, "workflowId": 0, "jobId": -1}, {"startTime": 41262, "endTime": 42755, "taskId": 12, "workflowId": 0, "jobId": -1}, {"startTime": 42755, "endTime": 45902, "taskId": 8, "workflowId": 0, "jobId": -1}, {"startTime": 45902, "endTime": 46253, "taskId": 5, "workflowId": 0, "jobId": -1}, {"startTime": 46253, "endTime": 47771, "taskId": 13, "workflowId": 0, "jobId": -1}, {"startTime": 47771, "endTime": 48737, "taskId": 15, "workflowId": 0, "jobId": -1}, {"startTime": 48737, "endTime": 49249, "taskId": 16, "workflowId": 0, "jobId": -1}, {"startTime": 49249, "endTime": 50012, "taskId": 16, "workflowId": 0, "jobId": -1}, {"startTime": 50012, "endTime": 53301, "taskId": 17, "workflowId": 0, "jobId": -1}, {"startTime": 53301, "endTime": 55232, "taskId": 19, "workflowId": 0, "jobId": -1}, {"startTime": 55232, "endTime": 57869, "taskId": 22, "workflowId": 0, "jobId": -1}, {"startTime": 57869, "endTime": 58678, "taskId": 23, "workflowId": 0, "jobId": -1}, {"startTime": 85635, "endTime": 89068, "taskId": 0, "workflowId": 1, "jobId": -1}, {"startTime": 89069, "endTime": 91174, "taskId": 1, "workflowId": 1, "jobId": -1}, {"startTime": 91174, "endTime": 92406, "taskId": 4, "workflowId": 1, "jobId": -1}, {"startTime": 92406, "endTime": 95632, "taskId": 3, "workflowId": 1, "jobId": -1}, {"startTime": 95632, "endTime": 97680, "taskId": 8, "workflowId": 1, "jobId": -1}, {"startTime": 97680, "endTime": 97712, "taskId": 8, "workflowId": 1, "jobId": -1}, {"startTime": 97712, "endTime": 99760, "taskId": 9, "workflowId": 1, "jobId": -1}, {"startTime": 99760, "endTime": 101232, "taskId": 6, "workflowId": 1, "jobId": -1}, {"startTime": 101232, "endTime": 103532, "taskId": 12, "workflowId": 1, "jobId": -1}, {"startTime": 103532, "endTime": 104737, "taskId": 13, "workflowId": 1, "jobId": -1}, {"startTime": 104737, "endTime": 106566, "taskId": 18, "workflowId": 1, "jobId": -1}, {"startTime": 106566, "endTime": 107344, "taskId": 14, "workflowId": 1, "jobId": -1}, {"startTime": 107344, "endTime": 110530, "taskId": 19, "workflowId": 1, "jobId": -1}, {"startTime": 110530, "endTime": 113186, "taskId": 24, "workflowId": 1, "jobId": -1}, {"startTime": 113186, "endTime": 114539, "taskId": 21, "workflowId": 1, "jobId": -1}, {"startTime": 114539, "endTime": 115482, "taskId": 11, "workflowId": 3, "jobId": -1}, {"startTime": 115482, "endTime": 117722, "taskId": 12, "workflowId": 3, "jobId": -1}, {"startTime": 121069, "endTime": 122880, "taskId": 17, "workflowId": 3, "jobId": -1}, {"startTime": 153493, "endTime": 156392, "taskId": 23, "workflowId": 3, "jobId": -1}, {"startTime": 183549, "endTime": 186854, "taskId": 7, "workflowId": 2, "jobId": -1}, {"startTime": 188714, "endTime": 191724, "taskId": 21, "workflowId": 2, "jobId": -1}, {"startTime": 191724, "endTime": 193094, "taskId": 16, "workflowId": 2, "jobId": -1}]}, {"frequency": 1.4, "activePower": 4.5, "idlePower": 2, "memory": 1, "allocations": [{"startTime": 34881, "endTime": 45930, "taskId": 4, "workflowId": -1, "jobId": 0}, {"startTime": 45930, "endTime": 49292, "taskId": 1, "workflowId": -1, "jobId": 0}, {"startTime": 49292, "endTime": 56722, "taskId": 1, "workflowId": -1, "jobId": 0}, {"startTime": 56722, "endTime": 71988, "taskId": 3, "workflowId": -1, "jobId": 0}, {"startTime": 71988, "endTime": 83037, "taskId": 4, "workflowId": -1, "jobId": 1}, {"startTime": 83037, "endTime": 93837, "taskId": 1, "workflowId": -1, "jobId": 1}, {"startTime": 93837, "endTime": 109102, "taskId": 3, "workflowId": -1, "jobId": 1}, {"startTime": 109102, "endTime": 121217, "taskId": 5, "workflowId": -1, "jobId": 1}, {"startTime": 121217, "endTime": 132017, "taskId": 1, "workflowId": -1, "jobId": 2}, {"startTime": 132017, "endTime": 143066, "taskId": 4, "workflowId": -1, "jobId": 3}, {"startTime": 143066, "endTime": 157477, "taskId": 0, "workflowId": -1, "jobId": 3}, {"startTime": 157477, "endTime": 168277, "taskId": 1, "workflowId": -1, "jobId": 3}, {"startTime": 168277, "endTime": 180815, "taskId": 2, "workflowId": -1, "jobId": 3}, {"startTime": 180815, "endTime": 196081, "taskId": 3, "workflowId": -1, "jobId": 3}, {"startTime": 196081, "endTime": 206881, "taskId": 1, "workflowId": -1, "jobId": 4}, {"startTime": 206881, "endTime": 219419, "taskId": 2, "workflowId": -1, "jobId": 4}, {"startTime": 219419, "endTime": 234684, "taskId": 3, "workflowId": -1, "jobId": 4}, {"startTime": 234684, "endTime": 245484, "taskId": 1, "workflowId": -1, "jobId": 5}, {"startTime": 245484, "endTime": 258022, "taskId": 2, "workflowId": -1, "jobId": 5}, {"startTime": 258022, "endTime": 269071, "taskId": 4, "workflowId": -1, "jobId": 7}, {"startTime": 269071, "endTime": 279871, "taskId": 1, "workflowId": -1, "jobId": 6}, {"startTime": 279871, "endTime": 294282, "taskId": 0, "workflowId": -1, "jobId": 7}, {"startTime": 294282, "endTime": 305331, "taskId": 4, "workflowId": -1, "jobId": 8}, {"startTime": 305331, "endTime": 316131, "taskId": 1, "workflowId": -1, "jobId": 7}, {"startTime": 316131, "endTime": 330542, "taskId": 0, "workflowId": -1, "jobId": 8}, {"startTime": 330542, "endTime": 343080, "taskId": 2, "workflowId": -1, "jobId": 7}, {"startTime": 343080, "endTime": 353880, "taskId": 1, "workflowId": -1, "jobId": 8}, {"startTime": 353880, "endTime": 364929, "taskId": 4, "workflowId": -1, "jobId": 10}, {"startTime": 364929, "endTime": 377467, "taskId": 2, "workflowId": -1, "jobId": 8}, {"startTime": 377467, "endTime": 388267, "taskId": 0, "workflowId": -1, "jobId": 10}, {"startTime": 388267, "endTime": 391878, "taskId": 0, "workflowId": -1, "jobId": 10}, {"startTime": 391878, "endTime": 403993, "taskId": 5, "workflowId": -1, "jobId": 7}, {"startTime": 403993, "endTime": 416531, "taskId": 2, "workflowId": -1, "jobId": 9}, {"startTime": 416531, "endTime": 430942, "taskId": 0, "workflowId": -1, "jobId": 11}, {"startTime": 430942, "endTime": 443057, "taskId": 5, "workflowId": -1, "jobId": 8}, {"startTime": 443057, "endTime": 455595, "taskId": 2, "workflowId": -1, "jobId": 10}, {"startTime": 455595, "endTime": 470006, "taskId": 0, "workflowId": -1, "jobId": 12}, {"startTime": 470006, "endTime": 481055, "taskId": 4, "workflowId": -1, "jobId": 14}, {"startTime": 481055, "endTime": 482121, "taskId": 2, "workflowId": -1, "jobId": 11}, {"startTime": 482121, "endTime": 493593, "taskId": 2, "workflowId": -1, "jobId": 11}, {"startTime": 493593, "endTime": 508004, "taskId": 0, "workflowId": -1, "jobId": 13}, {"startTime": 508004, "endTime": 519053, "taskId": 4, "workflowId": -1, "jobId": 15}, {"startTime": 519053, "endTime": 531591, "taskId": 2, "workflowId": -1, "jobId": 12}, {"startTime": 531591, "endTime": 546857, "taskId": 3, "workflowId": -1, "jobId": 11}, {"startTime": 546857, "endTime": 561268, "taskId": 0, "workflowId": -1, "jobId": 15}, {"startTime": 561268, "endTime": 572317, "taskId": 4, "workflowId": -1, "jobId": 17}, {"startTime": 572317, "endTime": 576533, "taskId": 1, "workflowId": -1, "jobId": 14}, {"startTime": 576533, "endTime": 583117, "taskId": 1, "workflowId": -1, "jobId": 14}, {"startTime": 583117, "endTime": 595232, "taskId": 5, "workflowId": -1, "jobId": 11}, {"startTime": 595232, "endTime": 606281, "taskId": 4, "workflowId": -1, "jobId": 18}, {"startTime": 606281, "endTime": 617081, "taskId": 1, "workflowId": -1, "jobId": 15}, {"startTime": 617081, "endTime": 629196, "taskId": 5, "workflowId": -1, "jobId": 12}, {"startTime": 629196, "endTime": 640245, "taskId": 4, "workflowId": -1, "jobId": 19}]}, {"frequency": 1.4, "activePower": 4.5, "idlePower": 2, "memory": 1, "allocations": [{"startTime": 34447, "endTime": 34448, "taskId": 4, "workflowId": 0, "jobId": -1}, {"startTime": 34448, "endTime": 36678, "taskId": 1, "workflowId": 0, "jobId": -1}, {"startTime": 36678, "endTime": 39266, "taskId": 2, "workflowId": 0, "jobId": -1}, {"startTime": 39266, "endTime": 41262, "taskId": 7, "workflowId": 0, "jobId": -1}, {"startTime": 41262, "endTime": 41263, "taskId": 10, "workflowId": 0, "jobId": -1}, {"startTime": 41263, "endTime": 44299, "taskId": 9, "workflowId": 0, "jobId": -1}, {"startTime": 44299, "endTime": 47594, "taskId": 10, "workflowId": 0, "jobId": -1}, {"startTime": 47594, "endTime": 48737, "taskId": 11, "workflowId": 0, "jobId": -1}, {"startTime": 48737, "endTime": 48738, "taskId": 14, "workflowId": 0, "jobId": -1}, {"startTime": 48738, "endTime": 49250, "taskId": 15, "workflowId": 0, "jobId": -1}, {"startTime": 49250, "endTime": 52302, "taskId": 14, "workflowId": 0, "jobId": -1}, {"startTime": 52302, "endTime": 53164, "taskId": 18, "workflowId": 0, "jobId": -1}, {"startTime": 53164, "endTime": 53994, "taskId": 20, "workflowId": 0, "jobId": -1}, {"startTime": 53994, "endTime": 57050, "taskId": 21, "workflowId": 0, "jobId": -1}, {"startTime": 57869, "endTime": 59648, "taskId": 24, "workflowId": 0, "jobId": -1}, {"startTime": 89069, "endTime": 92514, "taskId": 2, "workflowId": 1, "jobId": -1}, {"startTime": 92514, "endTime": 94796, "taskId": 10, "workflowId": 1, "jobId": -1}, {"startTime": 94796, "endTime": 98349, "taskId": 5, "workflowId": 1, "jobId": -1}, {"startTime": 98349, "endTime": 101768, "taskId": 7, "workflowId": 1, "jobId": -1}, {"startTime": 101768, "endTime": 104058, "taskId": 11, "workflowId": 1, "jobId": -1}, {"startTime": 104058, "endTime": 105161, "taskId": 17, "workflowId": 1, "jobId": -1}, {"startTime": 105161, "endTime": 106221, "taskId": 15, "workflowId": 1, "jobId": -1}, {"startTime": 106221, "endTime": 109108, "taskId": 16, "workflowId": 1, "jobId": -1}, {"startTime": 109108, "endTime": 111507, "taskId": 22, "workflowId": 1, "jobId": -1}, {"startTime": 111507, "endTime": 112860, "taskId": 20, "workflowId": 1, "jobId": -1}, {"startTime": 112860, "endTime": 114507, "taskId": 20, "workflowId": 1, "jobId": -1}, {"startTime": 114507, "endTime": 116772, "taskId": 23, "workflowId": 1, "jobId": -1}, {"startTime": 184577, "endTime": 187393, "taskId": 12, "workflowId": 2, "jobId": -1}, {"startTime": 188714, "endTime": 191724, "taskId": 22, "workflowId": 2, "jobId": -1}, {"startTime": 191724, "endTime": 191863, "taskId": 21, "workflowId": 2, "jobId": -1}, {"startTime": 191863, "endTime": 192121, "taskId": 22, "workflowId": 2, "jobId": -1}]}, {"frequency": 1.4, "activePower": 4.5, "idlePower": 2, "memory": 1, "allocations": [{"startTime": 34881, "endTime": 34889, "taskId": 1, "workflowId": -1, "jobId": 0}, {"startTime": 34889, "endTime": 45681, "taskId": 0, "workflowId": -1, "jobId": 0}, {"startTime": 45681, "endTime": 49300, "taskId": 0, "workflowId": -1, "jobId": 0}, {"startTime": 49300, "endTime": 58219, "taskId": 2, "workflowId": -1, "jobId": 0}, {"startTime": 58219, "endTime": 61838, "taskId": 2, "workflowId": -1, "jobId": 0}, {"startTime": 61838, "endTime": 73953, "taskId": 5, "workflowId": -1, "jobId": 0}, {"startTime": 73953, "endTime": 88364, "taskId": 0, "workflowId": -1, "jobId": 1}, {"startTime": 88364, "endTime": 100902, "taskId": 2, "workflowId": -1, "jobId": 1}, {"startTime": 100902, "endTime": 111951, "taskId": 4, "workflowId": -1, "jobId": 2}, {"startTime": 111951, "endTime": 126362, "taskId": 0, "workflowId": -1, "jobId": 2}, {"startTime": 126362, "endTime": 138900, "taskId": 2, "workflowId": -1, "jobId": 2}, {"startTime": 138900, "endTime": 154166, "taskId": 3, "workflowId": -1, "jobId": 2}, {"startTime": 154166, "endTime": 166281, "taskId": 5, "workflowId": -1, "jobId": 2}, {"startTime": 166281, "endTime": 177330, "taskId": 4, "workflowId": -1, "jobId": 4}, {"startTime": 177330, "endTime": 191741, "taskId": 0, "workflowId": -1, "jobId": 4}, {"startTime": 191741, "endTime": 202790, "taskId": 4, "workflowId": -1, "jobId": 5}, {"startTime": 202790, "endTime": 214905, "taskId": 5, "workflowId": -1, "jobId": 3}, {"startTime": 214905, "endTime": 229316, "taskId": 0, "workflowId": -1, "jobId": 5}, {"startTime": 229316, "endTime": 240365, "taskId": 4, "workflowId": -1, "jobId": 6}, {"startTime": 240365, "endTime": 252480, "taskId": 5, "workflowId": -1, "jobId": 4}, {"startTime": 252480, "endTime": 266891, "taskId": 0, "workflowId": -1, "jobId": 6}, {"startTime": 266891, "endTime": 282157, "taskId": 3, "workflowId": -1, "jobId": 5}, {"startTime": 282157, "endTime": 294695, "taskId": 2, "workflowId": -1, "jobId": 6}, {"startTime": 294695, "endTime": 306810, "taskId": 5, "workflowId": -1, "jobId": 5}, {"startTime": 306810, "endTime": 322076, "taskId": 3, "workflowId": -1, "jobId": 6}, {"startTime": 322076, "endTime": 333125, "taskId": 4, "workflowId": -1, "jobId": 9}, {"startTime": 333125, "endTime": 345240, "taskId": 5, "workflowId": -1, "jobId": 6}, {"startTime": 345240, "endTime": 359651, "taskId": 0, "workflowId": -1, "jobId": 9}, {"startTime": 359651, "endTime": 374917, "taskId": 3, "workflowId": -1, "jobId": 7}, {"startTime": 374917, "endTime": 385966, "taskId": 4, "workflowId": -1, "jobId": 11}, {"startTime": 385966, "endTime": 396766, "taskId": 1, "workflowId": -1, "jobId": 9}, {"startTime": 396766, "endTime": 412031, "taskId": 3, "workflowId": -1, "jobId": 8}, {"startTime": 412031, "endTime": 423080, "taskId": 4, "workflowId": -1, "jobId": 12}, {"startTime": 423080, "endTime": 433880, "taskId": 1, "workflowId": -1, "jobId": 10}, {"startTime": 433880, "endTime": 449145, "taskId": 3, "workflowId": -1, "jobId": 9}, {"startTime": 449145, "endTime": 460194, "taskId": 4, "workflowId": -1, "jobId": 13}, {"startTime": 460194, "endTime": 470994, "taskId": 1, "workflowId": -1, "jobId": 11}, {"startTime": 470994, "endTime": 483109, "taskId": 5, "workflowId": -1, "jobId": 9}, {"startTime": 483109, "endTime": 498375, "taskId": 3, "workflowId": -1, "jobId": 10}, {"startTime": 498375, "endTime": 509175, "taskId": 1, "workflowId": -1, "jobId": 12}, {"startTime": 509175, "endTime": 521713, "taskId": 0, "workflowId": -1, "jobId": 14}, {"startTime": 521713, "endTime": 523586, "taskId": 0, "workflowId": -1, "jobId": 14}, {"startTime": 523586, "endTime": 535701, "taskId": 5, "workflowId": -1, "jobId": 10}, {"startTime": 535701, "endTime": 546501, "taskId": 1, "workflowId": -1, "jobId": 13}, {"startTime": 546501, "endTime": 557550, "taskId": 4, "workflowId": -1, "jobId": 16}, {"startTime": 557550, "endTime": 570088, "taskId": 2, "workflowId": -1, "jobId": 13}, {"startTime": 570088, "endTime": 585354, "taskId": 3, "workflowId": -1, "jobId": 12}, {"startTime": 585354, "endTime": 599765, "taskId": 0, "workflowId": -1, "jobId": 16}, {"startTime": 599765, "endTime": 612303, "taskId": 2, "workflowId": -1, "jobId": 14}, {"startTime": 612303, "endTime": 627569, "taskId": 3, "workflowId": -1, "jobId": 13}, {"startTime": 627569, "endTime": 641980, "taskId": 0, "workflowId": -1, "jobId": 17}]}]