[{"frequency": 2.83, "activePower": 118, "idlePower": 56.7, "memory": 4, "allocations": [{"startTime": 42476, "endTime": 44019, "taskId": 0, "workflowId": 3, "jobId": -1}, {"startTime": 44019, "endTime": 44831, "taskId": 5, "workflowId": 3, "jobId": -1}, {"startTime": 44831, "endTime": 45176, "taskId": 0, "workflowId": -1, "jobId": 0}, {"startTime": 45176, "endTime": 52719, "taskId": 0, "workflowId": -1, "jobId": 0}, {"startTime": 52719, "endTime": 53064, "taskId": 4, "workflowId": 1, "jobId": -1}, {"startTime": 53064, "endTime": 53392, "taskId": 4, "workflowId": 1, "jobId": -1}, {"startTime": 53392, "endTime": 53588, "taskId": 2, "workflowId": 1, "jobId": -1}, {"startTime": 53588, "endTime": 53750, "taskId": 2, "workflowId": 1, "jobId": -1}, {"startTime": 53750, "endTime": 53795, "taskId": 3, "workflowId": 3, "jobId": -1}, {"startTime": 53795, "endTime": 54416, "taskId": 3, "workflowId": 3, "jobId": -1}, {"startTime": 54416, "endTime": 54441, "taskId": 12, "workflowId": 1, "jobId": -1}, {"startTime": 54441, "endTime": 56117, "taskId": 12, "workflowId": 1, "jobId": -1}, {"startTime": 56117, "endTime": 56582, "taskId": 13, "workflowId": 1, "jobId": -1}, {"startTime": 56582, "endTime": 57038, "taskId": 14, "workflowId": 1, "jobId": -1}, {"startTime": 57038, "endTime": 57630, "taskId": 15, "workflowId": 1, "jobId": -1}, {"startTime": 57630, "endTime": 58253, "taskId": 18, "workflowId": 1, "jobId": -1}, {"startTime": 58253, "endTime": 58914, "taskId": 18, "workflowId": 1, "jobId": -1}, {"startTime": 58914, "endTime": 60431, "taskId": 10, "workflowId": 3, "jobId": -1}, {"startTime": 60431, "endTime": 61240, "taskId": 11, "workflowId": 3, "jobId": -1}, {"startTime": 61240, "endTime": 62878, "taskId": 9, "workflowId": 3, "jobId": -1}, {"startTime": 62878, "endTime": 63469, "taskId": 13, "workflowId": 3, "jobId": -1}, {"startTime": 64640, "endTime": 66665, "taskId": 5, "workflowId": -1, "jobId": 0}, {"startTime": 69501, "endTime": 70009, "taskId": 0, "workflowId": 2, "jobId": -1}, {"startTime": 70009, "endTime": 70634, "taskId": 1, "workflowId": 2, "jobId": -1}, {"startTime": 70634, "endTime": 71378, "taskId": 6, "workflowId": 2, "jobId": -1}, {"startTime": 71378, "endTime": 71742, "taskId": 9, "workflowId": 2, "jobId": -1}, {"startTime": 71742, "endTime": 72218, "taskId": 7, "workflowId": 2, "jobId": -1}, {"startTime": 72218, "endTime": 73028, "taskId": 6, "workflowId": -1, "jobId": 1}, {"startTime": 73028, "endTime": 80916, "taskId": 0, "workflowId": -1, "jobId": 1}, {"startTime": 80939, "endTime": 82042, "taskId": 1, "workflowId": 0, "jobId": -1}, {"startTime": 82042, "endTime": 82745, "taskId": 7, "workflowId": 0, "jobId": -1}, {"startTime": 82745, "endTime": 83565, "taskId": 8, "workflowId": 0, "jobId": -1}, {"startTime": 83565, "endTime": 84035, "taskId": 9, "workflowId": 0, "jobId": -1}, {"startTime": 84035, "endTime": 84311, "taskId": 11, "workflowId": 0, "jobId": -1}, {"startTime": 84311, "endTime": 92163, "taskId": 1, "workflowId": -1, "jobId": 1}, {"startTime": 97576, "endTime": 99606, "taskId": 5, "workflowId": -1, "jobId": 1}, {"startTime": 99606, "endTime": 101226, "taskId": 6, "workflowId": -1, "jobId": 2}, {"startTime": 101226, "endTime": 109114, "taskId": 0, "workflowId": -1, "jobId": 2}, {"startTime": 113897, "endTime": 116668, "taskId": 3, "workflowId": -1, "jobId": 1}, {"startTime": 123792, "endTime": 129424, "taskId": 1, "workflowId": -1, "jobId": 2}, {"startTime": 129424, "endTime": 137312, "taskId": 0, "workflowId": -1, "jobId": 3}, {"startTime": 150322, "endTime": 154382, "taskId": 5, "workflowId": -1, "jobId": 2}, {"startTime": 154382, "endTime": 156579, "taskId": 6, "workflowId": -1, "jobId": 4}, {"startTime": 157622, "endTime": 165510, "taskId": 0, "workflowId": -1, "jobId": 4}, {"startTime": 166470, "endTime": 173686, "taskId": 4, "workflowId": -1, "jobId": 4}, {"startTime": 173686, "endTime": 178846, "taskId": 2, "workflowId": -1, "jobId": 3}, {"startTime": 181770, "endTime": 182964, "taskId": 6, "workflowId": -1, "jobId": 5}, {"startTime": 182964, "endTime": 185735, "taskId": 3, "workflowId": -1, "jobId": 2}, {"startTime": 185820, "endTime": 193708, "taskId": 0, "workflowId": -1, "jobId": 5}, {"startTime": 196880, "endTime": 202754, "taskId": 4, "workflowId": -1, "jobId": 5}, {"startTime": 202754, "endTime": 210606, "taskId": 1, "workflowId": -1, "jobId": 4}, {"startTime": 214018, "endTime": 221906, "taskId": 0, "workflowId": -1, "jobId": 6}, {"startTime": 227290, "endTime": 235244, "taskId": 4, "workflowId": -1, "jobId": 6}, {"startTime": 236546, "endTime": 238743, "taskId": 6, "workflowId": -1, "jobId": 7}, {"startTime": 242216, "endTime": 250104, "taskId": 0, "workflowId": -1, "jobId": 7}, {"startTime": 252031, "endTime": 254802, "taskId": 3, "workflowId": -1, "jobId": 3}, {"startTime": 255814, "endTime": 257700, "taskId": 5, "workflowId": -1, "jobId": 4}, {"startTime": 257700, "endTime": 259590, "taskId": 4, "workflowId": -1, "jobId": 7}, {"startTime": 259590, "endTime": 264750, "taskId": 2, "workflowId": -1, "jobId": 5}, {"startTime": 270414, "endTime": 278302, "taskId": 0, "workflowId": -1, "jobId": 8}, {"startTime": 281716, "endTime": 289568, "taskId": 1, "workflowId": -1, "jobId": 6}, {"startTime": 291322, "endTime": 293519, "taskId": 6, "workflowId": -1, "jobId": 9}, {"startTime": 298612, "endTime": 306500, "taskId": 0, "workflowId": -1, "jobId": 9}, {"startTime": 308560, "endTime": 316383, "taskId": 5, "workflowId": -1, "jobId": 5}, {"startTime": 318520, "endTime": 318710, "taskId": 4, "workflowId": -1, "jobId": 9}, {"startTime": 318710, "endTime": 320907, "taskId": 6, "workflowId": -1, "jobId": 10}, {"startTime": 321098, "endTime": 321197, "taskId": 3, "workflowId": -1, "jobId": 4}, {"startTime": 321197, "endTime": 326810, "taskId": 1, "workflowId": -1, "jobId": 7}, {"startTime": 326810, "endTime": 334698, "taskId": 0, "workflowId": -1, "jobId": 10}, {"startTime": 345494, "endTime": 350654, "taskId": 2, "workflowId": -1, "jobId": 7}, {"startTime": 355008, "endTime": 362896, "taskId": 0, "workflowId": -1, "jobId": 11}, {"startTime": 366060, "endTime": 369128, "taskId": 7, "workflowId": -1, "jobId": 5}, {"startTime": 373486, "endTime": 375683, "taskId": 6, "workflowId": -1, "jobId": 12}, {"startTime": 379340, "endTime": 383206, "taskId": 4, "workflowId": -1, "jobId": 11}, {"startTime": 383206, "endTime": 391094, "taskId": 0, "workflowId": -1, "jobId": 12}, {"startTime": 400159, "endTime": 408011, "taskId": 1, "workflowId": -1, "jobId": 9}, {"startTime": 409750, "endTime": 411404, "taskId": 4, "workflowId": -1, "jobId": 12}, {"startTime": 411404, "endTime": 419292, "taskId": 0, "workflowId": -1, "jobId": 13}, {"startTime": 428262, "endTime": 430459, "taskId": 6, "workflowId": -1, "jobId": 14}, {"startTime": 431398, "endTime": 436558, "taskId": 2, "workflowId": -1, "jobId": 9}, {"startTime": 439602, "endTime": 447490, "taskId": 0, "workflowId": -1, "jobId": 14}, {"startTime": 455650, "endTime": 457847, "taskId": 6, "workflowId": -1, "jobId": 15}, {"startTime": 467800, "endTime": 475688, "taskId": 0, "workflowId": -1, "jobId": 15}]}, {"frequency": 2.83, "activePower": 118, "idlePower": 56.7, "memory": 4, "allocations": [{"startTime": 44019, "endTime": 44831, "taskId": 3, "workflowId": 3, "jobId": -1}, {"startTime": 44831, "endTime": 52683, "taskId": 1, "workflowId": -1, "jobId": 0}, {"startTime": 52683, "endTime": 53041, "taskId": 11, "workflowId": 1, "jobId": -1}, {"startTime": 53041, "endTime": 53488, "taskId": 11, "workflowId": 1, "jobId": -1}, {"startTime": 53488, "endTime": 53910, "taskId": 11, "workflowId": 1, "jobId": -1}, {"startTime": 53910, "endTime": 54416, "taskId": 11, "workflowId": 1, "jobId": -1}, {"startTime": 54416, "endTime": 54441, "taskId": 3, "workflowId": 3, "jobId": -1}, {"startTime": 54441, "endTime": 55147, "taskId": 4, "workflowId": 3, "jobId": -1}, {"startTime": 55147, "endTime": 55172, "taskId": 4, "workflowId": 3, "jobId": -1}, {"startTime": 55172, "endTime": 56359, "taskId": 6, "workflowId": 3, "jobId": -1}, {"startTime": 56359, "endTime": 56932, "taskId": 8, "workflowId": 3, "jobId": -1}, {"startTime": 56932, "endTime": 57038, "taskId": 7, "workflowId": 3, "jobId": -1}, {"startTime": 57038, "endTime": 57661, "taskId": 17, "workflowId": 1, "jobId": -1}, {"startTime": 57661, "endTime": 58253, "taskId": 17, "workflowId": 1, "jobId": -1}, {"startTime": 58253, "endTime": 58876, "taskId": 7, "workflowId": 3, "jobId": -1}, {"startTime": 58876, "endTime": 59178, "taskId": 7, "workflowId": -1, "jobId": 0}, {"startTime": 59178, "endTime": 59770, "taskId": 7, "workflowId": -1, "jobId": 0}, {"startTime": 59770, "endTime": 61944, "taskId": 7, "workflowId": -1, "jobId": 0}, {"startTime": 61944, "endTime": 62343, "taskId": 14, "workflowId": 3, "jobId": -1}, {"startTime": 62343, "endTime": 63468, "taskId": 12, "workflowId": 3, "jobId": -1}, {"startTime": 63468, "endTime": 64820, "taskId": 15, "workflowId": 3, "jobId": -1}, {"startTime": 64820, "endTime": 65368, "taskId": 17, "workflowId": 3, "jobId": -1}, {"startTime": 70009, "endTime": 71377, "taskId": 4, "workflowId": 2, "jobId": -1}, {"startTime": 71377, "endTime": 72364, "taskId": 5, "workflowId": 2, "jobId": -1}, {"startTime": 72364, "endTime": 72987, "taskId": 8, "workflowId": 2, "jobId": -1}, {"startTime": 73028, "endTime": 74415, "taskId": 6, "workflowId": -1, "jobId": 1}, {"startTime": 75018, "endTime": 75240, "taskId": 17, "workflowId": 2, "jobId": -1}, {"startTime": 75240, "endTime": 80939, "taskId": 4, "workflowId": -1, "jobId": 1}, {"startTime": 80939, "endTime": 82579, "taskId": 2, "workflowId": 0, "jobId": -1}, {"startTime": 82579, "endTime": 83565, "taskId": 6, "workflowId": 0, "jobId": -1}, {"startTime": 83565, "endTime": 84276, "taskId": 8, "workflowId": 0, "jobId": -1}, {"startTime": 84311, "endTime": 84608, "taskId": 11, "workflowId": 0, "jobId": -1}, {"startTime": 84608, "endTime": 86355, "taskId": 13, "workflowId": 0, "jobId": -1}, {"startTime": 86355, "endTime": 87559, "taskId": 14, "workflowId": 0, "jobId": -1}, {"startTime": 87559, "endTime": 88658, "taskId": 15, "workflowId": 0, "jobId": -1}, {"startTime": 88658, "endTime": 89544, "taskId": 18, "workflowId": 0, "jobId": -1}, {"startTime": 99606, "endTime": 101226, "taskId": 5, "workflowId": -1, "jobId": 1}, {"startTime": 101226, "endTime": 101803, "taskId": 6, "workflowId": -1, "jobId": 2}, {"startTime": 105650, "endTime": 113604, "taskId": 4, "workflowId": -1, "jobId": 2}, {"startTime": 126994, "endTime": 129191, "taskId": 6, "workflowId": -1, "jobId": 3}, {"startTime": 129424, "endTime": 131644, "taskId": 1, "workflowId": -1, "jobId": 2}, {"startTime": 136060, "endTime": 144014, "taskId": 4, "workflowId": -1, "jobId": 3}, {"startTime": 154382, "endTime": 158145, "taskId": 5, "workflowId": -1, "jobId": 2}, {"startTime": 163273, "endTime": 171125, "taskId": 1, "workflowId": -1, "jobId": 3}, {"startTime": 173322, "endTime": 173686, "taskId": 7, "workflowId": -1, "jobId": 2}, {"startTime": 173686, "endTime": 174424, "taskId": 4, "workflowId": -1, "jobId": 4}, {"startTime": 182964, "endTime": 183967, "taskId": 6, "workflowId": -1, "jobId": 5}, {"startTime": 202754, "endTime": 204834, "taskId": 4, "workflowId": -1, "jobId": 5}, {"startTime": 209158, "endTime": 211355, "taskId": 6, "workflowId": -1, "jobId": 6}, {"startTime": 216638, "endTime": 221798, "taskId": 2, "workflowId": -1, "jobId": 4}, {"startTime": 237568, "endTime": 240636, "taskId": 7, "workflowId": -1, "jobId": 3}, {"startTime": 242235, "endTime": 250087, "taskId": 1, "workflowId": -1, "jobId": 5}, {"startTime": 257700, "endTime": 259590, "taskId": 5, "workflowId": -1, "jobId": 4}, {"startTime": 259590, "endTime": 265654, "taskId": 4, "workflowId": -1, "jobId": 7}, {"startTime": 288110, "endTime": 296064, "taskId": 4, "workflowId": -1, "jobId": 8}, {"startTime": 301814, "endTime": 302542, "taskId": 7, "workflowId": -1, "jobId": 4}, {"startTime": 302542, "endTime": 307702, "taskId": 2, "workflowId": -1, "jobId": 6}, {"startTime": 318710, "endTime": 321197, "taskId": 4, "workflowId": -1, "jobId": 9}, {"startTime": 321197, "endTime": 323869, "taskId": 3, "workflowId": -1, "jobId": 4}, {"startTime": 326810, "endTime": 329049, "taskId": 1, "workflowId": -1, "jobId": 7}, {"startTime": 346098, "endTime": 348295, "taskId": 6, "workflowId": -1, "jobId": 11}, {"startTime": 348930, "endTime": 356884, "taskId": 4, "workflowId": -1, "jobId": 10}, {"startTime": 360678, "endTime": 368530, "taskId": 1, "workflowId": -1, "jobId": 8}, {"startTime": 383206, "endTime": 387294, "taskId": 4, "workflowId": -1, "jobId": 11}, {"startTime": 388446, "endTime": 393606, "taskId": 2, "workflowId": -1, "jobId": 8}, {"startTime": 400874, "endTime": 403071, "taskId": 6, "workflowId": -1, "jobId": 13}, {"startTime": 411404, "endTime": 417704, "taskId": 4, "workflowId": -1, "jobId": 12}, {"startTime": 430306, "endTime": 433374, "taskId": 7, "workflowId": -1, "jobId": 6}, {"startTime": 439640, "endTime": 447492, "taskId": 1, "workflowId": -1, "jobId": 10}]}, {"frequency": 2.83, "activePower": 118, "idlePower": 56.7, "memory": 4, "allocations": [{"startTime": 44019, "endTime": 44831, "taskId": 1, "workflowId": 3, "jobId": -1}, {"startTime": 44831, "endTime": 45202, "taskId": 2, "workflowId": -1, "jobId": 0}, {"startTime": 45202, "endTime": 46595, "taskId": 1, "workflowId": 1, "jobId": -1}, {"startTime": 46595, "endTime": 48245, "taskId": 5, "workflowId": 1, "jobId": -1}, {"startTime": 48245, "endTime": 49115, "taskId": 8, "workflowId": 1, "jobId": -1}, {"startTime": 49115, "endTime": 49991, "taskId": 6, "workflowId": 1, "jobId": -1}, {"startTime": 49991, "endTime": 52391, "taskId": 3, "workflowId": -1, "jobId": 0}, {"startTime": 52391, "endTime": 52600, "taskId": 6, "workflowId": 1, "jobId": -1}, {"startTime": 52600, "endTime": 52865, "taskId": 6, "workflowId": 1, "jobId": -1}, {"startTime": 52865, "endTime": 52945, "taskId": 7, "workflowId": 1, "jobId": -1}, {"startTime": 52945, "endTime": 53470, "taskId": 7, "workflowId": 1, "jobId": -1}, {"startTime": 53470, "endTime": 53556, "taskId": 5, "workflowId": 3, "jobId": -1}, {"startTime": 53556, "endTime": 53676, "taskId": 5, "workflowId": 3, "jobId": -1}, {"startTime": 53676, "endTime": 53815, "taskId": 5, "workflowId": 3, "jobId": -1}, {"startTime": 53815, "endTime": 54620, "taskId": 1, "workflowId": 3, "jobId": -1}, {"startTime": 54620, "endTime": 56817, "taskId": 6, "workflowId": -1, "jobId": 0}, {"startTime": 56817, "endTime": 57038, "taskId": 5, "workflowId": -1, "jobId": 0}, {"startTime": 57038, "endTime": 57546, "taskId": 16, "workflowId": 1, "jobId": -1}, {"startTime": 57546, "endTime": 58425, "taskId": 16, "workflowId": 1, "jobId": -1}, {"startTime": 59063, "endTime": 64640, "taskId": 5, "workflowId": -1, "jobId": 0}, {"startTime": 64820, "endTime": 65439, "taskId": 16, "workflowId": 3, "jobId": -1}, {"startTime": 70009, "endTime": 71472, "taskId": 3, "workflowId": 2, "jobId": -1}, {"startTime": 71472, "endTime": 71742, "taskId": 8, "workflowId": 2, "jobId": -1}, {"startTime": 71742, "endTime": 72218, "taskId": 9, "workflowId": 2, "jobId": -1}, {"startTime": 72218, "endTime": 72372, "taskId": 7, "workflowId": 2, "jobId": -1}, {"startTime": 72372, "endTime": 73081, "taskId": 10, "workflowId": 2, "jobId": -1}, {"startTime": 73695, "endTime": 74174, "taskId": 12, "workflowId": 2, "jobId": -1}, {"startTime": 74174, "endTime": 75018, "taskId": 15, "workflowId": 2, "jobId": -1}, {"startTime": 75240, "endTime": 76483, "taskId": 17, "workflowId": 2, "jobId": -1}, {"startTime": 80939, "endTime": 81959, "taskId": 4, "workflowId": 0, "jobId": -1}, {"startTime": 84035, "endTime": 85427, "taskId": 10, "workflowId": 0, "jobId": -1}, {"startTime": 85427, "endTime": 87119, "taskId": 12, "workflowId": 0, "jobId": -1}, {"startTime": 87559, "endTime": 89244, "taskId": 16, "workflowId": 0, "jobId": -1}, {"startTime": 89244, "endTime": 90553, "taskId": 17, "workflowId": 0, "jobId": -1}, {"startTime": 101226, "endTime": 105399, "taskId": 5, "workflowId": -1, "jobId": 1}, {"startTime": 109076, "endTime": 112144, "taskId": 7, "workflowId": -1, "jobId": 1}, {"startTime": 130734, "endTime": 135894, "taskId": 2, "workflowId": -1, "jobId": 2}, {"startTime": 173686, "endTime": 176390, "taskId": 7, "workflowId": -1, "jobId": 2}, {"startTime": 203068, "endTime": 210891, "taskId": 5, "workflowId": -1, "jobId": 3}, {"startTime": 259590, "endTime": 263637, "taskId": 5, "workflowId": -1, "jobId": 4}, {"startTime": 263934, "endTime": 266131, "taskId": 6, "workflowId": -1, "jobId": 8}, {"startTime": 302542, "endTime": 304882, "taskId": 7, "workflowId": -1, "jobId": 4}, {"startTime": 321197, "endTime": 326474, "taskId": 4, "workflowId": -1, "jobId": 9}, {"startTime": 361306, "endTime": 369129, "taskId": 5, "workflowId": -1, "jobId": 6}, {"startTime": 390165, "endTime": 392936, "taskId": 3, "workflowId": -1, "jobId": 5}, {"startTime": 414052, "endTime": 421875, "taskId": 5, "workflowId": -1, "jobId": 7}, {"startTime": 440160, "endTime": 448114, "taskId": 4, "workflowId": -1, "jobId": 13}]}, {"frequency": 2.83, "activePower": 118, "idlePower": 56.7, "memory": 4, "allocations": [{"startTime": 44019, "endTime": 44831, "taskId": 2, "workflowId": 3, "jobId": -1}, {"startTime": 44831, "endTime": 45202, "taskId": 3, "workflowId": -1, "jobId": 0}, {"startTime": 45202, "endTime": 46820, "taskId": 3, "workflowId": 1, "jobId": -1}, {"startTime": 46820, "endTime": 47602, "taskId": 2, "workflowId": -1, "jobId": 0}, {"startTime": 47602, "endTime": 47947, "taskId": 2, "workflowId": -1, "jobId": 0}, {"startTime": 47947, "endTime": 48638, "taskId": 2, "workflowId": -1, "jobId": 0}, {"startTime": 48638, "endTime": 49443, "taskId": 2, "workflowId": -1, "jobId": 0}, {"startTime": 49443, "endTime": 50312, "taskId": 2, "workflowId": -1, "jobId": 0}, {"startTime": 50312, "endTime": 51609, "taskId": 2, "workflowId": -1, "jobId": 0}, {"startTime": 51609, "endTime": 52282, "taskId": 10, "workflowId": 1, "jobId": -1}, {"startTime": 52282, "endTime": 52472, "taskId": 10, "workflowId": 1, "jobId": -1}, {"startTime": 52472, "endTime": 52509, "taskId": 9, "workflowId": 1, "jobId": -1}, {"startTime": 52509, "endTime": 52640, "taskId": 9, "workflowId": 1, "jobId": -1}, {"startTime": 52640, "endTime": 52887, "taskId": 9, "workflowId": 1, "jobId": -1}, {"startTime": 52887, "endTime": 53331, "taskId": 9, "workflowId": 1, "jobId": -1}, {"startTime": 53331, "endTime": 53692, "taskId": 9, "workflowId": 1, "jobId": -1}, {"startTime": 53692, "endTime": 54180, "taskId": 9, "workflowId": 1, "jobId": -1}, {"startTime": 54180, "endTime": 55049, "taskId": 2, "workflowId": 3, "jobId": -1}, {"startTime": 55049, "endTime": 63003, "taskId": 4, "workflowId": -1, "jobId": 0}, {"startTime": 70009, "endTime": 71742, "taskId": 2, "workflowId": 2, "jobId": -1}, {"startTime": 71742, "endTime": 72218, "taskId": 8, "workflowId": 2, "jobId": -1}, {"startTime": 72218, "endTime": 72433, "taskId": 9, "workflowId": 2, "jobId": -1}, {"startTime": 72433, "endTime": 73695, "taskId": 11, "workflowId": 2, "jobId": -1}, {"startTime": 73695, "endTime": 74372, "taskId": 14, "workflowId": 2, "jobId": -1}, {"startTime": 74372, "endTime": 76053, "taskId": 13, "workflowId": 2, "jobId": -1}, {"startTime": 76053, "endTime": 77186, "taskId": 16, "workflowId": 2, "jobId": -1}, {"startTime": 80939, "endTime": 81397, "taskId": 5, "workflowId": 0, "jobId": -1}, {"startTime": 81397, "endTime": 81802, "taskId": 3, "workflowId": 0, "jobId": -1}, {"startTime": 81802, "endTime": 84057, "taskId": 4, "workflowId": -1, "jobId": 1}, {"startTime": 87782, "endTime": 92942, "taskId": 2, "workflowId": -1, "jobId": 1}]}]