[{"frequency": 1.5, "activePower": 8, "idlePower": 2.7, "memory": 4, "allocations": [{"startTime": 38730, "endTime": 39640, "taskId": 2, "workflowId": 2, "jobId": -1}, {"startTime": 39640, "endTime": 42808, "taskId": 0, "workflowId": 3, "jobId": -1}, {"startTime": 42808, "endTime": 45152, "taskId": 6, "workflowId": 3, "jobId": -1}, {"startTime": 52784, "endTime": 54945, "taskId": 9, "workflowId": 2, "jobId": -1}, {"startTime": 55487, "endTime": 56603, "taskId": 9, "workflowId": 3, "jobId": -1}, {"startTime": 56603, "endTime": 57306, "taskId": 15, "workflowId": 3, "jobId": -1}, {"startTime": 61859, "endTime": 62793, "taskId": 17, "workflowId": 2, "jobId": -1}, {"startTime": 67439, "endTime": 70423, "taskId": 21, "workflowId": 2, "jobId": -1}, {"startTime": 72161, "endTime": 73670, "taskId": 21, "workflowId": 3, "jobId": -1}, {"startTime": 73670, "endTime": 75401, "taskId": 25, "workflowId": 3, "jobId": -1}, {"startTime": 90154, "endTime": 92148, "taskId": 27, "workflowId": 3, "jobId": -1}, {"startTime": 93778, "endTime": 96499, "taskId": 31, "workflowId": 2, "jobId": -1}, {"startTime": 161445, "endTime": 162363, "taskId": 1, "workflowId": 1, "jobId": -1}, {"startTime": 162363, "endTime": 165223, "taskId": 3, "workflowId": 1, "jobId": -1}, {"startTime": 167076, "endTime": 169848, "taskId": 9, "workflowId": 1, "jobId": -1}, {"startTime": 170949, "endTime": 173489, "taskId": 10, "workflowId": 1, "jobId": -1}, {"startTime": 186183, "endTime": 189018, "taskId": 18, "workflowId": 1, "jobId": -1}, {"startTime": 192423, "endTime": 195683, "taskId": 31, "workflowId": 1, "jobId": -1}, {"startTime": 325993, "endTime": 328763, "taskId": 0, "workflowId": 0, "jobId": -1}, {"startTime": 328763, "endTime": 329738, "taskId": 1, "workflowId": 0, "jobId": -1}, {"startTime": 329738, "endTime": 331314, "taskId": 3, "workflowId": 0, "jobId": -1}, {"startTime": 331314, "endTime": 333332, "taskId": 4, "workflowId": 0, "jobId": -1}, {"startTime": 333332, "endTime": 335838, "taskId": 10, "workflowId": 0, "jobId": -1}, {"startTime": 335838, "endTime": 335990, "taskId": 10, "workflowId": 0, "jobId": -1}, {"startTime": 335990, "endTime": 337379, "taskId": 12, "workflowId": 0, "jobId": -1}, {"startTime": 337379, "endTime": 338597, "taskId": 12, "workflowId": 0, "jobId": -1}, {"startTime": 338597, "endTime": 340138, "taskId": 9, "workflowId": 0, "jobId": -1}, {"startTime": 340138, "endTime": 341067, "taskId": 9, "workflowId": 0, "jobId": -1}, {"startTime": 341067, "endTime": 342954, "taskId": 13, "workflowId": 0, "jobId": -1}, {"startTime": 342954, "endTime": 344506, "taskId": 19, "workflowId": 0, "jobId": -1}, {"startTime": 344506, "endTime": 347026, "taskId": 17, "workflowId": 0, "jobId": -1}, {"startTime": 347026, "endTime": 347515, "taskId": 17, "workflowId": 0, "jobId": -1}, {"startTime": 347515, "endTime": 349151, "taskId": 15, "workflowId": 0, "jobId": -1}, {"startTime": 349151, "endTime": 350181, "taskId": 23, "workflowId": 0, "jobId": -1}, {"startTime": 350181, "endTime": 350773, "taskId": 22, "workflowId": 0, "jobId": -1}, {"startTime": 350773, "endTime": 351803, "taskId": 22, "workflowId": 0, "jobId": -1}, {"startTime": 351803, "endTime": 353376, "taskId": 16, "workflowId": 0, "jobId": -1}, {"startTime": 353376, "endTime": 354339, "taskId": 16, "workflowId": 0, "jobId": -1}, {"startTime": 354339, "endTime": 356730, "taskId": 29, "workflowId": 0, "jobId": -1}, {"startTime": 356730, "endTime": 358588, "taskId": 30, "workflowId": 0, "jobId": -1}, {"startTime": 358588, "endTime": 360138, "taskId": 24, "workflowId": 0, "jobId": -1}]}, {"frequency": 1.5, "activePower": 8, "idlePower": 2.7, "memory": 4, "allocations": [{"startTime": 33668, "endTime": 48522, "taskId": 1, "workflowId": -1, "jobId": 0}, {"startTime": 48522, "endTime": 58668, "taskId": 0, "workflowId": -1, "jobId": 0}, {"startTime": 59070, "endTime": 70004, "taskId": 3, "workflowId": -1, "jobId": 1}, {"startTime": 70004, "endTime": 78364, "taskId": 2, "workflowId": -1, "jobId": 1}, {"startTime": 78364, "endTime": 93218, "taskId": 1, "workflowId": -1, "jobId": 2}, {"startTime": 93218, "endTime": 100713, "taskId": 4, "workflowId": -1, "jobId": 1}, {"startTime": 100713, "endTime": 115567, "taskId": 1, "workflowId": -1, "jobId": 3}, {"startTime": 115567, "endTime": 117500, "taskId": 0, "workflowId": -1, "jobId": 2}, {"startTime": 117500, "endTime": 123060, "taskId": 0, "workflowId": -1, "jobId": 2}, {"startTime": 123060, "endTime": 137914, "taskId": 1, "workflowId": -1, "jobId": 4}, {"startTime": 137914, "endTime": 145408, "taskId": 2, "workflowId": -1, "jobId": 3}, {"startTime": 145408, "endTime": 160262, "taskId": 1, "workflowId": -1, "jobId": 5}, {"startTime": 160678, "endTime": 171612, "taskId": 3, "workflowId": -1, "jobId": 5}, {"startTime": 171612, "endTime": 182129, "taskId": 2, "workflowId": -1, "jobId": 4}, {"startTime": 182129, "endTime": 182804, "taskId": 8, "workflowId": -1, "jobId": 4}, {"startTime": 182804, "endTime": 186080, "taskId": 0, "workflowId": -1, "jobId": 4}, {"startTime": 186080, "endTime": 197014, "taskId": 3, "workflowId": -1, "jobId": 6}, {"startTime": 197014, "endTime": 199860, "taskId": 0, "workflowId": -1, "jobId": 4}, {"startTime": 199860, "endTime": 202493, "taskId": 8, "workflowId": -1, "jobId": 4}, {"startTime": 202493, "endTime": 202943, "taskId": 2, "workflowId": -1, "jobId": 5}, {"startTime": 202943, "endTime": 212452, "taskId": 2, "workflowId": -1, "jobId": 5}, {"startTime": 212452, "endTime": 213010, "taskId": 1, "workflowId": -1, "jobId": 8}, {"startTime": 213010, "endTime": 227306, "taskId": 1, "workflowId": -1, "jobId": 8}, {"startTime": 227306, "endTime": 229190, "taskId": 9, "workflowId": -1, "jobId": 4}, {"startTime": 234800, "endTime": 249654, "taskId": 1, "workflowId": -1, "jobId": 9}, {"startTime": 249654, "endTime": 257148, "taskId": 8, "workflowId": -1, "jobId": 8}, {"startTime": 257148, "endTime": 272002, "taskId": 1, "workflowId": -1, "jobId": 10}, {"startTime": 272002, "endTime": 277571, "taskId": 0, "workflowId": -1, "jobId": 6}, {"startTime": 277571, "endTime": 279496, "taskId": 8, "workflowId": -1, "jobId": 8}, {"startTime": 279496, "endTime": 294350, "taskId": 1, "workflowId": -1, "jobId": 11}, {"startTime": 294350, "endTime": 294656, "taskId": 8, "workflowId": -1, "jobId": 8}, {"startTime": 294656, "endTime": 296704, "taskId": 0, "workflowId": -1, "jobId": 7}, {"startTime": 296704, "endTime": 301844, "taskId": 0, "workflowId": -1, "jobId": 7}, {"startTime": 301844, "endTime": 316698, "taskId": 1, "workflowId": -1, "jobId": 12}, {"startTime": 316698, "endTime": 324192, "taskId": 8, "workflowId": -1, "jobId": 10}, {"startTime": 324192, "endTime": 339046, "taskId": 1, "workflowId": -1, "jobId": 13}, {"startTime": 339046, "endTime": 342640, "taskId": 0, "workflowId": -1, "jobId": 8}, {"startTime": 342640, "endTime": 346540, "taskId": 2, "workflowId": -1, "jobId": 9}, {"startTime": 346540, "endTime": 361394, "taskId": 1, "workflowId": -1, "jobId": 14}, {"startTime": 363894, "endTime": 374828, "taskId": 3, "workflowId": -1, "jobId": 13}, {"startTime": 374828, "endTime": 385345, "taskId": 2, "workflowId": -1, "jobId": 10}, {"startTime": 385345, "endTime": 389296, "taskId": 8, "workflowId": -1, "jobId": 12}, {"startTime": 389296, "endTime": 391236, "taskId": 3, "workflowId": -1, "jobId": 14}, {"startTime": 391236, "endTime": 406090, "taskId": 1, "workflowId": -1, "jobId": 16}, {"startTime": 406090, "endTime": 406508, "taskId": 7, "workflowId": -1, "jobId": 14}, {"startTime": 406508, "endTime": 413584, "taskId": 0, "workflowId": -1, "jobId": 10}, {"startTime": 413584, "endTime": 416654, "taskId": 1, "workflowId": -1, "jobId": 17}, {"startTime": 416654, "endTime": 428438, "taskId": 1, "workflowId": -1, "jobId": 17}, {"startTime": 428438, "endTime": 435932, "taskId": 7, "workflowId": -1, "jobId": 14}, {"startTime": 435932, "endTime": 440910, "taskId": 1, "workflowId": -1, "jobId": 18}, {"startTime": 440910, "endTime": 450786, "taskId": 1, "workflowId": -1, "jobId": 18}, {"startTime": 450786, "endTime": 460051, "taskId": 2, "workflowId": -1, "jobId": 12}, {"startTime": 460051, "endTime": 462951, "taskId": 0, "workflowId": -1, "jobId": 11}, {"startTime": 462951, "endTime": 465013, "taskId": 7, "workflowId": -1, "jobId": 14}, {"startTime": 465013, "endTime": 465502, "taskId": 7, "workflowId": -1, "jobId": 15}, {"startTime": 465502, "endTime": 476436, "taskId": 3, "workflowId": -1, "jobId": 17}]}, {"frequency": 1.5, "activePower": 8, "idlePower": 2.7, "memory": 4, "allocations": [{"startTime": 38730, "endTime": 41990, "taskId": 5, "workflowId": 2, "jobId": -1}, {"startTime": 42808, "endTime": 44228, "taskId": 7, "workflowId": 3, "jobId": -1}, {"startTime": 52784, "endTime": 55068, "taskId": 14, "workflowId": 2, "jobId": -1}, {"startTime": 55487, "endTime": 57633, "taskId": 11, "workflowId": 3, "jobId": -1}, {"startTime": 162363, "endTime": 163361, "taskId": 6, "workflowId": 1, "jobId": -1}, {"startTime": 187165, "endTime": 190326, "taskId": 21, "workflowId": 1, "jobId": -1}, {"startTime": 194447, "endTime": 196100, "taskId": 32, "workflowId": 1, "jobId": -1}, {"startTime": 328763, "endTime": 331557, "taskId": 2, "workflowId": 0, "jobId": -1}, {"startTime": 331557, "endTime": 333094, "taskId": 5, "workflowId": 0, "jobId": -1}, {"startTime": 333094, "endTime": 333098, "taskId": 6, "workflowId": 0, "jobId": -1}, {"startTime": 333098, "endTime": 334820, "taskId": 6, "workflowId": 0, "jobId": -1}, {"startTime": 334820, "endTime": 337326, "taskId": 11, "workflowId": 0, "jobId": -1}, {"startTime": 337326, "endTime": 337427, "taskId": 14, "workflowId": 0, "jobId": -1}, {"startTime": 337427, "endTime": 339756, "taskId": 14, "workflowId": 0, "jobId": -1}, {"startTime": 339756, "endTime": 339796, "taskId": 7, "workflowId": 0, "jobId": -1}, {"startTime": 339796, "endTime": 341297, "taskId": 7, "workflowId": 0, "jobId": -1}, {"startTime": 341297, "endTime": 343819, "taskId": 8, "workflowId": 0, "jobId": -1}, {"startTime": 343819, "endTime": 345692, "taskId": 21, "workflowId": 0, "jobId": -1}, {"startTime": 345692, "endTime": 346828, "taskId": 20, "workflowId": 0, "jobId": -1}, {"startTime": 346828, "endTime": 348212, "taskId": 20, "workflowId": 0, "jobId": -1}, {"startTime": 348212, "endTime": 351360, "taskId": 18, "workflowId": 0, "jobId": -1}, {"startTime": 351360, "endTime": 353896, "taskId": 27, "workflowId": 0, "jobId": -1}, {"startTime": 353896, "endTime": 353963, "taskId": 27, "workflowId": 0, "jobId": -1}, {"startTime": 353963, "endTime": 356095, "taskId": 28, "workflowId": 0, "jobId": -1}, {"startTime": 356095, "endTime": 358134, "taskId": 25, "workflowId": 0, "jobId": -1}, {"startTime": 358134, "endTime": 359499, "taskId": 26, "workflowId": 0, "jobId": -1}, {"startTime": 359499, "endTime": 361201, "taskId": 31, "workflowId": 0, "jobId": -1}]}, {"frequency": 1.5, "activePower": 8, "idlePower": 2.7, "memory": 4, "allocations": [{"startTime": 33668, "endTime": 44602, "taskId": 3, "workflowId": -1, "jobId": 0}, {"startTime": 44602, "endTime": 55119, "taskId": 2, "workflowId": -1, "jobId": 0}, {"startTime": 56016, "endTime": 70870, "taskId": 1, "workflowId": -1, "jobId": 1}, {"startTime": 70952, "endTime": 78364, "taskId": 0, "workflowId": -1, "jobId": 1}, {"startTime": 78364, "endTime": 80521, "taskId": 2, "workflowId": -1, "jobId": 1}, {"startTime": 80521, "endTime": 83255, "taskId": 0, "workflowId": -1, "jobId": 1}, {"startTime": 83255, "endTime": 84472, "taskId": 4, "workflowId": -1, "jobId": 1}, {"startTime": 84472, "endTime": 95406, "taskId": 3, "workflowId": -1, "jobId": 2}, {"startTime": 95406, "endTime": 100713, "taskId": 6, "workflowId": -1, "jobId": 1}, {"startTime": 100713, "endTime": 101198, "taskId": 4, "workflowId": -1, "jobId": 1}, {"startTime": 101198, "endTime": 102306, "taskId": 2, "workflowId": -1, "jobId": 2}, {"startTime": 102306, "endTime": 103131, "taskId": 2, "workflowId": -1, "jobId": 2}, {"startTime": 103131, "endTime": 111715, "taskId": 2, "workflowId": -1, "jobId": 2}, {"startTime": 111715, "endTime": 113648, "taskId": 3, "workflowId": -1, "jobId": 3}, {"startTime": 113648, "endTime": 122649, "taskId": 3, "workflowId": -1, "jobId": 3}, {"startTime": 122649, "endTime": 123060, "taskId": 4, "workflowId": -1, "jobId": 1}, {"startTime": 123060, "endTime": 124582, "taskId": 0, "workflowId": -1, "jobId": 2}, {"startTime": 124582, "endTime": 125713, "taskId": 0, "workflowId": -1, "jobId": 2}, {"startTime": 125713, "endTime": 127235, "taskId": 4, "workflowId": -1, "jobId": 1}, {"startTime": 127235, "endTime": 128828, "taskId": 6, "workflowId": -1, "jobId": 1}, {"startTime": 134963, "endTime": 135276, "taskId": 2, "workflowId": -1, "jobId": 3}, {"startTime": 135276, "endTime": 146210, "taskId": 3, "workflowId": -1, "jobId": 4}, {"startTime": 146210, "endTime": 148920, "taskId": 2, "workflowId": -1, "jobId": 3}, {"startTime": 148920, "endTime": 159066, "taskId": 0, "workflowId": -1, "jobId": 3}, {"startTime": 159066, "endTime": 167756, "taskId": 8, "workflowId": -1, "jobId": 4}, {"startTime": 167756, "endTime": 182610, "taskId": 1, "workflowId": -1, "jobId": 6}, {"startTime": 182804, "endTime": 186080, "taskId": 8, "workflowId": -1, "jobId": 4}, {"startTime": 186080, "endTime": 190104, "taskId": 0, "workflowId": -1, "jobId": 4}, {"startTime": 190104, "endTime": 192950, "taskId": 1, "workflowId": -1, "jobId": 7}, {"startTime": 192950, "endTime": 204958, "taskId": 1, "workflowId": -1, "jobId": 7}, {"startTime": 204958, "endTime": 205408, "taskId": 8, "workflowId": -1, "jobId": 4}, {"startTime": 205408, "endTime": 211482, "taskId": 9, "workflowId": -1, "jobId": 4}, {"startTime": 211482, "endTime": 212452, "taskId": 3, "workflowId": -1, "jobId": 7}, {"startTime": 212452, "endTime": 213010, "taskId": 2, "workflowId": -1, "jobId": 5}, {"startTime": 213010, "endTime": 222974, "taskId": 3, "workflowId": -1, "jobId": 7}, {"startTime": 222974, "endTime": 224858, "taskId": 0, "workflowId": -1, "jobId": 5}, {"startTime": 224858, "endTime": 233120, "taskId": 0, "workflowId": -1, "jobId": 5}, {"startTime": 236258, "endTime": 236884, "taskId": 2, "workflowId": -1, "jobId": 6}, {"startTime": 236884, "endTime": 247818, "taskId": 3, "workflowId": -1, "jobId": 8}, {"startTime": 247818, "endTime": 257709, "taskId": 2, "workflowId": -1, "jobId": 6}, {"startTime": 257709, "endTime": 262286, "taskId": 0, "workflowId": -1, "jobId": 6}, {"startTime": 262286, "endTime": 267855, "taskId": 3, "workflowId": -1, "jobId": 9}, {"startTime": 267855, "endTime": 273220, "taskId": 3, "workflowId": -1, "jobId": 9}, {"startTime": 273220, "endTime": 283737, "taskId": 2, "workflowId": -1, "jobId": 7}, {"startTime": 283737, "endTime": 287688, "taskId": 8, "workflowId": -1, "jobId": 8}, {"startTime": 287688, "endTime": 290042, "taskId": 3, "workflowId": -1, "jobId": 10}, {"startTime": 290042, "endTime": 298622, "taskId": 3, "workflowId": -1, "jobId": 10}, {"startTime": 298622, "endTime": 300670, "taskId": 8, "workflowId": -1, "jobId": 8}, {"startTime": 300670, "endTime": 301844, "taskId": 8, "workflowId": -1, "jobId": 10}, {"startTime": 301844, "endTime": 304802, "taskId": 0, "workflowId": -1, "jobId": 7}, {"startTime": 304802, "endTime": 315319, "taskId": 2, "workflowId": -1, "jobId": 8}, {"startTime": 315319, "endTime": 326253, "taskId": 3, "workflowId": -1, "jobId": 11}, {"startTime": 326253, "endTime": 331940, "taskId": 8, "workflowId": -1, "jobId": 10}, {"startTime": 331940, "endTime": 338492, "taskId": 0, "workflowId": -1, "jobId": 8}, {"startTime": 338492, "endTime": 342086, "taskId": 3, "workflowId": -1, "jobId": 12}, {"startTime": 342086, "endTime": 349426, "taskId": 3, "workflowId": -1, "jobId": 12}, {"startTime": 349426, "endTime": 350795, "taskId": 2, "workflowId": -1, "jobId": 9}, {"startTime": 350795, "endTime": 356043, "taskId": 2, "workflowId": -1, "jobId": 9}, {"startTime": 356043, "endTime": 357412, "taskId": 8, "workflowId": -1, "jobId": 10}, {"startTime": 357412, "endTime": 368888, "taskId": 8, "workflowId": -1, "jobId": 12}, {"startTime": 368888, "endTime": 383742, "taskId": 1, "workflowId": -1, "jobId": 15}, {"startTime": 383742, "endTime": 393888, "taskId": 0, "workflowId": -1, "jobId": 9}, {"startTime": 393888, "endTime": 402882, "taskId": 3, "workflowId": -1, "jobId": 14}, {"startTime": 402882, "endTime": 403179, "taskId": 8, "workflowId": -1, "jobId": 12}, {"startTime": 403179, "endTime": 405083, "taskId": 7, "workflowId": -1, "jobId": 14}, {"startTime": 405083, "endTime": 415600, "taskId": 2, "workflowId": -1, "jobId": 11}, {"startTime": 415600, "endTime": 418670, "taskId": 3, "workflowId": -1, "jobId": 15}, {"startTime": 418670, "endTime": 426534, "taskId": 3, "workflowId": -1, "jobId": 15}, {"startTime": 426534, "endTime": 429604, "taskId": 0, "workflowId": -1, "jobId": 10}, {"startTime": 429604, "endTime": 435932, "taskId": 7, "workflowId": -1, "jobId": 15}, {"startTime": 435932, "endTime": 438848, "taskId": 7, "workflowId": -1, "jobId": 14}, {"startTime": 438848, "endTime": 440100, "taskId": 2, "workflowId": -1, "jobId": 12}, {"startTime": 440100, "endTime": 440910, "taskId": 3, "workflowId": -1, "jobId": 16}, {"startTime": 440910, "endTime": 449365, "taskId": 3, "workflowId": -1, "jobId": 16}, {"startTime": 449365, "endTime": 451034, "taskId": 3, "workflowId": -1, "jobId": 16}, {"startTime": 451034, "endTime": 453096, "taskId": 0, "workflowId": -1, "jobId": 11}, {"startTime": 453096, "endTime": 458280, "taskId": 0, "workflowId": -1, "jobId": 11}, {"startTime": 458280, "endTime": 461180, "taskId": 1, "workflowId": -1, "jobId": 19}, {"startTime": 461180, "endTime": 473134, "taskId": 1, "workflowId": -1, "jobId": 19}, {"startTime": 473134, "endTime": 481111, "taskId": 7, "workflowId": -1, "jobId": 15}]}]