[{"frequency": 2.83, "activePower": 118, "idlePower": 56.7, "memory": 4, "allocations": [{"startTime": 27895, "endTime": 29017, "taskId": 0, "workflowId": 3, "jobId": -1}, {"startTime": 29017, "endTime": 30733, "taskId": 2, "workflowId": 3, "jobId": -1}, {"startTime": 36687, "endTime": 37686, "taskId": 5, "workflowId": 3, "jobId": -1}, {"startTime": 49245, "endTime": 50462, "taskId": 8, "workflowId": 3, "jobId": -1}, {"startTime": 54520, "endTime": 55478, "taskId": 7, "workflowId": 2, "jobId": -1}, {"startTime": 62117, "endTime": 62382, "taskId": 11, "workflowId": 2, "jobId": -1}, {"startTime": 62382, "endTime": 63673, "taskId": 14, "workflowId": 2, "jobId": -1}, {"startTime": 160117, "endTime": 161715, "taskId": 0, "workflowId": 1, "jobId": -1}, {"startTime": 161715, "endTime": 162243, "taskId": 1, "workflowId": 1, "jobId": -1}, {"startTime": 162243, "endTime": 162972, "taskId": 4, "workflowId": 1, "jobId": -1}, {"startTime": 162972, "endTime": 163989, "taskId": 5, "workflowId": 1, "jobId": -1}, {"startTime": 163989, "endTime": 164199, "taskId": 7, "workflowId": 1, "jobId": -1}, {"startTime": 164199, "endTime": 165034, "taskId": 8, "workflowId": 1, "jobId": -1}, {"startTime": 165034, "endTime": 165289, "taskId": 9, "workflowId": 1, "jobId": -1}, {"startTime": 165289, "endTime": 166604, "taskId": 9, "workflowId": 1, "jobId": -1}, {"startTime": 166604, "endTime": 168341, "taskId": 11, "workflowId": 1, "jobId": -1}, {"startTime": 168341, "endTime": 169074, "taskId": 14, "workflowId": 1, "jobId": -1}, {"startTime": 169074, "endTime": 170699, "taskId": 12, "workflowId": 1, "jobId": -1}, {"startTime": 170699, "endTime": 171363, "taskId": 15, "workflowId": 1, "jobId": -1}, {"startTime": 171363, "endTime": 172410, "taskId": 17, "workflowId": 1, "jobId": -1}, {"startTime": 215694, "endTime": 216651, "taskId": 0, "workflowId": 0, "jobId": -1}, {"startTime": 216651, "endTime": 217591, "taskId": 3, "workflowId": 0, "jobId": -1}, {"startTime": 217591, "endTime": 218770, "taskId": 5, "workflowId": 0, "jobId": -1}, {"startTime": 218770, "endTime": 219668, "taskId": 6, "workflowId": 0, "jobId": -1}, {"startTime": 219668, "endTime": 220755, "taskId": 7, "workflowId": 0, "jobId": -1}, {"startTime": 220755, "endTime": 222442, "taskId": 8, "workflowId": 0, "jobId": -1}, {"startTime": 222442, "endTime": 223297, "taskId": 12, "workflowId": 0, "jobId": -1}, {"startTime": 223297, "endTime": 224051, "taskId": 14, "workflowId": 0, "jobId": -1}, {"startTime": 224051, "endTime": 224663, "taskId": 13, "workflowId": 0, "jobId": -1}, {"startTime": 225107, "endTime": 226468, "taskId": 16, "workflowId": 0, "jobId": -1}]}, {"frequency": 2.83, "activePower": 118, "idlePower": 56.7, "memory": 4, "allocations": [{"startTime": 30204, "endTime": 38617, "taskId": 1, "workflowId": -1, "jobId": 0}, {"startTime": 38617, "endTime": 44483, "taskId": 2, "workflowId": -1, "jobId": 0}, {"startTime": 59451, "endTime": 67864, "taskId": 1, "workflowId": -1, "jobId": 1}, {"startTime": 67864, "endTime": 73730, "taskId": 2, "workflowId": -1, "jobId": 1}, {"startTime": 73730, "endTime": 80610, "taskId": 6, "workflowId": -1, "jobId": 1}, {"startTime": 88698, "endTime": 97111, "taskId": 1, "workflowId": -1, "jobId": 2}, {"startTime": 97111, "endTime": 102977, "taskId": 2, "workflowId": -1, "jobId": 2}, {"startTime": 107536, "endTime": 113323, "taskId": 0, "workflowId": -1, "jobId": 2}, {"startTime": 117945, "endTime": 126358, "taskId": 1, "workflowId": -1, "jobId": 3}, {"startTime": 127050, "endTime": 132916, "taskId": 2, "workflowId": -1, "jobId": 3}, {"startTime": 146202, "endTime": 147192, "taskId": 0, "workflowId": -1, "jobId": 3}, {"startTime": 147192, "endTime": 155605, "taskId": 1, "workflowId": -1, "jobId": 4}, {"startTime": 155605, "endTime": 159332, "taskId": 6, "workflowId": -1, "jobId": 4}, {"startTime": 159332, "endTime": 165198, "taskId": 2, "workflowId": -1, "jobId": 4}, {"startTime": 176439, "endTime": 184852, "taskId": 1, "workflowId": -1, "jobId": 5}, {"startTime": 184868, "endTime": 185374, "taskId": 0, "workflowId": -1, "jobId": 4}, {"startTime": 185374, "endTime": 194102, "taskId": 3, "workflowId": -1, "jobId": 5}, {"startTime": 194102, "endTime": 196664, "taskId": 4, "workflowId": -1, "jobId": 2}, {"startTime": 196664, "endTime": 204981, "taskId": 7, "workflowId": -1, "jobId": 5}, {"startTime": 205686, "endTime": 214099, "taskId": 1, "workflowId": -1, "jobId": 6}, {"startTime": 216408, "endTime": 225136, "taskId": 3, "workflowId": -1, "jobId": 6}, {"startTime": 225136, "endTime": 230561, "taskId": 0, "workflowId": -1, "jobId": 5}, {"startTime": 234933, "endTime": 243346, "taskId": 1, "workflowId": -1, "jobId": 7}, {"startTime": 245272, "endTime": 247442, "taskId": 6, "workflowId": -1, "jobId": 7}, {"startTime": 247442, "endTime": 256170, "taskId": 3, "workflowId": -1, "jobId": 7}, {"startTime": 256178, "endTime": 262044, "taskId": 2, "workflowId": -1, "jobId": 7}, {"startTime": 262200, "endTime": 264180, "taskId": 0, "workflowId": -1, "jobId": 6}, {"startTime": 264180, "endTime": 272593, "taskId": 1, "workflowId": -1, "jobId": 8}, {"startTime": 278476, "endTime": 287204, "taskId": 3, "workflowId": -1, "jobId": 8}, {"startTime": 288460, "endTime": 294326, "taskId": 2, "workflowId": -1, "jobId": 8}, {"startTime": 300866, "endTime": 306653, "taskId": 0, "workflowId": -1, "jobId": 7}, {"startTime": 306720, "endTime": 309510, "taskId": 6, "workflowId": -1, "jobId": 9}, {"startTime": 309510, "endTime": 318238, "taskId": 3, "workflowId": -1, "jobId": 9}, {"startTime": 320742, "endTime": 322674, "taskId": 2, "workflowId": -1, "jobId": 9}, {"startTime": 322674, "endTime": 331087, "taskId": 1, "workflowId": -1, "jobId": 10}, {"startTime": 339532, "endTime": 340544, "taskId": 0, "workflowId": -1, "jobId": 8}, {"startTime": 340544, "endTime": 349272, "taskId": 3, "workflowId": -1, "jobId": 10}, {"startTime": 351921, "endTime": 360334, "taskId": 1, "workflowId": -1, "jobId": 11}, {"startTime": 362034, "endTime": 365486, "taskId": 5, "workflowId": -1, "jobId": 9}, {"startTime": 371578, "endTime": 380306, "taskId": 3, "workflowId": -1, "jobId": 11}, {"startTime": 381168, "endTime": 389581, "taskId": 1, "workflowId": -1, "jobId": 12}, {"startTime": 398904, "endTime": 402356, "taskId": 5, "workflowId": -1, "jobId": 10}, {"startTime": 402612, "endTime": 411340, "taskId": 3, "workflowId": -1, "jobId": 12}, {"startTime": 416864, "endTime": 417588, "taskId": 0, "workflowId": -1, "jobId": 10}, {"startTime": 417588, "endTime": 423454, "taskId": 2, "workflowId": -1, "jobId": 12}, {"startTime": 433646, "endTime": 442374, "taskId": 3, "workflowId": -1, "jobId": 13}, {"startTime": 449870, "endTime": 455736, "taskId": 2, "workflowId": -1, "jobId": 13}, {"startTime": 455736, "endTime": 460304, "taskId": 7, "workflowId": -1, "jobId": 13}, {"startTime": 464680, "endTime": 473408, "taskId": 3, "workflowId": -1, "jobId": 14}]}, {"frequency": 2.83, "activePower": 118, "idlePower": 56.7, "memory": 4, "allocations": [{"startTime": 29017, "endTime": 29638, "taskId": 1, "workflowId": 3, "jobId": -1}, {"startTime": 54743, "endTime": 55477, "taskId": 17, "workflowId": 3, "jobId": -1}, {"startTime": 62385, "endTime": 62957, "taskId": 11, "workflowId": 2, "jobId": -1}, {"startTime": 161715, "endTime": 162317, "taskId": 2, "workflowId": 1, "jobId": -1}, {"startTime": 162317, "endTime": 162812, "taskId": 6, "workflowId": 1, "jobId": -1}, {"startTime": 162812, "endTime": 164199, "taskId": 3, "workflowId": 1, "jobId": -1}, {"startTime": 164199, "endTime": 165289, "taskId": 7, "workflowId": 1, "jobId": -1}, {"startTime": 165289, "endTime": 166747, "taskId": 10, "workflowId": 1, "jobId": -1}, {"startTime": 168341, "endTime": 169584, "taskId": 13, "workflowId": 1, "jobId": -1}, {"startTime": 171363, "endTime": 172622, "taskId": 16, "workflowId": 1, "jobId": -1}, {"startTime": 216651, "endTime": 217629, "taskId": 1, "workflowId": 0, "jobId": -1}, {"startTime": 217629, "endTime": 219042, "taskId": 2, "workflowId": 0, "jobId": -1}, {"startTime": 219042, "endTime": 220248, "taskId": 4, "workflowId": 0, "jobId": -1}, {"startTime": 220248, "endTime": 221690, "taskId": 10, "workflowId": 0, "jobId": -1}, {"startTime": 221690, "endTime": 222353, "taskId": 11, "workflowId": 0, "jobId": -1}, {"startTime": 222353, "endTime": 224051, "taskId": 9, "workflowId": 0, "jobId": -1}, {"startTime": 224051, "endTime": 224161, "taskId": 14, "workflowId": 0, "jobId": -1}, {"startTime": 224161, "endTime": 225107, "taskId": 15, "workflowId": 0, "jobId": -1}, {"startTime": 225107, "endTime": 226838, "taskId": 17, "workflowId": 0, "jobId": -1}]}, {"frequency": 2.83, "activePower": 118, "idlePower": 56.7, "memory": 4, "allocations": [{"startTime": 30204, "endTime": 38932, "taskId": 3, "workflowId": -1, "jobId": 0}, {"startTime": 38932, "endTime": 44719, "taskId": 0, "workflowId": -1, "jobId": 0}, {"startTime": 60928, "endTime": 61238, "taskId": 6, "workflowId": -1, "jobId": 1}, {"startTime": 61238, "endTime": 69966, "taskId": 3, "workflowId": -1, "jobId": 1}, {"startTime": 69966, "endTime": 75753, "taskId": 0, "workflowId": -1, "jobId": 1}, {"startTime": 92272, "endTime": 101000, "taskId": 3, "workflowId": -1, "jobId": 2}, {"startTime": 123306, "endTime": 132034, "taskId": 3, "workflowId": -1, "jobId": 3}, {"startTime": 147192, "endTime": 151989, "taskId": 0, "workflowId": -1, "jobId": 3}, {"startTime": 153100, "endTime": 154340, "taskId": 6, "workflowId": -1, "jobId": 4}, {"startTime": 154340, "endTime": 163068, "taskId": 3, "workflowId": -1, "jobId": 4}, {"startTime": 163068, "endTime": 165291, "taskId": 6, "workflowId": -1, "jobId": 4}, {"startTime": 183928, "endTime": 185374, "taskId": 4, "workflowId": -1, "jobId": 2}, {"startTime": 185374, "endTime": 190655, "taskId": 0, "workflowId": -1, "jobId": 4}, {"startTime": 190655, "endTime": 191614, "taskId": 4, "workflowId": -1, "jobId": 2}, {"startTime": 191614, "endTime": 197480, "taskId": 2, "workflowId": -1, "jobId": 5}, {"startTime": 223534, "endTime": 223896, "taskId": 0, "workflowId": -1, "jobId": 5}, {"startTime": 223896, "endTime": 229762, "taskId": 2, "workflowId": -1, "jobId": 6}, {"startTime": 247442, "endTime": 252462, "taskId": 6, "workflowId": -1, "jobId": 7}, {"startTime": 260790, "endTime": 264180, "taskId": 4, "workflowId": -1, "jobId": 3}, {"startTime": 264180, "endTime": 267987, "taskId": 0, "workflowId": -1, "jobId": 6}, {"startTime": 267987, "endTime": 269564, "taskId": 4, "workflowId": -1, "jobId": 3}, {"startTime": 293427, "endTime": 301840, "taskId": 1, "workflowId": -1, "jobId": 9}, {"startTime": 309510, "endTime": 313910, "taskId": 6, "workflowId": -1, "jobId": 9}, {"startTime": 322674, "endTime": 326608, "taskId": 2, "workflowId": -1, "jobId": 9}, {"startTime": 340544, "endTime": 345319, "taskId": 0, "workflowId": -1, "jobId": 8}, {"startTime": 353024, "endTime": 358890, "taskId": 2, "workflowId": -1, "jobId": 10}, {"startTime": 358890, "endTime": 367207, "taskId": 7, "workflowId": -1, "jobId": 10}, {"startTime": 378198, "endTime": 383985, "taskId": 0, "workflowId": -1, "jobId": 9}, {"startTime": 385306, "endTime": 391172, "taskId": 2, "workflowId": -1, "jobId": 11}, {"startTime": 410415, "endTime": 418828, "taskId": 1, "workflowId": -1, "jobId": 13}, {"startTime": 418828, "endTime": 423891, "taskId": 0, "workflowId": -1, "jobId": 10}, {"startTime": 439662, "endTime": 448075, "taskId": 1, "workflowId": -1, "jobId": 14}, {"startTime": 451781, "endTime": 455530, "taskId": 7, "workflowId": -1, "jobId": 13}, {"startTime": 455530, "endTime": 461317, "taskId": 0, "workflowId": -1, "jobId": 11}, {"startTime": 468909, "endTime": 477322, "taskId": 1, "workflowId": -1, "jobId": 15}]}]