[{"frequency": 1.5, "activePower": 8, "idlePower": 2.7, "memory": 4, "allocations": [{"startTime": 25187, "endTime": 27582, "taskId": 0, "workflowId": 2, "jobId": -1}, {"startTime": 27582, "endTime": 28197, "taskId": 1, "workflowId": -1, "jobId": 0}, {"startTime": 28197, "endTime": 40768, "taskId": 1, "workflowId": -1, "jobId": 0}, {"startTime": 40768, "endTime": 46936, "taskId": 2, "workflowId": -1, "jobId": 0}, {"startTime": 46936, "endTime": 48901, "taskId": 5, "workflowId": -1, "jobId": 0}, {"startTime": 48901, "endTime": 50783, "taskId": 5, "workflowId": -1, "jobId": 0}, {"startTime": 50783, "endTime": 51600, "taskId": 1, "workflowId": -1, "jobId": 1}, {"startTime": 51600, "endTime": 56717, "taskId": 1, "workflowId": -1, "jobId": 1}, {"startTime": 56717, "endTime": 63969, "taskId": 1, "workflowId": -1, "jobId": 1}, {"startTime": 63969, "endTime": 65114, "taskId": 8, "workflowId": 3, "jobId": -1}, {"startTime": 65114, "endTime": 67724, "taskId": 11, "workflowId": 3, "jobId": -1}, {"startTime": 67902, "endTime": 68389, "taskId": 17, "workflowId": 3, "jobId": -1}, {"startTime": 68389, "endTime": 73984, "taskId": 6, "workflowId": -1, "jobId": 1}, {"startTime": 73984, "endTime": 74346, "taskId": 1, "workflowId": -1, "jobId": 2}, {"startTime": 74346, "endTime": 76515, "taskId": 1, "workflowId": -1, "jobId": 2}, {"startTime": 76515, "endTime": 87170, "taskId": 1, "workflowId": -1, "jobId": 2}, {"startTime": 87328, "endTime": 95461, "taskId": 2, "workflowId": -1, "jobId": 1}, {"startTime": 95580, "endTime": 97185, "taskId": 0, "workflowId": -1, "jobId": 2}, {"startTime": 97185, "endTime": 110371, "taskId": 1, "workflowId": -1, "jobId": 3}, {"startTime": 110371, "endTime": 111920, "taskId": 13, "workflowId": 1, "jobId": -1}, {"startTime": 111920, "endTime": 112966, "taskId": 13, "workflowId": 1, "jobId": -1}, {"startTime": 112966, "endTime": 115342, "taskId": 14, "workflowId": 1, "jobId": -1}, {"startTime": 115342, "endTime": 116248, "taskId": 17, "workflowId": 1, "jobId": -1}, {"startTime": 116248, "endTime": 120386, "taskId": 6, "workflowId": -1, "jobId": 3}, {"startTime": 120386, "endTime": 133572, "taskId": 1, "workflowId": -1, "jobId": 4}, {"startTime": 135682, "endTime": 142158, "taskId": 6, "workflowId": -1, "jobId": 5}, {"startTime": 142158, "endTime": 143587, "taskId": 3, "workflowId": -1, "jobId": 2}, {"startTime": 143587, "endTime": 156773, "taskId": 1, "workflowId": -1, "jobId": 5}, {"startTime": 157302, "endTime": 163578, "taskId": 6, "workflowId": -1, "jobId": 6}, {"startTime": 163578, "endTime": 166788, "taskId": 0, "workflowId": -1, "jobId": 4}, {"startTime": 166788, "endTime": 169143, "taskId": 1, "workflowId": -1, "jobId": 6}, {"startTime": 169143, "endTime": 170872, "taskId": 0, "workflowId": 0, "jobId": -1}, {"startTime": 170872, "endTime": 173373, "taskId": 5, "workflowId": 0, "jobId": -1}, {"startTime": 173373, "endTime": 176131, "taskId": 2, "workflowId": 0, "jobId": -1}, {"startTime": 176131, "endTime": 177375, "taskId": 4, "workflowId": 0, "jobId": -1}, {"startTime": 177375, "endTime": 179803, "taskId": 5, "workflowId": -1, "jobId": 3}, {"startTime": 179803, "endTime": 180795, "taskId": 7, "workflowId": 0, "jobId": -1}, {"startTime": 180795, "endTime": 183889, "taskId": 11, "workflowId": 0, "jobId": -1}, {"startTime": 183889, "endTime": 185230, "taskId": 13, "workflowId": 0, "jobId": -1}, {"startTime": 185230, "endTime": 186645, "taskId": 6, "workflowId": -1, "jobId": 7}, {"startTime": 186645, "endTime": 189850, "taskId": 15, "workflowId": 0, "jobId": -1}, {"startTime": 189850, "endTime": 189989, "taskId": 16, "workflowId": 0, "jobId": -1}, {"startTime": 189989, "endTime": 203175, "taskId": 1, "workflowId": -1, "jobId": 7}, {"startTime": 206820, "endTime": 213190, "taskId": 2, "workflowId": -1, "jobId": 3}, {"startTime": 213190, "endTime": 226376, "taskId": 1, "workflowId": -1, "jobId": 8}, {"startTime": 231576, "endTime": 236391, "taskId": 0, "workflowId": -1, "jobId": 6}, {"startTime": 236391, "endTime": 249577, "taskId": 1, "workflowId": -1, "jobId": 9}, {"startTime": 256734, "endTime": 259592, "taskId": 3, "workflowId": -1, "jobId": 4}, {"startTime": 259592, "endTime": 272778, "taskId": 1, "workflowId": -1, "jobId": 10}, {"startTime": 272778, "endTime": 282793, "taskId": 4, "workflowId": -1, "jobId": 4}, {"startTime": 282793, "endTime": 295979, "taskId": 1, "workflowId": -1, "jobId": 11}, {"startTime": 299574, "endTime": 305994, "taskId": 0, "workflowId": -1, "jobId": 8}, {"startTime": 305994, "endTime": 319180, "taskId": 1, "workflowId": -1, "jobId": 12}, {"startTime": 326312, "endTime": 329195, "taskId": 2, "workflowId": -1, "jobId": 5}, {"startTime": 329195, "endTime": 342381, "taskId": 1, "workflowId": -1, "jobId": 13}, {"startTime": 351882, "endTime": 352396, "taskId": 6, "workflowId": -1, "jobId": 15}, {"startTime": 352396, "endTime": 365582, "taskId": 1, "workflowId": -1, "jobId": 14}, {"startTime": 367572, "endTime": 375597, "taskId": 0, "workflowId": -1, "jobId": 10}, {"startTime": 375597, "endTime": 388783, "taskId": 1, "workflowId": -1, "jobId": 15}, {"startTime": 393624, "endTime": 398798, "taskId": 4, "workflowId": -1, "jobId": 6}, {"startTime": 398798, "endTime": 411984, "taskId": 1, "workflowId": -1, "jobId": 16}, {"startTime": 416742, "endTime": 421999, "taskId": 6, "workflowId": -1, "jobId": 18}, {"startTime": 421999, "endTime": 435185, "taskId": 1, "workflowId": -1, "jobId": 17}, {"startTime": 435570, "endTime": 445200, "taskId": 0, "workflowId": -1, "jobId": 12}, {"startTime": 445200, "endTime": 458386, "taskId": 1, "workflowId": -1, "jobId": 18}, {"startTime": 459982, "endTime": 468401, "taskId": 6, "workflowId": -1, "jobId": 20}, {"startTime": 468401, "endTime": 481587, "taskId": 1, "workflowId": -1, "jobId": 19}]}, {"frequency": 1.5, "activePower": 8, "idlePower": 2.7, "memory": 4, "allocations": [{"startTime": 25187, "endTime": 26051, "taskId": 2, "workflowId": 3, "jobId": -1}, {"startTime": 26051, "endTime": 27582, "taskId": 4, "workflowId": 3, "jobId": -1}, {"startTime": 27582, "endTime": 28625, "taskId": 0, "workflowId": -1, "jobId": 0}, {"startTime": 28625, "endTime": 42842, "taskId": 0, "workflowId": -1, "jobId": 0}, {"startTime": 42842, "endTime": 44766, "taskId": 4, "workflowId": -1, "jobId": 0}, {"startTime": 44766, "endTime": 46936, "taskId": 4, "workflowId": -1, "jobId": 0}, {"startTime": 46936, "endTime": 47465, "taskId": 2, "workflowId": -1, "jobId": 0}, {"startTime": 47465, "endTime": 48901, "taskId": 2, "workflowId": -1, "jobId": 0}, {"startTime": 48901, "endTime": 50783, "taskId": 11, "workflowId": 2, "jobId": -1}, {"startTime": 50783, "endTime": 50825, "taskId": 5, "workflowId": -1, "jobId": 0}, {"startTime": 50825, "endTime": 52205, "taskId": 5, "workflowId": -1, "jobId": 0}, {"startTime": 52205, "endTime": 53524, "taskId": 5, "workflowId": -1, "jobId": 0}, {"startTime": 53524, "endTime": 54841, "taskId": 5, "workflowId": -1, "jobId": 0}, {"startTime": 54841, "endTime": 54904, "taskId": 5, "workflowId": -1, "jobId": 0}, {"startTime": 54904, "endTime": 56221, "taskId": 5, "workflowId": -1, "jobId": 0}, {"startTime": 56221, "endTime": 56577, "taskId": 5, "workflowId": -1, "jobId": 0}, {"startTime": 56577, "endTime": 56717, "taskId": 5, "workflowId": -1, "jobId": 0}, {"startTime": 56717, "endTime": 58451, "taskId": 6, "workflowId": 3, "jobId": -1}, {"startTime": 58451, "endTime": 58920, "taskId": 5, "workflowId": 3, "jobId": -1}, {"startTime": 58920, "endTime": 59216, "taskId": 7, "workflowId": -1, "jobId": 0}, {"startTime": 59216, "endTime": 61581, "taskId": 7, "workflowId": -1, "jobId": 0}, {"startTime": 61581, "endTime": 64317, "taskId": 0, "workflowId": -1, "jobId": 1}, {"startTime": 64317, "endTime": 65532, "taskId": 0, "workflowId": -1, "jobId": 1}, {"startTime": 65532, "endTime": 76841, "taskId": 0, "workflowId": -1, "jobId": 1}, {"startTime": 76841, "endTime": 78268, "taskId": 16, "workflowId": 3, "jobId": -1}, {"startTime": 78268, "endTime": 80437, "taskId": 15, "workflowId": 3, "jobId": -1}, {"startTime": 80437, "endTime": 81946, "taskId": 17, "workflowId": 3, "jobId": -1}, {"startTime": 84870, "endTime": 97185, "taskId": 3, "workflowId": -1, "jobId": 1}, {"startTime": 97185, "endTime": 110840, "taskId": 0, "workflowId": -1, "jobId": 2}, {"startTime": 110840, "endTime": 111664, "taskId": 9, "workflowId": 1, "jobId": -1}, {"startTime": 111664, "endTime": 112389, "taskId": 9, "workflowId": 1, "jobId": -1}, {"startTime": 112389, "endTime": 115342, "taskId": 6, "workflowId": -1, "jobId": 3}, {"startTime": 115342, "endTime": 116444, "taskId": 16, "workflowId": 1, "jobId": -1}, {"startTime": 116444, "endTime": 120386, "taskId": 6, "workflowId": -1, "jobId": 4}, {"startTime": 120386, "endTime": 120557, "taskId": 6, "workflowId": -1, "jobId": 3}, {"startTime": 123518, "endTime": 129579, "taskId": 5, "workflowId": -1, "jobId": 2}, {"startTime": 129579, "endTime": 144839, "taskId": 0, "workflowId": -1, "jobId": 3}, {"startTime": 147074, "endTime": 155207, "taskId": 2, "workflowId": -1, "jobId": 2}, {"startTime": 155207, "endTime": 156764, "taskId": 6, "workflowId": -1, "jobId": 5}, {"startTime": 163578, "endTime": 166788, "taskId": 6, "workflowId": -1, "jobId": 6}, {"startTime": 166788, "endTime": 169143, "taskId": 0, "workflowId": -1, "jobId": 4}, {"startTime": 169143, "endTime": 179974, "taskId": 1, "workflowId": -1, "jobId": 6}, {"startTime": 179974, "endTime": 183217, "taskId": 10, "workflowId": 0, "jobId": -1}, {"startTime": 183217, "endTime": 183889, "taskId": 6, "workflowId": -1, "jobId": 7}, {"startTime": 183889, "endTime": 186052, "taskId": 14, "workflowId": 0, "jobId": -1}, {"startTime": 186052, "endTime": 186645, "taskId": 7, "workflowId": -1, "jobId": 2}, {"startTime": 186645, "endTime": 189850, "taskId": 6, "workflowId": -1, "jobId": 7}, {"startTime": 189850, "endTime": 189989, "taskId": 17, "workflowId": 0, "jobId": -1}, {"startTime": 189989, "endTime": 191195, "taskId": 16, "workflowId": 0, "jobId": -1}, {"startTime": 191195, "endTime": 197577, "taskId": 6, "workflowId": -1, "jobId": 7}, {"startTime": 197577, "endTime": 212837, "taskId": 0, "workflowId": -1, "jobId": 5}, {"startTime": 212837, "endTime": 213190, "taskId": 6, "workflowId": -1, "jobId": 8}, {"startTime": 213190, "endTime": 214953, "taskId": 2, "workflowId": -1, "jobId": 3}, {"startTime": 219454, "endTime": 234329, "taskId": 5, "workflowId": -1, "jobId": 4}, {"startTime": 236391, "endTime": 246836, "taskId": 0, "workflowId": -1, "jobId": 6}, {"startTime": 259592, "endTime": 265575, "taskId": 3, "workflowId": -1, "jobId": 4}, {"startTime": 265575, "endTime": 280835, "taskId": 0, "workflowId": -1, "jobId": 7}, {"startTime": 282793, "endTime": 282854, "taskId": 4, "workflowId": -1, "jobId": 4}, {"startTime": 287022, "endTime": 302493, "taskId": 6, "workflowId": -1, "jobId": 12}, {"startTime": 305994, "endTime": 314834, "taskId": 0, "workflowId": -1, "jobId": 8}, {"startTime": 315390, "endTime": 330265, "taskId": 5, "workflowId": -1, "jobId": 6}, {"startTime": 332617, "endTime": 333573, "taskId": 4, "workflowId": -1, "jobId": 5}, {"startTime": 333573, "endTime": 348833, "taskId": 0, "workflowId": -1, "jobId": 9}, {"startTime": 352396, "endTime": 363358, "taskId": 6, "workflowId": -1, "jobId": 15}, {"startTime": 363358, "endTime": 375597, "taskId": 5, "workflowId": -1, "jobId": 7}, {"startTime": 375597, "endTime": 382832, "taskId": 0, "workflowId": -1, "jobId": 10}, {"startTime": 382832, "endTime": 386058, "taskId": 7, "workflowId": -1, "jobId": 5}, {"startTime": 386058, "endTime": 394191, "taskId": 2, "workflowId": -1, "jobId": 6}, {"startTime": 395122, "endTime": 398798, "taskId": 6, "workflowId": -1, "jobId": 17}, {"startTime": 398798, "endTime": 401571, "taskId": 4, "workflowId": -1, "jobId": 6}, {"startTime": 401571, "endTime": 416831, "taskId": 0, "workflowId": -1, "jobId": 11}, {"startTime": 421999, "endTime": 428598, "taskId": 6, "workflowId": -1, "jobId": 18}, {"startTime": 428598, "endTime": 442828, "taskId": 3, "workflowId": -1, "jobId": 7}, {"startTime": 445200, "endTime": 450830, "taskId": 0, "workflowId": -1, "jobId": 12}, {"startTime": 468401, "endTime": 475453, "taskId": 6, "workflowId": -1, "jobId": 20}]}, {"frequency": 1.5, "activePower": 8, "idlePower": 2.7, "memory": 4, "allocations": [{"startTime": 25187, "endTime": 26541, "taskId": 1, "workflowId": 3, "jobId": -1}, {"startTime": 26541, "endTime": 27582, "taskId": 6, "workflowId": 3, "jobId": -1}, {"startTime": 27582, "endTime": 28197, "taskId": 0, "workflowId": 2, "jobId": -1}, {"startTime": 28197, "endTime": 28875, "taskId": 2, "workflowId": 2, "jobId": -1}, {"startTime": 28875, "endTime": 31081, "taskId": 1, "workflowId": 2, "jobId": -1}, {"startTime": 31081, "endTime": 34337, "taskId": 3, "workflowId": 2, "jobId": -1}, {"startTime": 34337, "endTime": 42427, "taskId": 3, "workflowId": -1, "jobId": 0}, {"startTime": 42427, "endTime": 48567, "taskId": 3, "workflowId": -1, "jobId": 0}, {"startTime": 48567, "endTime": 51698, "taskId": 9, "workflowId": 2, "jobId": -1}, {"startTime": 51698, "endTime": 53120, "taskId": 11, "workflowId": 2, "jobId": -1}, {"startTime": 53120, "endTime": 53951, "taskId": 13, "workflowId": 2, "jobId": -1}, {"startTime": 53951, "endTime": 55043, "taskId": 14, "workflowId": 2, "jobId": -1}, {"startTime": 55043, "endTime": 56315, "taskId": 14, "workflowId": 2, "jobId": -1}, {"startTime": 56315, "endTime": 56504, "taskId": 6, "workflowId": 3, "jobId": -1}, {"startTime": 56504, "endTime": 57224, "taskId": 17, "workflowId": 2, "jobId": -1}, {"startTime": 57224, "endTime": 58238, "taskId": 5, "workflowId": 3, "jobId": -1}, {"startTime": 58238, "endTime": 58451, "taskId": 8, "workflowId": 3, "jobId": -1}, {"startTime": 58451, "endTime": 59415, "taskId": 12, "workflowId": 3, "jobId": -1}, {"startTime": 59415, "endTime": 60440, "taskId": 13, "workflowId": 3, "jobId": -1}, {"startTime": 60440, "endTime": 61581, "taskId": 8, "workflowId": 3, "jobId": -1}, {"startTime": 61581, "endTime": 62726, "taskId": 7, "workflowId": -1, "jobId": 0}, {"startTime": 62726, "endTime": 63138, "taskId": 7, "workflowId": -1, "jobId": 0}, {"startTime": 63138, "endTime": 63257, "taskId": 7, "workflowId": -1, "jobId": 0}, {"startTime": 63257, "endTime": 63791, "taskId": 7, "workflowId": -1, "jobId": 0}, {"startTime": 63791, "endTime": 64317, "taskId": 7, "workflowId": -1, "jobId": 0}, {"startTime": 64317, "endTime": 64848, "taskId": 13, "workflowId": 3, "jobId": -1}, {"startTime": 64848, "endTime": 67902, "taskId": 14, "workflowId": 3, "jobId": -1}, {"startTime": 67902, "endTime": 69117, "taskId": 5, "workflowId": 3, "jobId": -1}, {"startTime": 69117, "endTime": 70584, "taskId": 10, "workflowId": 3, "jobId": -1}, {"startTime": 70584, "endTime": 70822, "taskId": 10, "workflowId": 3, "jobId": -1}, {"startTime": 70822, "endTime": 71781, "taskId": 6, "workflowId": -1, "jobId": 2}, {"startTime": 71781, "endTime": 73984, "taskId": 6, "workflowId": -1, "jobId": 2}, {"startTime": 73984, "endTime": 74346, "taskId": 6, "workflowId": -1, "jobId": 1}, {"startTime": 74346, "endTime": 74605, "taskId": 18, "workflowId": 3, "jobId": -1}, {"startTime": 74605, "endTime": 75550, "taskId": 16, "workflowId": 3, "jobId": -1}, {"startTime": 75550, "endTime": 76977, "taskId": 5, "workflowId": -1, "jobId": 1}, {"startTime": 76977, "endTime": 90425, "taskId": 5, "workflowId": -1, "jobId": 1}, {"startTime": 92442, "endTime": 97185, "taskId": 6, "workflowId": -1, "jobId": 3}, {"startTime": 97185, "endTime": 99100, "taskId": 3, "workflowId": -1, "jobId": 1}, {"startTime": 99100, "endTime": 102131, "taskId": 7, "workflowId": -1, "jobId": 1}, {"startTime": 102131, "endTime": 102957, "taskId": 4, "workflowId": 1, "jobId": -1}, {"startTime": 102957, "endTime": 105817, "taskId": 2, "workflowId": 1, "jobId": -1}, {"startTime": 105817, "endTime": 108332, "taskId": 12, "workflowId": 1, "jobId": -1}, {"startTime": 108332, "endTime": 109881, "taskId": 7, "workflowId": 1, "jobId": -1}, {"startTime": 109881, "endTime": 110331, "taskId": 7, "workflowId": 1, "jobId": -1}, {"startTime": 110331, "endTime": 112217, "taskId": 10, "workflowId": 1, "jobId": -1}, {"startTime": 112217, "endTime": 112961, "taskId": 8, "workflowId": 1, "jobId": -1}, {"startTime": 114062, "endTime": 115342, "taskId": 6, "workflowId": -1, "jobId": 4}, {"startTime": 115342, "endTime": 117102, "taskId": 18, "workflowId": 1, "jobId": -1}, {"startTime": 120386, "endTime": 129579, "taskId": 6, "workflowId": -1, "jobId": 4}, {"startTime": 129579, "endTime": 138393, "taskId": 5, "workflowId": -1, "jobId": 2}, {"startTime": 142158, "endTime": 143587, "taskId": 6, "workflowId": -1, "jobId": 5}, {"startTime": 143587, "endTime": 156388, "taskId": 3, "workflowId": -1, "jobId": 2}, {"startTime": 166788, "endTime": 169143, "taskId": 6, "workflowId": -1, "jobId": 6}, {"startTime": 169143, "endTime": 178838, "taskId": 0, "workflowId": -1, "jobId": 4}, {"startTime": 178838, "endTime": 179803, "taskId": 6, "workflowId": -1, "jobId": 6}, {"startTime": 179803, "endTime": 181335, "taskId": 8, "workflowId": 0, "jobId": -1}, {"startTime": 181335, "endTime": 182271, "taskId": 5, "workflowId": -1, "jobId": 3}, {"startTime": 182271, "endTime": 183889, "taskId": 5, "workflowId": -1, "jobId": 3}, {"startTime": 183889, "endTime": 186645, "taskId": 12, "workflowId": 0, "jobId": -1}, {"startTime": 186645, "endTime": 188704, "taskId": 7, "workflowId": -1, "jobId": 2}, {"startTime": 189850, "endTime": 189989, "taskId": 6, "workflowId": -1, "jobId": 7}, {"startTime": 189989, "endTime": 191676, "taskId": 17, "workflowId": 0, "jobId": -1}, {"startTime": 197577, "endTime": 199446, "taskId": 6, "workflowId": -1, "jobId": 7}, {"startTime": 199446, "endTime": 213676, "taskId": 3, "workflowId": -1, "jobId": 3}, {"startTime": 213676, "endTime": 219426, "taskId": 6, "workflowId": -1, "jobId": 8}, {"startTime": 222162, "endTime": 237633, "taskId": 6, "workflowId": -1, "jobId": 9}, {"startTime": 243782, "endTime": 259253, "taskId": 6, "workflowId": -1, "jobId": 10}, {"startTime": 265402, "endTime": 265575, "taskId": 6, "workflowId": -1, "jobId": 11}, {"startTime": 265575, "endTime": 270964, "taskId": 3, "workflowId": -1, "jobId": 4}, {"startTime": 270964, "endTime": 278241, "taskId": 2, "workflowId": -1, "jobId": 4}, {"startTime": 278241, "endTime": 292548, "taskId": 6, "workflowId": -1, "jobId": 11}, {"startTime": 306138, "endTime": 308642, "taskId": 7, "workflowId": -1, "jobId": 4}, {"startTime": 308642, "endTime": 314022, "taskId": 6, "workflowId": -1, "jobId": 13}, {"startTime": 314022, "endTime": 328252, "taskId": 3, "workflowId": -1, "jobId": 5}, {"startTime": 329195, "endTime": 334445, "taskId": 2, "workflowId": -1, "jobId": 5}, {"startTime": 334445, "endTime": 346605, "taskId": 6, "workflowId": -1, "jobId": 14}, {"startTime": 363358, "endTime": 367353, "taskId": 6, "workflowId": -1, "jobId": 15}, {"startTime": 371310, "endTime": 375597, "taskId": 3, "workflowId": -1, "jobId": 6}, {"startTime": 375597, "endTime": 378233, "taskId": 5, "workflowId": -1, "jobId": 7}, {"startTime": 378233, "endTime": 391609, "taskId": 6, "workflowId": -1, "jobId": 16}, {"startTime": 398798, "endTime": 401571, "taskId": 6, "workflowId": -1, "jobId": 17}, {"startTime": 401571, "endTime": 403700, "taskId": 4, "workflowId": -1, "jobId": 6}, {"startTime": 411326, "endTime": 426201, "taskId": 5, "workflowId": -1, "jobId": 8}, {"startTime": 428598, "endTime": 432213, "taskId": 6, "workflowId": -1, "jobId": 18}, {"startTime": 438362, "endTime": 453833, "taskId": 6, "workflowId": -1, "jobId": 19}]}, {"frequency": 1.5, "activePower": 8, "idlePower": 2.7, "memory": 4, "allocations": [{"startTime": 25187, "endTime": 27128, "taskId": 3, "workflowId": 3, "jobId": -1}, {"startTime": 27128, "endTime": 27582, "taskId": 5, "workflowId": 3, "jobId": -1}, {"startTime": 27582, "endTime": 28197, "taskId": 5, "workflowId": -1, "jobId": 0}, {"startTime": 28197, "endTime": 29467, "taskId": 5, "workflowId": 2, "jobId": -1}, {"startTime": 29467, "endTime": 32676, "taskId": 4, "workflowId": 2, "jobId": -1}, {"startTime": 32676, "endTime": 34462, "taskId": 6, "workflowId": 2, "jobId": -1}, {"startTime": 34462, "endTime": 35505, "taskId": 7, "workflowId": 2, "jobId": -1}, {"startTime": 35505, "endTime": 35697, "taskId": 7, "workflowId": 2, "jobId": -1}, {"startTime": 35697, "endTime": 37289, "taskId": 10, "workflowId": 2, "jobId": -1}, {"startTime": 37289, "endTime": 37429, "taskId": 8, "workflowId": 2, "jobId": -1}, {"startTime": 37429, "endTime": 40096, "taskId": 8, "workflowId": 2, "jobId": -1}, {"startTime": 40096, "endTime": 40128, "taskId": 4, "workflowId": 3, "jobId": -1}, {"startTime": 40128, "endTime": 41139, "taskId": 4, "workflowId": 3, "jobId": -1}, {"startTime": 41139, "endTime": 41140, "taskId": 6, "workflowId": 3, "jobId": -1}, {"startTime": 41140, "endTime": 41808, "taskId": 9, "workflowId": 3, "jobId": -1}, {"startTime": 41808, "endTime": 42457, "taskId": 8, "workflowId": 3, "jobId": -1}, {"startTime": 42457, "endTime": 43500, "taskId": 5, "workflowId": -1, "jobId": 0}, {"startTime": 43500, "endTime": 46936, "taskId": 5, "workflowId": -1, "jobId": 0}, {"startTime": 46936, "endTime": 47979, "taskId": 4, "workflowId": -1, "jobId": 0}, {"startTime": 47979, "endTime": 48898, "taskId": 4, "workflowId": -1, "jobId": 0}, {"startTime": 48898, "endTime": 49903, "taskId": 4, "workflowId": -1, "jobId": 0}, {"startTime": 49903, "endTime": 52918, "taskId": 4, "workflowId": -1, "jobId": 0}, {"startTime": 52918, "endTime": 53120, "taskId": 6, "workflowId": -1, "jobId": 1}, {"startTime": 53120, "endTime": 53524, "taskId": 12, "workflowId": 2, "jobId": -1}, {"startTime": 53524, "endTime": 54080, "taskId": 12, "workflowId": 2, "jobId": -1}, {"startTime": 54080, "endTime": 54299, "taskId": 15, "workflowId": 2, "jobId": -1}, {"startTime": 54299, "endTime": 56023, "taskId": 15, "workflowId": 2, "jobId": -1}, {"startTime": 56023, "endTime": 56504, "taskId": 15, "workflowId": 2, "jobId": -1}, {"startTime": 56504, "endTime": 57943, "taskId": 16, "workflowId": 2, "jobId": -1}, {"startTime": 59077, "endTime": 68389, "taskId": 6, "workflowId": -1, "jobId": 1}, {"startTime": 68389, "endTime": 71071, "taskId": 7, "workflowId": 3, "jobId": -1}, {"startTime": 71071, "endTime": 72030, "taskId": 10, "workflowId": 3, "jobId": -1}, {"startTime": 72030, "endTime": 73285, "taskId": 18, "workflowId": 3, "jobId": -1}, {"startTime": 73285, "endTime": 73985, "taskId": 18, "workflowId": 3, "jobId": -1}, {"startTime": 73985, "endTime": 74244, "taskId": 6, "workflowId": -1, "jobId": 2}, {"startTime": 74244, "endTime": 86294, "taskId": 6, "workflowId": -1, "jobId": 2}, {"startTime": 88589, "endTime": 98665, "taskId": 4, "workflowId": -1, "jobId": 1}, {"startTime": 98665, "endTime": 102131, "taskId": 6, "workflowId": -1, "jobId": 3}, {"startTime": 102131, "endTime": 103853, "taskId": 3, "workflowId": 1, "jobId": -1}, {"startTime": 103853, "endTime": 107162, "taskId": 1, "workflowId": 1, "jobId": -1}, {"startTime": 107162, "endTime": 109718, "taskId": 6, "workflowId": 1, "jobId": -1}, {"startTime": 109718, "endTime": 112068, "taskId": 11, "workflowId": 1, "jobId": -1}, {"startTime": 112068, "endTime": 112892, "taskId": 5, "workflowId": 1, "jobId": -1}, {"startTime": 112892, "endTime": 115259, "taskId": 7, "workflowId": -1, "jobId": 1}, {"startTime": 115342, "endTime": 118332, "taskId": 15, "workflowId": 1, "jobId": -1}, {"startTime": 129579, "endTime": 130635, "taskId": 6, "workflowId": -1, "jobId": 4}, {"startTime": 143587, "endTime": 149596, "taskId": 6, "workflowId": -1, "jobId": 5}, {"startTime": 149596, "endTime": 159672, "taskId": 4, "workflowId": -1, "jobId": 2}, {"startTime": 166860, "endTime": 169143, "taskId": 7, "workflowId": -1, "jobId": 2}, {"startTime": 169143, "endTime": 170872, "taskId": 6, "workflowId": -1, "jobId": 6}, {"startTime": 170872, "endTime": 173390, "taskId": 1, "workflowId": 0, "jobId": -1}, {"startTime": 173390, "endTime": 176510, "taskId": 3, "workflowId": 0, "jobId": -1}, {"startTime": 176510, "endTime": 179803, "taskId": 6, "workflowId": 0, "jobId": -1}, {"startTime": 179803, "endTime": 182490, "taskId": 9, "workflowId": 0, "jobId": -1}, {"startTime": 182490, "endTime": 183426, "taskId": 6, "workflowId": -1, "jobId": 6}, {"startTime": 183426, "endTime": 183889, "taskId": 7, "workflowId": -1, "jobId": 2}, {"startTime": 183889, "endTime": 193782, "taskId": 5, "workflowId": -1, "jobId": 3}, {"startTime": 199446, "endTime": 201235, "taskId": 6, "workflowId": -1, "jobId": 7}, {"startTime": 201235, "endTime": 210603, "taskId": 6, "workflowId": -1, "jobId": 8}, {"startTime": 210603, "endTime": 220679, "taskId": 4, "workflowId": -1, "jobId": 3}, {"startTime": 236500, "endTime": 241898, "taskId": 7, "workflowId": -1, "jobId": 3}, {"startTime": 265575, "endTime": 266566, "taskId": 6, "workflowId": -1, "jobId": 11}, {"startTime": 266566, "endTime": 267422, "taskId": 2, "workflowId": -1, "jobId": 4}, {"startTime": 267422, "endTime": 282297, "taskId": 5, "workflowId": -1, "jobId": 5}, {"startTime": 308642, "endTime": 311536, "taskId": 7, "workflowId": -1, "jobId": 4}, {"startTime": 314022, "endTime": 324113, "taskId": 6, "workflowId": -1, "jobId": 13}, {"startTime": 330262, "endTime": 333573, "taskId": 6, "workflowId": -1, "jobId": 14}, {"startTime": 333573, "endTime": 342693, "taskId": 4, "workflowId": -1, "jobId": 5}, {"startTime": 373502, "endTime": 375597, "taskId": 6, "workflowId": -1, "jobId": 16}, {"startTime": 375597, "endTime": 385540, "taskId": 3, "workflowId": -1, "jobId": 6}, {"startTime": 386058, "endTime": 388230, "taskId": 7, "workflowId": -1, "jobId": 5}, {"startTime": 401571, "endTime": 410593, "taskId": 6, "workflowId": -1, "jobId": 17}]}]