[{"frequency": 2.83, "activePower": 118, "idlePower": 56.7, "memory": 4, "allocations": [{"startTime": 35192, "endTime": 36170, "taskId": 0, "workflowId": 0, "jobId": -1}, {"startTime": 36170, "endTime": 36965, "taskId": 3, "workflowId": 0, "jobId": -1}, {"startTime": 36965, "endTime": 38113, "taskId": 4, "workflowId": 0, "jobId": -1}, {"startTime": 38113, "endTime": 38698, "taskId": 6, "workflowId": 0, "jobId": -1}, {"startTime": 38698, "endTime": 39541, "taskId": 5, "workflowId": 0, "jobId": -1}, {"startTime": 39541, "endTime": 40280, "taskId": 12, "workflowId": 0, "jobId": -1}, {"startTime": 40280, "endTime": 41837, "taskId": 8, "workflowId": 0, "jobId": -1}, {"startTime": 41837, "endTime": 42012, "taskId": 5, "workflowId": 0, "jobId": -1}, {"startTime": 42012, "endTime": 42763, "taskId": 13, "workflowId": 0, "jobId": -1}, {"startTime": 42763, "endTime": 43240, "taskId": 15, "workflowId": 0, "jobId": -1}, {"startTime": 43240, "endTime": 43494, "taskId": 16, "workflowId": 0, "jobId": -1}, {"startTime": 43494, "endTime": 43871, "taskId": 16, "workflowId": 0, "jobId": -1}, {"startTime": 43871, "endTime": 45498, "taskId": 17, "workflowId": 0, "jobId": -1}, {"startTime": 45498, "endTime": 46454, "taskId": 19, "workflowId": 0, "jobId": -1}, {"startTime": 46454, "endTime": 47759, "taskId": 22, "workflowId": 0, "jobId": -1}, {"startTime": 47759, "endTime": 48159, "taskId": 23, "workflowId": 0, "jobId": -1}, {"startTime": 85635, "endTime": 87333, "taskId": 0, "workflowId": 1, "jobId": -1}, {"startTime": 87333, "endTime": 88374, "taskId": 1, "workflowId": 1, "jobId": -1}, {"startTime": 88374, "endTime": 88984, "taskId": 4, "workflowId": 1, "jobId": -1}, {"startTime": 88984, "endTime": 90580, "taskId": 3, "workflowId": 1, "jobId": -1}, {"startTime": 90580, "endTime": 91594, "taskId": 8, "workflowId": 1, "jobId": -1}, {"startTime": 91594, "endTime": 91609, "taskId": 8, "workflowId": 1, "jobId": -1}, {"startTime": 91609, "endTime": 92623, "taskId": 9, "workflowId": 1, "jobId": -1}, {"startTime": 92623, "endTime": 93351, "taskId": 6, "workflowId": 1, "jobId": -1}, {"startTime": 93351, "endTime": 94489, "taskId": 12, "workflowId": 1, "jobId": -1}, {"startTime": 94489, "endTime": 95085, "taskId": 13, "workflowId": 1, "jobId": -1}, {"startTime": 95085, "endTime": 95990, "taskId": 18, "workflowId": 1, "jobId": -1}, {"startTime": 95990, "endTime": 97418, "taskId": 16, "workflowId": 1, "jobId": -1}, {"startTime": 97418, "endTime": 98732, "taskId": 24, "workflowId": 1, "jobId": -1}, {"startTime": 98732, "endTime": 98903, "taskId": 20, "workflowId": 1, "jobId": -1}, {"startTime": 98903, "endTime": 100217, "taskId": 20, "workflowId": 1, "jobId": -1}, {"startTime": 100354, "endTime": 100746, "taskId": 7, "workflowId": 3, "jobId": -1}, {"startTime": 100746, "endTime": 101804, "taskId": 10, "workflowId": 3, "jobId": -1}, {"startTime": 106197, "endTime": 107347, "taskId": 13, "workflowId": 3, "jobId": -1}, {"startTime": 107694, "endTime": 109400, "taskId": 14, "workflowId": 3, "jobId": -1}, {"startTime": 109400, "endTime": 110329, "taskId": 18, "workflowId": 3, "jobId": -1}, {"startTime": 120867, "endTime": 121991, "taskId": 22, "workflowId": 3, "jobId": -1}, {"startTime": 182530, "endTime": 182915, "taskId": 13, "workflowId": 2, "jobId": -1}, {"startTime": 182915, "endTime": 183777, "taskId": 10, "workflowId": 2, "jobId": -1}, {"startTime": 188879, "endTime": 190394, "taskId": 19, "workflowId": 2, "jobId": -1}, {"startTime": 195112, "endTime": 196353, "taskId": 23, "workflowId": 2, "jobId": -1}]}, {"frequency": 2.83, "activePower": 118, "idlePower": 56.7, "memory": 4, "allocations": [{"startTime": 37431, "endTime": 42897, "taskId": 4, "workflowId": -1, "jobId": 0}, {"startTime": 42897, "endTime": 44560, "taskId": 1, "workflowId": -1, "jobId": 0}, {"startTime": 44560, "endTime": 48237, "taskId": 1, "workflowId": -1, "jobId": 0}, {"startTime": 48237, "endTime": 52112, "taskId": 3, "workflowId": -1, "jobId": 0}, {"startTime": 52112, "endTime": 55789, "taskId": 3, "workflowId": -1, "jobId": 0}, {"startTime": 59931, "endTime": 60673, "taskId": 11, "workflowId": -1, "jobId": 0}, {"startTime": 60673, "endTime": 66139, "taskId": 4, "workflowId": -1, "jobId": 1}, {"startTime": 66139, "endTime": 71482, "taskId": 1, "workflowId": -1, "jobId": 1}, {"startTime": 71482, "endTime": 79034, "taskId": 3, "workflowId": -1, "jobId": 1}, {"startTime": 79034, "endTime": 83459, "taskId": 11, "workflowId": -1, "jobId": 0}, {"startTime": 83915, "endTime": 89381, "taskId": 4, "workflowId": -1, "jobId": 2}, {"startTime": 93513, "endTime": 98856, "taskId": 1, "workflowId": -1, "jobId": 2}, {"startTime": 98856, "endTime": 102089, "taskId": 8, "workflowId": -1, "jobId": 1}, {"startTime": 102089, "endTime": 107157, "taskId": 3, "workflowId": -1, "jobId": 2}, {"startTime": 107157, "endTime": 112623, "taskId": 4, "workflowId": -1, "jobId": 3}, {"startTime": 113673, "endTime": 120802, "taskId": 0, "workflowId": -1, "jobId": 3}, {"startTime": 121554, "endTime": 126897, "taskId": 1, "workflowId": -1, "jobId": 3}, {"startTime": 130399, "endTime": 135865, "taskId": 4, "workflowId": -1, "jobId": 4}, {"startTime": 139087, "endTime": 146216, "taskId": 0, "workflowId": -1, "jobId": 4}, {"startTime": 149595, "endTime": 153641, "taskId": 1, "workflowId": -1, "jobId": 4}, {"startTime": 153641, "endTime": 159107, "taskId": 4, "workflowId": -1, "jobId": 5}, {"startTime": 164501, "endTime": 171630, "taskId": 0, "workflowId": -1, "jobId": 5}, {"startTime": 176883, "endTime": 182349, "taskId": 4, "workflowId": -1, "jobId": 6}, {"startTime": 182349, "endTime": 188343, "taskId": 5, "workflowId": -1, "jobId": 4}, {"startTime": 189915, "endTime": 197044, "taskId": 0, "workflowId": -1, "jobId": 6}, {"startTime": 199076, "endTime": 200125, "taskId": 3, "workflowId": -1, "jobId": 5}, {"startTime": 200125, "endTime": 205591, "taskId": 4, "workflowId": -1, "jobId": 7}, {"startTime": 205591, "endTime": 205677, "taskId": 10, "workflowId": -1, "jobId": 5}, {"startTime": 205677, "endTime": 211020, "taskId": 1, "workflowId": -1, "jobId": 6}, {"startTime": 212746, "endTime": 214551, "taskId": 5, "workflowId": -1, "jobId": 5}, {"startTime": 214551, "endTime": 215329, "taskId": 2, "workflowId": -1, "jobId": 6}, {"startTime": 215329, "endTime": 222458, "taskId": 0, "workflowId": -1, "jobId": 7}, {"startTime": 223367, "endTime": 228833, "taskId": 4, "workflowId": -1, "jobId": 8}, {"startTime": 231405, "endTime": 233718, "taskId": 3, "workflowId": -1, "jobId": 6}, {"startTime": 233718, "endTime": 239061, "taskId": 1, "workflowId": -1, "jobId": 7}, {"startTime": 240743, "endTime": 247872, "taskId": 0, "workflowId": -1, "jobId": 8}, {"startTime": 247872, "endTime": 251537, "taskId": 2, "workflowId": -1, "jobId": 7}, {"startTime": 251537, "endTime": 257531, "taskId": 5, "workflowId": -1, "jobId": 6}, {"startTime": 261759, "endTime": 267102, "taskId": 1, "workflowId": -1, "jobId": 8}, {"startTime": 267102, "endTime": 269851, "taskId": 3, "workflowId": -1, "jobId": 7}, {"startTime": 269851, "endTime": 275317, "taskId": 4, "workflowId": -1, "jobId": 10}, {"startTime": 275317, "endTime": 281520, "taskId": 2, "workflowId": -1, "jobId": 8}, {"startTime": 282872, "endTime": 288866, "taskId": 5, "workflowId": -1, "jobId": 7}, {"startTime": 289800, "endTime": 291571, "taskId": 1, "workflowId": -1, "jobId": 9}, {"startTime": 291571, "endTime": 293093, "taskId": 0, "workflowId": -1, "jobId": 10}, {"startTime": 293093, "endTime": 298559, "taskId": 4, "workflowId": -1, "jobId": 11}, {"startTime": 298559, "endTime": 300609, "taskId": 1, "workflowId": -1, "jobId": 9}, {"startTime": 300609, "endTime": 303093, "taskId": 10, "workflowId": -1, "jobId": 8}, {"startTime": 303111, "endTime": 309314, "taskId": 2, "workflowId": -1, "jobId": 9}, {"startTime": 316335, "endTime": 321801, "taskId": 4, "workflowId": -1, "jobId": 12}, {"startTime": 321801, "endTime": 327144, "taskId": 1, "workflowId": -1, "jobId": 10}, {"startTime": 327144, "endTime": 328392, "taskId": 8, "workflowId": -1, "jobId": 5}, {"startTime": 328392, "endTime": 335944, "taskId": 3, "workflowId": -1, "jobId": 9}, {"startTime": 335944, "endTime": 339577, "taskId": 8, "workflowId": -1, "jobId": 5}, {"startTime": 339577, "endTime": 345043, "taskId": 4, "workflowId": -1, "jobId": 13}, {"startTime": 345882, "endTime": 351225, "taskId": 1, "workflowId": -1, "jobId": 11}, {"startTime": 352998, "endTime": 358992, "taskId": 5, "workflowId": -1, "jobId": 9}, {"startTime": 360721, "endTime": 362151, "taskId": 3, "workflowId": -1, "jobId": 10}, {"startTime": 362151, "endTime": 362819, "taskId": 2, "workflowId": -1, "jobId": 11}, {"startTime": 362819, "endTime": 368285, "taskId": 4, "workflowId": -1, "jobId": 14}, {"startTime": 368285, "endTime": 373739, "taskId": 3, "workflowId": -1, "jobId": 10}, {"startTime": 373923, "endTime": 379266, "taskId": 1, "workflowId": -1, "jobId": 12}, {"startTime": 386061, "endTime": 391527, "taskId": 4, "workflowId": -1, "jobId": 15}, {"startTime": 391671, "endTime": 393227, "taskId": 2, "workflowId": -1, "jobId": 12}, {"startTime": 393227, "endTime": 400356, "taskId": 0, "workflowId": -1, "jobId": 14}, {"startTime": 401964, "endTime": 407307, "taskId": 1, "workflowId": -1, "jobId": 13}, {"startTime": 409303, "endTime": 414769, "taskId": 4, "workflowId": -1, "jobId": 16}, {"startTime": 418641, "endTime": 425770, "taskId": 0, "workflowId": -1, "jobId": 15}, {"startTime": 425770, "endTime": 432545, "taskId": 3, "workflowId": -1, "jobId": 12}, {"startTime": 432545, "endTime": 433322, "taskId": 4, "workflowId": -1, "jobId": 17}, {"startTime": 433322, "endTime": 438011, "taskId": 4, "workflowId": -1, "jobId": 17}, {"startTime": 444055, "endTime": 451184, "taskId": 0, "workflowId": -1, "jobId": 16}, {"startTime": 455787, "endTime": 461253, "taskId": 4, "workflowId": -1, "jobId": 18}, {"startTime": 461253, "endTime": 468467, "taskId": 3, "workflowId": -1, "jobId": 13}, {"startTime": 469469, "endTime": 476598, "taskId": 0, "workflowId": -1, "jobId": 17}]}, {"frequency": 2.83, "activePower": 118, "idlePower": 56.7, "memory": 4, "allocations": [{"startTime": 36170, "endTime": 37273, "taskId": 1, "workflowId": 0, "jobId": -1}, {"startTime": 37273, "endTime": 38554, "taskId": 2, "workflowId": 0, "jobId": -1}, {"startTime": 38554, "endTime": 39541, "taskId": 7, "workflowId": 0, "jobId": -1}, {"startTime": 39541, "endTime": 39542, "taskId": 10, "workflowId": 0, "jobId": -1}, {"startTime": 39542, "endTime": 41044, "taskId": 9, "workflowId": 0, "jobId": -1}, {"startTime": 41044, "endTime": 42674, "taskId": 10, "workflowId": 0, "jobId": -1}, {"startTime": 42674, "endTime": 43240, "taskId": 11, "workflowId": 0, "jobId": -1}, {"startTime": 43240, "endTime": 43241, "taskId": 14, "workflowId": 0, "jobId": -1}, {"startTime": 43241, "endTime": 43495, "taskId": 15, "workflowId": 0, "jobId": -1}, {"startTime": 43495, "endTime": 45005, "taskId": 14, "workflowId": 0, "jobId": -1}, {"startTime": 45005, "endTime": 45432, "taskId": 18, "workflowId": 0, "jobId": -1}, {"startTime": 45432, "endTime": 45843, "taskId": 20, "workflowId": 0, "jobId": -1}, {"startTime": 45843, "endTime": 47355, "taskId": 21, "workflowId": 0, "jobId": -1}, {"startTime": 47759, "endTime": 48639, "taskId": 24, "workflowId": 0, "jobId": -1}, {"startTime": 87333, "endTime": 89038, "taskId": 2, "workflowId": 1, "jobId": -1}, {"startTime": 89038, "endTime": 90167, "taskId": 10, "workflowId": 1, "jobId": -1}, {"startTime": 90167, "endTime": 91925, "taskId": 5, "workflowId": 1, "jobId": -1}, {"startTime": 91925, "endTime": 93617, "taskId": 7, "workflowId": 1, "jobId": -1}, {"startTime": 93617, "endTime": 94750, "taskId": 11, "workflowId": 1, "jobId": -1}, {"startTime": 94750, "endTime": 95296, "taskId": 17, "workflowId": 1, "jobId": -1}, {"startTime": 95296, "endTime": 95821, "taskId": 15, "workflowId": 1, "jobId": -1}, {"startTime": 95821, "endTime": 96206, "taskId": 14, "workflowId": 1, "jobId": -1}, {"startTime": 96206, "endTime": 97197, "taskId": 22, "workflowId": 1, "jobId": -1}, {"startTime": 97197, "endTime": 97393, "taskId": 22, "workflowId": 1, "jobId": -1}, {"startTime": 97393, "endTime": 97782, "taskId": 19, "workflowId": 1, "jobId": -1}, {"startTime": 97782, "endTime": 98451, "taskId": 19, "workflowId": 1, "jobId": -1}, {"startTime": 98451, "endTime": 98969, "taskId": 19, "workflowId": 1, "jobId": -1}, {"startTime": 98969, "endTime": 99638, "taskId": 21, "workflowId": 1, "jobId": -1}, {"startTime": 99638, "endTime": 100759, "taskId": 23, "workflowId": 1, "jobId": -1}, {"startTime": 182915, "endTime": 183386, "taskId": 13, "workflowId": 2, "jobId": -1}]}, {"frequency": 2.83, "activePower": 118, "idlePower": 56.7, "memory": 4, "allocations": [{"startTime": 37431, "endTime": 37434, "taskId": 1, "workflowId": -1, "jobId": 0}, {"startTime": 37434, "endTime": 42774, "taskId": 0, "workflowId": -1, "jobId": 0}, {"startTime": 42774, "endTime": 44563, "taskId": 0, "workflowId": -1, "jobId": 0}, {"startTime": 44563, "endTime": 48977, "taskId": 2, "workflowId": -1, "jobId": 0}, {"startTime": 48977, "endTime": 50766, "taskId": 2, "workflowId": -1, "jobId": 0}, {"startTime": 50766, "endTime": 54971, "taskId": 5, "workflowId": -1, "jobId": 0}, {"startTime": 54971, "endTime": 56760, "taskId": 5, "workflowId": -1, "jobId": 0}, {"startTime": 60673, "endTime": 62845, "taskId": 11, "workflowId": -1, "jobId": 0}, {"startTime": 62845, "endTime": 69974, "taskId": 0, "workflowId": -1, "jobId": 1}, {"startTime": 69974, "endTime": 76177, "taskId": 2, "workflowId": -1, "jobId": 1}, {"startTime": 76177, "endTime": 82171, "taskId": 5, "workflowId": -1, "jobId": 1}, {"startTime": 88259, "endTime": 95388, "taskId": 0, "workflowId": -1, "jobId": 2}, {"startTime": 95388, "endTime": 96471, "taskId": 8, "workflowId": -1, "jobId": 1}, {"startTime": 96471, "endTime": 102674, "taskId": 2, "workflowId": -1, "jobId": 2}, {"startTime": 102674, "endTime": 107012, "taskId": 8, "workflowId": -1, "jobId": 1}, {"startTime": 107157, "endTime": 109641, "taskId": 3, "workflowId": -1, "jobId": 2}, {"startTime": 109641, "endTime": 115635, "taskId": 5, "workflowId": -1, "jobId": 2}, {"startTime": 125991, "endTime": 132194, "taskId": 2, "workflowId": -1, "jobId": 3}, {"startTime": 134418, "endTime": 141970, "taskId": 3, "workflowId": -1, "jobId": 3}, {"startTime": 142620, "endTime": 148614, "taskId": 5, "workflowId": -1, "jobId": 3}, {"startTime": 153641, "endTime": 154938, "taskId": 1, "workflowId": -1, "jobId": 4}, {"startTime": 155511, "endTime": 161714, "taskId": 2, "workflowId": -1, "jobId": 4}, {"startTime": 166747, "endTime": 174299, "taskId": 3, "workflowId": -1, "jobId": 4}, {"startTime": 177636, "endTime": 182979, "taskId": 1, "workflowId": -1, "jobId": 5}, {"startTime": 185031, "endTime": 191234, "taskId": 2, "workflowId": -1, "jobId": 5}, {"startTime": 199826, "endTime": 200125, "taskId": 10, "workflowId": -1, "jobId": 5}, {"startTime": 200125, "endTime": 206628, "taskId": 3, "workflowId": -1, "jobId": 5}, {"startTime": 206628, "endTime": 208727, "taskId": 10, "workflowId": -1, "jobId": 5}, {"startTime": 214551, "endTime": 215329, "taskId": 5, "workflowId": -1, "jobId": 5}, {"startTime": 215329, "endTime": 220754, "taskId": 2, "workflowId": -1, "jobId": 6}, {"startTime": 220754, "endTime": 224165, "taskId": 5, "workflowId": -1, "jobId": 5}, {"startTime": 233718, "endTime": 238957, "taskId": 3, "workflowId": -1, "jobId": 6}, {"startTime": 244071, "endTime": 246609, "taskId": 2, "workflowId": -1, "jobId": 7}, {"startTime": 246609, "endTime": 252075, "taskId": 4, "workflowId": -1, "jobId": 9}, {"startTime": 263734, "endTime": 266157, "taskId": 3, "workflowId": -1, "jobId": 7}, {"startTime": 266157, "endTime": 273286, "taskId": 0, "workflowId": -1, "jobId": 9}, {"startTime": 273286, "endTime": 275666, "taskId": 3, "workflowId": -1, "jobId": 7}, {"startTime": 291571, "endTime": 293093, "taskId": 1, "workflowId": -1, "jobId": 9}, {"startTime": 293093, "endTime": 298700, "taskId": 0, "workflowId": -1, "jobId": 10}, {"startTime": 298700, "endTime": 306252, "taskId": 3, "workflowId": -1, "jobId": 8}, {"startTime": 316985, "endTime": 324114, "taskId": 0, "workflowId": -1, "jobId": 11}, {"startTime": 324114, "endTime": 330108, "taskId": 5, "workflowId": -1, "jobId": 8}, {"startTime": 330108, "endTime": 332631, "taskId": 8, "workflowId": -1, "jobId": 5}, {"startTime": 332631, "endTime": 338834, "taskId": 2, "workflowId": -1, "jobId": 10}, {"startTime": 339577, "endTime": 340827, "taskId": 8, "workflowId": -1, "jobId": 5}, {"startTime": 342399, "endTime": 349528, "taskId": 0, "workflowId": -1, "jobId": 12}, {"startTime": 362151, "endTime": 362819, "taskId": 3, "workflowId": -1, "jobId": 10}, {"startTime": 362819, "endTime": 368273, "taskId": 2, "workflowId": -1, "jobId": 11}, {"startTime": 368273, "endTime": 368354, "taskId": 2, "workflowId": -1, "jobId": 11}, {"startTime": 368354, "endTime": 375483, "taskId": 0, "workflowId": -1, "jobId": 13}, {"startTime": 388061, "endTime": 393227, "taskId": 5, "workflowId": -1, "jobId": 10}, {"startTime": 393227, "endTime": 394055, "taskId": 2, "workflowId": -1, "jobId": 12}, {"startTime": 394055, "endTime": 397874, "taskId": 2, "workflowId": -1, "jobId": 12}, {"startTime": 397874, "endTime": 398702, "taskId": 5, "workflowId": -1, "jobId": 10}, {"startTime": 398702, "endTime": 406254, "taskId": 3, "workflowId": -1, "jobId": 11}, {"startTime": 421191, "endTime": 427394, "taskId": 2, "workflowId": -1, "jobId": 13}, {"startTime": 427394, "endTime": 430005, "taskId": 5, "workflowId": -1, "jobId": 11}, {"startTime": 430005, "endTime": 432545, "taskId": 1, "workflowId": -1, "jobId": 14}, {"startTime": 432545, "endTime": 433322, "taskId": 3, "workflowId": -1, "jobId": 12}, {"startTime": 433322, "endTime": 436125, "taskId": 1, "workflowId": -1, "jobId": 14}, {"startTime": 436125, "endTime": 439508, "taskId": 5, "workflowId": -1, "jobId": 11}, {"startTime": 450711, "endTime": 456914, "taskId": 2, "workflowId": -1, "jobId": 14}, {"startTime": 457708, "endTime": 458046, "taskId": 3, "workflowId": -1, "jobId": 13}, {"startTime": 458046, "endTime": 463389, "taskId": 1, "workflowId": -1, "jobId": 15}, {"startTime": 463389, "endTime": 469383, "taskId": 5, "workflowId": -1, "jobId": 12}]}]