[{"frequency": 1.5, "activePower": 8, "idlePower": 2.7, "memory": 2, "allocations": [{"startTime": 28386, "endTime": 31351, "taskId": 6, "workflowId": 3, "jobId": -1}, {"startTime": 59238, "endTime": 74498, "taskId": 0, "workflowId": -1, "jobId": 1}, {"startTime": 128265, "endTime": 130641, "taskId": 14, "workflowId": 1, "jobId": -1}, {"startTime": 130641, "endTime": 131743, "taskId": 16, "workflowId": 1, "jobId": -1}, {"startTime": 161235, "endTime": 176495, "taskId": 0, "workflowId": -1, "jobId": 4}, {"startTime": 176495, "endTime": 178224, "taskId": 0, "workflowId": 0, "jobId": -1}, {"startTime": 178224, "endTime": 180742, "taskId": 1, "workflowId": 0, "jobId": -1}, {"startTime": 180742, "endTime": 183862, "taskId": 3, "workflowId": 0, "jobId": -1}, {"startTime": 184035, "endTime": 185027, "taskId": 7, "workflowId": 0, "jobId": -1}, {"startTime": 185027, "endTime": 188270, "taskId": 10, "workflowId": 0, "jobId": -1}, {"startTime": 190508, "endTime": 192671, "taskId": 14, "workflowId": 0, "jobId": -1}, {"startTime": 192671, "endTime": 195427, "taskId": 12, "workflowId": 0, "jobId": -1}, {"startTime": 210847, "endTime": 224033, "taskId": 1, "workflowId": -1, "jobId": 8}, {"startTime": 326852, "endTime": 340038, "taskId": 1, "workflowId": -1, "jobId": 13}, {"startTime": 365229, "endTime": 380489, "taskId": 0, "workflowId": -1, "jobId": 10}, {"startTime": 399228, "endTime": 414488, "taskId": 0, "workflowId": -1, "jobId": 11}]}, {"frequency": 1.5, "activePower": 8, "idlePower": 2.7, "memory": 2, "allocations": [{"startTime": 23105, "endTime": 25046, "taskId": 3, "workflowId": 3, "jobId": -1}, {"startTime": 28136, "endTime": 30800, "taskId": 10, "workflowId": 3, "jobId": -1}, {"startTime": 30800, "endTime": 33948, "taskId": 8, "workflowId": 3, "jobId": -1}, {"startTime": 71641, "endTime": 84827, "taskId": 1, "workflowId": -1, "jobId": 2}, {"startTime": 94842, "endTime": 108028, "taskId": 1, "workflowId": -1, "jobId": 3}, {"startTime": 108028, "endTime": 108854, "taskId": 4, "workflowId": 1, "jobId": -1}, {"startTime": 108854, "endTime": 110576, "taskId": 3, "workflowId": 1, "jobId": -1}, {"startTime": 127236, "endTime": 142496, "taskId": 0, "workflowId": -1, "jobId": 3}, {"startTime": 164445, "endTime": 177631, "taskId": 1, "workflowId": -1, "jobId": 6}, {"startTime": 184727, "endTime": 187414, "taskId": 9, "workflowId": 0, "jobId": -1}, {"startTime": 187414, "endTime": 190508, "taskId": 11, "workflowId": 0, "jobId": -1}, {"startTime": 190508, "endTime": 203694, "taskId": 1, "workflowId": -1, "jobId": 7}, {"startTime": 213699, "endTime": 215525, "taskId": 17, "workflowId": 0, "jobId": -1}, {"startTime": 219819, "endTime": 235290, "taskId": 6, "workflowId": -1, "jobId": 9}, {"startTime": 265079, "endTime": 279954, "taskId": 5, "workflowId": -1, "jobId": 5}, {"startTime": 280450, "endTime": 293636, "taskId": 1, "workflowId": -1, "jobId": 11}, {"startTime": 297231, "endTime": 312491, "taskId": 0, "workflowId": -1, "jobId": 8}, {"startTime": 312491, "endTime": 325677, "taskId": 1, "workflowId": -1, "jobId": 12}, {"startTime": 350053, "endTime": 363239, "taskId": 1, "workflowId": -1, "jobId": 14}, {"startTime": 396455, "endTime": 409641, "taskId": 1, "workflowId": -1, "jobId": 16}]}, {"frequency": 1.5, "activePower": 8, "idlePower": 2.7, "memory": 2, "allocations": [{"startTime": 25046, "endTime": 28199, "taskId": 5, "workflowId": 3, "jobId": -1}, {"startTime": 28199, "endTime": 36332, "taskId": 2, "workflowId": -1, "jobId": 0}, {"startTime": 36332, "endTime": 38942, "taskId": 11, "workflowId": 3, "jobId": -1}, {"startTime": 48440, "endTime": 61626, "taskId": 1, "workflowId": -1, "jobId": 1}, {"startTime": 93237, "endTime": 108497, "taskId": 0, "workflowId": -1, "jobId": 2}, {"startTime": 180742, "endTime": 184035, "taskId": 6, "workflowId": 0, "jobId": -1}, {"startTime": 184035, "endTime": 185567, "taskId": 8, "workflowId": 0, "jobId": -1}, {"startTime": 195234, "endTime": 210494, "taskId": 0, "workflowId": -1, "jobId": 5}, {"startTime": 210494, "endTime": 213699, "taskId": 15, "workflowId": 0, "jobId": -1}, {"startTime": 213699, "endTime": 215044, "taskId": 16, "workflowId": 0, "jobId": -1}, {"startTime": 263232, "endTime": 278492, "taskId": 0, "workflowId": -1, "jobId": 7}, {"startTime": 278492, "endTime": 286625, "taskId": 2, "workflowId": -1, "jobId": 4}, {"startTime": 311679, "endTime": 325909, "taskId": 3, "workflowId": -1, "jobId": 5}, {"startTime": 331230, "endTime": 346490, "taskId": 0, "workflowId": -1, "jobId": 9}, {"startTime": 373254, "endTime": 386440, "taskId": 1, "workflowId": -1, "jobId": 15}, {"startTime": 419656, "endTime": 432842, "taskId": 1, "workflowId": -1, "jobId": 17}, {"startTime": 433227, "endTime": 448487, "taskId": 0, "workflowId": -1, "jobId": 12}, {"startTime": 448487, "endTime": 461673, "taskId": 1, "workflowId": -1, "jobId": 18}, {"startTime": 466058, "endTime": 479244, "taskId": 1, "workflowId": -1, "jobId": 19}]}, {"frequency": 1.5, "activePower": 8, "idlePower": 2.7, "memory": 2, "allocations": [{"startTime": 23105, "endTime": 23105, "taskId": 0, "workflowId": 3, "jobId": -1}, {"startTime": 25239, "endTime": 38425, "taskId": 1, "workflowId": -1, "jobId": 0}, {"startTime": 38425, "endTime": 53685, "taskId": 0, "workflowId": -1, "jobId": 0}, {"startTime": 53685, "endTime": 55681, "taskId": 17, "workflowId": 3, "jobId": -1}, {"startTime": 55681, "endTime": 71152, "taskId": 6, "workflowId": -1, "jobId": 1}, {"startTime": 102131, "endTime": 102131, "taskId": 0, "workflowId": 1, "jobId": -1}, {"startTime": 118043, "endTime": 131229, "taskId": 1, "workflowId": -1, "jobId": 4}, {"startTime": 141244, "endTime": 154430, "taskId": 1, "workflowId": -1, "jobId": 5}, {"startTime": 178224, "endTime": 180982, "taskId": 2, "workflowId": 0, "jobId": -1}, {"startTime": 180982, "endTime": 183483, "taskId": 5, "workflowId": 0, "jobId": -1}, {"startTime": 183483, "endTime": 184727, "taskId": 4, "workflowId": 0, "jobId": -1}, {"startTime": 190508, "endTime": 191849, "taskId": 13, "workflowId": 0, "jobId": -1}, {"startTime": 198199, "endTime": 213670, "taskId": 6, "workflowId": -1, "jobId": 8}, {"startTime": 229233, "endTime": 244493, "taskId": 0, "workflowId": -1, "jobId": 6}, {"startTime": 244493, "endTime": 257679, "taskId": 1, "workflowId": -1, "jobId": 9}, {"startTime": 257679, "endTime": 270865, "taskId": 1, "workflowId": -1, "jobId": 10}, {"startTime": 391281, "endTime": 401357, "taskId": 4, "workflowId": -1, "jobId": 6}]}]