[{"frequency": 1.5, "activePower": 8, "idlePower": 2.7, "memory": 2, "allocations": [{"startTime": 58769, "endTime": 58798, "taskId": 2, "workflowId": 3, "jobId": -1}, {"startTime": 58798, "endTime": 60724, "taskId": 0, "workflowId": 0, "jobId": -1}, {"startTime": 60724, "endTime": 60725, "taskId": 7, "workflowId": 3, "jobId": -1}, {"startTime": 60725, "endTime": 62539, "taskId": 2, "workflowId": 0, "jobId": -1}, {"startTime": 62539, "endTime": 63340, "taskId": 6, "workflowId": 0, "jobId": -1}, {"startTime": 63340, "endTime": 64822, "taskId": 3, "workflowId": 0, "jobId": -1}, {"startTime": 64822, "endTime": 65409, "taskId": 5, "workflowId": 0, "jobId": -1}, {"startTime": 65409, "endTime": 66315, "taskId": 5, "workflowId": 0, "jobId": -1}, {"startTime": 66315, "endTime": 67839, "taskId": 4, "workflowId": 1, "jobId": -1}, {"startTime": 67839, "endTime": 68028, "taskId": 4, "workflowId": 1, "jobId": -1}, {"startTime": 68028, "endTime": 68870, "taskId": 5, "workflowId": 0, "jobId": -1}, {"startTime": 68870, "endTime": 68871, "taskId": 5, "workflowId": 0, "jobId": -1}, {"startTime": 68871, "endTime": 69237, "taskId": 6, "workflowId": 1, "jobId": -1}, {"startTime": 69237, "endTime": 69552, "taskId": 6, "workflowId": 1, "jobId": -1}, {"startTime": 69552, "endTime": 69615, "taskId": 6, "workflowId": 1, "jobId": -1}, {"startTime": 69615, "endTime": 69633, "taskId": 6, "workflowId": 1, "jobId": -1}, {"startTime": 69633, "endTime": 69634, "taskId": 6, "workflowId": 1, "jobId": -1}, {"startTime": 69634, "endTime": 69867, "taskId": 6, "workflowId": 1, "jobId": -1}, {"startTime": 69867, "endTime": 70458, "taskId": 9, "workflowId": 1, "jobId": -1}, {"startTime": 70458, "endTime": 70733, "taskId": 9, "workflowId": 1, "jobId": -1}, {"startTime": 70733, "endTime": 70734, "taskId": 13, "workflowId": 0, "jobId": -1}, {"startTime": 70734, "endTime": 70891, "taskId": 4, "workflowId": 0, "jobId": -1}, {"startTime": 70891, "endTime": 71220, "taskId": 7, "workflowId": 1, "jobId": -1}, {"startTime": 71220, "endTime": 72575, "taskId": 7, "workflowId": 1, "jobId": -1}, {"startTime": 72575, "endTime": 72660, "taskId": 12, "workflowId": 1, "jobId": -1}, {"startTime": 72660, "endTime": 72717, "taskId": 12, "workflowId": 1, "jobId": -1}, {"startTime": 72717, "endTime": 72905, "taskId": 12, "workflowId": 1, "jobId": -1}, {"startTime": 72905, "endTime": 74056, "taskId": 12, "workflowId": 1, "jobId": -1}, {"startTime": 74056, "endTime": 74174, "taskId": 12, "workflowId": 1, "jobId": -1}, {"startTime": 74174, "endTime": 74457, "taskId": 12, "workflowId": 1, "jobId": -1}, {"startTime": 74457, "endTime": 74664, "taskId": 12, "workflowId": 1, "jobId": -1}, {"startTime": 74664, "endTime": 74777, "taskId": 14, "workflowId": 1, "jobId": -1}, {"startTime": 74777, "endTime": 75941, "taskId": 14, "workflowId": 1, "jobId": -1}, {"startTime": 75941, "endTime": 76277, "taskId": 14, "workflowId": 1, "jobId": -1}, {"startTime": 76277, "endTime": 76494, "taskId": 13, "workflowId": 0, "jobId": -1}, {"startTime": 76494, "endTime": 76501, "taskId": 15, "workflowId": 1, "jobId": -1}, {"startTime": 76501, "endTime": 76862, "taskId": 15, "workflowId": 1, "jobId": -1}, {"startTime": 76862, "endTime": 78925, "taskId": 15, "workflowId": 1, "jobId": -1}, {"startTime": 78925, "endTime": 79427, "taskId": 20, "workflowId": 1, "jobId": -1}, {"startTime": 79427, "endTime": 79443, "taskId": 20, "workflowId": 1, "jobId": -1}, {"startTime": 79443, "endTime": 80237, "taskId": 20, "workflowId": 1, "jobId": -1}, {"startTime": 80237, "endTime": 80243, "taskId": 20, "workflowId": 1, "jobId": -1}, {"startTime": 80243, "endTime": 80470, "taskId": 7, "workflowId": 0, "jobId": -1}, {"startTime": 80470, "endTime": 80684, "taskId": 7, "workflowId": 0, "jobId": -1}, {"startTime": 80684, "endTime": 80794, "taskId": 7, "workflowId": 0, "jobId": -1}, {"startTime": 80794, "endTime": 81555, "taskId": 7, "workflowId": 0, "jobId": -1}, {"startTime": 81555, "endTime": 81727, "taskId": 21, "workflowId": 1, "jobId": -1}, {"startTime": 81727, "endTime": 83931, "taskId": 18, "workflowId": 1, "jobId": -1}, {"startTime": 83931, "endTime": 83986, "taskId": 21, "workflowId": 1, "jobId": -1}, {"startTime": 83986, "endTime": 85571, "taskId": 9, "workflowId": 0, "jobId": -1}, {"startTime": 85571, "endTime": 85616, "taskId": 9, "workflowId": 0, "jobId": -1}, {"startTime": 85616, "endTime": 86036, "taskId": 9, "workflowId": 0, "jobId": -1}, {"startTime": 86036, "endTime": 86112, "taskId": 21, "workflowId": 1, "jobId": -1}, {"startTime": 86112, "endTime": 86765, "taskId": 21, "workflowId": 1, "jobId": -1}, {"startTime": 86765, "endTime": 86833, "taskId": 21, "workflowId": 1, "jobId": -1}, {"startTime": 86833, "endTime": 87031, "taskId": 21, "workflowId": 1, "jobId": -1}, {"startTime": 87031, "endTime": 87371, "taskId": 19, "workflowId": 0, "jobId": -1}, {"startTime": 87371, "endTime": 87404, "taskId": 19, "workflowId": 0, "jobId": -1}, {"startTime": 87404, "endTime": 87565, "taskId": 19, "workflowId": 0, "jobId": -1}, {"startTime": 87565, "endTime": 87908, "taskId": 19, "workflowId": 0, "jobId": -1}, {"startTime": 87908, "endTime": 88031, "taskId": 19, "workflowId": 0, "jobId": -1}, {"startTime": 88031, "endTime": 88124, "taskId": 19, "workflowId": 0, "jobId": -1}, {"startTime": 88124, "endTime": 88188, "taskId": 19, "workflowId": 0, "jobId": -1}, {"startTime": 88188, "endTime": 88191, "taskId": 19, "workflowId": 0, "jobId": -1}, {"startTime": 88191, "endTime": 88499, "taskId": 20, "workflowId": 0, "jobId": -1}, {"startTime": 88499, "endTime": 88976, "taskId": 23, "workflowId": 1, "jobId": -1}, {"startTime": 88976, "endTime": 89217, "taskId": 15, "workflowId": 0, "jobId": -1}, {"startTime": 89217, "endTime": 89488, "taskId": 15, "workflowId": 0, "jobId": -1}, {"startTime": 89488, "endTime": 90078, "taskId": 15, "workflowId": 0, "jobId": -1}, {"startTime": 90078, "endTime": 91772, "taskId": 23, "workflowId": 1, "jobId": -1}, {"startTime": 91772, "endTime": 91969, "taskId": 22, "workflowId": 0, "jobId": -1}, {"startTime": 91969, "endTime": 92928, "taskId": 22, "workflowId": 1, "jobId": -1}, {"startTime": 92928, "endTime": 93708, "taskId": 22, "workflowId": 1, "jobId": -1}, {"startTime": 93708, "endTime": 93738, "taskId": 22, "workflowId": 1, "jobId": -1}, {"startTime": 93738, "endTime": 95005, "taskId": 22, "workflowId": 1, "jobId": -1}, {"startTime": 95005, "endTime": 95244, "taskId": 22, "workflowId": 0, "jobId": -1}, {"startTime": 95244, "endTime": 95964, "taskId": 22, "workflowId": 0, "jobId": -1}, {"startTime": 95964, "endTime": 96024, "taskId": 22, "workflowId": 0, "jobId": -1}, {"startTime": 96024, "endTime": 96274, "taskId": 22, "workflowId": 0, "jobId": -1}, {"startTime": 96274, "endTime": 96410, "taskId": 23, "workflowId": 0, "jobId": -1}, {"startTime": 96410, "endTime": 96435, "taskId": 17, "workflowId": 1, "jobId": -1}, {"startTime": 96435, "endTime": 96436, "taskId": 17, "workflowId": 1, "jobId": -1}, {"startTime": 96436, "endTime": 97565, "taskId": 16, "workflowId": 0, "jobId": -1}, {"startTime": 97565, "endTime": 98534, "taskId": 23, "workflowId": 0, "jobId": -1}, {"startTime": 98534, "endTime": 99046, "taskId": 23, "workflowId": 0, "jobId": -1}, {"startTime": 99046, "endTime": 99177, "taskId": 23, "workflowId": 0, "jobId": -1}, {"startTime": 99177, "endTime": 99314, "taskId": 23, "workflowId": 0, "jobId": -1}, {"startTime": 99314, "endTime": 99346, "taskId": 23, "workflowId": 0, "jobId": -1}, {"startTime": 99346, "endTime": 99402, "taskId": 18, "workflowId": 0, "jobId": -1}, {"startTime": 99402, "endTime": 100021, "taskId": 18, "workflowId": 0, "jobId": -1}, {"startTime": 100021, "endTime": 100125, "taskId": 18, "workflowId": 0, "jobId": -1}, {"startTime": 100125, "endTime": 100431, "taskId": 30, "workflowId": 1, "jobId": -1}, {"startTime": 100431, "endTime": 100610, "taskId": 27, "workflowId": 0, "jobId": -1}, {"startTime": 100610, "endTime": 100778, "taskId": 27, "workflowId": 0, "jobId": -1}, {"startTime": 100778, "endTime": 101089, "taskId": 26, "workflowId": 1, "jobId": -1}, {"startTime": 101089, "endTime": 101154, "taskId": 26, "workflowId": 1, "jobId": -1}, {"startTime": 101154, "endTime": 101252, "taskId": 26, "workflowId": 1, "jobId": -1}, {"startTime": 101252, "endTime": 101484, "taskId": 30, "workflowId": 1, "jobId": -1}, {"startTime": 101484, "endTime": 103969, "taskId": 27, "workflowId": 0, "jobId": -1}, {"startTime": 103969, "endTime": 104180, "taskId": 30, "workflowId": 1, "jobId": -1}, {"startTime": 104180, "endTime": 106262, "taskId": 10, "workflowId": 1, "jobId": -1}, {"startTime": 106262, "endTime": 106712, "taskId": 30, "workflowId": 1, "jobId": -1}, {"startTime": 106712, "endTime": 107262, "taskId": 30, "workflowId": 1, "jobId": -1}, {"startTime": 107262, "endTime": 107269, "taskId": 30, "workflowId": 0, "jobId": -1}, {"startTime": 107269, "endTime": 108046, "taskId": 30, "workflowId": 0, "jobId": -1}, {"startTime": 108046, "endTime": 109018, "taskId": 30, "workflowId": 0, "jobId": -1}, {"startTime": 109018, "endTime": 109075, "taskId": 29, "workflowId": 1, "jobId": -1}, {"startTime": 109075, "endTime": 110352, "taskId": 29, "workflowId": 1, "jobId": -1}, {"startTime": 110352, "endTime": 110448, "taskId": 29, "workflowId": 1, "jobId": -1}, {"startTime": 110448, "endTime": 110530, "taskId": 29, "workflowId": 1, "jobId": -1}, {"startTime": 110530, "endTime": 111106, "taskId": 8, "workflowId": 1, "jobId": -1}, {"startTime": 111106, "endTime": 111737, "taskId": 8, "workflowId": 1, "jobId": -1}, {"startTime": 111737, "endTime": 111738, "taskId": 8, "workflowId": 1, "jobId": -1}, {"startTime": 111738, "endTime": 111864, "taskId": 8, "workflowId": 1, "jobId": -1}, {"startTime": 111864, "endTime": 112135, "taskId": 3, "workflowId": 1, "jobId": -1}, {"startTime": 112135, "endTime": 112181, "taskId": 31, "workflowId": 1, "jobId": -1}, {"startTime": 112181, "endTime": 112279, "taskId": 31, "workflowId": 1, "jobId": -1}, {"startTime": 112279, "endTime": 112767, "taskId": 31, "workflowId": 1, "jobId": -1}, {"startTime": 112767, "endTime": 114400, "taskId": 31, "workflowId": 1, "jobId": -1}, {"startTime": 114400, "endTime": 114545, "taskId": 3, "workflowId": 1, "jobId": -1}, {"startTime": 114545, "endTime": 115158, "taskId": 25, "workflowId": 0, "jobId": -1}, {"startTime": 115158, "endTime": 115166, "taskId": 25, "workflowId": 0, "jobId": -1}, {"startTime": 115166, "endTime": 115172, "taskId": 25, "workflowId": 0, "jobId": -1}, {"startTime": 115172, "endTime": 116195, "taskId": 25, "workflowId": 0, "jobId": -1}, {"startTime": 116195, "endTime": 117742, "taskId": 3, "workflowId": 3, "jobId": -1}, {"startTime": 117742, "endTime": 119454, "taskId": 10, "workflowId": 3, "jobId": -1}, {"startTime": 119454, "endTime": 120106, "taskId": 16, "workflowId": 3, "jobId": -1}, {"startTime": 120106, "endTime": 121699, "taskId": 14, "workflowId": 3, "jobId": -1}, {"startTime": 127875, "endTime": 131138, "taskId": 25, "workflowId": 2, "jobId": -1}, {"startTime": 135941, "endTime": 138207, "taskId": 26, "workflowId": 3, "jobId": -1}, {"startTime": 138207, "endTime": 139057, "taskId": 27, "workflowId": 3, "jobId": -1}]}, {"frequency": 1.5, "activePower": 8, "idlePower": 2.7, "memory": 2, "allocations": [{"startTime": 45374, "endTime": 60929, "taskId": 3, "workflowId": -1, "jobId": 0}, {"startTime": 60929, "endTime": 73465, "taskId": 5, "workflowId": -1, "jobId": 0}, {"startTime": 73465, "endTime": 76160, "taskId": 5, "workflowId": -1, "jobId": 0}, {"startTime": 76160, "endTime": 89070, "taskId": 0, "workflowId": -1, "jobId": 0}, {"startTime": 89070, "endTime": 101606, "taskId": 7, "workflowId": -1, "jobId": 0}, {"startTime": 101606, "endTime": 117161, "taskId": 3, "workflowId": -1, "jobId": 1}, {"startTime": 117161, "endTime": 132401, "taskId": 5, "workflowId": -1, "jobId": 1}, {"startTime": 132401, "endTime": 143270, "taskId": 4, "workflowId": -1, "jobId": 1}, {"startTime": 143270, "endTime": 159383, "taskId": 6, "workflowId": -1, "jobId": 1}, {"startTime": 159383, "endTime": 171919, "taskId": 7, "workflowId": -1, "jobId": 1}, {"startTime": 171919, "endTime": 187159, "taskId": 5, "workflowId": -1, "jobId": 2}, {"startTime": 187159, "endTime": 198028, "taskId": 4, "workflowId": -1, "jobId": 2}, {"startTime": 198028, "endTime": 210938, "taskId": 0, "workflowId": -1, "jobId": 2}, {"startTime": 210938, "endTime": 223474, "taskId": 6, "workflowId": -1, "jobId": 2}, {"startTime": 223474, "endTime": 227051, "taskId": 6, "workflowId": -1, "jobId": 2}, {"startTime": 227051, "endTime": 239587, "taskId": 7, "workflowId": -1, "jobId": 2}, {"startTime": 239587, "endTime": 254329, "taskId": 2, "workflowId": -1, "jobId": 3}, {"startTime": 254329, "endTime": 265198, "taskId": 4, "workflowId": -1, "jobId": 3}, {"startTime": 265198, "endTime": 278108, "taskId": 0, "workflowId": -1, "jobId": 3}, {"startTime": 278108, "endTime": 294221, "taskId": 6, "workflowId": -1, "jobId": 3}, {"startTime": 294221, "endTime": 306757, "taskId": 7, "workflowId": -1, "jobId": 3}, {"startTime": 306757, "endTime": 322757, "taskId": 1, "workflowId": -1, "jobId": 5}, {"startTime": 322757, "endTime": 337997, "taskId": 5, "workflowId": -1, "jobId": 5}, {"startTime": 337997, "endTime": 353552, "taskId": 3, "workflowId": -1, "jobId": 6}, {"startTime": 353552, "endTime": 369552, "taskId": 1, "workflowId": -1, "jobId": 6}, {"startTime": 369552, "endTime": 382088, "taskId": 7, "workflowId": -1, "jobId": 4}, {"startTime": 382088, "endTime": 397328, "taskId": 5, "workflowId": -1, "jobId": 6}, {"startTime": 397328, "endTime": 410238, "taskId": 0, "workflowId": -1, "jobId": 5}, {"startTime": 410238, "endTime": 426351, "taskId": 6, "workflowId": -1, "jobId": 5}, {"startTime": 426351, "endTime": 441591, "taskId": 5, "workflowId": -1, "jobId": 7}, {"startTime": 441591, "endTime": 452460, "taskId": 4, "workflowId": -1, "jobId": 6}, {"startTime": 452460, "endTime": 468460, "taskId": 1, "workflowId": -1, "jobId": 8}, {"startTime": 468460, "endTime": 484573, "taskId": 6, "workflowId": -1, "jobId": 6}, {"startTime": 484573, "endTime": 499813, "taskId": 5, "workflowId": -1, "jobId": 8}, {"startTime": 499813, "endTime": 510682, "taskId": 4, "workflowId": -1, "jobId": 7}, {"startTime": 510682, "endTime": 523218, "taskId": 7, "workflowId": -1, "jobId": 6}, {"startTime": 523218, "endTime": 536128, "taskId": 0, "workflowId": -1, "jobId": 7}, {"startTime": 536128, "endTime": 551368, "taskId": 5, "workflowId": -1, "jobId": 9}, {"startTime": 551368, "endTime": 567368, "taskId": 1, "workflowId": -1, "jobId": 10}, {"startTime": 567368, "endTime": 582923, "taskId": 3, "workflowId": -1, "jobId": 11}, {"startTime": 582923, "endTime": 598163, "taskId": 5, "workflowId": -1, "jobId": 10}, {"startTime": 598163, "endTime": 611073, "taskId": 0, "workflowId": -1, "jobId": 8}, {"startTime": 611073, "endTime": 627186, "taskId": 6, "workflowId": -1, "jobId": 8}, {"startTime": 627186, "endTime": 638055, "taskId": 4, "workflowId": -1, "jobId": 9}, {"startTime": 638055, "endTime": 652797, "taskId": 2, "workflowId": -1, "jobId": 10}, {"startTime": 652797, "endTime": 665333, "taskId": 7, "workflowId": -1, "jobId": 8}, {"startTime": 665333, "endTime": 680888, "taskId": 3, "workflowId": -1, "jobId": 13}, {"startTime": 680888, "endTime": 691757, "taskId": 4, "workflowId": -1, "jobId": 10}, {"startTime": 691757, "endTime": 706997, "taskId": 5, "workflowId": -1, "jobId": 12}, {"startTime": 706997, "endTime": 721739, "taskId": 2, "workflowId": -1, "jobId": 11}, {"startTime": 721739, "endTime": 734275, "taskId": 7, "workflowId": -1, "jobId": 9}, {"startTime": 734275, "endTime": 750388, "taskId": 6, "workflowId": -1, "jobId": 10}, {"startTime": 750388, "endTime": 766388, "taskId": 1, "workflowId": -1, "jobId": 14}, {"startTime": 766388, "endTime": 781130, "taskId": 2, "workflowId": -1, "jobId": 12}, {"startTime": 781130, "endTime": 793666, "taskId": 7, "workflowId": -1, "jobId": 10}, {"startTime": 793666, "endTime": 804535, "taskId": 1, "workflowId": -1, "jobId": 15}, {"startTime": 804535, "endTime": 809666, "taskId": 1, "workflowId": -1, "jobId": 15}, {"startTime": 809666, "endTime": 825779, "taskId": 6, "workflowId": -1, "jobId": 11}, {"startTime": 825779, "endTime": 840521, "taskId": 2, "workflowId": -1, "jobId": 13}]}, {"frequency": 1.5, "activePower": 8, "idlePower": 2.7, "memory": 2, "allocations": [{"startTime": 58769, "endTime": 58799, "taskId": 3, "workflowId": 3, "jobId": -1}, {"startTime": 58799, "endTime": 60429, "taskId": 2, "workflowId": 3, "jobId": -1}, {"startTime": 60429, "endTime": 60644, "taskId": 2, "workflowId": 3, "jobId": -1}, {"startTime": 60644, "endTime": 60726, "taskId": 3, "workflowId": 3, "jobId": -1}, {"startTime": 60726, "endTime": 62274, "taskId": 1, "workflowId": 0, "jobId": -1}, {"startTime": 62274, "endTime": 63340, "taskId": 1, "workflowId": 0, "jobId": -1}, {"startTime": 63340, "endTime": 63341, "taskId": 5, "workflowId": 0, "jobId": -1}, {"startTime": 63341, "endTime": 65410, "taskId": 6, "workflowId": 0, "jobId": -1}, {"startTime": 65410, "endTime": 66316, "taskId": 4, "workflowId": 0, "jobId": -1}, {"startTime": 66316, "endTime": 66358, "taskId": 2, "workflowId": 1, "jobId": -1}, {"startTime": 66358, "endTime": 66958, "taskId": 2, "workflowId": 1, "jobId": -1}, {"startTime": 66958, "endTime": 67840, "taskId": 2, "workflowId": 1, "jobId": -1}, {"startTime": 67840, "endTime": 67903, "taskId": 2, "workflowId": 1, "jobId": -1}, {"startTime": 67903, "endTime": 68871, "taskId": 2, "workflowId": 1, "jobId": -1}, {"startTime": 68871, "endTime": 68872, "taskId": 4, "workflowId": 0, "jobId": -1}, {"startTime": 68872, "endTime": 69216, "taskId": 5, "workflowId": 0, "jobId": -1}, {"startTime": 69216, "endTime": 69457, "taskId": 5, "workflowId": 0, "jobId": -1}, {"startTime": 69457, "endTime": 69553, "taskId": 5, "workflowId": 0, "jobId": -1}, {"startTime": 69553, "endTime": 69634, "taskId": 8, "workflowId": 0, "jobId": -1}, {"startTime": 69634, "endTime": 70733, "taskId": 4, "workflowId": 0, "jobId": -1}, {"startTime": 70733, "endTime": 71220, "taskId": 11, "workflowId": 1, "jobId": -1}, {"startTime": 71220, "endTime": 72171, "taskId": 11, "workflowId": 1, "jobId": -1}, {"startTime": 72171, "endTime": 72324, "taskId": 11, "workflowId": 1, "jobId": -1}, {"startTime": 72324, "endTime": 72644, "taskId": 11, "workflowId": 1, "jobId": -1}, {"startTime": 72644, "endTime": 72717, "taskId": 11, "workflowId": 1, "jobId": -1}, {"startTime": 72717, "endTime": 72887, "taskId": 11, "workflowId": 1, "jobId": -1}, {"startTime": 72887, "endTime": 72933, "taskId": 4, "workflowId": 0, "jobId": -1}, {"startTime": 72933, "endTime": 73217, "taskId": 4, "workflowId": 0, "jobId": -1}, {"startTime": 73217, "endTime": 73427, "taskId": 13, "workflowId": 0, "jobId": -1}, {"startTime": 73427, "endTime": 73484, "taskId": 8, "workflowId": 0, "jobId": -1}, {"startTime": 73484, "endTime": 73519, "taskId": 8, "workflowId": 0, "jobId": -1}, {"startTime": 73519, "endTime": 75139, "taskId": 8, "workflowId": 0, "jobId": -1}, {"startTime": 75139, "endTime": 75152, "taskId": 13, "workflowId": 1, "jobId": -1}, {"startTime": 75152, "endTime": 75723, "taskId": 13, "workflowId": 1, "jobId": -1}, {"startTime": 75723, "endTime": 75911, "taskId": 13, "workflowId": 1, "jobId": -1}, {"startTime": 75911, "endTime": 76494, "taskId": 13, "workflowId": 1, "jobId": -1}, {"startTime": 76494, "endTime": 77089, "taskId": 13, "workflowId": 1, "jobId": -1}, {"startTime": 77089, "endTime": 77240, "taskId": 13, "workflowId": 0, "jobId": -1}, {"startTime": 77240, "endTime": 78213, "taskId": 13, "workflowId": 0, "jobId": -1}, {"startTime": 78213, "endTime": 79427, "taskId": 12, "workflowId": 0, "jobId": -1}, {"startTime": 79427, "endTime": 79469, "taskId": 12, "workflowId": 0, "jobId": -1}, {"startTime": 79469, "endTime": 79517, "taskId": 12, "workflowId": 0, "jobId": -1}, {"startTime": 79517, "endTime": 79569, "taskId": 12, "workflowId": 0, "jobId": -1}, {"startTime": 79569, "endTime": 79600, "taskId": 12, "workflowId": 0, "jobId": -1}, {"startTime": 79600, "endTime": 79937, "taskId": 12, "workflowId": 0, "jobId": -1}, {"startTime": 79937, "endTime": 80593, "taskId": 10, "workflowId": 0, "jobId": -1}, {"startTime": 80593, "endTime": 80961, "taskId": 10, "workflowId": 0, "jobId": -1}, {"startTime": 80961, "endTime": 81194, "taskId": 10, "workflowId": 0, "jobId": -1}, {"startTime": 81194, "endTime": 81214, "taskId": 10, "workflowId": 0, "jobId": -1}, {"startTime": 81214, "endTime": 81249, "taskId": 10, "workflowId": 0, "jobId": -1}, {"startTime": 81249, "endTime": 81342, "taskId": 10, "workflowId": 0, "jobId": -1}, {"startTime": 81342, "endTime": 81482, "taskId": 10, "workflowId": 0, "jobId": -1}, {"startTime": 81482, "endTime": 81969, "taskId": 19, "workflowId": 1, "jobId": -1}, {"startTime": 81969, "endTime": 82273, "taskId": 14, "workflowId": 0, "jobId": -1}, {"startTime": 82273, "endTime": 83226, "taskId": 14, "workflowId": 0, "jobId": -1}, {"startTime": 83226, "endTime": 83299, "taskId": 19, "workflowId": 1, "jobId": -1}, {"startTime": 83299, "endTime": 83375, "taskId": 9, "workflowId": 0, "jobId": -1}, {"startTime": 83375, "endTime": 83558, "taskId": 9, "workflowId": 0, "jobId": -1}, {"startTime": 83558, "endTime": 83693, "taskId": 9, "workflowId": 0, "jobId": -1}, {"startTime": 83693, "endTime": 83986, "taskId": 9, "workflowId": 0, "jobId": -1}, {"startTime": 83986, "endTime": 84450, "taskId": 19, "workflowId": 1, "jobId": -1}, {"startTime": 84450, "endTime": 84639, "taskId": 19, "workflowId": 1, "jobId": -1}, {"startTime": 84639, "endTime": 84723, "taskId": 19, "workflowId": 1, "jobId": -1}, {"startTime": 84723, "endTime": 85998, "taskId": 19, "workflowId": 1, "jobId": -1}, {"startTime": 85998, "endTime": 86112, "taskId": 11, "workflowId": 0, "jobId": -1}, {"startTime": 86112, "endTime": 86281, "taskId": 11, "workflowId": 0, "jobId": -1}, {"startTime": 86281, "endTime": 86512, "taskId": 11, "workflowId": 0, "jobId": -1}, {"startTime": 86512, "endTime": 86528, "taskId": 11, "workflowId": 0, "jobId": -1}, {"startTime": 86528, "endTime": 86646, "taskId": 11, "workflowId": 0, "jobId": -1}, {"startTime": 86646, "endTime": 86821, "taskId": 11, "workflowId": 0, "jobId": -1}, {"startTime": 86821, "endTime": 87022, "taskId": 11, "workflowId": 0, "jobId": -1}, {"startTime": 87022, "endTime": 87404, "taskId": 21, "workflowId": 0, "jobId": -1}, {"startTime": 87404, "endTime": 87851, "taskId": 21, "workflowId": 0, "jobId": -1}, {"startTime": 87851, "endTime": 88079, "taskId": 21, "workflowId": 0, "jobId": -1}, {"startTime": 88079, "endTime": 88124, "taskId": 17, "workflowId": 0, "jobId": -1}, {"startTime": 88124, "endTime": 88434, "taskId": 15, "workflowId": 0, "jobId": -1}, {"startTime": 88434, "endTime": 88739, "taskId": 15, "workflowId": 0, "jobId": -1}, {"startTime": 88739, "endTime": 88976, "taskId": 15, "workflowId": 0, "jobId": -1}, {"startTime": 88976, "endTime": 89166, "taskId": 17, "workflowId": 0, "jobId": -1}, {"startTime": 89166, "endTime": 90087, "taskId": 17, "workflowId": 0, "jobId": -1}, {"startTime": 90087, "endTime": 90397, "taskId": 17, "workflowId": 0, "jobId": -1}, {"startTime": 90397, "endTime": 90882, "taskId": 17, "workflowId": 0, "jobId": -1}, {"startTime": 90882, "endTime": 91248, "taskId": 25, "workflowId": 1, "jobId": -1}, {"startTime": 91248, "endTime": 91553, "taskId": 25, "workflowId": 1, "jobId": -1}, {"startTime": 91553, "endTime": 91648, "taskId": 25, "workflowId": 1, "jobId": -1}, {"startTime": 91648, "endTime": 91969, "taskId": 25, "workflowId": 1, "jobId": -1}, {"startTime": 91969, "endTime": 92819, "taskId": 25, "workflowId": 1, "jobId": -1}, {"startTime": 92819, "endTime": 92928, "taskId": 25, "workflowId": 1, "jobId": -1}, {"startTime": 92928, "endTime": 93172, "taskId": 25, "workflowId": 1, "jobId": -1}, {"startTime": 93172, "endTime": 94388, "taskId": 20, "workflowId": 0, "jobId": -1}, {"startTime": 94388, "endTime": 94394, "taskId": 24, "workflowId": 1, "jobId": -1}, {"startTime": 94394, "endTime": 95065, "taskId": 24, "workflowId": 1, "jobId": -1}, {"startTime": 95065, "endTime": 95280, "taskId": 24, "workflowId": 1, "jobId": -1}, {"startTime": 95280, "endTime": 95854, "taskId": 27, "workflowId": 1, "jobId": -1}, {"startTime": 95854, "endTime": 95855, "taskId": 27, "workflowId": 1, "jobId": -1}, {"startTime": 95855, "endTime": 95964, "taskId": 27, "workflowId": 1, "jobId": -1}, {"startTime": 95964, "endTime": 96177, "taskId": 27, "workflowId": 1, "jobId": -1}, {"startTime": 96177, "endTime": 96387, "taskId": 27, "workflowId": 1, "jobId": -1}, {"startTime": 96387, "endTime": 96410, "taskId": 28, "workflowId": 1, "jobId": -1}, {"startTime": 96410, "endTime": 96436, "taskId": 16, "workflowId": 0, "jobId": -1}, {"startTime": 96436, "endTime": 96910, "taskId": 17, "workflowId": 1, "jobId": -1}, {"startTime": 96910, "endTime": 96993, "taskId": 17, "workflowId": 1, "jobId": -1}, {"startTime": 96993, "endTime": 97139, "taskId": 17, "workflowId": 1, "jobId": -1}, {"startTime": 97139, "endTime": 97172, "taskId": 17, "workflowId": 1, "jobId": -1}, {"startTime": 97172, "endTime": 97189, "taskId": 17, "workflowId": 1, "jobId": -1}, {"startTime": 97189, "endTime": 98218, "taskId": 17, "workflowId": 1, "jobId": -1}, {"startTime": 98218, "endTime": 98534, "taskId": 17, "workflowId": 1, "jobId": -1}, {"startTime": 98534, "endTime": 98828, "taskId": 1, "workflowId": 1, "jobId": -1}, {"startTime": 98828, "endTime": 99133, "taskId": 26, "workflowId": 1, "jobId": -1}, {"startTime": 99133, "endTime": 99271, "taskId": 26, "workflowId": 1, "jobId": -1}, {"startTime": 99271, "endTime": 99308, "taskId": 26, "workflowId": 1, "jobId": -1}, {"startTime": 99308, "endTime": 100021, "taskId": 26, "workflowId": 1, "jobId": -1}, {"startTime": 100021, "endTime": 100605, "taskId": 26, "workflowId": 1, "jobId": -1}, {"startTime": 100605, "endTime": 100778, "taskId": 26, "workflowId": 1, "jobId": -1}, {"startTime": 100778, "endTime": 101089, "taskId": 28, "workflowId": 1, "jobId": -1}, {"startTime": 101089, "endTime": 101355, "taskId": 28, "workflowId": 1, "jobId": -1}, {"startTime": 101355, "endTime": 102869, "taskId": 28, "workflowId": 1, "jobId": -1}, {"startTime": 102869, "endTime": 102980, "taskId": 28, "workflowId": 1, "jobId": -1}, {"startTime": 102980, "endTime": 102995, "taskId": 28, "workflowId": 1, "jobId": -1}, {"startTime": 102995, "endTime": 103751, "taskId": 28, "workflowId": 1, "jobId": -1}, {"startTime": 103751, "endTime": 103765, "taskId": 28, "workflowId": 1, "jobId": -1}, {"startTime": 103765, "endTime": 103877, "taskId": 1, "workflowId": 1, "jobId": -1}, {"startTime": 103877, "endTime": 103942, "taskId": 1, "workflowId": 1, "jobId": -1}, {"startTime": 103942, "endTime": 104180, "taskId": 1, "workflowId": 1, "jobId": -1}, {"startTime": 104180, "endTime": 105336, "taskId": 1, "workflowId": 1, "jobId": -1}, {"startTime": 105336, "endTime": 105627, "taskId": 28, "workflowId": 0, "jobId": -1}, {"startTime": 105627, "endTime": 105797, "taskId": 28, "workflowId": 0, "jobId": -1}, {"startTime": 105797, "endTime": 106106, "taskId": 28, "workflowId": 0, "jobId": -1}, {"startTime": 106106, "endTime": 106712, "taskId": 28, "workflowId": 0, "jobId": -1}, {"startTime": 106712, "endTime": 107030, "taskId": 28, "workflowId": 0, "jobId": -1}, {"startTime": 107030, "endTime": 107037, "taskId": 28, "workflowId": 0, "jobId": -1}, {"startTime": 107037, "endTime": 107086, "taskId": 28, "workflowId": 0, "jobId": -1}, {"startTime": 107086, "endTime": 107094, "taskId": 28, "workflowId": 0, "jobId": -1}, {"startTime": 107094, "endTime": 107402, "taskId": 28, "workflowId": 0, "jobId": -1}, {"startTime": 107402, "endTime": 107672, "taskId": 28, "workflowId": 0, "jobId": -1}, {"startTime": 107672, "endTime": 108123, "taskId": 29, "workflowId": 0, "jobId": -1}, {"startTime": 108123, "endTime": 108381, "taskId": 29, "workflowId": 0, "jobId": -1}, {"startTime": 108381, "endTime": 108745, "taskId": 29, "workflowId": 0, "jobId": -1}, {"startTime": 108745, "endTime": 108879, "taskId": 29, "workflowId": 0, "jobId": -1}, {"startTime": 108879, "endTime": 109006, "taskId": 29, "workflowId": 0, "jobId": -1}, {"startTime": 109006, "endTime": 109421, "taskId": 29, "workflowId": 0, "jobId": -1}, {"startTime": 109421, "endTime": 109707, "taskId": 31, "workflowId": 0, "jobId": -1}, {"startTime": 109707, "endTime": 110755, "taskId": 31, "workflowId": 0, "jobId": -1}, {"startTime": 110755, "endTime": 110914, "taskId": 31, "workflowId": 0, "jobId": -1}, {"startTime": 110914, "endTime": 111199, "taskId": 31, "workflowId": 0, "jobId": -1}, {"startTime": 111199, "endTime": 111242, "taskId": 5, "workflowId": 1, "jobId": -1}, {"startTime": 111242, "endTime": 111382, "taskId": 5, "workflowId": 1, "jobId": -1}, {"startTime": 111382, "endTime": 111492, "taskId": 5, "workflowId": 1, "jobId": -1}, {"startTime": 111492, "endTime": 111657, "taskId": 5, "workflowId": 1, "jobId": -1}, {"startTime": 111657, "endTime": 111918, "taskId": 5, "workflowId": 1, "jobId": -1}, {"startTime": 111918, "endTime": 112406, "taskId": 5, "workflowId": 1, "jobId": -1}, {"startTime": 112406, "endTime": 112895, "taskId": 24, "workflowId": 0, "jobId": -1}, {"startTime": 112895, "endTime": 113792, "taskId": 24, "workflowId": 0, "jobId": -1}, {"startTime": 113792, "endTime": 113857, "taskId": 32, "workflowId": 1, "jobId": -1}, {"startTime": 113857, "endTime": 113907, "taskId": 32, "workflowId": 1, "jobId": -1}, {"startTime": 113907, "endTime": 113924, "taskId": 32, "workflowId": 1, "jobId": -1}, {"startTime": 113924, "endTime": 114545, "taskId": 32, "workflowId": 1, "jobId": -1}, {"startTime": 114545, "endTime": 114546, "taskId": 32, "workflowId": 1, "jobId": -1}, {"startTime": 114546, "endTime": 115159, "taskId": 3, "workflowId": 1, "jobId": -1}, {"startTime": 115159, "endTime": 115507, "taskId": 16, "workflowId": 1, "jobId": -1}, {"startTime": 115507, "endTime": 116121, "taskId": 16, "workflowId": 1, "jobId": -1}, {"startTime": 116121, "endTime": 117115, "taskId": 26, "workflowId": 0, "jobId": -1}, {"startTime": 117115, "endTime": 120106, "taskId": 7, "workflowId": 3, "jobId": -1}, {"startTime": 120106, "endTime": 121830, "taskId": 16, "workflowId": 3, "jobId": -1}, {"startTime": 138207, "endTime": 139376, "taskId": 29, "workflowId": 3, "jobId": -1}]}, {"frequency": 1.5, "activePower": 8, "idlePower": 2.7, "memory": 2, "allocations": [{"startTime": 45374, "endTime": 45383, "taskId": 5, "workflowId": -1, "jobId": 0}, {"startTime": 45383, "endTime": 60116, "taskId": 1, "workflowId": -1, "jobId": 0}, {"startTime": 60116, "endTime": 60614, "taskId": 1, "workflowId": -1, "jobId": 0}, {"startTime": 60614, "endTime": 61383, "taskId": 1, "workflowId": -1, "jobId": 0}, {"startTime": 61383, "endTime": 72252, "taskId": 2, "workflowId": -1, "jobId": 0}, {"startTime": 72252, "endTime": 76125, "taskId": 2, "workflowId": -1, "jobId": 0}, {"startTime": 76125, "endTime": 76727, "taskId": 4, "workflowId": -1, "jobId": 0}, {"startTime": 76727, "endTime": 86994, "taskId": 4, "workflowId": -1, "jobId": 0}, {"startTime": 86994, "endTime": 103107, "taskId": 6, "workflowId": -1, "jobId": 0}, {"startTime": 103107, "endTime": 119107, "taskId": 1, "workflowId": -1, "jobId": 1}, {"startTime": 119107, "endTime": 133849, "taskId": 2, "workflowId": -1, "jobId": 1}, {"startTime": 133849, "endTime": 146759, "taskId": 0, "workflowId": -1, "jobId": 1}, {"startTime": 146759, "endTime": 162314, "taskId": 3, "workflowId": -1, "jobId": 2}, {"startTime": 162314, "endTime": 178314, "taskId": 1, "workflowId": -1, "jobId": 2}, {"startTime": 178314, "endTime": 193056, "taskId": 2, "workflowId": -1, "jobId": 2}, {"startTime": 193056, "endTime": 205966, "taskId": 3, "workflowId": -1, "jobId": 3}, {"startTime": 205966, "endTime": 208611, "taskId": 3, "workflowId": -1, "jobId": 3}, {"startTime": 208611, "endTime": 224611, "taskId": 1, "workflowId": -1, "jobId": 3}, {"startTime": 224611, "endTime": 239851, "taskId": 5, "workflowId": -1, "jobId": 3}, {"startTime": 239851, "endTime": 255406, "taskId": 3, "workflowId": -1, "jobId": 4}, {"startTime": 255406, "endTime": 271406, "taskId": 1, "workflowId": -1, "jobId": 4}, {"startTime": 271406, "endTime": 286646, "taskId": 5, "workflowId": -1, "jobId": 4}, {"startTime": 286646, "endTime": 302201, "taskId": 3, "workflowId": -1, "jobId": 5}, {"startTime": 302201, "endTime": 316943, "taskId": 2, "workflowId": -1, "jobId": 4}, {"startTime": 316943, "endTime": 327812, "taskId": 4, "workflowId": -1, "jobId": 4}, {"startTime": 327812, "endTime": 340722, "taskId": 0, "workflowId": -1, "jobId": 4}, {"startTime": 340722, "endTime": 356835, "taskId": 6, "workflowId": -1, "jobId": 4}, {"startTime": 356835, "endTime": 371577, "taskId": 2, "workflowId": -1, "jobId": 5}, {"startTime": 371577, "endTime": 382446, "taskId": 4, "workflowId": -1, "jobId": 5}, {"startTime": 382446, "endTime": 398001, "taskId": 3, "workflowId": -1, "jobId": 7}, {"startTime": 398001, "endTime": 414001, "taskId": 1, "workflowId": -1, "jobId": 7}, {"startTime": 414001, "endTime": 428743, "taskId": 2, "workflowId": -1, "jobId": 6}, {"startTime": 428743, "endTime": 439612, "taskId": 3, "workflowId": -1, "jobId": 8}, {"startTime": 439612, "endTime": 444298, "taskId": 3, "workflowId": -1, "jobId": 8}, {"startTime": 444298, "endTime": 456834, "taskId": 7, "workflowId": -1, "jobId": 5}, {"startTime": 456834, "endTime": 469744, "taskId": 0, "workflowId": -1, "jobId": 6}, {"startTime": 469744, "endTime": 484486, "taskId": 2, "workflowId": -1, "jobId": 7}, {"startTime": 484486, "endTime": 500041, "taskId": 3, "workflowId": -1, "jobId": 9}, {"startTime": 500041, "endTime": 516041, "taskId": 1, "workflowId": -1, "jobId": 9}, {"startTime": 516041, "endTime": 528951, "taskId": 3, "workflowId": -1, "jobId": 10}, {"startTime": 528951, "endTime": 531596, "taskId": 3, "workflowId": -1, "jobId": 10}, {"startTime": 531596, "endTime": 546338, "taskId": 2, "workflowId": -1, "jobId": 8}, {"startTime": 546338, "endTime": 562451, "taskId": 6, "workflowId": -1, "jobId": 7}, {"startTime": 562451, "endTime": 573320, "taskId": 4, "workflowId": -1, "jobId": 8}, {"startTime": 573320, "endTime": 585856, "taskId": 7, "workflowId": -1, "jobId": 7}, {"startTime": 585856, "endTime": 600598, "taskId": 2, "workflowId": -1, "jobId": 9}, {"startTime": 600598, "endTime": 616598, "taskId": 1, "workflowId": -1, "jobId": 11}, {"startTime": 616598, "endTime": 632153, "taskId": 3, "workflowId": -1, "jobId": 12}, {"startTime": 632153, "endTime": 647393, "taskId": 5, "workflowId": -1, "jobId": 11}, {"startTime": 647393, "endTime": 663393, "taskId": 1, "workflowId": -1, "jobId": 12}, {"startTime": 663393, "endTime": 676303, "taskId": 0, "workflowId": -1, "jobId": 9}, {"startTime": 676303, "endTime": 692416, "taskId": 6, "workflowId": -1, "jobId": 9}, {"startTime": 692416, "endTime": 708416, "taskId": 1, "workflowId": -1, "jobId": 13}, {"startTime": 708416, "endTime": 720952, "taskId": 3, "workflowId": -1, "jobId": 14}, {"startTime": 720952, "endTime": 723971, "taskId": 3, "workflowId": -1, "jobId": 14}, {"startTime": 723971, "endTime": 736881, "taskId": 0, "workflowId": -1, "jobId": 10}, {"startTime": 736881, "endTime": 747750, "taskId": 4, "workflowId": -1, "jobId": 11}, {"startTime": 747750, "endTime": 762990, "taskId": 5, "workflowId": -1, "jobId": 13}, {"startTime": 762990, "endTime": 778545, "taskId": 3, "workflowId": -1, "jobId": 15}, {"startTime": 778545, "endTime": 791455, "taskId": 0, "workflowId": -1, "jobId": 11}, {"startTime": 791455, "endTime": 806695, "taskId": 5, "workflowId": -1, "jobId": 14}, {"startTime": 806695, "endTime": 817564, "taskId": 4, "workflowId": -1, "jobId": 12}, {"startTime": 817564, "endTime": 833119, "taskId": 3, "workflowId": -1, "jobId": 16}]}]