[{"frequency": 2.4, "activePower": 9, "idlePower": 2.75, "memory": 2, "allocations": [{"startTime": 40398, "endTime": 41328, "taskId": 0, "workflowId": 0, "jobId": -1}, {"startTime": 41328, "endTime": 42623, "taskId": 4, "workflowId": 0, "jobId": -1}, {"startTime": 42623, "endTime": 44281, "taskId": 2, "workflowId": 0, "jobId": -1}, {"startTime": 44281, "endTime": 46322, "taskId": 6, "workflowId": 0, "jobId": -1}, {"startTime": 46322, "endTime": 46852, "taskId": 9, "workflowId": 0, "jobId": -1}, {"startTime": 46852, "endTime": 47710, "taskId": 13, "workflowId": 0, "jobId": -1}, {"startTime": 47710, "endTime": 47970, "taskId": 10, "workflowId": 0, "jobId": -1}, {"startTime": 47970, "endTime": 49535, "taskId": 10, "workflowId": 0, "jobId": -1}, {"startTime": 49535, "endTime": 49983, "taskId": 15, "workflowId": 0, "jobId": -1}, {"startTime": 49983, "endTime": 50690, "taskId": 17, "workflowId": 0, "jobId": -1}, {"startTime": 50690, "endTime": 50755, "taskId": 17, "workflowId": 0, "jobId": -1}, {"startTime": 51328, "endTime": 53398, "taskId": 5, "workflowId": 0, "jobId": -1}, {"startTime": 53398, "endTime": 53847, "taskId": 11, "workflowId": 0, "jobId": -1}, {"startTime": 53847, "endTime": 54467, "taskId": 16, "workflowId": 0, "jobId": -1}, {"startTime": 54545, "endTime": 56205, "taskId": 20, "workflowId": 0, "jobId": -1}, {"startTime": 56205, "endTime": 58223, "taskId": 19, "workflowId": 0, "jobId": -1}, {"startTime": 58223, "endTime": 59755, "taskId": 22, "workflowId": 0, "jobId": -1}, {"startTime": 59755, "endTime": 60322, "taskId": 23, "workflowId": 0, "jobId": -1}, {"startTime": 60322, "endTime": 61792, "taskId": 10, "workflowId": 3, "jobId": -1}, {"startTime": 65106, "endTime": 67148, "taskId": 13, "workflowId": 3, "jobId": -1}, {"startTime": 72849, "endTime": 74621, "taskId": 18, "workflowId": 3, "jobId": -1}, {"startTime": 74622, "endTime": 75504, "taskId": 20, "workflowId": 3, "jobId": -1}, {"startTime": 76523, "endTime": 77907, "taskId": 6, "workflowId": 2, "jobId": -1}, {"startTime": 90885, "endTime": 92860, "taskId": 12, "workflowId": 2, "jobId": -1}, {"startTime": 185796, "endTime": 187880, "taskId": 5, "workflowId": 1, "jobId": -1}, {"startTime": 197114, "endTime": 197775, "taskId": 10, "workflowId": 1, "jobId": -1}, {"startTime": 231045, "endTime": 231587, "taskId": 22, "workflowId": 1, "jobId": -1}, {"startTime": 233971, "endTime": 235544, "taskId": 23, "workflowId": 1, "jobId": -1}]}, {"frequency": 2.4, "activePower": 9, "idlePower": 2.75, "memory": 2, "allocations": [{"startTime": 42797, "endTime": 52802, "taskId": 2, "workflowId": -1, "jobId": 0}, {"startTime": 52802, "endTime": 61474, "taskId": 11, "workflowId": -1, "jobId": 0}, {"startTime": 68277, "endTime": 78282, "taskId": 2, "workflowId": -1, "jobId": 1}, {"startTime": 80460, "endTime": 87437, "taskId": 1, "workflowId": -1, "jobId": 1}, {"startTime": 92248, "endTime": 93757, "taskId": 9, "workflowId": -1, "jobId": 1}, {"startTime": 93757, "endTime": 103762, "taskId": 2, "workflowId": -1, "jobId": 2}, {"startTime": 103762, "endTime": 110309, "taskId": 10, "workflowId": -1, "jobId": 1}, {"startTime": 118123, "endTime": 119237, "taskId": 1, "workflowId": -1, "jobId": 2}, {"startTime": 119237, "endTime": 129242, "taskId": 2, "workflowId": -1, "jobId": 3}, {"startTime": 144717, "endTime": 154722, "taskId": 2, "workflowId": -1, "jobId": 4}, {"startTime": 155786, "endTime": 162763, "taskId": 1, "workflowId": -1, "jobId": 3}, {"startTime": 170197, "endTime": 180202, "taskId": 2, "workflowId": -1, "jobId": 5}, {"startTime": 183331, "endTime": 190637, "taskId": 6, "workflowId": -1, "jobId": 2}, {"startTime": 193449, "endTime": 195677, "taskId": 1, "workflowId": -1, "jobId": 4}, {"startTime": 195677, "endTime": 205682, "taskId": 2, "workflowId": -1, "jobId": 6}, {"startTime": 205682, "endTime": 213868, "taskId": 7, "workflowId": -1, "jobId": 6}, {"startTime": 221157, "endTime": 231162, "taskId": 2, "workflowId": -1, "jobId": 7}, {"startTime": 246637, "endTime": 256642, "taskId": 2, "workflowId": -1, "jobId": 8}, {"startTime": 264541, "endTime": 267466, "taskId": 4, "workflowId": -1, "jobId": 4}, {"startTime": 268775, "endTime": 272117, "taskId": 1, "workflowId": -1, "jobId": 6}, {"startTime": 272117, "endTime": 282122, "taskId": 2, "workflowId": -1, "jobId": 9}, {"startTime": 282122, "endTime": 282499, "taskId": 1, "workflowId": -1, "jobId": 6}, {"startTime": 282499, "endTime": 290685, "taskId": 7, "workflowId": -1, "jobId": 9}, {"startTime": 297597, "endTime": 307602, "taskId": 2, "workflowId": -1, "jobId": 10}, {"startTime": 307602, "endTime": 314579, "taskId": 1, "workflowId": -1, "jobId": 7}, {"startTime": 323077, "endTime": 333082, "taskId": 2, "workflowId": -1, "jobId": 11}, {"startTime": 344101, "endTime": 348557, "taskId": 1, "workflowId": -1, "jobId": 8}, {"startTime": 348557, "endTime": 358562, "taskId": 2, "workflowId": -1, "jobId": 12}, {"startTime": 358562, "endTime": 361080, "taskId": 8, "workflowId": -1, "jobId": 8}, {"startTime": 369277, "endTime": 374037, "taskId": 3, "workflowId": -1, "jobId": 7}, {"startTime": 374037, "endTime": 384042, "taskId": 2, "workflowId": -1, "jobId": 13}, {"startTime": 384042, "endTime": 391019, "taskId": 1, "workflowId": -1, "jobId": 9}, {"startTime": 391019, "endTime": 395257, "taskId": 8, "workflowId": -1, "jobId": 9}, {"startTime": 399517, "endTime": 409522, "taskId": 2, "workflowId": -1, "jobId": 14}, {"startTime": 410829, "endTime": 415917, "taskId": 10, "workflowId": -1, "jobId": 7}, {"startTime": 415917, "endTime": 419427, "taskId": 3, "workflowId": -1, "jobId": 8}, {"startTime": 419427, "endTime": 424997, "taskId": 1, "workflowId": -1, "jobId": 10}, {"startTime": 424997, "endTime": 435002, "taskId": 2, "workflowId": -1, "jobId": 15}, {"startTime": 435002, "endTime": 436172, "taskId": 8, "workflowId": -1, "jobId": 10}, {"startTime": 436172, "endTime": 444358, "taskId": 7, "workflowId": -1, "jobId": 15}, {"startTime": 450477, "endTime": 460482, "taskId": 2, "workflowId": -1, "jobId": 16}, {"startTime": 460482, "endTime": 467459, "taskId": 1, "workflowId": -1, "jobId": 11}]}, {"frequency": 2.4, "activePower": 9, "idlePower": 2.75, "memory": 2, "allocations": [{"startTime": 41328, "endTime": 42641, "taskId": 3, "workflowId": 0, "jobId": -1}, {"startTime": 42641, "endTime": 44695, "taskId": 1, "workflowId": 0, "jobId": -1}, {"startTime": 44695, "endTime": 46214, "taskId": 7, "workflowId": 0, "jobId": -1}, {"startTime": 46214, "endTime": 46852, "taskId": 8, "workflowId": 0, "jobId": -1}, {"startTime": 46852, "endTime": 47970, "taskId": 9, "workflowId": 0, "jobId": -1}, {"startTime": 47970, "endTime": 48677, "taskId": 12, "workflowId": 0, "jobId": -1}, {"startTime": 48677, "endTime": 49983, "taskId": 12, "workflowId": 0, "jobId": -1}, {"startTime": 49983, "endTime": 49984, "taskId": 14, "workflowId": 0, "jobId": -1}, {"startTime": 49984, "endTime": 50691, "taskId": 15, "workflowId": 0, "jobId": -1}, {"startTime": 50691, "endTime": 51776, "taskId": 14, "workflowId": 0, "jobId": -1}, {"startTime": 51776, "endTime": 52483, "taskId": 14, "workflowId": 0, "jobId": -1}, {"startTime": 52483, "endTime": 54545, "taskId": 18, "workflowId": 0, "jobId": -1}, {"startTime": 54545, "endTime": 56215, "taskId": 21, "workflowId": 0, "jobId": -1}, {"startTime": 59755, "endTime": 61822, "taskId": 24, "workflowId": 0, "jobId": -1}, {"startTime": 90885, "endTime": 91544, "taskId": 15, "workflowId": 2, "jobId": -1}]}, {"frequency": 2.4, "activePower": 9, "idlePower": 2.75, "memory": 2, "allocations": [{"startTime": 42797, "endTime": 42807, "taskId": 1, "workflowId": -1, "jobId": 0}, {"startTime": 42807, "endTime": 49774, "taskId": 0, "workflowId": -1, "jobId": 0}, {"startTime": 49774, "endTime": 50167, "taskId": 0, "workflowId": -1, "jobId": 0}, {"startTime": 50167, "endTime": 57134, "taskId": 1, "workflowId": -1, "jobId": 0}, {"startTime": 68639, "endTime": 75999, "taskId": 0, "workflowId": -1, "jobId": 1}, {"startTime": 81345, "endTime": 85583, "taskId": 8, "workflowId": -1, "jobId": 1}, {"startTime": 93757, "endTime": 94481, "taskId": 9, "workflowId": -1, "jobId": 1}, {"startTime": 94481, "endTime": 101841, "taskId": 0, "workflowId": -1, "jobId": 2}, {"startTime": 101841, "endTime": 105259, "taskId": 9, "workflowId": -1, "jobId": 1}, {"startTime": 119237, "endTime": 120323, "taskId": 1, "workflowId": -1, "jobId": 2}, {"startTime": 120323, "endTime": 127683, "taskId": 0, "workflowId": -1, "jobId": 3}, {"startTime": 127683, "endTime": 132460, "taskId": 1, "workflowId": -1, "jobId": 2}, {"startTime": 146165, "endTime": 153525, "taskId": 0, "workflowId": -1, "jobId": 4}, {"startTime": 158441, "endTime": 162679, "taskId": 8, "workflowId": -1, "jobId": 3}, {"startTime": 172007, "endTime": 179367, "taskId": 0, "workflowId": -1, "jobId": 5}, {"startTime": 195677, "endTime": 197849, "taskId": 1, "workflowId": -1, "jobId": 4}, {"startTime": 197849, "endTime": 205209, "taskId": 0, "workflowId": -1, "jobId": 6}, {"startTime": 205209, "endTime": 207786, "taskId": 1, "workflowId": -1, "jobId": 4}, {"startTime": 223691, "endTime": 231051, "taskId": 0, "workflowId": -1, "jobId": 7}, {"startTime": 231112, "endTime": 238089, "taskId": 1, "workflowId": -1, "jobId": 5}, {"startTime": 249533, "endTime": 256893, "taskId": 0, "workflowId": -1, "jobId": 8}, {"startTime": 272117, "endTime": 275375, "taskId": 1, "workflowId": -1, "jobId": 6}, {"startTime": 275375, "endTime": 275752, "taskId": 0, "workflowId": -1, "jobId": 9}, {"startTime": 275752, "endTime": 282735, "taskId": 0, "workflowId": -1, "jobId": 9}, {"startTime": 301217, "endTime": 308577, "taskId": 0, "workflowId": -1, "jobId": 10}, {"startTime": 312633, "endTime": 316871, "taskId": 8, "workflowId": -1, "jobId": 7}, {"startTime": 327059, "endTime": 334419, "taskId": 0, "workflowId": -1, "jobId": 11}, {"startTime": 348557, "endTime": 351078, "taskId": 1, "workflowId": -1, "jobId": 8}, {"startTime": 351181, "endTime": 352901, "taskId": 8, "workflowId": -1, "jobId": 8}, {"startTime": 352901, "endTime": 360261, "taskId": 0, "workflowId": -1, "jobId": 12}, {"startTime": 360261, "endTime": 366808, "taskId": 10, "workflowId": -1, "jobId": 6}, {"startTime": 374037, "endTime": 378743, "taskId": 3, "workflowId": -1, "jobId": 7}, {"startTime": 378743, "endTime": 386103, "taskId": 0, "workflowId": -1, "jobId": 13}, {"startTime": 386103, "endTime": 386661, "taskId": 3, "workflowId": -1, "jobId": 7}, {"startTime": 386661, "endTime": 394847, "taskId": 7, "workflowId": -1, "jobId": 13}, {"startTime": 404585, "endTime": 411945, "taskId": 0, "workflowId": -1, "jobId": 14}, {"startTime": 415917, "endTime": 417376, "taskId": 10, "workflowId": -1, "jobId": 7}, {"startTime": 419427, "endTime": 424997, "taskId": 3, "workflowId": -1, "jobId": 8}, {"startTime": 424997, "endTime": 426404, "taskId": 1, "workflowId": -1, "jobId": 10}, {"startTime": 426404, "endTime": 427348, "taskId": 3, "workflowId": -1, "jobId": 8}, {"startTime": 428277, "endTime": 430427, "taskId": 8, "workflowId": -1, "jobId": 10}, {"startTime": 430427, "endTime": 437787, "taskId": 0, "workflowId": -1, "jobId": 15}, {"startTime": 437787, "endTime": 438705, "taskId": 8, "workflowId": -1, "jobId": 10}, {"startTime": 456269, "endTime": 463629, "taskId": 0, "workflowId": -1, "jobId": 16}]}]