[{"frequency": 2.83, "activePower": 95.4, "idlePower": 49.6, "memory": 2, "allocations": [{"startTime": 58798, "endTime": 59819, "taskId": 0, "workflowId": 0, "jobId": -1}, {"startTime": 59819, "endTime": 60781, "taskId": 2, "workflowId": 0, "jobId": -1}, {"startTime": 60781, "endTime": 61206, "taskId": 6, "workflowId": 0, "jobId": -1}, {"startTime": 61206, "endTime": 61992, "taskId": 3, "workflowId": 0, "jobId": -1}, {"startTime": 61992, "endTime": 63591, "taskId": 5, "workflowId": 0, "jobId": -1}, {"startTime": 63591, "endTime": 64542, "taskId": 8, "workflowId": 0, "jobId": -1}, {"startTime": 64542, "endTime": 65238, "taskId": 10, "workflowId": 0, "jobId": -1}, {"startTime": 65238, "endTime": 65362, "taskId": 10, "workflowId": 0, "jobId": -1}, {"startTime": 65362, "endTime": 66058, "taskId": 7, "workflowId": 0, "jobId": -1}, {"startTime": 66058, "endTime": 66315, "taskId": 11, "workflowId": 0, "jobId": -1}, {"startTime": 66315, "endTime": 66602, "taskId": 4, "workflowId": 1, "jobId": -1}, {"startTime": 66602, "endTime": 67163, "taskId": 4, "workflowId": 1, "jobId": -1}, {"startTime": 67163, "endTime": 67223, "taskId": 4, "workflowId": 1, "jobId": -1}, {"startTime": 67223, "endTime": 67510, "taskId": 9, "workflowId": 0, "jobId": -1}, {"startTime": 67510, "endTime": 67670, "taskId": 9, "workflowId": 0, "jobId": -1}, {"startTime": 67670, "endTime": 67864, "taskId": 6, "workflowId": 1, "jobId": -1}, {"startTime": 67864, "endTime": 68198, "taskId": 6, "workflowId": 1, "jobId": -1}, {"startTime": 68198, "endTime": 68199, "taskId": 9, "workflowId": 1, "jobId": -1}, {"startTime": 68199, "endTime": 68658, "taskId": 9, "workflowId": 1, "jobId": -1}, {"startTime": 68658, "endTime": 68659, "taskId": 19, "workflowId": 0, "jobId": -1}, {"startTime": 68659, "endTime": 68919, "taskId": 9, "workflowId": 0, "jobId": -1}, {"startTime": 68919, "endTime": 69812, "taskId": 7, "workflowId": 1, "jobId": -1}, {"startTime": 69812, "endTime": 69813, "taskId": 12, "workflowId": 1, "jobId": -1}, {"startTime": 69813, "endTime": 70132, "taskId": 12, "workflowId": 1, "jobId": -1}, {"startTime": 70132, "endTime": 70166, "taskId": 12, "workflowId": 1, "jobId": -1}, {"startTime": 70166, "endTime": 70204, "taskId": 12, "workflowId": 1, "jobId": -1}, {"startTime": 70204, "endTime": 70419, "taskId": 12, "workflowId": 1, "jobId": -1}, {"startTime": 70419, "endTime": 70818, "taskId": 12, "workflowId": 1, "jobId": -1}, {"startTime": 70818, "endTime": 70920, "taskId": 12, "workflowId": 1, "jobId": -1}, {"startTime": 70920, "endTime": 70921, "taskId": 14, "workflowId": 1, "jobId": -1}, {"startTime": 70921, "endTime": 71202, "taskId": 14, "workflowId": 1, "jobId": -1}, {"startTime": 71202, "endTime": 71240, "taskId": 14, "workflowId": 1, "jobId": -1}, {"startTime": 71240, "endTime": 71270, "taskId": 14, "workflowId": 1, "jobId": -1}, {"startTime": 71270, "endTime": 71427, "taskId": 14, "workflowId": 1, "jobId": -1}, {"startTime": 71427, "endTime": 71775, "taskId": 14, "workflowId": 1, "jobId": -1}, {"startTime": 71775, "endTime": 71776, "taskId": 19, "workflowId": 0, "jobId": -1}, {"startTime": 71776, "endTime": 71884, "taskId": 19, "workflowId": 1, "jobId": -1}, {"startTime": 71884, "endTime": 72917, "taskId": 13, "workflowId": 1, "jobId": -1}, {"startTime": 72917, "endTime": 73328, "taskId": 20, "workflowId": 1, "jobId": -1}, {"startTime": 73328, "endTime": 73422, "taskId": 20, "workflowId": 1, "jobId": -1}, {"startTime": 73422, "endTime": 73488, "taskId": 20, "workflowId": 1, "jobId": -1}, {"startTime": 73488, "endTime": 73616, "taskId": 20, "workflowId": 1, "jobId": -1}, {"startTime": 73616, "endTime": 73776, "taskId": 21, "workflowId": 1, "jobId": -1}, {"startTime": 73776, "endTime": 73809, "taskId": 21, "workflowId": 1, "jobId": -1}, {"startTime": 73809, "endTime": 73833, "taskId": 21, "workflowId": 1, "jobId": -1}, {"startTime": 73833, "endTime": 74264, "taskId": 21, "workflowId": 1, "jobId": -1}, {"startTime": 74264, "endTime": 74456, "taskId": 17, "workflowId": 0, "jobId": -1}, {"startTime": 74456, "endTime": 75492, "taskId": 15, "workflowId": 0, "jobId": -1}, {"startTime": 75492, "endTime": 76334, "taskId": 17, "workflowId": 0, "jobId": -1}, {"startTime": 76334, "endTime": 76407, "taskId": 16, "workflowId": 0, "jobId": -1}, {"startTime": 76407, "endTime": 76581, "taskId": 22, "workflowId": 0, "jobId": -1}, {"startTime": 76581, "endTime": 76644, "taskId": 22, "workflowId": 1, "jobId": -1}, {"startTime": 76644, "endTime": 76748, "taskId": 22, "workflowId": 1, "jobId": -1}, {"startTime": 76748, "endTime": 76855, "taskId": 22, "workflowId": 1, "jobId": -1}, {"startTime": 76855, "endTime": 78191, "taskId": 22, "workflowId": 1, "jobId": -1}, {"startTime": 78191, "endTime": 78259, "taskId": 27, "workflowId": 1, "jobId": -1}, {"startTime": 78259, "endTime": 78731, "taskId": 27, "workflowId": 1, "jobId": -1}, {"startTime": 78731, "endTime": 78778, "taskId": 27, "workflowId": 1, "jobId": -1}, {"startTime": 78778, "endTime": 79145, "taskId": 18, "workflowId": 0, "jobId": -1}, {"startTime": 79145, "endTime": 79386, "taskId": 23, "workflowId": 0, "jobId": -1}, {"startTime": 79386, "endTime": 79823, "taskId": 23, "workflowId": 0, "jobId": -1}, {"startTime": 79823, "endTime": 80162, "taskId": 17, "workflowId": 1, "jobId": -1}, {"startTime": 80162, "endTime": 80477, "taskId": 17, "workflowId": 1, "jobId": -1}, {"startTime": 80477, "endTime": 80491, "taskId": 18, "workflowId": 0, "jobId": -1}, {"startTime": 80491, "endTime": 80524, "taskId": 18, "workflowId": 0, "jobId": -1}, {"startTime": 80524, "endTime": 80557, "taskId": 1, "workflowId": 1, "jobId": -1}, {"startTime": 80557, "endTime": 80577, "taskId": 27, "workflowId": 0, "jobId": -1}, {"startTime": 80577, "endTime": 82059, "taskId": 27, "workflowId": 0, "jobId": -1}, {"startTime": 82059, "endTime": 82201, "taskId": 1, "workflowId": 1, "jobId": -1}, {"startTime": 82201, "endTime": 83306, "taskId": 10, "workflowId": 1, "jobId": -1}, {"startTime": 83306, "endTime": 83646, "taskId": 30, "workflowId": 1, "jobId": -1}, {"startTime": 83646, "endTime": 83665, "taskId": 1, "workflowId": 1, "jobId": -1}, {"startTime": 83665, "endTime": 84464, "taskId": 1, "workflowId": 1, "jobId": -1}, {"startTime": 84464, "endTime": 84765, "taskId": 30, "workflowId": 1, "jobId": -1}, {"startTime": 84765, "endTime": 85051, "taskId": 30, "workflowId": 1, "jobId": -1}, {"startTime": 85051, "endTime": 85055, "taskId": 29, "workflowId": 0, "jobId": -1}, {"startTime": 85055, "endTime": 85311, "taskId": 29, "workflowId": 0, "jobId": -1}, {"startTime": 85311, "endTime": 85763, "taskId": 29, "workflowId": 0, "jobId": -1}, {"startTime": 85763, "endTime": 85979, "taskId": 29, "workflowId": 0, "jobId": -1}, {"startTime": 85979, "endTime": 86309, "taskId": 8, "workflowId": 1, "jobId": -1}, {"startTime": 86309, "endTime": 86379, "taskId": 8, "workflowId": 1, "jobId": -1}, {"startTime": 86379, "endTime": 86687, "taskId": 8, "workflowId": 1, "jobId": -1}, {"startTime": 86687, "endTime": 86714, "taskId": 5, "workflowId": 1, "jobId": -1}, {"startTime": 86714, "endTime": 87087, "taskId": 5, "workflowId": 1, "jobId": -1}, {"startTime": 87087, "endTime": 87185, "taskId": 5, "workflowId": 1, "jobId": -1}, {"startTime": 87185, "endTime": 87328, "taskId": 5, "workflowId": 1, "jobId": -1}, {"startTime": 87328, "endTime": 87728, "taskId": 24, "workflowId": 0, "jobId": -1}, {"startTime": 87728, "endTime": 87742, "taskId": 24, "workflowId": 0, "jobId": -1}, {"startTime": 87742, "endTime": 87963, "taskId": 31, "workflowId": 1, "jobId": -1}, {"startTime": 87963, "endTime": 88048, "taskId": 31, "workflowId": 1, "jobId": -1}, {"startTime": 88048, "endTime": 88061, "taskId": 24, "workflowId": 0, "jobId": -1}, {"startTime": 88061, "endTime": 88369, "taskId": 24, "workflowId": 0, "jobId": -1}, {"startTime": 88369, "endTime": 88915, "taskId": 3, "workflowId": 1, "jobId": -1}, {"startTime": 88915, "endTime": 89175, "taskId": 16, "workflowId": 1, "jobId": -1}, {"startTime": 89175, "endTime": 89425, "taskId": 16, "workflowId": 1, "jobId": -1}, {"startTime": 90904, "endTime": 91881, "taskId": 8, "workflowId": 2, "jobId": -1}, {"startTime": 91881, "endTime": 93361, "taskId": 20, "workflowId": 3, "jobId": -1}, {"startTime": 96677, "endTime": 97709, "taskId": 11, "workflowId": 2, "jobId": -1}, {"startTime": 103253, "endTime": 104222, "taskId": 22, "workflowId": 3, "jobId": -1}, {"startTime": 104222, "endTime": 105954, "taskId": 25, "workflowId": 3, "jobId": -1}, {"startTime": 106600, "endTime": 107002, "taskId": 13, "workflowId": 2, "jobId": -1}, {"startTime": 107002, "endTime": 107644, "taskId": 20, "workflowId": 2, "jobId": -1}, {"startTime": 110966, "endTime": 111586, "taskId": 29, "workflowId": 3, "jobId": -1}, {"startTime": 123310, "endTime": 124648, "taskId": 28, "workflowId": 2, "jobId": -1}, {"startTime": 129342, "endTime": 131027, "taskId": 32, "workflowId": 2, "jobId": -1}]}, {"frequency": 2.83, "activePower": 95.4, "idlePower": 49.6, "memory": 2, "allocations": [{"startTime": 40298, "endTime": 48543, "taskId": 3, "workflowId": -1, "jobId": 0}, {"startTime": 48543, "endTime": 56608, "taskId": 5, "workflowId": -1, "jobId": 0}, {"startTime": 56608, "endTime": 63451, "taskId": 0, "workflowId": -1, "jobId": 0}, {"startTime": 63451, "endTime": 70096, "taskId": 7, "workflowId": -1, "jobId": 0}, {"startTime": 70096, "endTime": 78341, "taskId": 3, "workflowId": -1, "jobId": 1}, {"startTime": 78341, "endTime": 86419, "taskId": 5, "workflowId": -1, "jobId": 1}, {"startTime": 86419, "endTime": 92180, "taskId": 4, "workflowId": -1, "jobId": 1}, {"startTime": 92180, "endTime": 100721, "taskId": 6, "workflowId": -1, "jobId": 1}, {"startTime": 100721, "endTime": 107366, "taskId": 7, "workflowId": -1, "jobId": 1}, {"startTime": 107366, "endTime": 115444, "taskId": 5, "workflowId": -1, "jobId": 2}, {"startTime": 115444, "endTime": 121205, "taskId": 4, "workflowId": -1, "jobId": 2}, {"startTime": 121205, "endTime": 128048, "taskId": 0, "workflowId": -1, "jobId": 2}, {"startTime": 128048, "endTime": 136589, "taskId": 6, "workflowId": -1, "jobId": 2}, {"startTime": 136589, "endTime": 143234, "taskId": 7, "workflowId": -1, "jobId": 2}, {"startTime": 143234, "endTime": 151048, "taskId": 2, "workflowId": -1, "jobId": 3}, {"startTime": 151048, "endTime": 156484, "taskId": 4, "workflowId": -1, "jobId": 3}, {"startTime": 156484, "endTime": 163327, "taskId": 0, "workflowId": -1, "jobId": 3}, {"startTime": 163327, "endTime": 171868, "taskId": 6, "workflowId": -1, "jobId": 3}, {"startTime": 171868, "endTime": 177464, "taskId": 7, "workflowId": -1, "jobId": 3}, {"startTime": 177464, "endTime": 185278, "taskId": 2, "workflowId": -1, "jobId": 4}, {"startTime": 185278, "endTime": 191039, "taskId": 4, "workflowId": -1, "jobId": 4}, {"startTime": 191039, "endTime": 197882, "taskId": 0, "workflowId": -1, "jobId": 4}, {"startTime": 197882, "endTime": 205373, "taskId": 6, "workflowId": -1, "jobId": 4}, {"startTime": 205373, "endTime": 213187, "taskId": 2, "workflowId": -1, "jobId": 5}, {"startTime": 213187, "endTime": 218948, "taskId": 4, "workflowId": -1, "jobId": 5}, {"startTime": 220503, "endTime": 221276, "taskId": 0, "workflowId": -1, "jobId": 5}, {"startTime": 221276, "endTime": 229521, "taskId": 3, "workflowId": -1, "jobId": 7}, {"startTime": 229521, "endTime": 230670, "taskId": 6, "workflowId": -1, "jobId": 5}, {"startTime": 230670, "endTime": 239151, "taskId": 1, "workflowId": -1, "jobId": 7}, {"startTime": 239151, "endTime": 246965, "taskId": 2, "workflowId": -1, "jobId": 6}, {"startTime": 246965, "endTime": 247130, "taskId": 4, "workflowId": -1, "jobId": 6}, {"startTime": 247130, "endTime": 255375, "taskId": 3, "workflowId": -1, "jobId": 8}, {"startTime": 255375, "endTime": 259459, "taskId": 7, "workflowId": -1, "jobId": 5}, {"startTime": 259459, "endTime": 265004, "taskId": 0, "workflowId": -1, "jobId": 6}, {"startTime": 265004, "endTime": 273545, "taskId": 6, "workflowId": -1, "jobId": 6}, {"startTime": 273545, "endTime": 281790, "taskId": 3, "workflowId": -1, "jobId": 9}, {"startTime": 281790, "endTime": 287551, "taskId": 4, "workflowId": -1, "jobId": 7}, {"startTime": 287551, "endTime": 291373, "taskId": 7, "workflowId": -1, "jobId": 6}, {"startTime": 291373, "endTime": 292585, "taskId": 11, "workflowId": -1, "jobId": 3}, {"startTime": 292585, "endTime": 298838, "taskId": 0, "workflowId": -1, "jobId": 7}, {"startTime": 298838, "endTime": 299428, "taskId": 3, "workflowId": -1, "jobId": 10}, {"startTime": 299428, "endTime": 307083, "taskId": 3, "workflowId": -1, "jobId": 10}, {"startTime": 307083, "endTime": 314683, "taskId": 6, "workflowId": -1, "jobId": 7}, {"startTime": 314683, "endTime": 320444, "taskId": 4, "workflowId": -1, "jobId": 8}, {"startTime": 320444, "endTime": 324692, "taskId": 7, "workflowId": -1, "jobId": 7}, {"startTime": 324692, "endTime": 332937, "taskId": 3, "workflowId": -1, "jobId": 11}, {"startTime": 332937, "endTime": 340395, "taskId": 2, "workflowId": -1, "jobId": 9}, {"startTime": 340395, "endTime": 348876, "taskId": 1, "workflowId": -1, "jobId": 11}, {"startTime": 348876, "endTime": 350546, "taskId": 4, "workflowId": -1, "jobId": 9}, {"startTime": 350546, "endTime": 350799, "taskId": 3, "workflowId": -1, "jobId": 12}, {"startTime": 350799, "endTime": 358791, "taskId": 3, "workflowId": -1, "jobId": 12}, {"startTime": 358791, "endTime": 361558, "taskId": 7, "workflowId": -1, "jobId": 8}, {"startTime": 361558, "endTime": 363234, "taskId": 2, "workflowId": -1, "jobId": 10}, {"startTime": 363234, "endTime": 369372, "taskId": 2, "workflowId": -1, "jobId": 10}, {"startTime": 369372, "endTime": 371048, "taskId": 7, "workflowId": -1, "jobId": 8}, {"startTime": 371048, "endTime": 377891, "taskId": 0, "workflowId": -1, "jobId": 9}, {"startTime": 377891, "endTime": 385328, "taskId": 6, "workflowId": -1, "jobId": 9}, {"startTime": 385328, "endTime": 387686, "taskId": 14, "workflowId": -1, "jobId": 7}, {"startTime": 387686, "endTime": 395764, "taskId": 5, "workflowId": -1, "jobId": 12}, {"startTime": 395764, "endTime": 403416, "taskId": 2, "workflowId": -1, "jobId": 11}, {"startTime": 403416, "endTime": 410061, "taskId": 7, "workflowId": -1, "jobId": 9}, {"startTime": 410061, "endTime": 416904, "taskId": 0, "workflowId": -1, "jobId": 10}, {"startTime": 416904, "endTime": 422665, "taskId": 4, "workflowId": -1, "jobId": 11}, {"startTime": 422665, "endTime": 431146, "taskId": 1, "workflowId": -1, "jobId": 14}, {"startTime": 431146, "endTime": 438043, "taskId": 2, "workflowId": -1, "jobId": 12}, {"startTime": 438043, "endTime": 444292, "taskId": 7, "workflowId": -1, "jobId": 10}, {"startTime": 445490, "endTime": 445584, "taskId": 4, "workflowId": -1, "jobId": 12}, {"startTime": 445584, "endTime": 453662, "taskId": 5, "workflowId": -1, "jobId": 14}, {"startTime": 453662, "endTime": 456675, "taskId": 4, "workflowId": -1, "jobId": 12}, {"startTime": 456675, "endTime": 463224, "taskId": 6, "workflowId": -1, "jobId": 11}, {"startTime": 463224, "endTime": 471038, "taskId": 2, "workflowId": -1, "jobId": 13}]}, {"frequency": 2.83, "activePower": 95.4, "idlePower": 49.6, "memory": 2, "allocations": [{"startTime": 59820, "endTime": 61206, "taskId": 1, "workflowId": 0, "jobId": -1}, {"startTime": 61206, "endTime": 61207, "taskId": 5, "workflowId": 0, "jobId": -1}, {"startTime": 61207, "endTime": 62303, "taskId": 6, "workflowId": 0, "jobId": -1}, {"startTime": 62303, "endTime": 63625, "taskId": 4, "workflowId": 0, "jobId": -1}, {"startTime": 63625, "endTime": 64449, "taskId": 13, "workflowId": 0, "jobId": -1}, {"startTime": 64449, "endTime": 65145, "taskId": 12, "workflowId": 0, "jobId": -1}, {"startTime": 65145, "endTime": 65364, "taskId": 12, "workflowId": 0, "jobId": -1}, {"startTime": 65364, "endTime": 66031, "taskId": 14, "workflowId": 0, "jobId": -1}, {"startTime": 66031, "endTime": 66315, "taskId": 9, "workflowId": 0, "jobId": -1}, {"startTime": 66315, "endTime": 67482, "taskId": 2, "workflowId": 1, "jobId": -1}, {"startTime": 67482, "endTime": 67670, "taskId": 2, "workflowId": 1, "jobId": -1}, {"startTime": 67670, "endTime": 67957, "taskId": 11, "workflowId": 0, "jobId": -1}, {"startTime": 67957, "endTime": 68199, "taskId": 21, "workflowId": 0, "jobId": -1}, {"startTime": 68199, "endTime": 68260, "taskId": 9, "workflowId": 0, "jobId": -1}, {"startTime": 68260, "endTime": 68448, "taskId": 9, "workflowId": 0, "jobId": -1}, {"startTime": 68448, "endTime": 68518, "taskId": 9, "workflowId": 0, "jobId": -1}, {"startTime": 68518, "endTime": 68658, "taskId": 9, "workflowId": 0, "jobId": -1}, {"startTime": 68658, "endTime": 68919, "taskId": 11, "workflowId": 1, "jobId": -1}, {"startTime": 68919, "endTime": 68993, "taskId": 11, "workflowId": 1, "jobId": -1}, {"startTime": 68993, "endTime": 69132, "taskId": 11, "workflowId": 1, "jobId": -1}, {"startTime": 69132, "endTime": 69133, "taskId": 11, "workflowId": 1, "jobId": -1}, {"startTime": 69133, "endTime": 69187, "taskId": 11, "workflowId": 1, "jobId": -1}, {"startTime": 69187, "endTime": 69238, "taskId": 11, "workflowId": 1, "jobId": -1}, {"startTime": 69238, "endTime": 69296, "taskId": 11, "workflowId": 1, "jobId": -1}, {"startTime": 69296, "endTime": 69800, "taskId": 11, "workflowId": 1, "jobId": -1}, {"startTime": 69800, "endTime": 69853, "taskId": 15, "workflowId": 1, "jobId": -1}, {"startTime": 69853, "endTime": 69910, "taskId": 15, "workflowId": 1, "jobId": -1}, {"startTime": 69910, "endTime": 69941, "taskId": 15, "workflowId": 1, "jobId": -1}, {"startTime": 69941, "endTime": 70119, "taskId": 15, "workflowId": 1, "jobId": -1}, {"startTime": 70119, "endTime": 70274, "taskId": 15, "workflowId": 1, "jobId": -1}, {"startTime": 70274, "endTime": 70719, "taskId": 15, "workflowId": 1, "jobId": -1}, {"startTime": 70719, "endTime": 70733, "taskId": 15, "workflowId": 1, "jobId": -1}, {"startTime": 70733, "endTime": 71052, "taskId": 15, "workflowId": 1, "jobId": -1}, {"startTime": 71052, "endTime": 71089, "taskId": 15, "workflowId": 1, "jobId": -1}, {"startTime": 71089, "endTime": 71090, "taskId": 9, "workflowId": 0, "jobId": -1}, {"startTime": 71090, "endTime": 71360, "taskId": 19, "workflowId": 1, "jobId": -1}, {"startTime": 71360, "endTime": 71409, "taskId": 19, "workflowId": 1, "jobId": -1}, {"startTime": 71409, "endTime": 71427, "taskId": 19, "workflowId": 1, "jobId": -1}, {"startTime": 71427, "endTime": 71775, "taskId": 19, "workflowId": 1, "jobId": -1}, {"startTime": 71775, "endTime": 72454, "taskId": 18, "workflowId": 1, "jobId": -1}, {"startTime": 72454, "endTime": 72463, "taskId": 18, "workflowId": 1, "jobId": -1}, {"startTime": 72463, "endTime": 72686, "taskId": 18, "workflowId": 1, "jobId": -1}, {"startTime": 72686, "endTime": 72714, "taskId": 18, "workflowId": 1, "jobId": -1}, {"startTime": 72714, "endTime": 72753, "taskId": 18, "workflowId": 1, "jobId": -1}, {"startTime": 72753, "endTime": 72773, "taskId": 18, "workflowId": 1, "jobId": -1}, {"startTime": 72773, "endTime": 72903, "taskId": 18, "workflowId": 1, "jobId": -1}, {"startTime": 72903, "endTime": 72943, "taskId": 18, "workflowId": 1, "jobId": -1}, {"startTime": 72943, "endTime": 72968, "taskId": 19, "workflowId": 1, "jobId": -1}, {"startTime": 72968, "endTime": 73262, "taskId": 19, "workflowId": 1, "jobId": -1}, {"startTime": 73262, "endTime": 73514, "taskId": 19, "workflowId": 1, "jobId": -1}, {"startTime": 73514, "endTime": 73544, "taskId": 21, "workflowId": 0, "jobId": -1}, {"startTime": 73544, "endTime": 73582, "taskId": 21, "workflowId": 0, "jobId": -1}, {"startTime": 73582, "endTime": 73611, "taskId": 21, "workflowId": 0, "jobId": -1}, {"startTime": 73611, "endTime": 73746, "taskId": 21, "workflowId": 0, "jobId": -1}, {"startTime": 73746, "endTime": 73809, "taskId": 21, "workflowId": 0, "jobId": -1}, {"startTime": 73809, "endTime": 73833, "taskId": 21, "workflowId": 0, "jobId": -1}, {"startTime": 73833, "endTime": 74140, "taskId": 19, "workflowId": 0, "jobId": -1}, {"startTime": 74140, "endTime": 74446, "taskId": 19, "workflowId": 0, "jobId": -1}, {"startTime": 74446, "endTime": 74617, "taskId": 23, "workflowId": 1, "jobId": -1}, {"startTime": 74617, "endTime": 74851, "taskId": 23, "workflowId": 1, "jobId": -1}, {"startTime": 74851, "endTime": 75031, "taskId": 23, "workflowId": 1, "jobId": -1}, {"startTime": 75031, "endTime": 75141, "taskId": 23, "workflowId": 1, "jobId": -1}, {"startTime": 75141, "endTime": 75231, "taskId": 23, "workflowId": 1, "jobId": -1}, {"startTime": 75231, "endTime": 75598, "taskId": 23, "workflowId": 1, "jobId": -1}, {"startTime": 75598, "endTime": 75645, "taskId": 25, "workflowId": 1, "jobId": -1}, {"startTime": 75645, "endTime": 75659, "taskId": 25, "workflowId": 1, "jobId": -1}, {"startTime": 75659, "endTime": 75755, "taskId": 25, "workflowId": 1, "jobId": -1}, {"startTime": 75755, "endTime": 75902, "taskId": 25, "workflowId": 1, "jobId": -1}, {"startTime": 75902, "endTime": 76102, "taskId": 25, "workflowId": 1, "jobId": -1}, {"startTime": 76102, "endTime": 76191, "taskId": 25, "workflowId": 1, "jobId": -1}, {"startTime": 76191, "endTime": 76581, "taskId": 25, "workflowId": 1, "jobId": -1}, {"startTime": 76581, "endTime": 76812, "taskId": 25, "workflowId": 1, "jobId": -1}, {"startTime": 76812, "endTime": 77342, "taskId": 20, "workflowId": 0, "jobId": -1}, {"startTime": 77342, "endTime": 77351, "taskId": 20, "workflowId": 0, "jobId": -1}, {"startTime": 77351, "endTime": 77389, "taskId": 20, "workflowId": 0, "jobId": -1}, {"startTime": 77389, "endTime": 77490, "taskId": 20, "workflowId": 0, "jobId": -1}, {"startTime": 77490, "endTime": 77556, "taskId": 20, "workflowId": 0, "jobId": -1}, {"startTime": 77556, "endTime": 77620, "taskId": 20, "workflowId": 0, "jobId": -1}, {"startTime": 77620, "endTime": 77708, "taskId": 24, "workflowId": 1, "jobId": -1}, {"startTime": 77708, "endTime": 77751, "taskId": 24, "workflowId": 1, "jobId": -1}, {"startTime": 77751, "endTime": 77870, "taskId": 24, "workflowId": 1, "jobId": -1}, {"startTime": 77870, "endTime": 78056, "taskId": 24, "workflowId": 1, "jobId": -1}, {"startTime": 78056, "endTime": 78093, "taskId": 24, "workflowId": 1, "jobId": -1}, {"startTime": 78093, "endTime": 78223, "taskId": 22, "workflowId": 0, "jobId": -1}, {"startTime": 78223, "endTime": 78459, "taskId": 22, "workflowId": 0, "jobId": -1}, {"startTime": 78459, "endTime": 78546, "taskId": 22, "workflowId": 0, "jobId": -1}, {"startTime": 78546, "endTime": 78696, "taskId": 22, "workflowId": 0, "jobId": -1}, {"startTime": 78696, "endTime": 79236, "taskId": 16, "workflowId": 0, "jobId": -1}, {"startTime": 79236, "endTime": 79350, "taskId": 26, "workflowId": 1, "jobId": -1}, {"startTime": 79350, "endTime": 79564, "taskId": 17, "workflowId": 1, "jobId": -1}, {"startTime": 79564, "endTime": 79707, "taskId": 17, "workflowId": 1, "jobId": -1}, {"startTime": 79707, "endTime": 79792, "taskId": 17, "workflowId": 1, "jobId": -1}, {"startTime": 79792, "endTime": 79823, "taskId": 17, "workflowId": 1, "jobId": -1}, {"startTime": 79823, "endTime": 79869, "taskId": 23, "workflowId": 0, "jobId": -1}, {"startTime": 79869, "endTime": 80123, "taskId": 23, "workflowId": 0, "jobId": -1}, {"startTime": 80123, "endTime": 80162, "taskId": 23, "workflowId": 0, "jobId": -1}, {"startTime": 80162, "endTime": 80462, "taskId": 26, "workflowId": 1, "jobId": -1}, {"startTime": 80462, "endTime": 80708, "taskId": 26, "workflowId": 1, "jobId": -1}, {"startTime": 80708, "endTime": 80974, "taskId": 26, "workflowId": 1, "jobId": -1}, {"startTime": 80974, "endTime": 81269, "taskId": 26, "workflowId": 1, "jobId": -1}, {"startTime": 81269, "endTime": 81272, "taskId": 26, "workflowId": 1, "jobId": -1}, {"startTime": 81272, "endTime": 81333, "taskId": 26, "workflowId": 1, "jobId": -1}, {"startTime": 81333, "endTime": 82570, "taskId": 28, "workflowId": 1, "jobId": -1}, {"startTime": 82570, "endTime": 82584, "taskId": 28, "workflowId": 1, "jobId": -1}, {"startTime": 82584, "endTime": 82718, "taskId": 28, "workflowId": 1, "jobId": -1}, {"startTime": 82718, "endTime": 82929, "taskId": 28, "workflowId": 1, "jobId": -1}, {"startTime": 82929, "endTime": 83051, "taskId": 28, "workflowId": 0, "jobId": -1}, {"startTime": 83051, "endTime": 83085, "taskId": 28, "workflowId": 0, "jobId": -1}, {"startTime": 83085, "endTime": 83135, "taskId": 28, "workflowId": 0, "jobId": -1}, {"startTime": 83135, "endTime": 83620, "taskId": 28, "workflowId": 0, "jobId": -1}, {"startTime": 83620, "endTime": 83759, "taskId": 28, "workflowId": 0, "jobId": -1}, {"startTime": 83759, "endTime": 83857, "taskId": 28, "workflowId": 0, "jobId": -1}, {"startTime": 83857, "endTime": 84167, "taskId": 28, "workflowId": 0, "jobId": -1}, {"startTime": 84167, "endTime": 84565, "taskId": 30, "workflowId": 0, "jobId": -1}, {"startTime": 84565, "endTime": 84635, "taskId": 30, "workflowId": 0, "jobId": -1}, {"startTime": 84635, "endTime": 85095, "taskId": 30, "workflowId": 0, "jobId": -1}, {"startTime": 85095, "endTime": 85098, "taskId": 30, "workflowId": 0, "jobId": -1}, {"startTime": 85098, "endTime": 85111, "taskId": 29, "workflowId": 1, "jobId": -1}, {"startTime": 85111, "endTime": 85752, "taskId": 29, "workflowId": 1, "jobId": -1}, {"startTime": 85752, "endTime": 85806, "taskId": 29, "workflowId": 1, "jobId": -1}, {"startTime": 85806, "endTime": 85900, "taskId": 29, "workflowId": 1, "jobId": -1}, {"startTime": 85900, "endTime": 86041, "taskId": 31, "workflowId": 0, "jobId": -1}, {"startTime": 86041, "endTime": 86206, "taskId": 31, "workflowId": 0, "jobId": -1}, {"startTime": 86206, "endTime": 86285, "taskId": 31, "workflowId": 0, "jobId": -1}, {"startTime": 86285, "endTime": 86843, "taskId": 31, "workflowId": 0, "jobId": -1}, {"startTime": 86843, "endTime": 86847, "taskId": 32, "workflowId": 1, "jobId": -1}, {"startTime": 86847, "endTime": 86993, "taskId": 31, "workflowId": 1, "jobId": -1}, {"startTime": 86993, "endTime": 87393, "taskId": 31, "workflowId": 1, "jobId": -1}, {"startTime": 87393, "endTime": 87417, "taskId": 31, "workflowId": 1, "jobId": -1}, {"startTime": 87417, "endTime": 87742, "taskId": 31, "workflowId": 1, "jobId": -1}, {"startTime": 87742, "endTime": 87903, "taskId": 32, "workflowId": 1, "jobId": -1}, {"startTime": 87903, "endTime": 87963, "taskId": 32, "workflowId": 1, "jobId": -1}, {"startTime": 87963, "endTime": 88138, "taskId": 32, "workflowId": 1, "jobId": -1}, {"startTime": 88138, "endTime": 88614, "taskId": 25, "workflowId": 0, "jobId": -1}, {"startTime": 88614, "endTime": 89014, "taskId": 25, "workflowId": 0, "jobId": -1}, {"startTime": 89124, "endTime": 89651, "taskId": 26, "workflowId": 0, "jobId": -1}, {"startTime": 90904, "endTime": 91562, "taskId": 10, "workflowId": 2, "jobId": -1}, {"startTime": 91562, "endTime": 92740, "taskId": 18, "workflowId": 3, "jobId": -1}, {"startTime": 103253, "endTime": 104883, "taskId": 24, "workflowId": 3, "jobId": -1}]}, {"frequency": 2.83, "activePower": 95.4, "idlePower": 49.6, "memory": 2, "allocations": [{"startTime": 40298, "endTime": 40311, "taskId": 5, "workflowId": -1, "jobId": 0}, {"startTime": 40311, "endTime": 48112, "taskId": 1, "workflowId": -1, "jobId": 0}, {"startTime": 48112, "endTime": 48376, "taskId": 1, "workflowId": -1, "jobId": 0}, {"startTime": 48376, "endTime": 48792, "taskId": 1, "workflowId": -1, "jobId": 0}, {"startTime": 48792, "endTime": 54553, "taskId": 2, "workflowId": -1, "jobId": 0}, {"startTime": 54553, "endTime": 56606, "taskId": 2, "workflowId": -1, "jobId": 0}, {"startTime": 56606, "endTime": 62367, "taskId": 4, "workflowId": -1, "jobId": 0}, {"startTime": 62367, "endTime": 70908, "taskId": 6, "workflowId": -1, "jobId": 0}, {"startTime": 70908, "endTime": 79389, "taskId": 1, "workflowId": -1, "jobId": 1}, {"startTime": 79389, "endTime": 87203, "taskId": 2, "workflowId": -1, "jobId": 1}, {"startTime": 87203, "endTime": 94046, "taskId": 0, "workflowId": -1, "jobId": 1}, {"startTime": 94046, "endTime": 102291, "taskId": 3, "workflowId": -1, "jobId": 2}, {"startTime": 102291, "endTime": 110772, "taskId": 1, "workflowId": -1, "jobId": 2}, {"startTime": 110772, "endTime": 118586, "taskId": 2, "workflowId": -1, "jobId": 2}, {"startTime": 118586, "endTime": 126831, "taskId": 3, "workflowId": -1, "jobId": 3}, {"startTime": 126831, "endTime": 135312, "taskId": 1, "workflowId": -1, "jobId": 3}, {"startTime": 135312, "endTime": 143390, "taskId": 5, "workflowId": -1, "jobId": 3}, {"startTime": 143390, "endTime": 143715, "taskId": 4, "workflowId": -1, "jobId": 3}, {"startTime": 143715, "endTime": 151960, "taskId": 3, "workflowId": -1, "jobId": 4}, {"startTime": 151960, "endTime": 160441, "taskId": 1, "workflowId": -1, "jobId": 4}, {"startTime": 160441, "endTime": 168519, "taskId": 5, "workflowId": -1, "jobId": 4}, {"startTime": 168519, "endTime": 169568, "taskId": 7, "workflowId": -1, "jobId": 3}, {"startTime": 169568, "endTime": 177813, "taskId": 3, "workflowId": -1, "jobId": 5}, {"startTime": 177813, "endTime": 186294, "taskId": 1, "workflowId": -1, "jobId": 5}, {"startTime": 186294, "endTime": 194372, "taskId": 5, "workflowId": -1, "jobId": 5}, {"startTime": 194372, "endTime": 195422, "taskId": 6, "workflowId": -1, "jobId": 4}, {"startTime": 195422, "endTime": 203667, "taskId": 3, "workflowId": -1, "jobId": 6}, {"startTime": 203667, "endTime": 211481, "taskId": 1, "workflowId": -1, "jobId": 6}, {"startTime": 211481, "endTime": 212148, "taskId": 1, "workflowId": -1, "jobId": 6}, {"startTime": 212148, "endTime": 218793, "taskId": 7, "workflowId": -1, "jobId": 4}, {"startTime": 218793, "endTime": 226871, "taskId": 5, "workflowId": -1, "jobId": 6}, {"startTime": 226871, "endTime": 232941, "taskId": 0, "workflowId": -1, "jobId": 5}, {"startTime": 232941, "endTime": 240333, "taskId": 6, "workflowId": -1, "jobId": 5}, {"startTime": 240333, "endTime": 242894, "taskId": 7, "workflowId": -1, "jobId": 5}, {"startTime": 242894, "endTime": 242941, "taskId": 4, "workflowId": -1, "jobId": 6}, {"startTime": 242941, "endTime": 246978, "taskId": 5, "workflowId": -1, "jobId": 7}, {"startTime": 246978, "endTime": 251019, "taskId": 5, "workflowId": -1, "jobId": 7}, {"startTime": 251019, "endTime": 256568, "taskId": 4, "workflowId": -1, "jobId": 6}, {"startTime": 256568, "endTime": 257866, "taskId": 0, "workflowId": -1, "jobId": 6}, {"startTime": 257866, "endTime": 266347, "taskId": 1, "workflowId": -1, "jobId": 8}, {"startTime": 266347, "endTime": 274161, "taskId": 2, "workflowId": -1, "jobId": 7}, {"startTime": 274161, "endTime": 282239, "taskId": 5, "workflowId": -1, "jobId": 8}, {"startTime": 282239, "endTime": 285062, "taskId": 7, "workflowId": -1, "jobId": 6}, {"startTime": 285062, "endTime": 293543, "taskId": 1, "workflowId": -1, "jobId": 9}, {"startTime": 293543, "endTime": 295209, "taskId": 11, "workflowId": -1, "jobId": 3}, {"startTime": 296365, "endTime": 297306, "taskId": 6, "workflowId": -1, "jobId": 7}, {"startTime": 297306, "endTime": 298838, "taskId": 2, "workflowId": -1, "jobId": 8}, {"startTime": 298838, "endTime": 299428, "taskId": 0, "workflowId": -1, "jobId": 7}, {"startTime": 299428, "endTime": 305710, "taskId": 2, "workflowId": -1, "jobId": 8}, {"startTime": 305710, "endTime": 313788, "taskId": 5, "workflowId": -1, "jobId": 9}, {"startTime": 313788, "endTime": 322269, "taskId": 1, "workflowId": -1, "jobId": 10}, {"startTime": 324692, "endTime": 327089, "taskId": 7, "workflowId": -1, "jobId": 7}, {"startTime": 327326, "endTime": 328626, "taskId": 14, "workflowId": -1, "jobId": 7}, {"startTime": 328626, "endTime": 329432, "taskId": 0, "workflowId": -1, "jobId": 8}, {"startTime": 329432, "endTime": 329788, "taskId": 2, "workflowId": -1, "jobId": 9}, {"startTime": 329788, "endTime": 337246, "taskId": 5, "workflowId": -1, "jobId": 10}, {"startTime": 337246, "endTime": 337866, "taskId": 5, "workflowId": -1, "jobId": 10}, {"startTime": 337866, "endTime": 343903, "taskId": 0, "workflowId": -1, "jobId": 8}, {"startTime": 343903, "endTime": 345826, "taskId": 6, "workflowId": -1, "jobId": 8}, {"startTime": 345826, "endTime": 352444, "taskId": 6, "workflowId": -1, "jobId": 8}, {"startTime": 352444, "endTime": 354367, "taskId": 4, "workflowId": -1, "jobId": 9}, {"startTime": 354367, "endTime": 356535, "taskId": 4, "workflowId": -1, "jobId": 9}, {"startTime": 356535, "endTime": 358737, "taskId": 7, "workflowId": -1, "jobId": 8}, {"startTime": 358737, "endTime": 366815, "taskId": 5, "workflowId": -1, "jobId": 11}, {"startTime": 366815, "endTime": 368491, "taskId": 1, "workflowId": -1, "jobId": 12}, {"startTime": 368491, "endTime": 375296, "taskId": 1, "workflowId": -1, "jobId": 12}, {"startTime": 375296, "endTime": 376400, "taskId": 6, "workflowId": -1, "jobId": 9}, {"startTime": 376400, "endTime": 384645, "taskId": 3, "workflowId": -1, "jobId": 13}, {"startTime": 384645, "endTime": 390406, "taskId": 4, "workflowId": -1, "jobId": 10}, {"startTime": 390406, "endTime": 390916, "taskId": 14, "workflowId": -1, "jobId": 7}, {"startTime": 393684, "endTime": 393846, "taskId": 2, "workflowId": -1, "jobId": 11}, {"startTime": 393846, "endTime": 402327, "taskId": 1, "workflowId": -1, "jobId": 13}, {"startTime": 402327, "endTime": 410572, "taskId": 3, "workflowId": -1, "jobId": 14}, {"startTime": 410572, "endTime": 419113, "taskId": 6, "workflowId": -1, "jobId": 10}, {"startTime": 419113, "endTime": 427191, "taskId": 5, "workflowId": -1, "jobId": 13}, {"startTime": 427191, "endTime": 428108, "taskId": 2, "workflowId": -1, "jobId": 12}, {"startTime": 428108, "endTime": 436353, "taskId": 3, "workflowId": -1, "jobId": 15}, {"startTime": 436353, "endTime": 436749, "taskId": 7, "workflowId": -1, "jobId": 10}, {"startTime": 436749, "endTime": 443592, "taskId": 0, "workflowId": -1, "jobId": 11}, {"startTime": 443592, "endTime": 445584, "taskId": 6, "workflowId": -1, "jobId": 11}, {"startTime": 445584, "endTime": 448238, "taskId": 4, "workflowId": -1, "jobId": 12}, {"startTime": 448238, "endTime": 451251, "taskId": 1, "workflowId": -1, "jobId": 15}, {"startTime": 451251, "endTime": 456719, "taskId": 1, "workflowId": -1, "jobId": 15}, {"startTime": 456719, "endTime": 464964, "taskId": 3, "workflowId": -1, "jobId": 16}]}]