[{"frequency": 2.83, "activePower": 95.4, "idlePower": 49.6, "memory": 2, "allocations": [{"startTime": 22994, "endTime": 24537, "taskId": 0, "workflowId": 3, "jobId": -1}, {"startTime": 24537, "endTime": 25407, "taskId": 5, "workflowId": 3, "jobId": -1}, {"startTime": 25407, "endTime": 25694, "taskId": 0, "workflowId": -1, "jobId": 0}, {"startTime": 25694, "endTime": 33295, "taskId": 0, "workflowId": -1, "jobId": 0}, {"startTime": 33295, "endTime": 34482, "taskId": 6, "workflowId": 3, "jobId": -1}, {"startTime": 34482, "endTime": 35055, "taskId": 8, "workflowId": 3, "jobId": -1}, {"startTime": 35055, "endTime": 35784, "taskId": 7, "workflowId": 3, "jobId": -1}, {"startTime": 35784, "endTime": 37301, "taskId": 10, "workflowId": 3, "jobId": -1}, {"startTime": 37301, "endTime": 38939, "taskId": 9, "workflowId": 3, "jobId": -1}, {"startTime": 38940, "endTime": 39531, "taskId": 13, "workflowId": 3, "jobId": -1}, {"startTime": 40529, "endTime": 41077, "taskId": 17, "workflowId": 3, "jobId": -1}, {"startTime": 45202, "endTime": 46595, "taskId": 1, "workflowId": 1, "jobId": -1}, {"startTime": 46595, "endTime": 47465, "taskId": 8, "workflowId": 1, "jobId": -1}, {"startTime": 47465, "endTime": 48328, "taskId": 10, "workflowId": 1, "jobId": -1}, {"startTime": 49198, "endTime": 50899, "taskId": 12, "workflowId": 1, "jobId": -1}, {"startTime": 50899, "endTime": 51364, "taskId": 13, "workflowId": 1, "jobId": -1}, {"startTime": 51364, "endTime": 51820, "taskId": 14, "workflowId": 1, "jobId": -1}, {"startTime": 51820, "endTime": 52412, "taskId": 15, "workflowId": 1, "jobId": -1}, {"startTime": 52412, "endTime": 53605, "taskId": 18, "workflowId": 1, "jobId": -1}, {"startTime": 53605, "endTime": 61493, "taskId": 0, "workflowId": -1, "jobId": 1}, {"startTime": 64888, "endTime": 72740, "taskId": 1, "workflowId": -1, "jobId": 1}, {"startTime": 72740, "endTime": 73727, "taskId": 5, "workflowId": 2, "jobId": -1}, {"startTime": 73727, "endTime": 74436, "taskId": 10, "workflowId": 2, "jobId": -1}, {"startTime": 75003, "endTime": 75482, "taskId": 12, "workflowId": 2, "jobId": -1}, {"startTime": 75482, "endTime": 76326, "taskId": 15, "workflowId": 2, "jobId": -1}, {"startTime": 76326, "endTime": 77791, "taskId": 17, "workflowId": 2, "jobId": -1}, {"startTime": 78153, "endTime": 80183, "taskId": 5, "workflowId": -1, "jobId": 1}, {"startTime": 80183, "endTime": 80939, "taskId": 6, "workflowId": -1, "jobId": 2}, {"startTime": 80939, "endTime": 82042, "taskId": 1, "workflowId": 0, "jobId": -1}, {"startTime": 82042, "endTime": 82745, "taskId": 7, "workflowId": 0, "jobId": -1}, {"startTime": 82745, "endTime": 83565, "taskId": 8, "workflowId": 0, "jobId": -1}, {"startTime": 83565, "endTime": 84035, "taskId": 9, "workflowId": 0, "jobId": -1}, {"startTime": 84035, "endTime": 84608, "taskId": 11, "workflowId": 0, "jobId": -1}, {"startTime": 84608, "endTime": 86355, "taskId": 13, "workflowId": 0, "jobId": -1}, {"startTime": 86355, "endTime": 87559, "taskId": 14, "workflowId": 0, "jobId": -1}, {"startTime": 87559, "endTime": 88658, "taskId": 15, "workflowId": 0, "jobId": -1}, {"startTime": 88658, "endTime": 89544, "taskId": 18, "workflowId": 0, "jobId": -1}, {"startTime": 89544, "endTime": 91554, "taskId": 5, "workflowId": -1, "jobId": 1}, {"startTime": 94474, "endTime": 97245, "taskId": 3, "workflowId": -1, "jobId": 1}, {"startTime": 104369, "endTime": 110001, "taskId": 1, "workflowId": -1, "jobId": 2}, {"startTime": 110001, "endTime": 117889, "taskId": 0, "workflowId": -1, "jobId": 3}, {"startTime": 130899, "endTime": 134959, "taskId": 5, "workflowId": -1, "jobId": 2}, {"startTime": 134959, "endTime": 137156, "taskId": 6, "workflowId": -1, "jobId": 4}, {"startTime": 138199, "endTime": 146087, "taskId": 0, "workflowId": -1, "jobId": 4}, {"startTime": 147047, "endTime": 154263, "taskId": 4, "workflowId": -1, "jobId": 4}, {"startTime": 154263, "endTime": 159423, "taskId": 2, "workflowId": -1, "jobId": 3}, {"startTime": 162347, "endTime": 163541, "taskId": 6, "workflowId": -1, "jobId": 5}, {"startTime": 163541, "endTime": 166312, "taskId": 3, "workflowId": -1, "jobId": 2}, {"startTime": 166397, "endTime": 174285, "taskId": 0, "workflowId": -1, "jobId": 5}, {"startTime": 177457, "endTime": 183331, "taskId": 4, "workflowId": -1, "jobId": 5}, {"startTime": 183331, "endTime": 191183, "taskId": 1, "workflowId": -1, "jobId": 4}, {"startTime": 194595, "endTime": 202483, "taskId": 0, "workflowId": -1, "jobId": 6}, {"startTime": 207867, "endTime": 215821, "taskId": 4, "workflowId": -1, "jobId": 6}, {"startTime": 217123, "endTime": 219320, "taskId": 6, "workflowId": -1, "jobId": 7}, {"startTime": 222793, "endTime": 230681, "taskId": 0, "workflowId": -1, "jobId": 7}, {"startTime": 232608, "endTime": 235379, "taskId": 3, "workflowId": -1, "jobId": 3}, {"startTime": 236391, "endTime": 238277, "taskId": 5, "workflowId": -1, "jobId": 4}, {"startTime": 238277, "endTime": 240167, "taskId": 4, "workflowId": -1, "jobId": 7}, {"startTime": 240167, "endTime": 245327, "taskId": 2, "workflowId": -1, "jobId": 5}, {"startTime": 250991, "endTime": 258879, "taskId": 0, "workflowId": -1, "jobId": 8}, {"startTime": 262293, "endTime": 270145, "taskId": 1, "workflowId": -1, "jobId": 6}, {"startTime": 271899, "endTime": 274096, "taskId": 6, "workflowId": -1, "jobId": 9}, {"startTime": 279189, "endTime": 287077, "taskId": 0, "workflowId": -1, "jobId": 9}, {"startTime": 289137, "endTime": 296960, "taskId": 5, "workflowId": -1, "jobId": 5}, {"startTime": 299097, "endTime": 299287, "taskId": 4, "workflowId": -1, "jobId": 9}, {"startTime": 299287, "endTime": 301484, "taskId": 6, "workflowId": -1, "jobId": 10}, {"startTime": 301675, "endTime": 301774, "taskId": 3, "workflowId": -1, "jobId": 4}, {"startTime": 301774, "endTime": 307387, "taskId": 1, "workflowId": -1, "jobId": 7}, {"startTime": 307387, "endTime": 315275, "taskId": 0, "workflowId": -1, "jobId": 10}, {"startTime": 326071, "endTime": 331231, "taskId": 2, "workflowId": -1, "jobId": 7}, {"startTime": 335585, "endTime": 343473, "taskId": 0, "workflowId": -1, "jobId": 11}, {"startTime": 346637, "endTime": 349705, "taskId": 7, "workflowId": -1, "jobId": 5}, {"startTime": 354063, "endTime": 356260, "taskId": 6, "workflowId": -1, "jobId": 12}, {"startTime": 359917, "endTime": 363783, "taskId": 4, "workflowId": -1, "jobId": 11}, {"startTime": 363783, "endTime": 371671, "taskId": 0, "workflowId": -1, "jobId": 12}, {"startTime": 380736, "endTime": 388588, "taskId": 1, "workflowId": -1, "jobId": 9}, {"startTime": 390327, "endTime": 391981, "taskId": 4, "workflowId": -1, "jobId": 12}, {"startTime": 391981, "endTime": 399869, "taskId": 0, "workflowId": -1, "jobId": 13}, {"startTime": 408839, "endTime": 411036, "taskId": 6, "workflowId": -1, "jobId": 14}, {"startTime": 411975, "endTime": 417135, "taskId": 2, "workflowId": -1, "jobId": 9}, {"startTime": 420179, "endTime": 428067, "taskId": 0, "workflowId": -1, "jobId": 14}, {"startTime": 436227, "endTime": 438424, "taskId": 6, "workflowId": -1, "jobId": 15}, {"startTime": 448377, "endTime": 456265, "taskId": 0, "workflowId": -1, "jobId": 15}, {"startTime": 459698, "endTime": 467550, "taskId": 1, "workflowId": -1, "jobId": 11}]}, {"frequency": 2.83, "activePower": 95.4, "idlePower": 49.6, "memory": 2, "allocations": [{"startTime": 24537, "endTime": 25407, "taskId": 3, "workflowId": 3, "jobId": -1}, {"startTime": 25407, "endTime": 33259, "taskId": 1, "workflowId": -1, "jobId": 0}, {"startTime": 33259, "endTime": 41082, "taskId": 5, "workflowId": -1, "jobId": 0}, {"startTime": 45202, "endTime": 46820, "taskId": 3, "workflowId": 1, "jobId": -1}, {"startTime": 46820, "endTime": 47425, "taskId": 7, "workflowId": 1, "jobId": -1}, {"startTime": 47465, "endTime": 49173, "taskId": 9, "workflowId": 1, "jobId": -1}, {"startTime": 51820, "endTime": 53035, "taskId": 17, "workflowId": 1, "jobId": -1}, {"startTime": 53605, "endTime": 53696, "taskId": 18, "workflowId": 1, "jobId": -1}, {"startTime": 55817, "endTime": 63771, "taskId": 4, "workflowId": -1, "jobId": 1}, {"startTime": 68359, "endTime": 73519, "taskId": 2, "workflowId": -1, "jobId": 1}, {"startTime": 73519, "endTime": 74888, "taskId": 8, "workflowId": 2, "jobId": -1}, {"startTime": 75003, "endTime": 75680, "taskId": 14, "workflowId": 2, "jobId": -1}, {"startTime": 76684, "endTime": 77817, "taskId": 16, "workflowId": 2, "jobId": -1}, {"startTime": 80183, "endTime": 80939, "taskId": 5, "workflowId": -1, "jobId": 1}, {"startTime": 80939, "endTime": 81803, "taskId": 2, "workflowId": 0, "jobId": -1}, {"startTime": 81803, "endTime": 89691, "taskId": 0, "workflowId": -1, "jobId": 2}, {"startTime": 89691, "endTime": 92759, "taskId": 7, "workflowId": -1, "jobId": 1}, {"startTime": 107571, "endTime": 109768, "taskId": 6, "workflowId": -1, "jobId": 3}, {"startTime": 110001, "endTime": 112221, "taskId": 1, "workflowId": -1, "jobId": 2}, {"startTime": 116637, "endTime": 124591, "taskId": 4, "workflowId": -1, "jobId": 3}, {"startTime": 134959, "endTime": 138722, "taskId": 5, "workflowId": -1, "jobId": 2}, {"startTime": 143850, "endTime": 151702, "taskId": 1, "workflowId": -1, "jobId": 3}, {"startTime": 153899, "endTime": 154263, "taskId": 7, "workflowId": -1, "jobId": 2}, {"startTime": 154263, "endTime": 155001, "taskId": 4, "workflowId": -1, "jobId": 4}, {"startTime": 163541, "endTime": 164544, "taskId": 6, "workflowId": -1, "jobId": 5}, {"startTime": 183331, "endTime": 185411, "taskId": 4, "workflowId": -1, "jobId": 5}, {"startTime": 189735, "endTime": 191932, "taskId": 6, "workflowId": -1, "jobId": 6}, {"startTime": 197215, "endTime": 202375, "taskId": 2, "workflowId": -1, "jobId": 4}, {"startTime": 218145, "endTime": 221213, "taskId": 7, "workflowId": -1, "jobId": 3}, {"startTime": 222812, "endTime": 230664, "taskId": 1, "workflowId": -1, "jobId": 5}, {"startTime": 238277, "endTime": 240167, "taskId": 5, "workflowId": -1, "jobId": 4}, {"startTime": 240167, "endTime": 246231, "taskId": 4, "workflowId": -1, "jobId": 7}, {"startTime": 268687, "endTime": 276641, "taskId": 4, "workflowId": -1, "jobId": 8}, {"startTime": 282391, "endTime": 283119, "taskId": 7, "workflowId": -1, "jobId": 4}, {"startTime": 283119, "endTime": 288279, "taskId": 2, "workflowId": -1, "jobId": 6}, {"startTime": 299287, "endTime": 301774, "taskId": 4, "workflowId": -1, "jobId": 9}, {"startTime": 301774, "endTime": 304446, "taskId": 3, "workflowId": -1, "jobId": 4}, {"startTime": 307387, "endTime": 309626, "taskId": 1, "workflowId": -1, "jobId": 7}, {"startTime": 326675, "endTime": 328872, "taskId": 6, "workflowId": -1, "jobId": 11}, {"startTime": 329507, "endTime": 337461, "taskId": 4, "workflowId": -1, "jobId": 10}, {"startTime": 341255, "endTime": 349107, "taskId": 1, "workflowId": -1, "jobId": 8}, {"startTime": 363783, "endTime": 367871, "taskId": 4, "workflowId": -1, "jobId": 11}, {"startTime": 369023, "endTime": 374183, "taskId": 2, "workflowId": -1, "jobId": 8}, {"startTime": 381451, "endTime": 383648, "taskId": 6, "workflowId": -1, "jobId": 13}, {"startTime": 391981, "endTime": 398281, "taskId": 4, "workflowId": -1, "jobId": 12}, {"startTime": 410883, "endTime": 413951, "taskId": 7, "workflowId": -1, "jobId": 6}, {"startTime": 420217, "endTime": 428069, "taskId": 1, "workflowId": -1, "jobId": 10}, {"startTime": 451147, "endTime": 454927, "taskId": 4, "workflowId": -1, "jobId": 14}, {"startTime": 454927, "endTime": 460087, "taskId": 2, "workflowId": -1, "jobId": 10}, {"startTime": 463615, "endTime": 465812, "taskId": 6, "workflowId": -1, "jobId": 16}]}, {"frequency": 2.83, "activePower": 95.4, "idlePower": 49.6, "memory": 2, "allocations": [{"startTime": 24537, "endTime": 25407, "taskId": 1, "workflowId": 3, "jobId": -1}, {"startTime": 25407, "endTime": 30567, "taskId": 2, "workflowId": -1, "jobId": 0}, {"startTime": 30567, "endTime": 30854, "taskId": 5, "workflowId": 3, "jobId": -1}, {"startTime": 30854, "endTime": 31487, "taskId": 3, "workflowId": 3, "jobId": -1}, {"startTime": 31487, "endTime": 32234, "taskId": 1, "workflowId": 3, "jobId": -1}, {"startTime": 32234, "endTime": 33045, "taskId": 2, "workflowId": 3, "jobId": -1}, {"startTime": 33045, "endTime": 33776, "taskId": 4, "workflowId": 3, "jobId": -1}, {"startTime": 33776, "endTime": 36844, "taskId": 7, "workflowId": -1, "jobId": 0}, {"startTime": 36844, "endTime": 37653, "taskId": 11, "workflowId": 3, "jobId": -1}, {"startTime": 37653, "endTime": 38052, "taskId": 14, "workflowId": 3, "jobId": -1}, {"startTime": 38052, "endTime": 39177, "taskId": 12, "workflowId": 3, "jobId": -1}, {"startTime": 39177, "endTime": 40529, "taskId": 15, "workflowId": 3, "jobId": -1}, {"startTime": 40529, "endTime": 41148, "taskId": 16, "workflowId": 3, "jobId": -1}, {"startTime": 45202, "endTime": 46852, "taskId": 5, "workflowId": 1, "jobId": -1}, {"startTime": 46852, "endTime": 47210, "taskId": 2, "workflowId": 1, "jobId": -1}, {"startTime": 47465, "endTime": 49198, "taskId": 11, "workflowId": 1, "jobId": -1}, {"startTime": 51820, "endTime": 53207, "taskId": 16, "workflowId": 1, "jobId": -1}, {"startTime": 69501, "endTime": 70009, "taskId": 0, "workflowId": 2, "jobId": -1}, {"startTime": 70009, "endTime": 70634, "taskId": 1, "workflowId": 2, "jobId": -1}, {"startTime": 70634, "endTime": 71378, "taskId": 6, "workflowId": 2, "jobId": -1}, {"startTime": 71378, "endTime": 72097, "taskId": 2, "workflowId": 2, "jobId": -1}, {"startTime": 72097, "endTime": 73111, "taskId": 2, "workflowId": 2, "jobId": -1}, {"startTime": 73111, "endTime": 73741, "taskId": 7, "workflowId": 2, "jobId": -1}, {"startTime": 73741, "endTime": 75003, "taskId": 11, "workflowId": 2, "jobId": -1}, {"startTime": 75003, "endTime": 76684, "taskId": 13, "workflowId": 2, "jobId": -1}, {"startTime": 80939, "endTime": 81803, "taskId": 4, "workflowId": 0, "jobId": -1}, {"startTime": 81803, "endTime": 81959, "taskId": 2, "workflowId": 0, "jobId": -1}, {"startTime": 81959, "endTime": 82579, "taskId": 2, "workflowId": 0, "jobId": -1}, {"startTime": 82579, "endTime": 83565, "taskId": 6, "workflowId": 0, "jobId": -1}, {"startTime": 83565, "endTime": 84276, "taskId": 8, "workflowId": 0, "jobId": -1}, {"startTime": 84276, "endTime": 85427, "taskId": 5, "workflowId": -1, "jobId": 1}, {"startTime": 85427, "endTime": 87119, "taskId": 12, "workflowId": 0, "jobId": -1}, {"startTime": 87119, "endTime": 87559, "taskId": 5, "workflowId": -1, "jobId": 1}, {"startTime": 87559, "endTime": 89244, "taskId": 16, "workflowId": 0, "jobId": -1}, {"startTime": 89244, "endTime": 90553, "taskId": 17, "workflowId": 0, "jobId": -1}, {"startTime": 111311, "endTime": 116471, "taskId": 2, "workflowId": -1, "jobId": 2}, {"startTime": 154263, "endTime": 156967, "taskId": 7, "workflowId": -1, "jobId": 2}, {"startTime": 183645, "endTime": 191468, "taskId": 5, "workflowId": -1, "jobId": 3}, {"startTime": 240167, "endTime": 244214, "taskId": 5, "workflowId": -1, "jobId": 4}, {"startTime": 244511, "endTime": 246708, "taskId": 6, "workflowId": -1, "jobId": 8}, {"startTime": 283119, "endTime": 285459, "taskId": 7, "workflowId": -1, "jobId": 4}, {"startTime": 301774, "endTime": 307051, "taskId": 4, "workflowId": -1, "jobId": 9}, {"startTime": 341883, "endTime": 349706, "taskId": 5, "workflowId": -1, "jobId": 6}, {"startTime": 370742, "endTime": 373513, "taskId": 3, "workflowId": -1, "jobId": 5}, {"startTime": 394629, "endTime": 402452, "taskId": 5, "workflowId": -1, "jobId": 7}, {"startTime": 420737, "endTime": 428691, "taskId": 4, "workflowId": -1, "jobId": 13}, {"startTime": 454927, "endTime": 459101, "taskId": 4, "workflowId": -1, "jobId": 14}]}, {"frequency": 2.83, "activePower": 95.4, "idlePower": 49.6, "memory": 2, "allocations": [{"startTime": 24537, "endTime": 25407, "taskId": 2, "workflowId": 3, "jobId": -1}, {"startTime": 25407, "endTime": 28178, "taskId": 3, "workflowId": -1, "jobId": 0}, {"startTime": 28178, "endTime": 30375, "taskId": 6, "workflowId": -1, "jobId": 0}, {"startTime": 30375, "endTime": 38329, "taskId": 4, "workflowId": -1, "jobId": 0}, {"startTime": 45202, "endTime": 46552, "taskId": 6, "workflowId": 1, "jobId": -1}, {"startTime": 46552, "endTime": 47225, "taskId": 4, "workflowId": 1, "jobId": -1}, {"startTime": 52795, "endTime": 54992, "taskId": 6, "workflowId": -1, "jobId": 1}, {"startTime": 70009, "endTime": 71377, "taskId": 4, "workflowId": 2, "jobId": -1}, {"startTime": 71377, "endTime": 72840, "taskId": 3, "workflowId": 2, "jobId": -1}, {"startTime": 72840, "endTime": 73895, "taskId": 9, "workflowId": 2, "jobId": -1}, {"startTime": 80939, "endTime": 81397, "taskId": 5, "workflowId": 0, "jobId": -1}, {"startTime": 81397, "endTime": 81802, "taskId": 3, "workflowId": 0, "jobId": -1}, {"startTime": 81802, "endTime": 81803, "taskId": 6, "workflowId": -1, "jobId": 2}, {"startTime": 81803, "endTime": 81959, "taskId": 4, "workflowId": 0, "jobId": -1}, {"startTime": 81959, "endTime": 83399, "taskId": 6, "workflowId": -1, "jobId": 2}, {"startTime": 83399, "endTime": 84035, "taskId": 5, "workflowId": -1, "jobId": 1}, {"startTime": 84035, "endTime": 85427, "taskId": 10, "workflowId": 0, "jobId": -1}, {"startTime": 85427, "endTime": 86227, "taskId": 5, "workflowId": -1, "jobId": 1}, {"startTime": 86227, "endTime": 94181, "taskId": 4, "workflowId": -1, "jobId": 2}]}]