[{"frequency": 2.4, "activePower": 9, "idlePower": 2.75, "memory": 2, "allocations": [{"startTime": 38330, "endTime": 39483, "taskId": 0, "workflowId": 0, "jobId": -1}, {"startTime": 39483, "endTime": 40421, "taskId": 3, "workflowId": 0, "jobId": -1}, {"startTime": 40421, "endTime": 41111, "taskId": 6, "workflowId": 0, "jobId": -1}, {"startTime": 41301, "endTime": 47746, "taskId": 4, "workflowId": -1, "jobId": 0}, {"startTime": 47746, "endTime": 54814, "taskId": 5, "workflowId": -1, "jobId": 0}, {"startTime": 54814, "endTime": 56234, "taskId": 7, "workflowId": -1, "jobId": 0}, {"startTime": 56234, "endTime": 56737, "taskId": 18, "workflowId": 0, "jobId": -1}, {"startTime": 56737, "endTime": 57222, "taskId": 20, "workflowId": 0, "jobId": -1}, {"startTime": 57222, "endTime": 57498, "taskId": 7, "workflowId": -1, "jobId": 0}, {"startTime": 57498, "endTime": 57864, "taskId": 7, "workflowId": -1, "jobId": 0}, {"startTime": 57864, "endTime": 59402, "taskId": 22, "workflowId": 0, "jobId": -1}, {"startTime": 59402, "endTime": 59874, "taskId": 23, "workflowId": 0, "jobId": -1}, {"startTime": 61653, "endTime": 64544, "taskId": 6, "workflowId": -1, "jobId": 0}, {"startTime": 64544, "endTime": 70989, "taskId": 4, "workflowId": -1, "jobId": 1}, {"startTime": 73630, "endTime": 82535, "taskId": 3, "workflowId": -1, "jobId": 1}, {"startTime": 85635, "endTime": 87638, "taskId": 0, "workflowId": 1, "jobId": -1}, {"startTime": 87638, "endTime": 87786, "taskId": 1, "workflowId": 1, "jobId": -1}, {"startTime": 87786, "endTime": 94231, "taskId": 4, "workflowId": -1, "jobId": 2}, {"startTime": 94231, "endTime": 94874, "taskId": 17, "workflowId": 1, "jobId": -1}, {"startTime": 94874, "endTime": 95298, "taskId": 15, "workflowId": 1, "jobId": -1}, {"startTime": 95298, "endTime": 95328, "taskId": 15, "workflowId": 1, "jobId": -1}, {"startTime": 95328, "endTime": 95493, "taskId": 15, "workflowId": 1, "jobId": -1}, {"startTime": 95493, "endTime": 95947, "taskId": 14, "workflowId": 1, "jobId": -1}, {"startTime": 95947, "endTime": 96591, "taskId": 22, "workflowId": 1, "jobId": -1}, {"startTime": 96591, "endTime": 97347, "taskId": 22, "workflowId": 1, "jobId": -1}, {"startTime": 97347, "endTime": 97383, "taskId": 20, "workflowId": 1, "jobId": -1}, {"startTime": 97383, "endTime": 97697, "taskId": 1, "workflowId": -1, "jobId": 2}, {"startTime": 97697, "endTime": 98136, "taskId": 1, "workflowId": -1, "jobId": 2}, {"startTime": 98136, "endTime": 99029, "taskId": 1, "workflowId": -1, "jobId": 2}, {"startTime": 99029, "endTime": 99097, "taskId": 1, "workflowId": -1, "jobId": 2}, {"startTime": 99097, "endTime": 103683, "taskId": 1, "workflowId": -1, "jobId": 2}, {"startTime": 103683, "endTime": 104959, "taskId": 1, "workflowId": 3, "jobId": -1}, {"startTime": 104959, "endTime": 105422, "taskId": 7, "workflowId": 3, "jobId": -1}, {"startTime": 105422, "endTime": 105959, "taskId": 9, "workflowId": -1, "jobId": 1}, {"startTime": 105959, "endTime": 111027, "taskId": 3, "workflowId": -1, "jobId": 2}, {"startTime": 111027, "endTime": 117472, "taskId": 4, "workflowId": -1, "jobId": 3}, {"startTime": 117472, "endTime": 117527, "taskId": 16, "workflowId": 3, "jobId": -1}, {"startTime": 117527, "endTime": 117543, "taskId": 17, "workflowId": 3, "jobId": -1}, {"startTime": 117543, "endTime": 118583, "taskId": 0, "workflowId": -1, "jobId": 3}, {"startTime": 118583, "endTime": 125949, "taskId": 0, "workflowId": -1, "jobId": 3}, {"startTime": 126312, "endTime": 127637, "taskId": 22, "workflowId": 3, "jobId": -1}, {"startTime": 127637, "endTime": 128547, "taskId": 24, "workflowId": 3, "jobId": -1}, {"startTime": 129861, "endTime": 134269, "taskId": 2, "workflowId": -1, "jobId": 3}, {"startTime": 134269, "endTime": 140714, "taskId": 4, "workflowId": -1, "jobId": 4}, {"startTime": 142957, "endTime": 151363, "taskId": 0, "workflowId": -1, "jobId": 4}, {"startTime": 153465, "endTime": 157511, "taskId": 1, "workflowId": -1, "jobId": 4}, {"startTime": 157511, "endTime": 163956, "taskId": 4, "workflowId": -1, "jobId": 5}, {"startTime": 166051, "endTime": 166471, "taskId": 0, "workflowId": 2, "jobId": -1}, {"startTime": 166471, "endTime": 167194, "taskId": 1, "workflowId": 2, "jobId": -1}, {"startTime": 167194, "endTime": 167993, "taskId": 3, "workflowId": 2, "jobId": -1}, {"startTime": 167993, "endTime": 168371, "taskId": 4, "workflowId": 2, "jobId": -1}, {"startTime": 168371, "endTime": 176777, "taskId": 0, "workflowId": -1, "jobId": 5}, {"startTime": 176777, "endTime": 178311, "taskId": 19, "workflowId": 2, "jobId": -1}, {"startTime": 178311, "endTime": 178563, "taskId": 7, "workflowId": -1, "jobId": 2}, {"startTime": 178563, "endTime": 178683, "taskId": 7, "workflowId": -1, "jobId": 2}, {"startTime": 178683, "endTime": 180753, "taskId": 7, "workflowId": -1, "jobId": 2}, {"startTime": 180753, "endTime": 187198, "taskId": 4, "workflowId": -1, "jobId": 6}, {"startTime": 187896, "endTime": 188901, "taskId": 9, "workflowId": -1, "jobId": 3}, {"startTime": 188901, "endTime": 196215, "taskId": 2, "workflowId": -1, "jobId": 5}, {"startTime": 202129, "endTime": 202946, "taskId": 6, "workflowId": -1, "jobId": 4}, {"startTime": 202946, "endTime": 203995, "taskId": 3, "workflowId": -1, "jobId": 5}, {"startTime": 203995, "endTime": 210440, "taskId": 4, "workflowId": -1, "jobId": 7}, {"startTime": 213861, "endTime": 216616, "taskId": 8, "workflowId": -1, "jobId": 3}, {"startTime": 216616, "endTime": 218421, "taskId": 5, "workflowId": -1, "jobId": 5}, {"startTime": 218421, "endTime": 219199, "taskId": 2, "workflowId": -1, "jobId": 6}, {"startTime": 219199, "endTime": 227605, "taskId": 0, "workflowId": -1, "jobId": 7}, {"startTime": 235276, "endTime": 237588, "taskId": 3, "workflowId": -1, "jobId": 6}, {"startTime": 237588, "endTime": 243888, "taskId": 1, "workflowId": -1, "jobId": 7}, {"startTime": 244613, "endTime": 253019, "taskId": 0, "workflowId": -1, "jobId": 8}, {"startTime": 265629, "endTime": 271929, "taskId": 1, "workflowId": -1, "jobId": 8}, {"startTime": 271929, "endTime": 272131, "taskId": 10, "workflowId": -1, "jobId": 7}, {"startTime": 273721, "endTime": 280166, "taskId": 4, "workflowId": -1, "jobId": 10}, {"startTime": 282543, "endTime": 286742, "taskId": 6, "workflowId": -1, "jobId": 6}, {"startTime": 286742, "endTime": 293670, "taskId": 5, "workflowId": -1, "jobId": 7}, {"startTime": 293670, "endTime": 295441, "taskId": 1, "workflowId": -1, "jobId": 9}, {"startTime": 295441, "endTime": 296963, "taskId": 0, "workflowId": -1, "jobId": 10}, {"startTime": 296963, "endTime": 303408, "taskId": 4, "workflowId": -1, "jobId": 11}, {"startTime": 303408, "endTime": 306981, "taskId": 11, "workflowId": -1, "jobId": 4}, {"startTime": 306981, "endTime": 314295, "taskId": 2, "workflowId": -1, "jobId": 9}, {"startTime": 315321, "endTime": 318005, "taskId": 7, "workflowId": -1, "jobId": 4}, {"startTime": 320205, "endTime": 326650, "taskId": 4, "workflowId": -1, "jobId": 12}, {"startTime": 326650, "endTime": 332262, "taskId": 6, "workflowId": -1, "jobId": 7}, {"startTime": 332262, "endTime": 341167, "taskId": 3, "workflowId": -1, "jobId": 9}, {"startTime": 343447, "endTime": 349892, "taskId": 4, "workflowId": -1, "jobId": 13}, {"startTime": 356868, "endTime": 363936, "taskId": 5, "workflowId": -1, "jobId": 9}, {"startTime": 364591, "endTime": 366021, "taskId": 3, "workflowId": -1, "jobId": 10}, {"startTime": 366021, "endTime": 366689, "taskId": 2, "workflowId": -1, "jobId": 11}, {"startTime": 366689, "endTime": 373134, "taskId": 4, "workflowId": -1, "jobId": 14}, {"startTime": 373134, "endTime": 374991, "taskId": 10, "workflowId": -1, "jobId": 10}, {"startTime": 377793, "endTime": 384093, "taskId": 1, "workflowId": -1, "jobId": 12}, {"startTime": 386421, "endTime": 389931, "taskId": 8, "workflowId": -1, "jobId": 6}, {"startTime": 389931, "endTime": 396376, "taskId": 4, "workflowId": -1, "jobId": 15}, {"startTime": 396920, "endTime": 397097, "taskId": 3, "workflowId": -1, "jobId": 11}, {"startTime": 397097, "endTime": 405503, "taskId": 0, "workflowId": -1, "jobId": 14}, {"startTime": 405834, "endTime": 412134, "taskId": 1, "workflowId": -1, "jobId": 13}, {"startTime": 413173, "endTime": 419618, "taskId": 4, "workflowId": -1, "jobId": 16}, {"startTime": 422511, "endTime": 430917, "taskId": 0, "workflowId": -1, "jobId": 15}, {"startTime": 431049, "endTime": 433875, "taskId": 10, "workflowId": -1, "jobId": 12}, {"startTime": 433875, "endTime": 433978, "taskId": 1, "workflowId": -1, "jobId": 14}, {"startTime": 433978, "endTime": 436415, "taskId": 1, "workflowId": -1, "jobId": 14}, {"startTime": 436415, "endTime": 442860, "taskId": 4, "workflowId": -1, "jobId": 17}, {"startTime": 443371, "endTime": 447925, "taskId": 6, "workflowId": -1, "jobId": 10}, {"startTime": 447925, "endTime": 456331, "taskId": 0, "workflowId": -1, "jobId": 16}, {"startTime": 459657, "endTime": 466102, "taskId": 4, "workflowId": -1, "jobId": 18}, {"startTime": 466102, "endTime": 469031, "taskId": 10, "workflowId": -1, "jobId": 13}, {"startTime": 473339, "endTime": 481745, "taskId": 0, "workflowId": -1, "jobId": 17}]}, {"frequency": 2.4, "activePower": 9, "idlePower": 2.75, "memory": 2, "allocations": [{"startTime": 39483, "endTime": 40784, "taskId": 1, "workflowId": 0, "jobId": -1}, {"startTime": 40784, "endTime": 41948, "taskId": 7, "workflowId": 0, "jobId": -1}, {"startTime": 41948, "endTime": 49262, "taskId": 2, "workflowId": -1, "jobId": 0}, {"startTime": 49262, "endTime": 49998, "taskId": 12, "workflowId": 0, "jobId": -1}, {"startTime": 49998, "endTime": 50133, "taskId": 12, "workflowId": 0, "jobId": -1}, {"startTime": 50133, "endTime": 51969, "taskId": 8, "workflowId": 0, "jobId": -1}, {"startTime": 51969, "endTime": 52705, "taskId": 5, "workflowId": 0, "jobId": -1}, {"startTime": 52705, "endTime": 53590, "taskId": 13, "workflowId": 0, "jobId": -1}, {"startTime": 53590, "endTime": 53591, "taskId": 8, "workflowId": -1, "jobId": 0}, {"startTime": 53591, "endTime": 54068, "taskId": 15, "workflowId": 0, "jobId": -1}, {"startTime": 54068, "endTime": 54453, "taskId": 16, "workflowId": 0, "jobId": -1}, {"startTime": 54453, "endTime": 54812, "taskId": 16, "workflowId": 0, "jobId": -1}, {"startTime": 54812, "endTime": 56372, "taskId": 17, "workflowId": 0, "jobId": -1}, {"startTime": 56372, "endTime": 56731, "taskId": 17, "workflowId": 0, "jobId": -1}, {"startTime": 56731, "endTime": 56737, "taskId": 10, "workflowId": -1, "jobId": 0}, {"startTime": 56737, "endTime": 57864, "taskId": 19, "workflowId": 0, "jobId": -1}, {"startTime": 57864, "endTime": 57983, "taskId": 7, "workflowId": -1, "jobId": 0}, {"startTime": 57983, "endTime": 59402, "taskId": 11, "workflowId": -1, "jobId": 0}, {"startTime": 59402, "endTime": 59660, "taskId": 24, "workflowId": 0, "jobId": -1}, {"startTime": 59660, "endTime": 60440, "taskId": 24, "workflowId": 0, "jobId": -1}, {"startTime": 60440, "endTime": 62583, "taskId": 9, "workflowId": -1, "jobId": 0}, {"startTime": 62583, "endTime": 63543, "taskId": 9, "workflowId": -1, "jobId": 0}, {"startTime": 64544, "endTime": 66715, "taskId": 6, "workflowId": -1, "jobId": 0}, {"startTime": 66715, "endTime": 75121, "taskId": 0, "workflowId": -1, "jobId": 1}, {"startTime": 75121, "endTime": 76364, "taskId": 10, "workflowId": -1, "jobId": 1}, {"startTime": 76364, "endTime": 83432, "taskId": 5, "workflowId": -1, "jobId": 1}, {"startTime": 87638, "endTime": 87786, "taskId": 2, "workflowId": 1, "jobId": -1}, {"startTime": 87786, "endTime": 88866, "taskId": 1, "workflowId": 1, "jobId": -1}, {"startTime": 88866, "endTime": 88867, "taskId": 0, "workflowId": 3, "jobId": -1}, {"startTime": 88867, "endTime": 89586, "taskId": 4, "workflowId": 1, "jobId": -1}, {"startTime": 89586, "endTime": 90917, "taskId": 10, "workflowId": 1, "jobId": -1}, {"startTime": 90917, "endTime": 91776, "taskId": 9, "workflowId": 1, "jobId": -1}, {"startTime": 91776, "endTime": 92112, "taskId": 9, "workflowId": 1, "jobId": -1}, {"startTime": 92112, "endTime": 92130, "taskId": 12, "workflowId": 1, "jobId": -1}, {"startTime": 92130, "endTime": 93005, "taskId": 0, "workflowId": -1, "jobId": 2}, {"startTime": 93005, "endTime": 93454, "taskId": 0, "workflowId": -1, "jobId": 2}, {"startTime": 93454, "endTime": 94097, "taskId": 0, "workflowId": -1, "jobId": 2}, {"startTime": 94097, "endTime": 100536, "taskId": 0, "workflowId": -1, "jobId": 2}, {"startTime": 100536, "endTime": 101180, "taskId": 0, "workflowId": 3, "jobId": -1}, {"startTime": 101180, "endTime": 101992, "taskId": 4, "workflowId": 3, "jobId": -1}, {"startTime": 101992, "endTime": 102847, "taskId": 3, "workflowId": 3, "jobId": -1}, {"startTime": 102847, "endTime": 104016, "taskId": 2, "workflowId": 3, "jobId": -1}, {"startTime": 104016, "endTime": 105564, "taskId": 5, "workflowId": 3, "jobId": -1}, {"startTime": 105564, "endTime": 105959, "taskId": 8, "workflowId": 3, "jobId": -1}, {"startTime": 105959, "endTime": 106259, "taskId": 9, "workflowId": -1, "jobId": 1}, {"startTime": 106259, "endTime": 106534, "taskId": 10, "workflowId": -1, "jobId": 2}, {"startTime": 106534, "endTime": 107782, "taskId": 10, "workflowId": -1, "jobId": 2}, {"startTime": 107782, "endTime": 108332, "taskId": 10, "workflowId": -1, "jobId": 2}, {"startTime": 108332, "endTime": 109188, "taskId": 10, "workflowId": -1, "jobId": 2}, {"startTime": 109188, "endTime": 109407, "taskId": 8, "workflowId": 3, "jobId": -1}, {"startTime": 109407, "endTime": 109763, "taskId": 8, "workflowId": 3, "jobId": -1}, {"startTime": 109763, "endTime": 109806, "taskId": 10, "workflowId": 3, "jobId": -1}, {"startTime": 109806, "endTime": 111011, "taskId": 7, "workflowId": -1, "jobId": 1}, {"startTime": 111011, "endTime": 111027, "taskId": 7, "workflowId": -1, "jobId": 1}, {"startTime": 111027, "endTime": 112490, "taskId": 3, "workflowId": -1, "jobId": 2}, {"startTime": 112490, "endTime": 114864, "taskId": 3, "workflowId": -1, "jobId": 2}, {"startTime": 114864, "endTime": 116220, "taskId": 13, "workflowId": 3, "jobId": -1}, {"startTime": 116220, "endTime": 117527, "taskId": 12, "workflowId": 3, "jobId": -1}, {"startTime": 117527, "endTime": 117543, "taskId": 16, "workflowId": 3, "jobId": -1}, {"startTime": 117543, "endTime": 118583, "taskId": 17, "workflowId": 3, "jobId": -1}, {"startTime": 118583, "endTime": 120578, "taskId": 15, "workflowId": 3, "jobId": -1}, {"startTime": 121715, "endTime": 125424, "taskId": 6, "workflowId": -1, "jobId": 2}, {"startTime": 125424, "endTime": 131724, "taskId": 1, "workflowId": -1, "jobId": 3}, {"startTime": 134269, "endTime": 137175, "taskId": 2, "workflowId": -1, "jobId": 3}, {"startTime": 138288, "endTime": 147193, "taskId": 3, "workflowId": -1, "jobId": 3}, {"startTime": 156341, "endTime": 157511, "taskId": 8, "workflowId": -1, "jobId": 2}, {"startTime": 157511, "endTime": 159765, "taskId": 1, "workflowId": -1, "jobId": 4}, {"startTime": 161922, "endTime": 166471, "taskId": 6, "workflowId": -1, "jobId": 3}, {"startTime": 166471, "endTime": 167479, "taskId": 2, "workflowId": 2, "jobId": -1}, {"startTime": 167479, "endTime": 168516, "taskId": 6, "workflowId": 2, "jobId": -1}, {"startTime": 168516, "endTime": 169412, "taskId": 4, "workflowId": 2, "jobId": -1}, {"startTime": 169412, "endTime": 170428, "taskId": 10, "workflowId": 2, "jobId": -1}, {"startTime": 170428, "endTime": 170617, "taskId": 14, "workflowId": 2, "jobId": -1}, {"startTime": 170617, "endTime": 172010, "taskId": 3, "workflowId": -1, "jobId": 4}, {"startTime": 172010, "endTime": 179522, "taskId": 3, "workflowId": -1, "jobId": 4}, {"startTime": 179522, "endTime": 180753, "taskId": 10, "workflowId": -1, "jobId": 4}, {"startTime": 180753, "endTime": 180995, "taskId": 7, "workflowId": -1, "jobId": 2}, {"startTime": 181506, "endTime": 187806, "taskId": 1, "workflowId": -1, "jobId": 5}, {"startTime": 188901, "endTime": 191881, "taskId": 9, "workflowId": -1, "jobId": 3}, {"startTime": 193785, "endTime": 202191, "taskId": 0, "workflowId": -1, "jobId": 6}, {"startTime": 202946, "endTime": 203995, "taskId": 6, "workflowId": -1, "jobId": 4}, {"startTime": 203995, "endTime": 211851, "taskId": 3, "workflowId": -1, "jobId": 5}, {"startTime": 216616, "endTime": 218421, "taskId": 8, "workflowId": -1, "jobId": 3}, {"startTime": 218421, "endTime": 219199, "taskId": 5, "workflowId": -1, "jobId": 5}, {"startTime": 219199, "endTime": 225735, "taskId": 2, "workflowId": -1, "jobId": 6}, {"startTime": 227237, "endTime": 233682, "taskId": 4, "workflowId": -1, "jobId": 8}, {"startTime": 236175, "endTime": 237588, "taskId": 10, "workflowId": -1, "jobId": 6}, {"startTime": 237588, "endTime": 244181, "taskId": 3, "workflowId": -1, "jobId": 6}, {"startTime": 246816, "endTime": 247941, "taskId": 7, "workflowId": -1, "jobId": 3}, {"startTime": 247941, "endTime": 250479, "taskId": 2, "workflowId": -1, "jobId": 7}, {"startTime": 250479, "endTime": 256924, "taskId": 4, "workflowId": -1, "jobId": 9}, {"startTime": 267604, "endTime": 270027, "taskId": 3, "workflowId": -1, "jobId": 7}, {"startTime": 270027, "endTime": 278433, "taskId": 0, "workflowId": -1, "jobId": 9}, {"startTime": 285626, "endTime": 286742, "taskId": 9, "workflowId": -1, "jobId": 5}, {"startTime": 286742, "endTime": 290795, "taskId": 6, "workflowId": -1, "jobId": 6}, {"startTime": 293670, "endTime": 293810, "taskId": 5, "workflowId": -1, "jobId": 7}, {"startTime": 295441, "endTime": 296963, "taskId": 1, "workflowId": -1, "jobId": 9}, {"startTime": 296963, "endTime": 303847, "taskId": 0, "workflowId": -1, "jobId": 10}, {"startTime": 306981, "endTime": 312062, "taskId": 11, "workflowId": -1, "jobId": 4}, {"startTime": 320855, "endTime": 329261, "taskId": 0, "workflowId": -1, "jobId": 11}, {"startTime": 332262, "endTime": 334902, "taskId": 6, "workflowId": -1, "jobId": 7}, {"startTime": 334902, "endTime": 336501, "taskId": 9, "workflowId": -1, "jobId": 6}, {"startTime": 336501, "endTime": 343815, "taskId": 2, "workflowId": -1, "jobId": 10}, {"startTime": 346269, "endTime": 354675, "taskId": 0, "workflowId": -1, "jobId": 12}, {"startTime": 362957, "endTime": 366021, "taskId": 6, "workflowId": -1, "jobId": 8}, {"startTime": 366021, "endTime": 366689, "taskId": 3, "workflowId": -1, "jobId": 10}, {"startTime": 366689, "endTime": 373335, "taskId": 2, "workflowId": -1, "jobId": 11}, {"startTime": 373335, "endTime": 381989, "taskId": 11, "workflowId": -1, "jobId": 5}, {"startTime": 383356, "endTime": 383826, "taskId": 9, "workflowId": -1, "jobId": 7}, {"startTime": 383826, "endTime": 386510, "taskId": 7, "workflowId": -1, "jobId": 5}, {"startTime": 389931, "endTime": 391931, "taskId": 8, "workflowId": -1, "jobId": 6}, {"startTime": 391931, "endTime": 395541, "taskId": 5, "workflowId": -1, "jobId": 10}, {"startTime": 395541, "endTime": 402855, "taskId": 2, "workflowId": -1, "jobId": 12}, {"startTime": 403164, "endTime": 411416, "taskId": 6, "workflowId": -1, "jobId": 9}, {"startTime": 425061, "endTime": 432375, "taskId": 2, "workflowId": -1, "jobId": 13}, {"startTime": 432375, "endTime": 433875, "taskId": 9, "workflowId": -1, "jobId": 8}, {"startTime": 433875, "endTime": 433978, "taskId": 10, "workflowId": -1, "jobId": 12}, {"startTime": 433978, "endTime": 436415, "taskId": 9, "workflowId": -1, "jobId": 8}, {"startTime": 436415, "endTime": 440175, "taskId": 1, "workflowId": -1, "jobId": 14}, {"startTime": 447925, "endTime": 451623, "taskId": 6, "workflowId": -1, "jobId": 10}, {"startTime": 454581, "endTime": 461895, "taskId": 2, "workflowId": -1, "jobId": 14}, {"startTime": 461916, "endTime": 468216, "taskId": 1, "workflowId": -1, "jobId": 15}]}, {"frequency": 2.4, "activePower": 9, "idlePower": 2.75, "memory": 2, "allocations": [{"startTime": 39483, "endTime": 40837, "taskId": 4, "workflowId": 0, "jobId": -1}, {"startTime": 40837, "endTime": 41301, "taskId": 5, "workflowId": 0, "jobId": -1}, {"startTime": 41301, "endTime": 49707, "taskId": 0, "workflowId": -1, "jobId": 0}, {"startTime": 49707, "endTime": 51478, "taskId": 9, "workflowId": 0, "jobId": -1}, {"startTime": 51478, "endTime": 53401, "taskId": 10, "workflowId": 0, "jobId": -1}, {"startTime": 53401, "endTime": 54068, "taskId": 11, "workflowId": 0, "jobId": -1}, {"startTime": 54068, "endTime": 54453, "taskId": 15, "workflowId": 0, "jobId": -1}, {"startTime": 54453, "endTime": 56234, "taskId": 14, "workflowId": 0, "jobId": -1}, {"startTime": 56234, "endTime": 56737, "taskId": 7, "workflowId": -1, "jobId": 0}, {"startTime": 56737, "endTime": 57498, "taskId": 21, "workflowId": 0, "jobId": -1}, {"startTime": 57498, "endTime": 57959, "taskId": 21, "workflowId": 0, "jobId": -1}, {"startTime": 57959, "endTime": 58520, "taskId": 21, "workflowId": 0, "jobId": -1}, {"startTime": 58520, "endTime": 59402, "taskId": 9, "workflowId": -1, "jobId": 0}, {"startTime": 59402, "endTime": 62325, "taskId": 10, "workflowId": -1, "jobId": 0}, {"startTime": 62325, "endTime": 66715, "taskId": 11, "workflowId": -1, "jobId": 0}, {"startTime": 66715, "endTime": 69342, "taskId": 6, "workflowId": -1, "jobId": 0}, {"startTime": 69342, "endTime": 75642, "taskId": 1, "workflowId": -1, "jobId": 1}, {"startTime": 76364, "endTime": 78050, "taskId": 10, "workflowId": -1, "jobId": 1}, {"startTime": 81508, "endTime": 87786, "taskId": 6, "workflowId": -1, "jobId": 1}, {"startTime": 87786, "endTime": 89648, "taskId": 2, "workflowId": 1, "jobId": -1}, {"startTime": 89648, "endTime": 90843, "taskId": 5, "workflowId": 1, "jobId": -1}, {"startTime": 90843, "endTime": 91721, "taskId": 5, "workflowId": 1, "jobId": -1}, {"startTime": 91721, "endTime": 93716, "taskId": 7, "workflowId": 1, "jobId": -1}, {"startTime": 93716, "endTime": 95052, "taskId": 11, "workflowId": 1, "jobId": -1}, {"startTime": 95052, "endTime": 96736, "taskId": 16, "workflowId": 1, "jobId": -1}, {"startTime": 96736, "endTime": 97629, "taskId": 24, "workflowId": 1, "jobId": -1}, {"startTime": 97629, "endTime": 98057, "taskId": 24, "workflowId": 1, "jobId": -1}, {"startTime": 98057, "endTime": 98286, "taskId": 24, "workflowId": 1, "jobId": -1}, {"startTime": 98286, "endTime": 98486, "taskId": 21, "workflowId": 1, "jobId": -1}, {"startTime": 98486, "endTime": 99075, "taskId": 21, "workflowId": 1, "jobId": -1}, {"startTime": 99075, "endTime": 100342, "taskId": 23, "workflowId": 1, "jobId": -1}, {"startTime": 100342, "endTime": 100396, "taskId": 2, "workflowId": -1, "jobId": 2}, {"startTime": 100396, "endTime": 107656, "taskId": 2, "workflowId": -1, "jobId": 2}, {"startTime": 107656, "endTime": 108231, "taskId": 9, "workflowId": -1, "jobId": 1}, {"startTime": 108231, "endTime": 109479, "taskId": 9, "workflowId": -1, "jobId": 1}, {"startTime": 109479, "endTime": 110029, "taskId": 9, "workflowId": -1, "jobId": 1}, {"startTime": 110029, "endTime": 110804, "taskId": 9, "workflowId": -1, "jobId": 1}, {"startTime": 110804, "endTime": 111027, "taskId": 6, "workflowId": 3, "jobId": -1}, {"startTime": 111027, "endTime": 111354, "taskId": 7, "workflowId": -1, "jobId": 1}, {"startTime": 111354, "endTime": 111427, "taskId": 7, "workflowId": -1, "jobId": 1}, {"startTime": 111427, "endTime": 111820, "taskId": 5, "workflowId": -1, "jobId": 2}, {"startTime": 111820, "endTime": 112370, "taskId": 5, "workflowId": -1, "jobId": 2}, {"startTime": 112370, "endTime": 112490, "taskId": 5, "workflowId": -1, "jobId": 2}, {"startTime": 112490, "endTime": 113040, "taskId": 5, "workflowId": -1, "jobId": 2}, {"startTime": 113040, "endTime": 114396, "taskId": 5, "workflowId": -1, "jobId": 2}, {"startTime": 114396, "endTime": 118495, "taskId": 5, "workflowId": -1, "jobId": 2}, {"startTime": 118495, "endTime": 120156, "taskId": 16, "workflowId": 3, "jobId": -1}, {"startTime": 120156, "endTime": 122167, "taskId": 14, "workflowId": 3, "jobId": -1}, {"startTime": 122167, "endTime": 123262, "taskId": 18, "workflowId": 3, "jobId": -1}, {"startTime": 123262, "endTime": 124048, "taskId": 20, "workflowId": 3, "jobId": -1}, {"startTime": 124048, "endTime": 125251, "taskId": 21, "workflowId": 3, "jobId": -1}, {"startTime": 125424, "endTime": 129967, "taskId": 6, "workflowId": -1, "jobId": 2}, {"startTime": 138738, "endTime": 141667, "taskId": 10, "workflowId": -1, "jobId": 3}, {"startTime": 146490, "endTime": 153558, "taskId": 5, "workflowId": -1, "jobId": 3}, {"startTime": 157511, "endTime": 159381, "taskId": 8, "workflowId": -1, "jobId": 2}, {"startTime": 159381, "endTime": 166695, "taskId": 2, "workflowId": -1, "jobId": 4}, {"startTime": 166695, "endTime": 166770, "taskId": 8, "workflowId": -1, "jobId": 2}, {"startTime": 167194, "endTime": 167479, "taskId": 4, "workflowId": 2, "jobId": -1}, {"startTime": 167479, "endTime": 168532, "taskId": 5, "workflowId": 2, "jobId": -1}, {"startTime": 168532, "endTime": 169735, "taskId": 8, "workflowId": 2, "jobId": -1}, {"startTime": 169735, "endTime": 171317, "taskId": 7, "workflowId": 2, "jobId": -1}, {"startTime": 171317, "endTime": 171663, "taskId": 7, "workflowId": 2, "jobId": -1}, {"startTime": 171663, "endTime": 173056, "taskId": 14, "workflowId": 2, "jobId": -1}, {"startTime": 173056, "endTime": 174663, "taskId": 11, "workflowId": 2, "jobId": -1}, {"startTime": 174663, "endTime": 175372, "taskId": 16, "workflowId": 2, "jobId": -1}, {"startTime": 175372, "endTime": 175462, "taskId": 16, "workflowId": 2, "jobId": -1}, {"startTime": 175462, "endTime": 176590, "taskId": 17, "workflowId": 2, "jobId": -1}, {"startTime": 176590, "endTime": 178376, "taskId": 21, "workflowId": 2, "jobId": -1}, {"startTime": 178376, "endTime": 178427, "taskId": 21, "workflowId": 2, "jobId": -1}, {"startTime": 178427, "endTime": 179473, "taskId": 22, "workflowId": 2, "jobId": -1}, {"startTime": 179473, "endTime": 180953, "taskId": 20, "workflowId": 2, "jobId": -1}, {"startTime": 180953, "endTime": 181553, "taskId": 11, "workflowId": -1, "jobId": 2}, {"startTime": 181553, "endTime": 188621, "taskId": 5, "workflowId": -1, "jobId": 4}, {"startTime": 203696, "endTime": 203995, "taskId": 10, "workflowId": -1, "jobId": 5}, {"startTime": 203995, "endTime": 209547, "taskId": 6, "workflowId": -1, "jobId": 4}, {"startTime": 209547, "endTime": 215847, "taskId": 1, "workflowId": -1, "jobId": 6}, {"startTime": 218421, "endTime": 219199, "taskId": 8, "workflowId": -1, "jobId": 3}, {"startTime": 219199, "endTime": 223684, "taskId": 5, "workflowId": -1, "jobId": 5}, {"startTime": 236761, "endTime": 237588, "taskId": 9, "workflowId": -1, "jobId": 4}, {"startTime": 237588, "endTime": 239104, "taskId": 10, "workflowId": -1, "jobId": 6}, {"startTime": 239104, "endTime": 242336, "taskId": 11, "workflowId": -1, "jobId": 3}, {"startTime": 242336, "endTime": 250479, "taskId": 6, "workflowId": -1, "jobId": 5}, {"startTime": 250479, "endTime": 255255, "taskId": 2, "workflowId": -1, "jobId": 7}, {"startTime": 268654, "endTime": 270027, "taskId": 10, "workflowId": -1, "jobId": 7}, {"startTime": 270027, "endTime": 276509, "taskId": 3, "workflowId": -1, "jobId": 7}, {"startTime": 277461, "endTime": 284775, "taskId": 2, "workflowId": -1, "jobId": 8}, {"startTime": 286742, "endTime": 289611, "taskId": 9, "workflowId": -1, "jobId": 5}, {"startTime": 296963, "endTime": 299970, "taskId": 1, "workflowId": -1, "jobId": 9}, {"startTime": 301133, "endTime": 304062, "taskId": 10, "workflowId": -1, "jobId": 8}, {"startTime": 321711, "endTime": 328011, "taskId": 1, "workflowId": -1, "jobId": 10}, {"startTime": 328901, "endTime": 339106, "taskId": 8, "workflowId": -1, "jobId": 5}, {"startTime": 349752, "endTime": 356052, "taskId": 1, "workflowId": -1, "jobId": 11}, {"startTime": 366021, "endTime": 366689, "taskId": 6, "workflowId": -1, "jobId": 8}, {"startTime": 366689, "endTime": 373496, "taskId": 3, "workflowId": -1, "jobId": 10}, {"startTime": 383826, "endTime": 387341, "taskId": 9, "workflowId": -1, "jobId": 7}, {"startTime": 391931, "endTime": 395541, "taskId": 8, "workflowId": -1, "jobId": 6}, {"startTime": 395541, "endTime": 398999, "taskId": 5, "workflowId": -1, "jobId": 10}, {"startTime": 398999, "endTime": 401928, "taskId": 10, "workflowId": -1, "jobId": 11}, {"startTime": 426994, "endTime": 429249, "taskId": 5, "workflowId": -1, "jobId": 11}, {"startTime": 429249, "endTime": 438154, "taskId": 3, "workflowId": -1, "jobId": 12}, {"startTime": 461578, "endTime": 470483, "taskId": 3, "workflowId": -1, "jobId": 13}]}, {"frequency": 2.4, "activePower": 9, "idlePower": 2.75, "memory": 2, "allocations": [{"startTime": 39483, "endTime": 40993, "taskId": 2, "workflowId": 0, "jobId": -1}, {"startTime": 41301, "endTime": 47601, "taskId": 1, "workflowId": -1, "jobId": 0}, {"startTime": 47601, "endTime": 56506, "taskId": 3, "workflowId": -1, "jobId": 0}, {"startTime": 56506, "endTime": 59435, "taskId": 8, "workflowId": -1, "jobId": 0}, {"startTime": 59435, "endTime": 66710, "taskId": 8, "workflowId": -1, "jobId": 0}, {"startTime": 66715, "endTime": 69342, "taskId": 11, "workflowId": -1, "jobId": 0}, {"startTime": 69342, "endTime": 69905, "taskId": 6, "workflowId": -1, "jobId": 0}, {"startTime": 69905, "endTime": 70123, "taskId": 11, "workflowId": -1, "jobId": 0}, {"startTime": 70821, "endTime": 78135, "taskId": 2, "workflowId": -1, "jobId": 1}, {"startTime": 87786, "endTime": 88867, "taskId": 6, "workflowId": -1, "jobId": 1}, {"startTime": 88867, "endTime": 90749, "taskId": 3, "workflowId": 1, "jobId": -1}, {"startTime": 90749, "endTime": 91944, "taskId": 8, "workflowId": 1, "jobId": -1}, {"startTime": 91944, "endTime": 91962, "taskId": 8, "workflowId": 1, "jobId": -1}, {"startTime": 91962, "endTime": 92821, "taskId": 6, "workflowId": 1, "jobId": -1}, {"startTime": 92821, "endTime": 94145, "taskId": 12, "workflowId": 1, "jobId": -1}, {"startTime": 94145, "endTime": 94157, "taskId": 13, "workflowId": 1, "jobId": -1}, {"startTime": 94157, "endTime": 94788, "taskId": 13, "workflowId": 1, "jobId": -1}, {"startTime": 94788, "endTime": 94848, "taskId": 13, "workflowId": 1, "jobId": -1}, {"startTime": 94848, "endTime": 95915, "taskId": 18, "workflowId": 1, "jobId": -1}, {"startTime": 95915, "endTime": 97774, "taskId": 19, "workflowId": 1, "jobId": -1}, {"startTime": 97774, "endTime": 98563, "taskId": 20, "workflowId": 1, "jobId": -1}, {"startTime": 98563, "endTime": 99456, "taskId": 20, "workflowId": 1, "jobId": -1}, {"startTime": 99456, "endTime": 99488, "taskId": 20, "workflowId": 1, "jobId": -1}, {"startTime": 99488, "endTime": 100342, "taskId": 6, "workflowId": -1, "jobId": 1}, {"startTime": 100342, "endTime": 100381, "taskId": 23, "workflowId": 1, "jobId": -1}, {"startTime": 100381, "endTime": 100396, "taskId": 23, "workflowId": 1, "jobId": -1}, {"startTime": 100396, "endTime": 100435, "taskId": 6, "workflowId": -1, "jobId": 1}, {"startTime": 100435, "endTime": 110640, "taskId": 8, "workflowId": -1, "jobId": 1}, {"startTime": 110640, "endTime": 111427, "taskId": 10, "workflowId": 3, "jobId": -1}, {"startTime": 111427, "endTime": 111656, "taskId": 7, "workflowId": -1, "jobId": 1}, {"startTime": 111656, "endTime": 111845, "taskId": 7, "workflowId": -1, "jobId": 1}, {"startTime": 111845, "endTime": 112490, "taskId": 7, "workflowId": -1, "jobId": 1}, {"startTime": 112490, "endTime": 112638, "taskId": 10, "workflowId": 3, "jobId": -1}, {"startTime": 112638, "endTime": 112908, "taskId": 10, "workflowId": 3, "jobId": -1}, {"startTime": 112908, "endTime": 113701, "taskId": 6, "workflowId": 3, "jobId": -1}, {"startTime": 113701, "endTime": 114251, "taskId": 11, "workflowId": 3, "jobId": -1}, {"startTime": 114251, "endTime": 116193, "taskId": 9, "workflowId": 3, "jobId": -1}, {"startTime": 116193, "endTime": 124847, "taskId": 11, "workflowId": -1, "jobId": 1}, {"startTime": 124847, "endTime": 126312, "taskId": 19, "workflowId": 3, "jobId": -1}, {"startTime": 127637, "endTime": 129328, "taskId": 23, "workflowId": 3, "jobId": -1}, {"startTime": 139031, "endTime": 143016, "taskId": 9, "workflowId": -1, "jobId": 2}, {"startTime": 159381, "endTime": 166471, "taskId": 8, "workflowId": -1, "jobId": 2}, {"startTime": 166471, "endTime": 170174, "taskId": 6, "workflowId": -1, "jobId": 3}, {"startTime": 170174, "endTime": 171183, "taskId": 9, "workflowId": 2, "jobId": -1}, {"startTime": 171183, "endTime": 171784, "taskId": 9, "workflowId": 2, "jobId": -1}, {"startTime": 171784, "endTime": 172793, "taskId": 13, "workflowId": 2, "jobId": -1}, {"startTime": 172793, "endTime": 174436, "taskId": 12, "workflowId": 2, "jobId": -1}, {"startTime": 174436, "endTime": 175182, "taskId": 18, "workflowId": 2, "jobId": -1}, {"startTime": 175182, "endTime": 175235, "taskId": 15, "workflowId": 2, "jobId": -1}, {"startTime": 175235, "endTime": 175891, "taskId": 15, "workflowId": 2, "jobId": -1}, {"startTime": 175891, "endTime": 177451, "taskId": 24, "workflowId": 2, "jobId": -1}, {"startTime": 177451, "endTime": 177728, "taskId": 22, "workflowId": 2, "jobId": -1}, {"startTime": 177728, "endTime": 178311, "taskId": 22, "workflowId": 2, "jobId": -1}, {"startTime": 178311, "endTime": 178563, "taskId": 19, "workflowId": 2, "jobId": -1}, {"startTime": 178563, "endTime": 179357, "taskId": 23, "workflowId": 2, "jobId": -1}, {"startTime": 179357, "endTime": 180026, "taskId": 23, "workflowId": 2, "jobId": -1}, {"startTime": 180026, "endTime": 180753, "taskId": 11, "workflowId": -1, "jobId": 2}, {"startTime": 180753, "endTime": 182451, "taskId": 10, "workflowId": -1, "jobId": 4}, {"startTime": 182451, "endTime": 189778, "taskId": 11, "workflowId": -1, "jobId": 2}, {"startTime": 203995, "endTime": 206625, "taskId": 10, "workflowId": -1, "jobId": 5}, {"startTime": 209547, "endTime": 210381, "taskId": 6, "workflowId": -1, "jobId": 4}, {"startTime": 219199, "endTime": 224066, "taskId": 8, "workflowId": -1, "jobId": 3}, {"startTime": 236832, "endTime": 237588, "taskId": 11, "workflowId": -1, "jobId": 3}, {"startTime": 237588, "endTime": 240746, "taskId": 9, "workflowId": -1, "jobId": 4}, {"startTime": 242336, "endTime": 247002, "taskId": 11, "workflowId": -1, "jobId": 3}, {"startTime": 247941, "endTime": 249500, "taskId": 7, "workflowId": -1, "jobId": 3}, {"startTime": 250479, "endTime": 250588, "taskId": 6, "workflowId": -1, "jobId": 5}, {"startTime": 251679, "endTime": 258747, "taskId": 5, "workflowId": -1, "jobId": 6}, {"startTime": 270027, "endTime": 271381, "taskId": 10, "workflowId": -1, "jobId": 7}, {"startTime": 271381, "endTime": 281586, "taskId": 8, "workflowId": -1, "jobId": 4}, {"startTime": 299933, "endTime": 308838, "taskId": 3, "workflowId": -1, "jobId": 8}, {"startTime": 321805, "endTime": 328873, "taskId": 5, "workflowId": -1, "jobId": 8}, {"startTime": 333612, "endTime": 336541, "taskId": 10, "workflowId": -1, "jobId": 9}, {"startTime": 336541, "endTime": 338927, "taskId": 9, "workflowId": -1, "jobId": 6}, {"startTime": 366091, "endTime": 366689, "taskId": 10, "workflowId": -1, "jobId": 10}, {"startTime": 366689, "endTime": 371209, "taskId": 6, "workflowId": -1, "jobId": 8}, {"startTime": 371209, "endTime": 371683, "taskId": 10, "workflowId": -1, "jobId": 10}, {"startTime": 371683, "endTime": 380089, "taskId": 0, "workflowId": -1, "jobId": 13}, {"startTime": 395541, "endTime": 396626, "taskId": 8, "workflowId": -1, "jobId": 6}, {"startTime": 397097, "endTime": 405825, "taskId": 3, "workflowId": -1, "jobId": 11}, {"startTime": 429249, "endTime": 434062, "taskId": 5, "workflowId": -1, "jobId": 11}, {"startTime": 434062, "endTime": 436415, "taskId": 11, "workflowId": -1, "jobId": 6}, {"startTime": 436415, "endTime": 436463, "taskId": 9, "workflowId": -1, "jobId": 8}, {"startTime": 436463, "endTime": 442764, "taskId": 11, "workflowId": -1, "jobId": 6}, {"startTime": 462057, "endTime": 469125, "taskId": 5, "workflowId": -1, "jobId": 12}]}]