[{"frequency": 2.83, "activePower": 95.4, "idlePower": 49.6, "memory": 2, "allocations": [{"startTime": 38063, "endTime": 38851, "taskId": 0, "workflowId": 0, "jobId": -1}, {"startTime": 38851, "endTime": 39949, "taskId": 4, "workflowId": 0, "jobId": -1}, {"startTime": 39949, "endTime": 41356, "taskId": 2, "workflowId": 0, "jobId": -1}, {"startTime": 41356, "endTime": 43086, "taskId": 6, "workflowId": 0, "jobId": -1}, {"startTime": 43086, "endTime": 43537, "taskId": 9, "workflowId": 0, "jobId": -1}, {"startTime": 43537, "endTime": 44265, "taskId": 13, "workflowId": 0, "jobId": -1}, {"startTime": 44265, "endTime": 44484, "taskId": 10, "workflowId": 0, "jobId": -1}, {"startTime": 44484, "endTime": 45812, "taskId": 10, "workflowId": 0, "jobId": -1}, {"startTime": 45812, "endTime": 46192, "taskId": 15, "workflowId": 0, "jobId": -1}, {"startTime": 46192, "endTime": 46792, "taskId": 17, "workflowId": 0, "jobId": -1}, {"startTime": 46792, "endTime": 46847, "taskId": 17, "workflowId": 0, "jobId": -1}, {"startTime": 46847, "endTime": 48602, "taskId": 5, "workflowId": 0, "jobId": -1}, {"startTime": 48602, "endTime": 48983, "taskId": 11, "workflowId": 0, "jobId": -1}, {"startTime": 48983, "endTime": 49509, "taskId": 16, "workflowId": 0, "jobId": -1}, {"startTime": 50062, "endTime": 51470, "taskId": 20, "workflowId": 0, "jobId": -1}, {"startTime": 51470, "endTime": 53181, "taskId": 19, "workflowId": 0, "jobId": -1}, {"startTime": 53181, "endTime": 54480, "taskId": 22, "workflowId": 0, "jobId": -1}, {"startTime": 54480, "endTime": 54961, "taskId": 23, "workflowId": 0, "jobId": -1}, {"startTime": 73067, "endTime": 74357, "taskId": 16, "workflowId": 3, "jobId": -1}, {"startTime": 76523, "endTime": 77697, "taskId": 6, "workflowId": 2, "jobId": -1}, {"startTime": 82776, "endTime": 83873, "taskId": 9, "workflowId": 2, "jobId": -1}, {"startTime": 88296, "endTime": 88670, "taskId": 18, "workflowId": 2, "jobId": -1}, {"startTime": 88670, "endTime": 90437, "taskId": 24, "workflowId": 2, "jobId": -1}, {"startTime": 97336, "endTime": 98973, "taskId": 24, "workflowId": 3, "jobId": -1}, {"startTime": 179735, "endTime": 180705, "taskId": 0, "workflowId": 1, "jobId": -1}, {"startTime": 205231, "endTime": 206341, "taskId": 14, "workflowId": 1, "jobId": -1}, {"startTime": 223079, "endTime": 223874, "taskId": 24, "workflowId": 1, "jobId": -1}]}, {"frequency": 2.83, "activePower": 95.4, "idlePower": 49.6, "memory": 2, "allocations": [{"startTime": 23018, "endTime": 31503, "taskId": 2, "workflowId": -1, "jobId": 0}, {"startTime": 31503, "endTime": 35097, "taskId": 8, "workflowId": -1, "jobId": 0}, {"startTime": 48498, "endTime": 56983, "taskId": 2, "workflowId": -1, "jobId": 1}, {"startTime": 60681, "endTime": 66598, "taskId": 1, "workflowId": -1, "jobId": 1}, {"startTime": 72469, "endTime": 73978, "taskId": 9, "workflowId": -1, "jobId": 1}, {"startTime": 73978, "endTime": 82463, "taskId": 2, "workflowId": -1, "jobId": 2}, {"startTime": 93285, "endTime": 98344, "taskId": 6, "workflowId": -1, "jobId": 1}, {"startTime": 98344, "endTime": 99458, "taskId": 1, "workflowId": -1, "jobId": 2}, {"startTime": 99458, "endTime": 107943, "taskId": 2, "workflowId": -1, "jobId": 3}, {"startTime": 107943, "endTime": 107966, "taskId": 6, "workflowId": -1, "jobId": 1}, {"startTime": 124938, "endTime": 133423, "taskId": 2, "workflowId": -1, "jobId": 4}, {"startTime": 136007, "endTime": 141924, "taskId": 1, "workflowId": -1, "jobId": 3}, {"startTime": 150418, "endTime": 158903, "taskId": 2, "workflowId": -1, "jobId": 5}, {"startTime": 162938, "endTime": 171439, "taskId": 3, "workflowId": -1, "jobId": 3}, {"startTime": 173670, "endTime": 175898, "taskId": 1, "workflowId": -1, "jobId": 4}, {"startTime": 175898, "endTime": 184383, "taskId": 2, "workflowId": -1, "jobId": 6}, {"startTime": 184383, "endTime": 184648, "taskId": 9, "workflowId": -1, "jobId": 3}, {"startTime": 201378, "endTime": 209863, "taskId": 2, "workflowId": -1, "jobId": 7}, {"startTime": 211333, "endTime": 217250, "taskId": 1, "workflowId": -1, "jobId": 5}, {"startTime": 226858, "endTime": 235343, "taskId": 2, "workflowId": -1, "jobId": 8}, {"startTime": 240059, "endTime": 242716, "taskId": 5, "workflowId": -1, "jobId": 3}, {"startTime": 244762, "endTime": 247242, "taskId": 4, "workflowId": -1, "jobId": 4}, {"startTime": 248996, "endTime": 252338, "taskId": 1, "workflowId": -1, "jobId": 6}, {"startTime": 252338, "endTime": 260823, "taskId": 2, "workflowId": -1, "jobId": 9}, {"startTime": 260823, "endTime": 267766, "taskId": 7, "workflowId": -1, "jobId": 9}, {"startTime": 277818, "endTime": 286303, "taskId": 2, "workflowId": -1, "jobId": 10}, {"startTime": 286659, "endTime": 292576, "taskId": 1, "workflowId": -1, "jobId": 7}, {"startTime": 302858, "endTime": 303298, "taskId": 3, "workflowId": -1, "jobId": 6}, {"startTime": 303298, "endTime": 311783, "taskId": 2, "workflowId": -1, "jobId": 11}, {"startTime": 311783, "endTime": 315862, "taskId": 3, "workflowId": -1, "jobId": 6}, {"startTime": 324322, "endTime": 328778, "taskId": 1, "workflowId": -1, "jobId": 8}, {"startTime": 328778, "endTime": 337263, "taskId": 2, "workflowId": -1, "jobId": 12}, {"startTime": 354258, "endTime": 362743, "taskId": 2, "workflowId": -1, "jobId": 13}, {"startTime": 362743, "endTime": 368660, "taskId": 1, "workflowId": -1, "jobId": 9}, {"startTime": 374353, "endTime": 379738, "taskId": 6, "workflowId": -1, "jobId": 5}, {"startTime": 379738, "endTime": 388223, "taskId": 2, "workflowId": -1, "jobId": 14}, {"startTime": 399648, "endTime": 405218, "taskId": 1, "workflowId": -1, "jobId": 10}, {"startTime": 405218, "endTime": 413703, "taskId": 2, "workflowId": -1, "jobId": 15}, {"startTime": 413703, "endTime": 415147, "taskId": 8, "workflowId": -1, "jobId": 10}, {"startTime": 430698, "endTime": 439183, "taskId": 2, "workflowId": -1, "jobId": 16}, {"startTime": 439183, "endTime": 445100, "taskId": 1, "workflowId": -1, "jobId": 11}, {"startTime": 456178, "endTime": 464663, "taskId": 2, "workflowId": -1, "jobId": 17}]}, {"frequency": 2.83, "activePower": 95.4, "idlePower": 49.6, "memory": 2, "allocations": [{"startTime": 38851, "endTime": 38852, "taskId": 6, "workflowId": 0, "jobId": -1}, {"startTime": 38852, "endTime": 39966, "taskId": 3, "workflowId": 0, "jobId": -1}, {"startTime": 39966, "endTime": 41708, "taskId": 1, "workflowId": 0, "jobId": -1}, {"startTime": 41708, "endTime": 42996, "taskId": 7, "workflowId": 0, "jobId": -1}, {"startTime": 42996, "endTime": 43537, "taskId": 8, "workflowId": 0, "jobId": -1}, {"startTime": 43537, "endTime": 44484, "taskId": 9, "workflowId": 0, "jobId": -1}, {"startTime": 44484, "endTime": 45084, "taskId": 12, "workflowId": 0, "jobId": -1}, {"startTime": 45084, "endTime": 46192, "taskId": 12, "workflowId": 0, "jobId": -1}, {"startTime": 46192, "endTime": 46193, "taskId": 14, "workflowId": 0, "jobId": -1}, {"startTime": 46193, "endTime": 46793, "taskId": 15, "workflowId": 0, "jobId": -1}, {"startTime": 46793, "endTime": 48313, "taskId": 14, "workflowId": 0, "jobId": -1}, {"startTime": 48313, "endTime": 50062, "taskId": 18, "workflowId": 0, "jobId": -1}, {"startTime": 50062, "endTime": 51478, "taskId": 21, "workflowId": 0, "jobId": -1}, {"startTime": 54480, "endTime": 56233, "taskId": 24, "workflowId": 0, "jobId": -1}, {"startTime": 89942, "endTime": 90347, "taskId": 23, "workflowId": 2, "jobId": -1}, {"startTime": 205231, "endTime": 206913, "taskId": 16, "workflowId": 1, "jobId": -1}]}, {"frequency": 2.83, "activePower": 95.4, "idlePower": 49.6, "memory": 2, "allocations": [{"startTime": 23018, "endTime": 23026, "taskId": 1, "workflowId": -1, "jobId": 0}, {"startTime": 23026, "endTime": 28935, "taskId": 0, "workflowId": -1, "jobId": 0}, {"startTime": 28935, "endTime": 29267, "taskId": 0, "workflowId": -1, "jobId": 0}, {"startTime": 29267, "endTime": 35176, "taskId": 1, "workflowId": -1, "jobId": 0}, {"startTime": 48860, "endTime": 55101, "taskId": 0, "workflowId": -1, "jobId": 1}, {"startTime": 73978, "endTime": 74702, "taskId": 9, "workflowId": -1, "jobId": 1}, {"startTime": 74702, "endTime": 80943, "taskId": 0, "workflowId": -1, "jobId": 2}, {"startTime": 80943, "endTime": 83502, "taskId": 9, "workflowId": -1, "jobId": 1}, {"startTime": 98344, "endTime": 99458, "taskId": 6, "workflowId": -1, "jobId": 1}, {"startTime": 99458, "endTime": 100544, "taskId": 1, "workflowId": -1, "jobId": 2}, {"startTime": 100544, "endTime": 104261, "taskId": 0, "workflowId": -1, "jobId": 3}, {"startTime": 104261, "endTime": 106785, "taskId": 0, "workflowId": -1, "jobId": 3}, {"startTime": 106785, "endTime": 110502, "taskId": 1, "workflowId": -1, "jobId": 2}, {"startTime": 126386, "endTime": 132627, "taskId": 0, "workflowId": -1, "jobId": 4}, {"startTime": 152228, "endTime": 158469, "taskId": 0, "workflowId": -1, "jobId": 5}, {"startTime": 163552, "endTime": 169748, "taskId": 6, "workflowId": -1, "jobId": 2}, {"startTime": 171371, "endTime": 175898, "taskId": 9, "workflowId": -1, "jobId": 3}, {"startTime": 175898, "endTime": 178070, "taskId": 1, "workflowId": -1, "jobId": 4}, {"startTime": 178070, "endTime": 179587, "taskId": 0, "workflowId": -1, "jobId": 6}, {"startTime": 179587, "endTime": 184311, "taskId": 0, "workflowId": -1, "jobId": 6}, {"startTime": 184311, "endTime": 185828, "taskId": 1, "workflowId": -1, "jobId": 4}, {"startTime": 203912, "endTime": 210153, "taskId": 0, "workflowId": -1, "jobId": 7}, {"startTime": 229754, "endTime": 235995, "taskId": 0, "workflowId": -1, "jobId": 8}, {"startTime": 252338, "endTime": 254913, "taskId": 1, "workflowId": -1, "jobId": 6}, {"startTime": 255596, "endTime": 261837, "taskId": 0, "workflowId": -1, "jobId": 9}, {"startTime": 281438, "endTime": 287679, "taskId": 0, "workflowId": -1, "jobId": 10}, {"startTime": 303298, "endTime": 307280, "taskId": 3, "workflowId": -1, "jobId": 6}, {"startTime": 307280, "endTime": 313521, "taskId": 0, "workflowId": -1, "jobId": 11}, {"startTime": 313521, "endTime": 316178, "taskId": 5, "workflowId": -1, "jobId": 4}, {"startTime": 328778, "endTime": 330239, "taskId": 1, "workflowId": -1, "jobId": 8}, {"startTime": 333122, "endTime": 339363, "taskId": 0, "workflowId": -1, "jobId": 12}, {"startTime": 358964, "endTime": 365205, "taskId": 0, "workflowId": -1, "jobId": 13}, {"startTime": 379738, "endTime": 380549, "taskId": 6, "workflowId": -1, "jobId": 5}, {"startTime": 384806, "endTime": 391047, "taskId": 0, "workflowId": -1, "jobId": 14}, {"startTime": 405218, "endTime": 405565, "taskId": 1, "workflowId": -1, "jobId": 10}, {"startTime": 408498, "endTime": 410648, "taskId": 8, "workflowId": -1, "jobId": 10}, {"startTime": 410648, "endTime": 416889, "taskId": 0, "workflowId": -1, "jobId": 15}, {"startTime": 436490, "endTime": 442731, "taskId": 0, "workflowId": -1, "jobId": 16}, {"startTime": 443626, "endTime": 449178, "taskId": 10, "workflowId": -1, "jobId": 8}, {"startTime": 462332, "endTime": 468573, "taskId": 0, "workflowId": -1, "jobId": 17}]}]