[{"frequency": 2.83, "activePower": 118, "idlePower": 56.7, "memory": 4, "allocations": [{"startTime": 36540, "endTime": 44628, "taskId": 0, "workflowId": -1, "jobId": 0}, {"startTime": 82942, "endTime": 89931, "taskId": 1, "workflowId": -1, "jobId": 2}, {"startTime": 170060, "endTime": 171386, "taskId": 5, "workflowId": 0, "jobId": -1}, {"startTime": 179003, "endTime": 180722, "taskId": 10, "workflowId": 0, "jobId": -1}, {"startTime": 185836, "endTime": 187535, "taskId": 15, "workflowId": 0, "jobId": -1}, {"startTime": 190558, "endTime": 191271, "taskId": 16, "workflowId": 0, "jobId": -1}, {"startTime": 274533, "endTime": 282621, "taskId": 0, "workflowId": -1, "jobId": 7}, {"startTime": 291751, "endTime": 298740, "taskId": 1, "workflowId": -1, "jobId": 11}, {"startTime": 338153, "endTime": 345142, "taskId": 1, "workflowId": -1, "jobId": 13}, {"startTime": 361354, "endTime": 368343, "taskId": 1, "workflowId": -1, "jobId": 14}, {"startTime": 376530, "endTime": 384618, "taskId": 0, "workflowId": -1, "jobId": 10}, {"startTime": 407756, "endTime": 414745, "taskId": 1, "workflowId": -1, "jobId": 16}, {"startTime": 444528, "endTime": 452616, "taskId": 0, "workflowId": -1, "jobId": 12}]}, {"frequency": 2.83, "activePower": 118, "idlePower": 56.7, "memory": 4, "allocations": [{"startTime": 36540, "endTime": 43529, "taskId": 1, "workflowId": -1, "jobId": 0}, {"startTime": 43529, "endTime": 44203, "taskId": 5, "workflowId": 2, "jobId": -1}, {"startTime": 53062, "endTime": 53717, "taskId": 7, "workflowId": 2, "jobId": -1}, {"startTime": 70539, "endTime": 78627, "taskId": 0, "workflowId": -1, "jobId": 1}, {"startTime": 93828, "endTime": 101371, "taskId": 3, "workflowId": -1, "jobId": 1}, {"startTime": 102131, "endTime": 102131, "taskId": 0, "workflowId": 1, "jobId": -1}, {"startTime": 106143, "endTime": 113132, "taskId": 1, "workflowId": -1, "jobId": 3}, {"startTime": 152545, "endTime": 159534, "taskId": 1, "workflowId": -1, "jobId": 5}, {"startTime": 170060, "endTime": 170720, "taskId": 4, "workflowId": 0, "jobId": -1}, {"startTime": 170720, "endTime": 172374, "taskId": 3, "workflowId": 0, "jobId": -1}, {"startTime": 172536, "endTime": 180624, "taskId": 0, "workflowId": -1, "jobId": 4}, {"startTime": 180624, "endTime": 181150, "taskId": 7, "workflowId": 0, "jobId": -1}, {"startTime": 181150, "endTime": 181962, "taskId": 8, "workflowId": 0, "jobId": -1}, {"startTime": 181962, "endTime": 189847, "taskId": 5, "workflowId": -1, "jobId": 3}, {"startTime": 189847, "endTime": 190558, "taskId": 13, "workflowId": 0, "jobId": -1}, {"startTime": 268550, "endTime": 275539, "taskId": 1, "workflowId": -1, "jobId": 10}, {"startTime": 404080, "endTime": 412280, "taskId": 6, "workflowId": -1, "jobId": 17}]}, {"frequency": 2.83, "activePower": 118, "idlePower": 56.7, "memory": 4, "allocations": [{"startTime": 59741, "endTime": 66730, "taskId": 1, "workflowId": -1, "jobId": 1}, {"startTime": 81979, "endTime": 82361, "taskId": 17, "workflowId": 2, "jobId": -1}, {"startTime": 126917, "endTime": 127397, "taskId": 17, "workflowId": 1, "jobId": -1}, {"startTime": 166260, "endTime": 174460, "taskId": 6, "workflowId": -1, "jobId": 6}, {"startTime": 174460, "endTime": 175795, "taskId": 1, "workflowId": 0, "jobId": -1}, {"startTime": 175795, "endTime": 177257, "taskId": 2, "workflowId": 0, "jobId": -1}, {"startTime": 177257, "endTime": 179003, "taskId": 6, "workflowId": 0, "jobId": -1}, {"startTime": 179003, "endTime": 181865, "taskId": 7, "workflowId": -1, "jobId": 2}, {"startTime": 181865, "endTime": 183290, "taskId": 9, "workflowId": 0, "jobId": -1}, {"startTime": 184375, "endTime": 185522, "taskId": 14, "workflowId": 0, "jobId": -1}, {"startTime": 187535, "endTime": 188503, "taskId": 17, "workflowId": 0, "jobId": -1}, {"startTime": 198947, "endTime": 205936, "taskId": 1, "workflowId": -1, "jobId": 7}, {"startTime": 208404, "endTime": 215947, "taskId": 3, "workflowId": -1, "jobId": 3}, {"startTime": 240534, "endTime": 248622, "taskId": 0, "workflowId": -1, "jobId": 6}, {"startTime": 248622, "endTime": 255611, "taskId": 1, "workflowId": -1, "jobId": 9}, {"startTime": 314952, "endTime": 321941, "taskId": 1, "workflowId": -1, "jobId": 12}, {"startTime": 372316, "endTime": 380201, "taskId": 5, "workflowId": -1, "jobId": 7}, {"startTime": 384555, "endTime": 391544, "taskId": 1, "workflowId": -1, "jobId": 15}, {"startTime": 410529, "endTime": 418617, "taskId": 0, "workflowId": -1, "jobId": 11}]}, {"frequency": 2.83, "activePower": 118, "idlePower": 56.7, "memory": 4, "allocations": [{"startTime": 34363, "endTime": 34363, "taskId": 0, "workflowId": 3, "jobId": -1}, {"startTime": 104538, "endTime": 112626, "taskId": 0, "workflowId": -1, "jobId": 2}, {"startTime": 112626, "endTime": 113959, "taskId": 12, "workflowId": 1, "jobId": -1}, {"startTime": 129344, "endTime": 136333, "taskId": 1, "workflowId": -1, "jobId": 4}, {"startTime": 138537, "endTime": 146625, "taskId": 0, "workflowId": -1, "jobId": 3}, {"startTime": 169143, "endTime": 170060, "taskId": 0, "workflowId": 0, "jobId": -1}, {"startTime": 175746, "endTime": 182735, "taskId": 1, "workflowId": -1, "jobId": 6}, {"startTime": 182735, "endTime": 184375, "taskId": 11, "workflowId": 0, "jobId": -1}, {"startTime": 184375, "endTime": 185836, "taskId": 12, "workflowId": 0, "jobId": -1}, {"startTime": 206535, "endTime": 214623, "taskId": 0, "workflowId": -1, "jobId": 5}, {"startTime": 215778, "endTime": 220089, "taskId": 2, "workflowId": -1, "jobId": 3}, {"startTime": 222148, "endTime": 229137, "taskId": 1, "workflowId": -1, "jobId": 8}, {"startTime": 229137, "endTime": 237022, "taskId": 5, "workflowId": -1, "jobId": 4}, {"startTime": 237022, "endTime": 245222, "taskId": 6, "workflowId": -1, "jobId": 9}, {"startTime": 274360, "endTime": 282560, "taskId": 6, "workflowId": -1, "jobId": 11}, {"startTime": 308532, "endTime": 316620, "taskId": 0, "workflowId": -1, "jobId": 8}, {"startTime": 322980, "endTime": 330523, "taskId": 3, "workflowId": -1, "jobId": 5}, {"startTime": 342531, "endTime": 350619, "taskId": 0, "workflowId": -1, "jobId": 9}, {"startTime": 380268, "endTime": 387811, "taskId": 3, "workflowId": -1, "jobId": 6}, {"startTime": 395016, "endTime": 399327, "taskId": 2, "workflowId": -1, "jobId": 6}, {"startTime": 425700, "endTime": 433900, "taskId": 6, "workflowId": -1, "jobId": 18}, {"startTime": 433900, "endTime": 440889, "taskId": 1, "workflowId": -1, "jobId": 17}, {"startTime": 454158, "endTime": 461147, "taskId": 1, "workflowId": -1, "jobId": 18}]}]