[{"frequency": 2.83, "activePower": 95.4, "idlePower": 49.6, "memory": 2, "allocations": [{"startTime": 31033, "endTime": 32011, "taskId": 0, "workflowId": 0, "jobId": -1}, {"startTime": 32011, "endTime": 32806, "taskId": 3, "workflowId": 0, "jobId": -1}, {"startTime": 32806, "endTime": 33235, "taskId": 6, "workflowId": 0, "jobId": -1}, {"startTime": 33235, "endTime": 38701, "taskId": 4, "workflowId": -1, "jobId": 0}, {"startTime": 38701, "endTime": 39567, "taskId": 7, "workflowId": 0, "jobId": -1}, {"startTime": 39567, "endTime": 45561, "taskId": 5, "workflowId": -1, "jobId": 0}, {"startTime": 45561, "endTime": 45857, "taskId": 7, "workflowId": -1, "jobId": 0}, {"startTime": 45857, "endTime": 46284, "taskId": 18, "workflowId": 0, "jobId": -1}, {"startTime": 46284, "endTime": 46695, "taskId": 20, "workflowId": 0, "jobId": -1}, {"startTime": 46695, "endTime": 47240, "taskId": 7, "workflowId": -1, "jobId": 0}, {"startTime": 47240, "endTime": 47837, "taskId": 22, "workflowId": 0, "jobId": -1}, {"startTime": 47837, "endTime": 48545, "taskId": 22, "workflowId": 0, "jobId": -1}, {"startTime": 48545, "endTime": 48945, "taskId": 23, "workflowId": 0, "jobId": -1}, {"startTime": 49861, "endTime": 56477, "taskId": 6, "workflowId": -1, "jobId": 0}, {"startTime": 56477, "endTime": 61943, "taskId": 4, "workflowId": -1, "jobId": 1}, {"startTime": 62755, "endTime": 68958, "taskId": 2, "workflowId": -1, "jobId": 1}, {"startTime": 73443, "endTime": 79719, "taskId": 6, "workflowId": -1, "jobId": 1}, {"startTime": 79719, "endTime": 85185, "taskId": 4, "workflowId": -1, "jobId": 2}, {"startTime": 85635, "endTime": 87333, "taskId": 0, "workflowId": 1, "jobId": -1}, {"startTime": 87333, "endTime": 88374, "taskId": 1, "workflowId": 1, "jobId": -1}, {"startTime": 88375, "endTime": 88985, "taskId": 4, "workflowId": 1, "jobId": -1}, {"startTime": 88985, "endTime": 89318, "taskId": 10, "workflowId": 1, "jobId": -1}, {"startTime": 89318, "endTime": 90114, "taskId": 1, "workflowId": -1, "jobId": 2}, {"startTime": 90114, "endTime": 94661, "taskId": 1, "workflowId": -1, "jobId": 2}, {"startTime": 94661, "endTime": 95046, "taskId": 14, "workflowId": 1, "jobId": -1}, {"startTime": 95046, "endTime": 96233, "taskId": 22, "workflowId": 1, "jobId": -1}, {"startTime": 96233, "endTime": 96254, "taskId": 20, "workflowId": 1, "jobId": -1}, {"startTime": 96254, "endTime": 96531, "taskId": 24, "workflowId": 1, "jobId": -1}, {"startTime": 96531, "endTime": 97568, "taskId": 24, "workflowId": 1, "jobId": -1}, {"startTime": 97568, "endTime": 97894, "taskId": 8, "workflowId": -1, "jobId": 1}, {"startTime": 97894, "endTime": 102961, "taskId": 3, "workflowId": -1, "jobId": 2}, {"startTime": 102961, "endTime": 108427, "taskId": 4, "workflowId": -1, "jobId": 3}, {"startTime": 108427, "endTime": 109477, "taskId": 13, "workflowId": 3, "jobId": -1}, {"startTime": 109477, "endTime": 116606, "taskId": 0, "workflowId": -1, "jobId": 3}, {"startTime": 117358, "endTime": 122701, "taskId": 1, "workflowId": -1, "jobId": 3}, {"startTime": 126204, "endTime": 131670, "taskId": 4, "workflowId": -1, "jobId": 4}, {"startTime": 134891, "endTime": 142020, "taskId": 0, "workflowId": -1, "jobId": 4}, {"startTime": 145399, "endTime": 149445, "taskId": 1, "workflowId": -1, "jobId": 4}, {"startTime": 149445, "endTime": 154911, "taskId": 4, "workflowId": -1, "jobId": 5}, {"startTime": 160305, "endTime": 167434, "taskId": 0, "workflowId": -1, "jobId": 5}, {"startTime": 167434, "endTime": 168327, "taskId": 5, "workflowId": 2, "jobId": -1}, {"startTime": 168327, "endTime": 169020, "taskId": 7, "workflowId": 2, "jobId": -1}, {"startTime": 169020, "endTime": 169882, "taskId": 10, "workflowId": 2, "jobId": -1}, {"startTime": 169882, "endTime": 169962, "taskId": 14, "workflowId": 2, "jobId": -1}, {"startTime": 169962, "endTime": 170245, "taskId": 14, "workflowId": 2, "jobId": -1}, {"startTime": 170245, "endTime": 171223, "taskId": 7, "workflowId": -1, "jobId": 2}, {"startTime": 171223, "endTime": 172521, "taskId": 7, "workflowId": -1, "jobId": 2}, {"startTime": 172521, "endTime": 172687, "taskId": 19, "workflowId": 2, "jobId": -1}, {"startTime": 172687, "endTime": 178153, "taskId": 4, "workflowId": -1, "jobId": 6}, {"startTime": 178153, "endTime": 179409, "taskId": 20, "workflowId": 2, "jobId": -1}, {"startTime": 179830, "endTime": 180835, "taskId": 9, "workflowId": -1, "jobId": 3}, {"startTime": 180835, "endTime": 187038, "taskId": 2, "workflowId": -1, "jobId": 5}, {"startTime": 194063, "endTime": 194880, "taskId": 6, "workflowId": -1, "jobId": 4}, {"startTime": 194880, "endTime": 195929, "taskId": 3, "workflowId": -1, "jobId": 5}, {"startTime": 195929, "endTime": 201395, "taskId": 4, "workflowId": -1, "jobId": 7}, {"startTime": 201481, "endTime": 206824, "taskId": 1, "workflowId": -1, "jobId": 6}, {"startTime": 208550, "endTime": 210355, "taskId": 5, "workflowId": -1, "jobId": 5}, {"startTime": 210355, "endTime": 211133, "taskId": 2, "workflowId": -1, "jobId": 6}, {"startTime": 211133, "endTime": 218262, "taskId": 0, "workflowId": -1, "jobId": 7}, {"startTime": 219171, "endTime": 224637, "taskId": 4, "workflowId": -1, "jobId": 8}, {"startTime": 227209, "endTime": 229522, "taskId": 3, "workflowId": -1, "jobId": 6}, {"startTime": 229522, "endTime": 234865, "taskId": 1, "workflowId": -1, "jobId": 7}, {"startTime": 236547, "endTime": 243676, "taskId": 0, "workflowId": -1, "jobId": 8}, {"startTime": 257563, "endTime": 262906, "taskId": 1, "workflowId": -1, "jobId": 8}, {"startTime": 263315, "endTime": 265655, "taskId": 8, "workflowId": -1, "jobId": 4}, {"startTime": 265655, "endTime": 271121, "taskId": 4, "workflowId": -1, "jobId": 10}, {"startTime": 274477, "endTime": 278676, "taskId": 6, "workflowId": -1, "jobId": 6}, {"startTime": 278676, "endTime": 284670, "taskId": 5, "workflowId": -1, "jobId": 7}, {"startTime": 285604, "endTime": 287375, "taskId": 1, "workflowId": -1, "jobId": 9}, {"startTime": 287375, "endTime": 288897, "taskId": 0, "workflowId": -1, "jobId": 10}, {"startTime": 288897, "endTime": 294363, "taskId": 4, "workflowId": -1, "jobId": 11}, {"startTime": 294363, "endTime": 298915, "taskId": 11, "workflowId": -1, "jobId": 4}, {"startTime": 298915, "endTime": 305118, "taskId": 2, "workflowId": -1, "jobId": 9}, {"startTime": 307255, "endTime": 309531, "taskId": 7, "workflowId": -1, "jobId": 4}, {"startTime": 312139, "endTime": 317605, "taskId": 4, "workflowId": -1, "jobId": 12}, {"startTime": 317605, "endTime": 324196, "taskId": 6, "workflowId": -1, "jobId": 7}, {"startTime": 324196, "endTime": 331748, "taskId": 3, "workflowId": -1, "jobId": 9}, {"startTime": 335381, "endTime": 340847, "taskId": 4, "workflowId": -1, "jobId": 13}, {"startTime": 341686, "endTime": 347029, "taskId": 1, "workflowId": -1, "jobId": 11}, {"startTime": 348802, "endTime": 354796, "taskId": 5, "workflowId": -1, "jobId": 9}, {"startTime": 354891, "endTime": 356525, "taskId": 6, "workflowId": -1, "jobId": 8}, {"startTime": 356525, "endTime": 357955, "taskId": 3, "workflowId": -1, "jobId": 10}, {"startTime": 357955, "endTime": 358623, "taskId": 2, "workflowId": -1, "jobId": 11}, {"startTime": 358623, "endTime": 364089, "taskId": 4, "workflowId": -1, "jobId": 14}, {"startTime": 364089, "endTime": 369727, "taskId": 11, "workflowId": -1, "jobId": 5}, {"startTime": 369727, "endTime": 375070, "taskId": 1, "workflowId": -1, "jobId": 12}, {"startTime": 375290, "endTime": 375760, "taskId": 9, "workflowId": -1, "jobId": 7}, {"startTime": 375760, "endTime": 378036, "taskId": 7, "workflowId": -1, "jobId": 5}, {"startTime": 378355, "endTime": 381865, "taskId": 8, "workflowId": -1, "jobId": 6}, {"startTime": 381865, "endTime": 387331, "taskId": 4, "workflowId": -1, "jobId": 15}, {"startTime": 387475, "endTime": 389031, "taskId": 2, "workflowId": -1, "jobId": 12}, {"startTime": 389031, "endTime": 396160, "taskId": 0, "workflowId": -1, "jobId": 14}, {"startTime": 397768, "endTime": 403111, "taskId": 1, "workflowId": -1, "jobId": 13}, {"startTime": 405107, "endTime": 410573, "taskId": 4, "workflowId": -1, "jobId": 16}, {"startTime": 414445, "endTime": 421574, "taskId": 0, "workflowId": -1, "jobId": 15}, {"startTime": 422983, "endTime": 425467, "taskId": 10, "workflowId": -1, "jobId": 12}, {"startTime": 425809, "endTime": 428349, "taskId": 1, "workflowId": -1, "jobId": 14}, {"startTime": 428349, "endTime": 433815, "taskId": 4, "workflowId": -1, "jobId": 17}, {"startTime": 435305, "endTime": 439859, "taskId": 6, "workflowId": -1, "jobId": 10}, {"startTime": 439859, "endTime": 446988, "taskId": 0, "workflowId": -1, "jobId": 16}, {"startTime": 451591, "endTime": 457057, "taskId": 4, "workflowId": -1, "jobId": 18}, {"startTime": 457057, "endTime": 459541, "taskId": 10, "workflowId": -1, "jobId": 13}, {"startTime": 465273, "endTime": 472402, "taskId": 0, "workflowId": -1, "jobId": 17}, {"startTime": 474833, "endTime": 480299, "taskId": 4, "workflowId": -1, "jobId": 19}]}, {"frequency": 2.83, "activePower": 95.4, "idlePower": 49.6, "memory": 2, "allocations": [{"startTime": 32011, "endTime": 33114, "taskId": 1, "workflowId": 0, "jobId": -1}, {"startTime": 33114, "endTime": 33235, "taskId": 7, "workflowId": 0, "jobId": -1}, {"startTime": 33235, "endTime": 40364, "taskId": 0, "workflowId": -1, "jobId": 0}, {"startTime": 40364, "endTime": 41921, "taskId": 8, "workflowId": 0, "jobId": -1}, {"startTime": 41921, "endTime": 42863, "taskId": 5, "workflowId": 0, "jobId": -1}, {"startTime": 42863, "endTime": 43614, "taskId": 13, "workflowId": 0, "jobId": -1}, {"startTime": 43614, "endTime": 44032, "taskId": 15, "workflowId": 0, "jobId": -1}, {"startTime": 44032, "endTime": 44345, "taskId": 16, "workflowId": 0, "jobId": -1}, {"startTime": 44345, "endTime": 44663, "taskId": 16, "workflowId": 0, "jobId": -1}, {"startTime": 44663, "endTime": 46290, "taskId": 17, "workflowId": 0, "jobId": -1}, {"startTime": 46290, "endTime": 47362, "taskId": 21, "workflowId": 0, "jobId": -1}, {"startTime": 47362, "endTime": 47802, "taskId": 21, "workflowId": 0, "jobId": -1}, {"startTime": 47802, "endTime": 48545, "taskId": 10, "workflowId": -1, "jobId": 0}, {"startTime": 48545, "endTime": 49425, "taskId": 24, "workflowId": 0, "jobId": -1}, {"startTime": 49425, "endTime": 49861, "taskId": 11, "workflowId": -1, "jobId": 0}, {"startTime": 49861, "endTime": 51602, "taskId": 10, "workflowId": -1, "jobId": 0}, {"startTime": 51602, "endTime": 56477, "taskId": 11, "workflowId": -1, "jobId": 0}, {"startTime": 56477, "endTime": 56859, "taskId": 6, "workflowId": -1, "jobId": 0}, {"startTime": 58649, "endTime": 65778, "taskId": 0, "workflowId": -1, "jobId": 1}, {"startTime": 65778, "endTime": 68262, "taskId": 10, "workflowId": -1, "jobId": 1}, {"startTime": 68298, "endTime": 74292, "taskId": 5, "workflowId": -1, "jobId": 1}, {"startTime": 79719, "endTime": 80441, "taskId": 6, "workflowId": -1, "jobId": 1}, {"startTime": 82100, "endTime": 84063, "taskId": 9, "workflowId": -1, "jobId": 1}, {"startTime": 84063, "endTime": 91192, "taskId": 0, "workflowId": -1, "jobId": 2}, {"startTime": 91192, "endTime": 92275, "taskId": 7, "workflowId": 1, "jobId": -1}, {"startTime": 92275, "endTime": 92884, "taskId": 2, "workflowId": -1, "jobId": 2}, {"startTime": 92884, "endTime": 93430, "taskId": 2, "workflowId": -1, "jobId": 2}, {"startTime": 93430, "endTime": 93480, "taskId": 2, "workflowId": -1, "jobId": 2}, {"startTime": 93480, "endTime": 93865, "taskId": 2, "workflowId": -1, "jobId": 2}, {"startTime": 93865, "endTime": 98478, "taskId": 2, "workflowId": -1, "jobId": 2}, {"startTime": 98478, "endTime": 98697, "taskId": 10, "workflowId": -1, "jobId": 2}, {"startTime": 98697, "endTime": 99386, "taskId": 4, "workflowId": 3, "jobId": -1}, {"startTime": 99386, "endTime": 100377, "taskId": 2, "workflowId": 3, "jobId": -1}, {"startTime": 100377, "endTime": 100504, "taskId": 10, "workflowId": -1, "jobId": 2}, {"startTime": 100504, "endTime": 100896, "taskId": 7, "workflowId": 3, "jobId": -1}, {"startTime": 100896, "endTime": 101740, "taskId": 5, "workflowId": 3, "jobId": -1}, {"startTime": 101740, "endTime": 102209, "taskId": 7, "workflowId": -1, "jobId": 1}, {"startTime": 102209, "endTime": 102642, "taskId": 7, "workflowId": -1, "jobId": 1}, {"startTime": 102642, "endTime": 102961, "taskId": 7, "workflowId": -1, "jobId": 1}, {"startTime": 102961, "endTime": 103032, "taskId": 3, "workflowId": -1, "jobId": 2}, {"startTime": 103032, "endTime": 103894, "taskId": 3, "workflowId": -1, "jobId": 2}, {"startTime": 103894, "endTime": 104016, "taskId": 3, "workflowId": -1, "jobId": 2}, {"startTime": 104016, "endTime": 104878, "taskId": 3, "workflowId": -1, "jobId": 2}, {"startTime": 104878, "endTime": 105446, "taskId": 3, "workflowId": -1, "jobId": 2}, {"startTime": 105446, "endTime": 106101, "taskId": 7, "workflowId": -1, "jobId": 1}, {"startTime": 106101, "endTime": 106251, "taskId": 5, "workflowId": 3, "jobId": -1}, {"startTime": 106251, "endTime": 107309, "taskId": 10, "workflowId": 3, "jobId": -1}, {"startTime": 107309, "endTime": 107776, "taskId": 11, "workflowId": 3, "jobId": -1}, {"startTime": 107776, "endTime": 109423, "taskId": 9, "workflowId": 3, "jobId": -1}, {"startTime": 109477, "endTime": 109577, "taskId": 13, "workflowId": 3, "jobId": -1}, {"startTime": 109577, "endTime": 110463, "taskId": 16, "workflowId": 3, "jobId": -1}, {"startTime": 110463, "endTime": 111046, "taskId": 17, "workflowId": 3, "jobId": -1}, {"startTime": 111046, "endTime": 111359, "taskId": 17, "workflowId": 3, "jobId": -1}, {"startTime": 111359, "endTime": 113065, "taskId": 14, "workflowId": 3, "jobId": -1}, {"startTime": 113065, "endTime": 113649, "taskId": 18, "workflowId": 3, "jobId": -1}, {"startTime": 113649, "endTime": 120647, "taskId": 6, "workflowId": -1, "jobId": 2}, {"startTime": 121795, "endTime": 127998, "taskId": 2, "workflowId": -1, "jobId": 3}, {"startTime": 130222, "endTime": 137774, "taskId": 3, "workflowId": -1, "jobId": 3}, {"startTime": 138424, "endTime": 144418, "taskId": 5, "workflowId": -1, "jobId": 3}, {"startTime": 148275, "endTime": 149445, "taskId": 8, "workflowId": -1, "jobId": 2}, {"startTime": 149445, "endTime": 150742, "taskId": 1, "workflowId": -1, "jobId": 4}, {"startTime": 151315, "endTime": 157518, "taskId": 2, "workflowId": -1, "jobId": 4}, {"startTime": 162551, "endTime": 170103, "taskId": 3, "workflowId": -1, "jobId": 4}, {"startTime": 170103, "endTime": 170245, "taskId": 12, "workflowId": 2, "jobId": -1}, {"startTime": 170245, "endTime": 171223, "taskId": 14, "workflowId": 2, "jobId": -1}, {"startTime": 171223, "endTime": 171496, "taskId": 18, "workflowId": 2, "jobId": -1}, {"startTime": 171496, "endTime": 171856, "taskId": 18, "workflowId": 2, "jobId": -1}, {"startTime": 171856, "endTime": 171901, "taskId": 15, "workflowId": 2, "jobId": -1}, {"startTime": 171901, "endTime": 172458, "taskId": 15, "workflowId": 2, "jobId": -1}, {"startTime": 172458, "endTime": 173440, "taskId": 24, "workflowId": 2, "jobId": -1}, {"startTime": 173440, "endTime": 173781, "taskId": 1, "workflowId": -1, "jobId": 5}, {"startTime": 173781, "endTime": 178783, "taskId": 1, "workflowId": -1, "jobId": 5}, {"startTime": 180835, "endTime": 183210, "taskId": 9, "workflowId": -1, "jobId": 3}, {"startTime": 185719, "endTime": 192848, "taskId": 0, "workflowId": -1, "jobId": 6}, {"startTime": 194880, "endTime": 195929, "taskId": 6, "workflowId": -1, "jobId": 4}, {"startTime": 195929, "endTime": 202432, "taskId": 3, "workflowId": -1, "jobId": 5}, {"startTime": 205795, "endTime": 210355, "taskId": 8, "workflowId": -1, "jobId": 3}, {"startTime": 210355, "endTime": 211133, "taskId": 5, "workflowId": -1, "jobId": 5}, {"startTime": 211133, "endTime": 216558, "taskId": 2, "workflowId": -1, "jobId": 6}, {"startTime": 228109, "endTime": 229522, "taskId": 10, "workflowId": -1, "jobId": 6}, {"startTime": 229522, "endTime": 234761, "taskId": 3, "workflowId": -1, "jobId": 6}, {"startTime": 238750, "endTime": 239875, "taskId": 7, "workflowId": -1, "jobId": 3}, {"startTime": 239875, "endTime": 242413, "taskId": 2, "workflowId": -1, "jobId": 7}, {"startTime": 242413, "endTime": 247879, "taskId": 4, "workflowId": -1, "jobId": 9}, {"startTime": 259538, "endTime": 261961, "taskId": 3, "workflowId": -1, "jobId": 7}, {"startTime": 261961, "endTime": 269090, "taskId": 0, "workflowId": -1, "jobId": 9}, {"startTime": 269395, "endTime": 275598, "taskId": 2, "workflowId": -1, "jobId": 8}, {"startTime": 277560, "endTime": 278676, "taskId": 9, "workflowId": -1, "jobId": 5}, {"startTime": 278676, "endTime": 281475, "taskId": 6, "workflowId": -1, "jobId": 6}, {"startTime": 287375, "endTime": 288897, "taskId": 1, "workflowId": -1, "jobId": 9}, {"startTime": 288897, "endTime": 294504, "taskId": 0, "workflowId": -1, "jobId": 10}, {"startTime": 298915, "endTime": 301702, "taskId": 11, "workflowId": -1, "jobId": 4}, {"startTime": 312789, "endTime": 319918, "taskId": 0, "workflowId": -1, "jobId": 11}, {"startTime": 320835, "endTime": 324196, "taskId": 8, "workflowId": -1, "jobId": 5}, {"startTime": 324196, "endTime": 324603, "taskId": 6, "workflowId": -1, "jobId": 7}, {"startTime": 325546, "endTime": 328030, "taskId": 10, "workflowId": -1, "jobId": 9}, {"startTime": 328435, "endTime": 334638, "taskId": 2, "workflowId": -1, "jobId": 10}, {"startTime": 338203, "endTime": 345332, "taskId": 0, "workflowId": -1, "jobId": 12}, {"startTime": 356525, "endTime": 357955, "taskId": 6, "workflowId": -1, "jobId": 8}, {"startTime": 357955, "endTime": 358623, "taskId": 3, "workflowId": -1, "jobId": 10}, {"startTime": 358623, "endTime": 364158, "taskId": 2, "workflowId": -1, "jobId": 11}, {"startTime": 369727, "endTime": 371428, "taskId": 11, "workflowId": -1, "jobId": 5}, {"startTime": 375760, "endTime": 378670, "taskId": 9, "workflowId": -1, "jobId": 7}, {"startTime": 381865, "endTime": 383865, "taskId": 8, "workflowId": -1, "jobId": 6}, {"startTime": 383865, "endTime": 389031, "taskId": 5, "workflowId": -1, "jobId": 10}, {"startTime": 389031, "endTime": 393678, "taskId": 2, "workflowId": -1, "jobId": 12}, {"startTime": 395098, "endTime": 402096, "taskId": 6, "workflowId": -1, "jobId": 9}, {"startTime": 416995, "endTime": 423198, "taskId": 2, "workflowId": -1, "jobId": 13}, {"startTime": 424155, "endTime": 427535, "taskId": 9, "workflowId": -1, "jobId": 8}, {"startTime": 428349, "endTime": 431152, "taskId": 1, "workflowId": -1, "jobId": 14}, {"startTime": 435875, "endTime": 439859, "taskId": 8, "workflowId": -1, "jobId": 7}, {"startTime": 439859, "endTime": 442303, "taskId": 6, "workflowId": -1, "jobId": 10}, {"startTime": 446515, "endTime": 452718, "taskId": 2, "workflowId": -1, "jobId": 14}, {"startTime": 453512, "endTime": 453850, "taskId": 3, "workflowId": -1, "jobId": 13}, {"startTime": 453850, "endTime": 459193, "taskId": 1, "workflowId": -1, "jobId": 15}]}, {"frequency": 2.83, "activePower": 95.4, "idlePower": 49.6, "memory": 2, "allocations": [{"startTime": 32011, "endTime": 33159, "taskId": 4, "workflowId": 0, "jobId": -1}, {"startTime": 33159, "endTime": 33235, "taskId": 5, "workflowId": 0, "jobId": -1}, {"startTime": 33235, "endTime": 33391, "taskId": 6, "workflowId": 0, "jobId": -1}, {"startTime": 33391, "endTime": 39594, "taskId": 2, "workflowId": -1, "jobId": 0}, {"startTime": 39594, "endTime": 40333, "taskId": 12, "workflowId": 0, "jobId": -1}, {"startTime": 40333, "endTime": 40536, "taskId": 9, "workflowId": 0, "jobId": -1}, {"startTime": 40536, "endTime": 41835, "taskId": 9, "workflowId": 0, "jobId": -1}, {"startTime": 41835, "endTime": 43466, "taskId": 10, "workflowId": 0, "jobId": -1}, {"startTime": 43466, "endTime": 44032, "taskId": 11, "workflowId": 0, "jobId": -1}, {"startTime": 44032, "endTime": 44345, "taskId": 15, "workflowId": 0, "jobId": -1}, {"startTime": 44345, "endTime": 45543, "taskId": 14, "workflowId": 0, "jobId": -1}, {"startTime": 45543, "endTime": 45856, "taskId": 14, "workflowId": 0, "jobId": -1}, {"startTime": 45856, "endTime": 46284, "taskId": 8, "workflowId": -1, "jobId": 0}, {"startTime": 46284, "endTime": 47240, "taskId": 19, "workflowId": 0, "jobId": -1}, {"startTime": 47240, "endTime": 48578, "taskId": 7, "workflowId": -1, "jobId": 0}, {"startTime": 48578, "endTime": 49724, "taskId": 9, "workflowId": -1, "jobId": 0}, {"startTime": 49724, "endTime": 51958, "taskId": 9, "workflowId": -1, "jobId": 0}, {"startTime": 56477, "endTime": 58505, "taskId": 11, "workflowId": -1, "jobId": 0}, {"startTime": 61276, "endTime": 66619, "taskId": 1, "workflowId": -1, "jobId": 1}, {"startTime": 84063, "endTime": 85480, "taskId": 9, "workflowId": -1, "jobId": 1}, {"startTime": 87333, "endTime": 89038, "taskId": 2, "workflowId": 1, "jobId": -1}, {"startTime": 89038, "endTime": 89039, "taskId": 9, "workflowId": 1, "jobId": -1}, {"startTime": 89039, "endTime": 89318, "taskId": 5, "workflowId": 1, "jobId": -1}, {"startTime": 89318, "endTime": 90114, "taskId": 10, "workflowId": 1, "jobId": -1}, {"startTime": 90114, "endTime": 90797, "taskId": 8, "workflowId": 1, "jobId": -1}, {"startTime": 90797, "endTime": 91127, "taskId": 8, "workflowId": 1, "jobId": -1}, {"startTime": 91127, "endTime": 91143, "taskId": 8, "workflowId": 1, "jobId": -1}, {"startTime": 91143, "endTime": 92156, "taskId": 9, "workflowId": 1, "jobId": -1}, {"startTime": 92156, "endTime": 92275, "taskId": 12, "workflowId": 1, "jobId": -1}, {"startTime": 92275, "endTime": 92884, "taskId": 7, "workflowId": 1, "jobId": -1}, {"startTime": 92884, "endTime": 93294, "taskId": 11, "workflowId": 1, "jobId": -1}, {"startTime": 93294, "endTime": 93840, "taskId": 11, "workflowId": 1, "jobId": -1}, {"startTime": 93840, "endTime": 93920, "taskId": 11, "workflowId": 1, "jobId": -1}, {"startTime": 93920, "endTime": 94825, "taskId": 18, "workflowId": 1, "jobId": -1}, {"startTime": 94825, "endTime": 96253, "taskId": 16, "workflowId": 1, "jobId": -1}, {"startTime": 96253, "endTime": 96254, "taskId": 21, "workflowId": 1, "jobId": -1}, {"startTime": 96254, "endTime": 96922, "taskId": 20, "workflowId": 1, "jobId": -1}, {"startTime": 96922, "endTime": 97718, "taskId": 20, "workflowId": 1, "jobId": -1}, {"startTime": 97718, "endTime": 97894, "taskId": 0, "workflowId": 3, "jobId": -1}, {"startTime": 97894, "endTime": 103361, "taskId": 8, "workflowId": -1, "jobId": 1}, {"startTime": 103361, "endTime": 106222, "taskId": 5, "workflowId": -1, "jobId": 2}, {"startTime": 106222, "endTime": 109355, "taskId": 5, "workflowId": -1, "jobId": 2}, {"startTime": 109355, "endTime": 110463, "taskId": 12, "workflowId": 3, "jobId": -1}, {"startTime": 110463, "endTime": 111046, "taskId": 16, "workflowId": 3, "jobId": -1}, {"startTime": 111046, "endTime": 112738, "taskId": 15, "workflowId": 3, "jobId": -1}, {"startTime": 113649, "endTime": 113994, "taskId": 18, "workflowId": 3, "jobId": -1}, {"startTime": 113994, "endTime": 114661, "taskId": 20, "workflowId": 3, "jobId": -1}, {"startTime": 114661, "endTime": 115681, "taskId": 21, "workflowId": 3, "jobId": -1}, {"startTime": 116489, "endTime": 117613, "taskId": 22, "workflowId": 3, "jobId": -1}, {"startTime": 117613, "endTime": 118385, "taskId": 24, "workflowId": 3, "jobId": -1}, {"startTime": 130672, "endTime": 133156, "taskId": 10, "workflowId": -1, "jobId": 3}, {"startTime": 149445, "endTime": 153856, "taskId": 8, "workflowId": -1, "jobId": 2}, {"startTime": 153856, "endTime": 160854, "taskId": 6, "workflowId": -1, "jobId": 3}, {"startTime": 163151, "endTime": 165635, "taskId": 10, "workflowId": -1, "jobId": 4}, {"startTime": 166051, "endTime": 166407, "taskId": 0, "workflowId": 2, "jobId": -1}, {"startTime": 166407, "endTime": 167020, "taskId": 1, "workflowId": 2, "jobId": -1}, {"startTime": 167020, "endTime": 167698, "taskId": 3, "workflowId": 2, "jobId": -1}, {"startTime": 167698, "endTime": 169020, "taskId": 4, "workflowId": 2, "jobId": -1}, {"startTime": 169020, "endTime": 169962, "taskId": 7, "workflowId": 2, "jobId": -1}, {"startTime": 169962, "endTime": 170818, "taskId": 13, "workflowId": 2, "jobId": -1}, {"startTime": 170818, "endTime": 172181, "taskId": 11, "workflowId": 2, "jobId": -1}, {"startTime": 172181, "endTime": 173138, "taskId": 17, "workflowId": 2, "jobId": -1}, {"startTime": 173138, "endTime": 173440, "taskId": 19, "workflowId": 2, "jobId": -1}, {"startTime": 173440, "endTime": 173487, "taskId": 24, "workflowId": 2, "jobId": -1}, {"startTime": 173487, "endTime": 173781, "taskId": 5, "workflowId": -1, "jobId": 4}, {"startTime": 173781, "endTime": 174487, "taskId": 5, "workflowId": -1, "jobId": 4}, {"startTime": 174487, "endTime": 174828, "taskId": 5, "workflowId": -1, "jobId": 4}, {"startTime": 174828, "endTime": 176069, "taskId": 5, "workflowId": -1, "jobId": 4}, {"startTime": 176069, "endTime": 179481, "taskId": 5, "workflowId": -1, "jobId": 4}, {"startTime": 195630, "endTime": 195929, "taskId": 10, "workflowId": -1, "jobId": 5}, {"startTime": 195929, "endTime": 201061, "taskId": 6, "workflowId": -1, "jobId": 4}, {"startTime": 210355, "endTime": 211133, "taskId": 8, "workflowId": -1, "jobId": 3}, {"startTime": 211133, "endTime": 214544, "taskId": 5, "workflowId": -1, "jobId": 5}, {"startTime": 228695, "endTime": 229522, "taskId": 9, "workflowId": -1, "jobId": 4}, {"startTime": 229522, "endTime": 230593, "taskId": 10, "workflowId": -1, "jobId": 6}, {"startTime": 230593, "endTime": 234270, "taskId": 11, "workflowId": -1, "jobId": 3}, {"startTime": 234270, "endTime": 241268, "taskId": 6, "workflowId": -1, "jobId": 5}, {"startTime": 242413, "endTime": 246078, "taskId": 2, "workflowId": -1, "jobId": 7}, {"startTime": 260588, "endTime": 261961, "taskId": 10, "workflowId": -1, "jobId": 7}, {"startTime": 261961, "endTime": 267090, "taskId": 3, "workflowId": -1, "jobId": 7}, {"startTime": 278676, "endTime": 280940, "taskId": 9, "workflowId": -1, "jobId": 5}, {"startTime": 288897, "endTime": 290947, "taskId": 1, "workflowId": -1, "jobId": 9}, {"startTime": 291867, "endTime": 299419, "taskId": 3, "workflowId": -1, "jobId": 8}, {"startTime": 313645, "endTime": 318988, "taskId": 1, "workflowId": -1, "jobId": 10}, {"startTime": 324196, "endTime": 329489, "taskId": 8, "workflowId": -1, "jobId": 5}, {"startTime": 357955, "endTime": 358623, "taskId": 6, "workflowId": -1, "jobId": 8}, {"startTime": 358623, "endTime": 364077, "taskId": 3, "workflowId": -1, "jobId": 10}, {"startTime": 364077, "endTime": 364235, "taskId": 10, "workflowId": -1, "jobId": 10}, {"startTime": 383865, "endTime": 387009, "taskId": 8, "workflowId": -1, "jobId": 6}, {"startTime": 388854, "endTime": 389031, "taskId": 3, "workflowId": -1, "jobId": 11}, {"startTime": 389031, "endTime": 389859, "taskId": 5, "workflowId": -1, "jobId": 10}, {"startTime": 390504, "endTime": 392988, "taskId": 10, "workflowId": -1, "jobId": 11}, {"startTime": 418928, "endTime": 421183, "taskId": 5, "workflowId": -1, "jobId": 11}, {"startTime": 421183, "endTime": 428735, "taskId": 3, "workflowId": -1, "jobId": 12}, {"startTime": 439859, "endTime": 444529, "taskId": 8, "workflowId": -1, "jobId": 7}, {"startTime": 453850, "endTime": 461064, "taskId": 3, "workflowId": -1, "jobId": 13}]}, {"frequency": 2.83, "activePower": 95.4, "idlePower": 49.6, "memory": 2, "allocations": [{"startTime": 32011, "endTime": 33292, "taskId": 2, "workflowId": 0, "jobId": -1}, {"startTime": 33292, "endTime": 38635, "taskId": 1, "workflowId": -1, "jobId": 0}, {"startTime": 38635, "endTime": 46187, "taskId": 3, "workflowId": -1, "jobId": 0}, {"startTime": 46187, "endTime": 46284, "taskId": 7, "workflowId": -1, "jobId": 0}, {"startTime": 46284, "endTime": 48167, "taskId": 8, "workflowId": -1, "jobId": 0}, {"startTime": 48167, "endTime": 48671, "taskId": 8, "workflowId": -1, "jobId": 0}, {"startTime": 48671, "endTime": 54510, "taskId": 8, "workflowId": -1, "jobId": 0}, {"startTime": 65564, "endTime": 73116, "taskId": 3, "workflowId": -1, "jobId": 1}, {"startTime": 88375, "endTime": 89971, "taskId": 3, "workflowId": 1, "jobId": -1}, {"startTime": 89971, "endTime": 91450, "taskId": 5, "workflowId": 1, "jobId": -1}, {"startTime": 91450, "endTime": 92178, "taskId": 6, "workflowId": 1, "jobId": -1}, {"startTime": 92178, "endTime": 92275, "taskId": 11, "workflowId": 1, "jobId": -1}, {"startTime": 92275, "endTime": 93294, "taskId": 12, "workflowId": 1, "jobId": -1}, {"startTime": 93294, "endTime": 93311, "taskId": 13, "workflowId": 1, "jobId": -1}, {"startTime": 93311, "endTime": 93890, "taskId": 13, "workflowId": 1, "jobId": -1}, {"startTime": 93890, "endTime": 94436, "taskId": 17, "workflowId": 1, "jobId": -1}, {"startTime": 94436, "endTime": 94821, "taskId": 15, "workflowId": 1, "jobId": -1}, {"startTime": 94821, "endTime": 94961, "taskId": 15, "workflowId": 1, "jobId": -1}, {"startTime": 94961, "endTime": 96537, "taskId": 19, "workflowId": 1, "jobId": -1}, {"startTime": 96537, "endTime": 97205, "taskId": 21, "workflowId": 1, "jobId": -1}, {"startTime": 97205, "endTime": 97658, "taskId": 23, "workflowId": 1, "jobId": -1}, {"startTime": 97658, "endTime": 98326, "taskId": 23, "workflowId": 1, "jobId": -1}, {"startTime": 98326, "endTime": 98697, "taskId": 0, "workflowId": 3, "jobId": -1}, {"startTime": 98697, "endTime": 99422, "taskId": 3, "workflowId": 3, "jobId": -1}, {"startTime": 99422, "endTime": 100504, "taskId": 1, "workflowId": 3, "jobId": -1}, {"startTime": 100504, "endTime": 101817, "taskId": 10, "workflowId": -1, "jobId": 2}, {"startTime": 101817, "endTime": 102642, "taskId": 10, "workflowId": -1, "jobId": 2}, {"startTime": 102642, "endTime": 102961, "taskId": 5, "workflowId": 3, "jobId": -1}, {"startTime": 102961, "endTime": 103111, "taskId": 7, "workflowId": -1, "jobId": 1}, {"startTime": 103111, "endTime": 103361, "taskId": 7, "workflowId": -1, "jobId": 1}, {"startTime": 103361, "endTime": 103700, "taskId": 8, "workflowId": -1, "jobId": 1}, {"startTime": 103700, "endTime": 103934, "taskId": 8, "workflowId": -1, "jobId": 1}, {"startTime": 103934, "endTime": 104016, "taskId": 8, "workflowId": -1, "jobId": 1}, {"startTime": 104016, "endTime": 104166, "taskId": 8, "workflowId": -1, "jobId": 1}, {"startTime": 104166, "endTime": 104989, "taskId": 8, "workflowId": -1, "jobId": 1}, {"startTime": 104989, "endTime": 104992, "taskId": 8, "workflowId": -1, "jobId": 1}, {"startTime": 104992, "endTime": 106047, "taskId": 8, "workflowId": -1, "jobId": 1}, {"startTime": 106047, "endTime": 106222, "taskId": 8, "workflowId": -1, "jobId": 1}, {"startTime": 106222, "endTime": 107045, "taskId": 8, "workflowId": 3, "jobId": -1}, {"startTime": 107045, "endTime": 107907, "taskId": 6, "workflowId": 3, "jobId": -1}, {"startTime": 107907, "endTime": 115246, "taskId": 11, "workflowId": -1, "jobId": 1}, {"startTime": 115246, "endTime": 116489, "taskId": 19, "workflowId": 3, "jobId": -1}, {"startTime": 117613, "endTime": 119047, "taskId": 23, "workflowId": 3, "jobId": -1}, {"startTime": 130965, "endTime": 134345, "taskId": 9, "workflowId": -1, "jobId": 2}, {"startTime": 153856, "endTime": 156929, "taskId": 8, "workflowId": -1, "jobId": 2}, {"startTime": 163589, "endTime": 166407, "taskId": 11, "workflowId": -1, "jobId": 2}, {"startTime": 166407, "endTime": 167262, "taskId": 2, "workflowId": 2, "jobId": -1}, {"startTime": 167262, "endTime": 168142, "taskId": 6, "workflowId": 2, "jobId": -1}, {"startTime": 168142, "endTime": 169163, "taskId": 8, "workflowId": 2, "jobId": -1}, {"startTime": 169163, "endTime": 170019, "taskId": 9, "workflowId": 2, "jobId": -1}, {"startTime": 170019, "endTime": 170529, "taskId": 9, "workflowId": 2, "jobId": -1}, {"startTime": 170529, "endTime": 171780, "taskId": 12, "workflowId": 2, "jobId": -1}, {"startTime": 171780, "endTime": 172458, "taskId": 16, "workflowId": 2, "jobId": -1}, {"startTime": 172458, "endTime": 173487, "taskId": 21, "workflowId": 2, "jobId": -1}, {"startTime": 173487, "endTime": 173781, "taskId": 24, "workflowId": 2, "jobId": -1}, {"startTime": 173781, "endTime": 173973, "taskId": 19, "workflowId": 2, "jobId": -1}, {"startTime": 173973, "endTime": 174502, "taskId": 21, "workflowId": 2, "jobId": -1}, {"startTime": 174502, "endTime": 175257, "taskId": 19, "workflowId": 2, "jobId": -1}, {"startTime": 175257, "endTime": 175357, "taskId": 19, "workflowId": 2, "jobId": -1}, {"startTime": 175357, "endTime": 175633, "taskId": 22, "workflowId": 2, "jobId": -1}, {"startTime": 175633, "endTime": 176974, "taskId": 22, "workflowId": 2, "jobId": -1}, {"startTime": 176974, "endTime": 178215, "taskId": 23, "workflowId": 2, "jobId": -1}, {"startTime": 178215, "endTime": 182736, "taskId": 11, "workflowId": -1, "jobId": 2}, {"startTime": 195929, "endTime": 198114, "taskId": 10, "workflowId": -1, "jobId": 5}, {"startTime": 211133, "endTime": 214449, "taskId": 8, "workflowId": -1, "jobId": 3}, {"startTime": 228766, "endTime": 229522, "taskId": 11, "workflowId": -1, "jobId": 3}, {"startTime": 229522, "endTime": 232075, "taskId": 9, "workflowId": -1, "jobId": 4}, {"startTime": 234270, "endTime": 237176, "taskId": 11, "workflowId": -1, "jobId": 3}, {"startTime": 239875, "endTime": 241026, "taskId": 7, "workflowId": -1, "jobId": 3}, {"startTime": 243613, "endTime": 249607, "taskId": 5, "workflowId": -1, "jobId": 6}, {"startTime": 261961, "endTime": 263072, "taskId": 10, "workflowId": -1, "jobId": 7}, {"startTime": 265655, "endTime": 271969, "taskId": 8, "workflowId": -1, "jobId": 4}, {"startTime": 293067, "endTime": 295551, "taskId": 10, "workflowId": -1, "jobId": 8}, {"startTime": 313739, "endTime": 319733, "taskId": 5, "workflowId": -1, "jobId": 8}, {"startTime": 326425, "endTime": 329805, "taskId": 9, "workflowId": -1, "jobId": 6}, {"startTime": 358025, "endTime": 358623, "taskId": 10, "workflowId": -1, "jobId": 10}, {"startTime": 358623, "endTime": 361889, "taskId": 6, "workflowId": -1, "jobId": 8}, {"startTime": 361889, "endTime": 363617, "taskId": 10, "workflowId": -1, "jobId": 10}, {"startTime": 363617, "endTime": 363775, "taskId": 0, "workflowId": -1, "jobId": 13}, {"startTime": 363775, "endTime": 370746, "taskId": 0, "workflowId": -1, "jobId": 13}, {"startTime": 389031, "endTime": 396406, "taskId": 3, "workflowId": -1, "jobId": 11}, {"startTime": 421183, "endTime": 424922, "taskId": 5, "workflowId": -1, "jobId": 11}, {"startTime": 424922, "endTime": 432261, "taskId": 11, "workflowId": -1, "jobId": 6}, {"startTime": 453991, "endTime": 459985, "taskId": 5, "workflowId": -1, "jobId": 12}]}]