[{"frequency": 1.5, "activePower": 8, "idlePower": 2.7, "memory": 2, "allocations": [{"startTime": 22755, "endTime": 38627, "taskId": 1, "workflowId": -1, "jobId": 0}, {"startTime": 38627, "endTime": 40743, "taskId": 0, "workflowId": 3, "jobId": -1}, {"startTime": 40744, "endTime": 43981, "taskId": 2, "workflowId": 3, "jobId": -1}, {"startTime": 43981, "endTime": 45913, "taskId": 3, "workflowId": 3, "jobId": -1}, {"startTime": 45914, "endTime": 47676, "taskId": 4, "workflowId": 3, "jobId": -1}, {"startTime": 47676, "endTime": 50470, "taskId": 7, "workflowId": 3, "jobId": -1}, {"startTime": 50470, "endTime": 51842, "taskId": 9, "workflowId": 3, "jobId": -1}, {"startTime": 51842, "endTime": 52002, "taskId": 15, "workflowId": 3, "jobId": -1}, {"startTime": 52002, "endTime": 67874, "taskId": 1, "workflowId": -1, "jobId": 1}, {"startTime": 67874, "endTime": 68324, "taskId": 4, "workflowId": 2, "jobId": -1}, {"startTime": 68324, "endTime": 69258, "taskId": 4, "workflowId": 2, "jobId": -1}, {"startTime": 69258, "endTime": 69432, "taskId": 4, "workflowId": 2, "jobId": -1}, {"startTime": 69432, "endTime": 69675, "taskId": 4, "workflowId": 2, "jobId": -1}, {"startTime": 69675, "endTime": 70560, "taskId": 3, "workflowId": 2, "jobId": -1}, {"startTime": 70560, "endTime": 70586, "taskId": 3, "workflowId": 2, "jobId": -1}, {"startTime": 70586, "endTime": 70772, "taskId": 3, "workflowId": 2, "jobId": -1}, {"startTime": 70772, "endTime": 71939, "taskId": 3, "workflowId": 2, "jobId": -1}, {"startTime": 71939, "endTime": 72021, "taskId": 1, "workflowId": 2, "jobId": -1}, {"startTime": 72021, "endTime": 73154, "taskId": 1, "workflowId": 2, "jobId": -1}, {"startTime": 73154, "endTime": 73405, "taskId": 12, "workflowId": 2, "jobId": -1}, {"startTime": 73405, "endTime": 73858, "taskId": 12, "workflowId": 2, "jobId": -1}, {"startTime": 73858, "endTime": 73991, "taskId": 12, "workflowId": 2, "jobId": -1}, {"startTime": 73991, "endTime": 74308, "taskId": 16, "workflowId": 2, "jobId": -1}, {"startTime": 74308, "endTime": 75173, "taskId": 16, "workflowId": 2, "jobId": -1}, {"startTime": 75173, "endTime": 75497, "taskId": 16, "workflowId": 2, "jobId": -1}, {"startTime": 75497, "endTime": 75769, "taskId": 18, "workflowId": 2, "jobId": -1}, {"startTime": 75769, "endTime": 76132, "taskId": 18, "workflowId": 2, "jobId": -1}, {"startTime": 76132, "endTime": 76238, "taskId": 18, "workflowId": 2, "jobId": -1}, {"startTime": 76238, "endTime": 76847, "taskId": 18, "workflowId": 2, "jobId": -1}, {"startTime": 76847, "endTime": 77162, "taskId": 18, "workflowId": 2, "jobId": -1}, {"startTime": 77162, "endTime": 77534, "taskId": 13, "workflowId": 2, "jobId": -1}, {"startTime": 77534, "endTime": 78192, "taskId": 13, "workflowId": 2, "jobId": -1}, {"startTime": 78814, "endTime": 80198, "taskId": 17, "workflowId": 3, "jobId": -1}, {"startTime": 80329, "endTime": 81249, "taskId": 13, "workflowId": 3, "jobId": -1}, {"startTime": 81249, "endTime": 81629, "taskId": 1, "workflowId": -1, "jobId": 2}, {"startTime": 81629, "endTime": 81799, "taskId": 1, "workflowId": -1, "jobId": 2}, {"startTime": 81799, "endTime": 97121, "taskId": 1, "workflowId": -1, "jobId": 2}, {"startTime": 97121, "endTime": 99617, "taskId": 6, "workflowId": -1, "jobId": 2}, {"startTime": 99617, "endTime": 100087, "taskId": 4, "workflowId": -1, "jobId": 1}, {"startTime": 100087, "endTime": 111004, "taskId": 0, "workflowId": -1, "jobId": 2}, {"startTime": 114927, "endTime": 115857, "taskId": 6, "workflowId": -1, "jobId": 3}, {"startTime": 115857, "endTime": 132324, "taskId": 3, "workflowId": -1, "jobId": 3}, {"startTime": 133365, "endTime": 138753, "taskId": 5, "workflowId": -1, "jobId": 3}, {"startTime": 138753, "endTime": 139743, "taskId": 0, "workflowId": -1, "jobId": 3}, {"startTime": 139743, "endTime": 155615, "taskId": 1, "workflowId": -1, "jobId": 4}, {"startTime": 155615, "endTime": 160117, "taskId": 7, "workflowId": -1, "jobId": 4}, {"startTime": 160117, "endTime": 163131, "taskId": 0, "workflowId": 1, "jobId": -1}, {"startTime": 163131, "endTime": 164127, "taskId": 1, "workflowId": 1, "jobId": -1}, {"startTime": 164127, "endTime": 165060, "taskId": 6, "workflowId": 1, "jobId": -1}, {"startTime": 165060, "endTime": 165974, "taskId": 7, "workflowId": 1, "jobId": -1}, {"startTime": 165974, "endTime": 167548, "taskId": 8, "workflowId": 1, "jobId": -1}, {"startTime": 167548, "endTime": 168990, "taskId": 7, "workflowId": -1, "jobId": 4}, {"startTime": 168990, "endTime": 184862, "taskId": 1, "workflowId": -1, "jobId": 5}, {"startTime": 184862, "endTime": 187414, "taskId": 4, "workflowId": -1, "jobId": 2}, {"startTime": 187414, "endTime": 189821, "taskId": 7, "workflowId": -1, "jobId": 4}, {"startTime": 189821, "endTime": 198237, "taskId": 7, "workflowId": -1, "jobId": 5}, {"startTime": 198237, "endTime": 214109, "taskId": 1, "workflowId": -1, "jobId": 6}, {"startTime": 215694, "endTime": 217500, "taskId": 0, "workflowId": 0, "jobId": -1}, {"startTime": 217500, "endTime": 219274, "taskId": 3, "workflowId": 0, "jobId": -1}, {"startTime": 219274, "endTime": 221118, "taskId": 1, "workflowId": 0, "jobId": -1}, {"startTime": 221118, "endTime": 221716, "taskId": 5, "workflowId": 0, "jobId": -1}, {"startTime": 221716, "endTime": 223342, "taskId": 5, "workflowId": 0, "jobId": -1}, {"startTime": 223342, "endTime": 226007, "taskId": 2, "workflowId": 0, "jobId": -1}, {"startTime": 226007, "endTime": 227484, "taskId": 4, "workflowId": 0, "jobId": -1}, {"startTime": 227484, "endTime": 228282, "taskId": 1, "workflowId": -1, "jobId": 7}, {"startTime": 228282, "endTime": 243356, "taskId": 1, "workflowId": -1, "jobId": 7}, {"startTime": 243975, "endTime": 248729, "taskId": 5, "workflowId": -1, "jobId": 6}, {"startTime": 248729, "endTime": 259795, "taskId": 2, "workflowId": -1, "jobId": 7}, {"startTime": 259795, "endTime": 270951, "taskId": 7, "workflowId": -1, "jobId": 7}, {"startTime": 271027, "endTime": 287494, "taskId": 3, "workflowId": -1, "jobId": 8}, {"startTime": 293417, "endTime": 304334, "taskId": 0, "workflowId": -1, "jobId": 7}, {"startTime": 313293, "endTime": 315225, "taskId": 2, "workflowId": -1, "jobId": 9}, {"startTime": 315225, "endTime": 331097, "taskId": 1, "workflowId": -1, "jobId": 10}, {"startTime": 332083, "endTime": 333095, "taskId": 0, "workflowId": -1, "jobId": 8}, {"startTime": 333095, "endTime": 349562, "taskId": 3, "workflowId": -1, "jobId": 10}, {"startTime": 354585, "endTime": 361097, "taskId": 5, "workflowId": -1, "jobId": 9}, {"startTime": 364129, "endTime": 380596, "taskId": 3, "workflowId": -1, "jobId": 11}, {"startTime": 380596, "endTime": 391455, "taskId": 7, "workflowId": -1, "jobId": 11}, {"startTime": 391455, "endTime": 395163, "taskId": 5, "workflowId": -1, "jobId": 10}, {"startTime": 395163, "endTime": 411630, "taskId": 3, "workflowId": -1, "jobId": 12}, {"startTime": 411630, "endTime": 417926, "taskId": 4, "workflowId": -1, "jobId": 5}, {"startTime": 417926, "endTime": 426197, "taskId": 7, "workflowId": -1, "jobId": 12}, {"startTime": 426197, "endTime": 442664, "taskId": 3, "workflowId": -1, "jobId": 13}, {"startTime": 444332, "endTime": 448081, "taskId": 7, "workflowId": -1, "jobId": 13}, {"startTime": 448081, "endTime": 458998, "taskId": 0, "workflowId": -1, "jobId": 11}, {"startTime": 461460, "endTime": 477332, "taskId": 1, "workflowId": -1, "jobId": 15}]}, {"frequency": 1.5, "activePower": 8, "idlePower": 2.7, "memory": 2, "allocations": [{"startTime": 22755, "endTime": 39222, "taskId": 3, "workflowId": -1, "jobId": 0}, {"startTime": 39222, "endTime": 52786, "taskId": 6, "workflowId": -1, "jobId": 0}, {"startTime": 52786, "endTime": 53479, "taskId": 16, "workflowId": 3, "jobId": -1}, {"startTime": 53479, "endTime": 53789, "taskId": 6, "workflowId": -1, "jobId": 1}, {"startTime": 53789, "endTime": 54170, "taskId": 3, "workflowId": -1, "jobId": 1}, {"startTime": 54170, "endTime": 55716, "taskId": 3, "workflowId": -1, "jobId": 1}, {"startTime": 55716, "endTime": 70256, "taskId": 3, "workflowId": -1, "jobId": 1}, {"startTime": 70256, "endTime": 71814, "taskId": 9, "workflowId": 2, "jobId": -1}, {"startTime": 71814, "endTime": 72968, "taskId": 9, "workflowId": 2, "jobId": -1}, {"startTime": 72968, "endTime": 73154, "taskId": 9, "workflowId": 2, "jobId": -1}, {"startTime": 73154, "endTime": 73858, "taskId": 1, "workflowId": 2, "jobId": -1}, {"startTime": 73858, "endTime": 73991, "taskId": 5, "workflowId": 2, "jobId": -1}, {"startTime": 73991, "endTime": 74352, "taskId": 12, "workflowId": 2, "jobId": -1}, {"startTime": 74352, "endTime": 74434, "taskId": 12, "workflowId": 2, "jobId": -1}, {"startTime": 74434, "endTime": 74526, "taskId": 12, "workflowId": 2, "jobId": -1}, {"startTime": 74526, "endTime": 74600, "taskId": 12, "workflowId": 2, "jobId": -1}, {"startTime": 74600, "endTime": 75173, "taskId": 12, "workflowId": 2, "jobId": -1}, {"startTime": 75173, "endTime": 75880, "taskId": 15, "workflowId": 2, "jobId": -1}, {"startTime": 75880, "endTime": 75910, "taskId": 15, "workflowId": 2, "jobId": -1}, {"startTime": 75910, "endTime": 77007, "taskId": 15, "workflowId": 2, "jobId": -1}, {"startTime": 77007, "endTime": 77341, "taskId": 5, "workflowId": 2, "jobId": -1}, {"startTime": 77341, "endTime": 77616, "taskId": 5, "workflowId": 2, "jobId": -1}, {"startTime": 77616, "endTime": 78037, "taskId": 2, "workflowId": 2, "jobId": -1}, {"startTime": 78037, "endTime": 78896, "taskId": 2, "workflowId": 2, "jobId": -1}, {"startTime": 78896, "endTime": 79243, "taskId": 11, "workflowId": 3, "jobId": -1}, {"startTime": 79243, "endTime": 80704, "taskId": 12, "workflowId": 3, "jobId": -1}, {"startTime": 80704, "endTime": 81249, "taskId": 11, "workflowId": 3, "jobId": -1}, {"startTime": 81249, "endTime": 81273, "taskId": 6, "workflowId": -1, "jobId": 1}, {"startTime": 81273, "endTime": 81799, "taskId": 6, "workflowId": -1, "jobId": 1}, {"startTime": 81799, "endTime": 84823, "taskId": 6, "workflowId": -1, "jobId": 1}, {"startTime": 84823, "endTime": 101290, "taskId": 3, "workflowId": -1, "jobId": 2}, {"startTime": 101290, "endTime": 106049, "taskId": 6, "workflowId": -1, "jobId": 2}, {"startTime": 110496, "endTime": 126368, "taskId": 1, "workflowId": -1, "jobId": 3}, {"startTime": 126368, "endTime": 138753, "taskId": 7, "workflowId": -1, "jobId": 3}, {"startTime": 138753, "endTime": 139743, "taskId": 5, "workflowId": -1, "jobId": 3}, {"startTime": 139743, "endTime": 149670, "taskId": 0, "workflowId": -1, "jobId": 3}, {"startTime": 151883, "endTime": 162949, "taskId": 2, "workflowId": -1, "jobId": 4}, {"startTime": 163131, "endTime": 164265, "taskId": 2, "workflowId": 1, "jobId": -1}, {"startTime": 164265, "endTime": 166184, "taskId": 5, "workflowId": 1, "jobId": -1}, {"startTime": 166184, "endTime": 168934, "taskId": 10, "workflowId": 1, "jobId": -1}, {"startTime": 168990, "endTime": 170235, "taskId": 7, "workflowId": -1, "jobId": 4}, {"startTime": 170235, "endTime": 170788, "taskId": 5, "workflowId": -1, "jobId": 4}, {"startTime": 170788, "endTime": 172170, "taskId": 14, "workflowId": 1, "jobId": -1}, {"startTime": 172170, "endTime": 173853, "taskId": 5, "workflowId": -1, "jobId": 4}, {"startTime": 173853, "endTime": 175106, "taskId": 15, "workflowId": 1, "jobId": -1}, {"startTime": 175106, "endTime": 177082, "taskId": 17, "workflowId": 1, "jobId": -1}, {"startTime": 177082, "endTime": 177419, "taskId": 4, "workflowId": -1, "jobId": 2}, {"startTime": 177419, "endTime": 177925, "taskId": 0, "workflowId": -1, "jobId": 4}, {"startTime": 177925, "endTime": 194392, "taskId": 3, "workflowId": -1, "jobId": 5}, {"startTime": 198237, "endTime": 205512, "taskId": 7, "workflowId": -1, "jobId": 5}, {"startTime": 207099, "endTime": 207105, "taskId": 6, "workflowId": -1, "jobId": 6}, {"startTime": 207105, "endTime": 208959, "taskId": 5, "workflowId": -1, "jobId": 5}, {"startTime": 208959, "endTime": 225426, "taskId": 3, "workflowId": -1, "jobId": 6}, {"startTime": 225426, "endTime": 227120, "taskId": 6, "workflowId": 0, "jobId": -1}, {"startTime": 227120, "endTime": 227484, "taskId": 7, "workflowId": 0, "jobId": -1}, {"startTime": 227484, "endTime": 228282, "taskId": 4, "workflowId": 0, "jobId": -1}, {"startTime": 228282, "endTime": 229171, "taskId": 8, "workflowId": 0, "jobId": -1}, {"startTime": 229171, "endTime": 231464, "taskId": 8, "workflowId": 0, "jobId": -1}, {"startTime": 231464, "endTime": 233073, "taskId": 12, "workflowId": 0, "jobId": -1}, {"startTime": 233073, "endTime": 234227, "taskId": 13, "workflowId": 0, "jobId": -1}, {"startTime": 234861, "endTime": 237428, "taskId": 16, "workflowId": 0, "jobId": -1}, {"startTime": 237823, "endTime": 239993, "taskId": 6, "workflowId": -1, "jobId": 7}, {"startTime": 239993, "endTime": 256460, "taskId": 3, "workflowId": -1, "jobId": 7}, {"startTime": 256460, "endTime": 256731, "taskId": 7, "workflowId": -1, "jobId": 7}, {"startTime": 256731, "endTime": 272603, "taskId": 1, "workflowId": -1, "jobId": 8}, {"startTime": 280845, "endTime": 281011, "taskId": 5, "workflowId": -1, "jobId": 7}, {"startTime": 281011, "endTime": 292077, "taskId": 2, "workflowId": -1, "jobId": 8}, {"startTime": 299271, "endTime": 302061, "taskId": 6, "workflowId": -1, "jobId": 9}, {"startTime": 302061, "endTime": 318528, "taskId": 3, "workflowId": -1, "jobId": 9}, {"startTime": 318528, "endTime": 330203, "taskId": 7, "workflowId": -1, "jobId": 9}, {"startTime": 330203, "endTime": 333095, "taskId": 4, "workflowId": -1, "jobId": 4}, {"startTime": 333095, "endTime": 343000, "taskId": 0, "workflowId": -1, "jobId": 8}, {"startTime": 344472, "endTime": 360344, "taskId": 1, "workflowId": -1, "jobId": 11}, {"startTime": 360719, "endTime": 370749, "taskId": 6, "workflowId": -1, "jobId": 11}, {"startTime": 370749, "endTime": 373719, "taskId": 0, "workflowId": -1, "jobId": 9}, {"startTime": 373719, "endTime": 389591, "taskId": 1, "workflowId": -1, "jobId": 12}, {"startTime": 391443, "endTime": 391455, "taskId": 6, "workflowId": -1, "jobId": 12}, {"startTime": 391455, "endTime": 395163, "taskId": 7, "workflowId": -1, "jobId": 11}, {"startTime": 395163, "endTime": 397967, "taskId": 5, "workflowId": -1, "jobId": 10}, {"startTime": 402966, "endTime": 418838, "taskId": 1, "workflowId": -1, "jobId": 13}, {"startTime": 422167, "endTime": 426197, "taskId": 6, "workflowId": -1, "jobId": 13}, {"startTime": 426197, "endTime": 428325, "taskId": 7, "workflowId": -1, "jobId": 12}, {"startTime": 428325, "endTime": 432213, "taskId": 5, "workflowId": -1, "jobId": 11}, {"startTime": 432213, "endTime": 448085, "taskId": 1, "workflowId": -1, "jobId": 14}, {"startTime": 452891, "endTime": 457231, "taskId": 6, "workflowId": -1, "jobId": 14}, {"startTime": 457231, "endTime": 473698, "taskId": 3, "workflowId": -1, "jobId": 14}]}, {"frequency": 1.5, "activePower": 8, "idlePower": 2.7, "memory": 2, "allocations": [{"startTime": 22755, "endTime": 33821, "taskId": 2, "workflowId": -1, "jobId": 0}, {"startTime": 33821, "endTime": 43191, "taskId": 4, "workflowId": -1, "jobId": 0}, {"startTime": 45914, "endTime": 48470, "taskId": 6, "workflowId": 3, "jobId": -1}, {"startTime": 50470, "endTime": 52766, "taskId": 8, "workflowId": 3, "jobId": -1}, {"startTime": 52766, "endTime": 53789, "taskId": 14, "workflowId": 3, "jobId": -1}, {"startTime": 53789, "endTime": 54290, "taskId": 6, "workflowId": -1, "jobId": 1}, {"startTime": 54290, "endTime": 54520, "taskId": 6, "workflowId": -1, "jobId": 1}, {"startTime": 54520, "endTime": 55037, "taskId": 7, "workflowId": 2, "jobId": -1}, {"startTime": 55037, "endTime": 56326, "taskId": 2, "workflowId": -1, "jobId": 1}, {"startTime": 56326, "endTime": 56527, "taskId": 2, "workflowId": -1, "jobId": 1}, {"startTime": 56527, "endTime": 57002, "taskId": 2, "workflowId": -1, "jobId": 1}, {"startTime": 57002, "endTime": 57988, "taskId": 2, "workflowId": -1, "jobId": 1}, {"startTime": 57988, "endTime": 59630, "taskId": 2, "workflowId": -1, "jobId": 1}, {"startTime": 59630, "endTime": 61188, "taskId": 2, "workflowId": -1, "jobId": 1}, {"startTime": 61188, "endTime": 66103, "taskId": 2, "workflowId": -1, "jobId": 1}, {"startTime": 66103, "endTime": 67383, "taskId": 5, "workflowId": -1, "jobId": 1}, {"startTime": 67383, "endTime": 67833, "taskId": 5, "workflowId": -1, "jobId": 1}, {"startTime": 67833, "endTime": 67904, "taskId": 5, "workflowId": -1, "jobId": 1}, {"startTime": 67904, "endTime": 69277, "taskId": 5, "workflowId": -1, "jobId": 1}, {"startTime": 69277, "endTime": 70069, "taskId": 5, "workflowId": -1, "jobId": 1}, {"startTime": 70069, "endTime": 70817, "taskId": 5, "workflowId": -1, "jobId": 1}, {"startTime": 70817, "endTime": 71530, "taskId": 8, "workflowId": 2, "jobId": -1}, {"startTime": 71530, "endTime": 73991, "taskId": 8, "workflowId": 2, "jobId": -1}, {"startTime": 73991, "endTime": 75021, "taskId": 14, "workflowId": 2, "jobId": -1}, {"startTime": 75021, "endTime": 76426, "taskId": 14, "workflowId": 2, "jobId": -1}, {"startTime": 76426, "endTime": 77167, "taskId": 17, "workflowId": 2, "jobId": -1}, {"startTime": 77167, "endTime": 77456, "taskId": 17, "workflowId": 2, "jobId": -1}, {"startTime": 77456, "endTime": 77617, "taskId": 17, "workflowId": 2, "jobId": -1}, {"startTime": 77617, "endTime": 78683, "taskId": 17, "workflowId": 2, "jobId": -1}, {"startTime": 78683, "endTime": 78917, "taskId": 10, "workflowId": 3, "jobId": -1}, {"startTime": 78917, "endTime": 80329, "taskId": 13, "workflowId": 3, "jobId": -1}, {"startTime": 80329, "endTime": 81250, "taskId": 10, "workflowId": 3, "jobId": -1}, {"startTime": 81250, "endTime": 81630, "taskId": 13, "workflowId": 3, "jobId": -1}, {"startTime": 84203, "endTime": 84823, "taskId": 6, "workflowId": -1, "jobId": 2}, {"startTime": 84823, "endTime": 87319, "taskId": 6, "workflowId": -1, "jobId": 1}, {"startTime": 87319, "endTime": 98385, "taskId": 2, "workflowId": -1, "jobId": 2}, {"startTime": 98385, "endTime": 99617, "taskId": 7, "workflowId": -1, "jobId": 2}, {"startTime": 99617, "endTime": 100087, "taskId": 6, "workflowId": -1, "jobId": 2}, {"startTime": 100087, "endTime": 108987, "taskId": 4, "workflowId": -1, "jobId": 1}, {"startTime": 115857, "endTime": 119601, "taskId": 6, "workflowId": -1, "jobId": 3}, {"startTime": 119601, "endTime": 130667, "taskId": 2, "workflowId": -1, "jobId": 3}, {"startTime": 138754, "endTime": 139743, "taskId": 7, "workflowId": -1, "jobId": 3}, {"startTime": 139743, "endTime": 139877, "taskId": 5, "workflowId": -1, "jobId": 3}, {"startTime": 145651, "endTime": 146891, "taskId": 6, "workflowId": -1, "jobId": 4}, {"startTime": 146891, "endTime": 163358, "taskId": 3, "workflowId": -1, "jobId": 4}, {"startTime": 163358, "endTime": 165974, "taskId": 3, "workflowId": 1, "jobId": -1}, {"startTime": 165974, "endTime": 167512, "taskId": 7, "workflowId": 1, "jobId": -1}, {"startTime": 167512, "endTime": 170788, "taskId": 11, "workflowId": 1, "jobId": -1}, {"startTime": 170788, "endTime": 173133, "taskId": 13, "workflowId": 1, "jobId": -1}, {"startTime": 173133, "endTime": 173853, "taskId": 7, "workflowId": -1, "jobId": 4}, {"startTime": 173853, "endTime": 175106, "taskId": 5, "workflowId": -1, "jobId": 4}, {"startTime": 175106, "endTime": 177480, "taskId": 16, "workflowId": 1, "jobId": -1}, {"startTime": 177480, "endTime": 177925, "taskId": 4, "workflowId": -1, "jobId": 2}, {"startTime": 177925, "endTime": 188336, "taskId": 0, "workflowId": -1, "jobId": 4}, {"startTime": 188336, "endTime": 201900, "taskId": 6, "workflowId": -1, "jobId": 5}, {"startTime": 207105, "endTime": 208959, "taskId": 6, "workflowId": -1, "jobId": 6}, {"startTime": 208959, "endTime": 213617, "taskId": 5, "workflowId": -1, "jobId": 5}, {"startTime": 216085, "endTime": 216447, "taskId": 0, "workflowId": -1, "jobId": 5}, {"startTime": 216447, "endTime": 227513, "taskId": 2, "workflowId": -1, "jobId": 6}, {"startTime": 227513, "endTime": 229869, "taskId": 10, "workflowId": 0, "jobId": -1}, {"startTime": 229869, "endTime": 233073, "taskId": 9, "workflowId": 0, "jobId": -1}, {"startTime": 233073, "endTime": 233076, "taskId": 12, "workflowId": 0, "jobId": -1}, {"startTime": 233076, "endTime": 234861, "taskId": 15, "workflowId": 0, "jobId": -1}, {"startTime": 234861, "endTime": 238126, "taskId": 17, "workflowId": 0, "jobId": -1}, {"startTime": 239993, "endTime": 248729, "taskId": 6, "workflowId": -1, "jobId": 7}, {"startTime": 248729, "endTime": 250487, "taskId": 5, "workflowId": -1, "jobId": 6}, {"startTime": 250487, "endTime": 253341, "taskId": 7, "workflowId": -1, "jobId": 7}, {"startTime": 253341, "endTime": 254751, "taskId": 4, "workflowId": -1, "jobId": 3}, {"startTime": 254751, "endTime": 265668, "taskId": 0, "workflowId": -1, "jobId": 6}, {"startTime": 268547, "endTime": 281011, "taskId": 6, "workflowId": -1, "jobId": 8}, {"startTime": 281011, "endTime": 285978, "taskId": 5, "workflowId": -1, "jobId": 7}, {"startTime": 285978, "endTime": 301850, "taskId": 1, "workflowId": -1, "jobId": 9}, {"startTime": 302061, "endTime": 312835, "taskId": 6, "workflowId": -1, "jobId": 9}, {"startTime": 314616, "endTime": 315225, "taskId": 7, "workflowId": -1, "jobId": 9}, {"startTime": 315225, "endTime": 324359, "taskId": 2, "workflowId": -1, "jobId": 9}, {"startTime": 329995, "endTime": 330203, "taskId": 6, "workflowId": -1, "jobId": 10}, {"startTime": 330203, "endTime": 331120, "taskId": 7, "workflowId": -1, "jobId": 9}, {"startTime": 333095, "endTime": 339573, "taskId": 4, "workflowId": -1, "jobId": 4}, {"startTime": 345575, "endTime": 356641, "taskId": 2, "workflowId": -1, "jobId": 10}, {"startTime": 370749, "endTime": 373719, "taskId": 6, "workflowId": -1, "jobId": 11}, {"startTime": 373719, "endTime": 381666, "taskId": 0, "workflowId": -1, "jobId": 9}, {"startTime": 391455, "endTime": 395163, "taskId": 6, "workflowId": -1, "jobId": 12}, {"startTime": 395163, "endTime": 396287, "taskId": 7, "workflowId": -1, "jobId": 11}, {"startTime": 407065, "endTime": 409415, "taskId": 4, "workflowId": -1, "jobId": 5}, {"startTime": 409415, "endTime": 410139, "taskId": 0, "workflowId": -1, "jobId": 10}, {"startTime": 410139, "endTime": 421205, "taskId": 2, "workflowId": -1, "jobId": 12}, {"startTime": 426197, "endTime": 428325, "taskId": 6, "workflowId": -1, "jobId": 13}, {"startTime": 428325, "endTime": 432213, "taskId": 7, "workflowId": -1, "jobId": 12}, {"startTime": 432213, "endTime": 434837, "taskId": 5, "workflowId": -1, "jobId": 11}, {"startTime": 442421, "endTime": 453487, "taskId": 2, "workflowId": -1, "jobId": 13}, {"startTime": 457231, "endTime": 466455, "taskId": 6, "workflowId": -1, "jobId": 14}]}, {"frequency": 1.5, "activePower": 8, "idlePower": 2.7, "memory": 2, "allocations": [{"startTime": 22755, "endTime": 33672, "taskId": 0, "workflowId": -1, "jobId": 0}, {"startTime": 33672, "endTime": 40184, "taskId": 5, "workflowId": -1, "jobId": 0}, {"startTime": 40744, "endTime": 41915, "taskId": 1, "workflowId": 3, "jobId": -1}, {"startTime": 45914, "endTime": 47799, "taskId": 5, "workflowId": 3, "jobId": -1}, {"startTime": 51842, "endTime": 52002, "taskId": 16, "workflowId": 3, "jobId": -1}, {"startTime": 52002, "endTime": 53790, "taskId": 15, "workflowId": 3, "jobId": -1}, {"startTime": 53790, "endTime": 54291, "taskId": 14, "workflowId": 3, "jobId": -1}, {"startTime": 54291, "endTime": 54469, "taskId": 15, "workflowId": 3, "jobId": -1}, {"startTime": 54469, "endTime": 54520, "taskId": 15, "workflowId": 3, "jobId": -1}, {"startTime": 54520, "endTime": 54970, "taskId": 6, "workflowId": 2, "jobId": -1}, {"startTime": 54970, "endTime": 55037, "taskId": 6, "workflowId": 2, "jobId": -1}, {"startTime": 55037, "endTime": 55930, "taskId": 7, "workflowId": 2, "jobId": -1}, {"startTime": 55930, "endTime": 56326, "taskId": 7, "workflowId": 2, "jobId": -1}, {"startTime": 56326, "endTime": 56833, "taskId": 6, "workflowId": 2, "jobId": -1}, {"startTime": 56833, "endTime": 57181, "taskId": 6, "workflowId": 2, "jobId": -1}, {"startTime": 57181, "endTime": 57207, "taskId": 6, "workflowId": 2, "jobId": -1}, {"startTime": 57207, "endTime": 58122, "taskId": 6, "workflowId": 2, "jobId": -1}, {"startTime": 58122, "endTime": 58565, "taskId": 4, "workflowId": 2, "jobId": -1}, {"startTime": 58565, "endTime": 59097, "taskId": 4, "workflowId": 2, "jobId": -1}, {"startTime": 59097, "endTime": 59625, "taskId": 4, "workflowId": 2, "jobId": -1}, {"startTime": 59625, "endTime": 59919, "taskId": 5, "workflowId": -1, "jobId": 1}, {"startTime": 59919, "endTime": 61017, "taskId": 5, "workflowId": -1, "jobId": 1}, {"startTime": 61017, "endTime": 61380, "taskId": 5, "workflowId": -1, "jobId": 1}, {"startTime": 61380, "endTime": 61421, "taskId": 5, "workflowId": -1, "jobId": 1}, {"startTime": 61421, "endTime": 61426, "taskId": 0, "workflowId": -1, "jobId": 1}, {"startTime": 61426, "endTime": 62297, "taskId": 0, "workflowId": -1, "jobId": 1}, {"startTime": 62297, "endTime": 62747, "taskId": 0, "workflowId": -1, "jobId": 1}, {"startTime": 62747, "endTime": 62764, "taskId": 0, "workflowId": -1, "jobId": 1}, {"startTime": 62764, "endTime": 63690, "taskId": 0, "workflowId": -1, "jobId": 1}, {"startTime": 63690, "endTime": 63987, "taskId": 0, "workflowId": -1, "jobId": 1}, {"startTime": 63987, "endTime": 64984, "taskId": 0, "workflowId": -1, "jobId": 1}, {"startTime": 64984, "endTime": 65610, "taskId": 0, "workflowId": -1, "jobId": 1}, {"startTime": 65610, "endTime": 66137, "taskId": 0, "workflowId": -1, "jobId": 1}, {"startTime": 66137, "endTime": 66588, "taskId": 0, "workflowId": -1, "jobId": 1}, {"startTime": 66588, "endTime": 67168, "taskId": 0, "workflowId": -1, "jobId": 1}, {"startTime": 67168, "endTime": 67696, "taskId": 0, "workflowId": -1, "jobId": 1}, {"startTime": 67696, "endTime": 68401, "taskId": 0, "workflowId": -1, "jobId": 1}, {"startTime": 68401, "endTime": 68508, "taskId": 0, "workflowId": -1, "jobId": 1}, {"startTime": 68508, "endTime": 69157, "taskId": 0, "workflowId": -1, "jobId": 1}, {"startTime": 69157, "endTime": 69788, "taskId": 0, "workflowId": -1, "jobId": 1}, {"startTime": 69788, "endTime": 70238, "taskId": 0, "workflowId": -1, "jobId": 1}, {"startTime": 70238, "endTime": 70321, "taskId": 0, "workflowId": -1, "jobId": 1}, {"startTime": 70321, "endTime": 71601, "taskId": 0, "workflowId": -1, "jobId": 1}, {"startTime": 71601, "endTime": 72338, "taskId": 0, "workflowId": -1, "jobId": 1}, {"startTime": 72338, "endTime": 72474, "taskId": 5, "workflowId": 2, "jobId": -1}, {"startTime": 72474, "endTime": 73154, "taskId": 5, "workflowId": 2, "jobId": -1}, {"startTime": 73154, "endTime": 73837, "taskId": 11, "workflowId": 2, "jobId": -1}, {"startTime": 73837, "endTime": 73896, "taskId": 11, "workflowId": 2, "jobId": -1}, {"startTime": 73896, "endTime": 73935, "taskId": 11, "workflowId": 2, "jobId": -1}, {"startTime": 73935, "endTime": 73991, "taskId": 11, "workflowId": 2, "jobId": -1}, {"startTime": 73991, "endTime": 74732, "taskId": 10, "workflowId": 2, "jobId": -1}, {"startTime": 74732, "endTime": 75182, "taskId": 10, "workflowId": 2, "jobId": -1}, {"startTime": 75182, "endTime": 75298, "taskId": 10, "workflowId": 2, "jobId": -1}, {"startTime": 75298, "endTime": 76132, "taskId": 10, "workflowId": 2, "jobId": -1}, {"startTime": 76132, "endTime": 76945, "taskId": 10, "workflowId": 2, "jobId": -1}, {"startTime": 76945, "endTime": 77395, "taskId": 11, "workflowId": 2, "jobId": -1}, {"startTime": 77395, "endTime": 77554, "taskId": 11, "workflowId": 2, "jobId": -1}, {"startTime": 77554, "endTime": 77686, "taskId": 11, "workflowId": 2, "jobId": -1}, {"startTime": 77686, "endTime": 78136, "taskId": 15, "workflowId": 3, "jobId": -1}, {"startTime": 78136, "endTime": 79790, "taskId": 16, "workflowId": 3, "jobId": -1}, {"startTime": 79790, "endTime": 80372, "taskId": 16, "workflowId": 3, "jobId": -1}, {"startTime": 81250, "endTime": 81318, "taskId": 10, "workflowId": 3, "jobId": -1}, {"startTime": 81318, "endTime": 81342, "taskId": 11, "workflowId": 3, "jobId": -1}, {"startTime": 84824, "endTime": 87319, "taskId": 6, "workflowId": -1, "jobId": 2}, {"startTime": 87319, "endTime": 93771, "taskId": 6, "workflowId": -1, "jobId": 1}, {"startTime": 93771, "endTime": 96495, "taskId": 6, "workflowId": -1, "jobId": 2}, {"startTime": 96495, "endTime": 103007, "taskId": 5, "workflowId": -1, "jobId": 2}, {"startTime": 103007, "endTime": 117466, "taskId": 7, "workflowId": -1, "jobId": 2}, {"startTime": 119601, "endTime": 128491, "taskId": 6, "workflowId": -1, "jobId": 3}, {"startTime": 139744, "endTime": 142061, "taskId": 7, "workflowId": -1, "jobId": 3}, {"startTime": 146891, "endTime": 159215, "taskId": 6, "workflowId": -1, "jobId": 4}, {"startTime": 160117, "endTime": 163131, "taskId": 7, "workflowId": -1, "jobId": 4}, {"startTime": 163131, "endTime": 164505, "taskId": 4, "workflowId": 1, "jobId": -1}, {"startTime": 164505, "endTime": 165060, "taskId": 7, "workflowId": -1, "jobId": 4}, {"startTime": 165060, "endTime": 168021, "taskId": 9, "workflowId": 1, "jobId": -1}, {"startTime": 170235, "endTime": 170788, "taskId": 7, "workflowId": -1, "jobId": 4}, {"startTime": 170788, "endTime": 173853, "taskId": 12, "workflowId": 1, "jobId": -1}, {"startTime": 173853, "endTime": 175106, "taskId": 7, "workflowId": -1, "jobId": 4}, {"startTime": 175106, "endTime": 178129, "taskId": 5, "workflowId": -1, "jobId": 4}, {"startTime": 178129, "endTime": 180536, "taskId": 4, "workflowId": -1, "jobId": 2}, {"startTime": 180536, "endTime": 184165, "taskId": 4, "workflowId": -1, "jobId": 2}, {"startTime": 184165, "endTime": 186717, "taskId": 2, "workflowId": -1, "jobId": 5}, {"startTime": 186717, "endTime": 195231, "taskId": 2, "workflowId": -1, "jobId": 5}, {"startTime": 208959, "endTime": 216447, "taskId": 6, "workflowId": -1, "jobId": 6}, {"startTime": 216447, "endTime": 227002, "taskId": 0, "workflowId": -1, "jobId": 5}, {"startTime": 227002, "endTime": 227120, "taskId": 6, "workflowId": -1, "jobId": 6}, {"startTime": 227120, "endTime": 227484, "taskId": 10, "workflowId": 0, "jobId": -1}, {"startTime": 227484, "endTime": 229171, "taskId": 7, "workflowId": 0, "jobId": -1}, {"startTime": 229171, "endTime": 230422, "taskId": 11, "workflowId": 0, "jobId": -1}, {"startTime": 230422, "endTime": 232052, "taskId": 14, "workflowId": 0, "jobId": -1}, {"startTime": 232052, "endTime": 236150, "taskId": 6, "workflowId": -1, "jobId": 6}, {"startTime": 248729, "endTime": 251387, "taskId": 6, "workflowId": -1, "jobId": 7}, {"startTime": 253341, "endTime": 254751, "taskId": 7, "workflowId": -1, "jobId": 7}, {"startTime": 254751, "endTime": 262711, "taskId": 4, "workflowId": -1, "jobId": 3}, {"startTime": 281011, "endTime": 282111, "taskId": 6, "workflowId": -1, "jobId": 8}, {"startTime": 282187, "endTime": 285978, "taskId": 7, "workflowId": -1, "jobId": 8}, {"startTime": 285978, "endTime": 287357, "taskId": 5, "workflowId": -1, "jobId": 7}, {"startTime": 287357, "endTime": 299257, "taskId": 7, "workflowId": -1, "jobId": 8}, {"startTime": 315225, "endTime": 317715, "taskId": 7, "workflowId": -1, "jobId": 9}, {"startTime": 317715, "endTime": 324227, "taskId": 5, "workflowId": -1, "jobId": 8}, {"startTime": 330203, "endTime": 343559, "taskId": 6, "workflowId": -1, "jobId": 10}, {"startTime": 347045, "endTime": 362736, "taskId": 7, "workflowId": -1, "jobId": 10}, {"startTime": 373719, "endTime": 374283, "taskId": 6, "workflowId": -1, "jobId": 11}, {"startTime": 377857, "endTime": 388923, "taskId": 2, "workflowId": -1, "jobId": 11}, {"startTime": 395163, "endTime": 405007, "taskId": 6, "workflowId": -1, "jobId": 12}, {"startTime": 409415, "endTime": 410139, "taskId": 4, "workflowId": -1, "jobId": 5}, {"startTime": 410139, "endTime": 420332, "taskId": 0, "workflowId": -1, "jobId": 10}, {"startTime": 428325, "endTime": 432213, "taskId": 6, "workflowId": -1, "jobId": 13}, {"startTime": 432213, "endTime": 433617, "taskId": 7, "workflowId": -1, "jobId": 12}, {"startTime": 433617, "endTime": 437135, "taskId": 6, "workflowId": -1, "jobId": 13}, {"startTime": 448081, "endTime": 460023, "taskId": 7, "workflowId": -1, "jobId": 13}]}]