[{"frequency": 2.83, "activePower": 118, "idlePower": 56.7, "memory": 4, "allocations": [{"startTime": 41757, "endTime": 43353, "taskId": 0, "workflowId": 2, "jobId": -1}, {"startTime": 43353, "endTime": 43713, "taskId": 2, "workflowId": 2, "jobId": -1}, {"startTime": 43713, "endTime": 44030, "taskId": 3, "workflowId": 2, "jobId": -1}, {"startTime": 44030, "endTime": 51019, "taskId": 1, "workflowId": -1, "jobId": 0}, {"startTime": 51019, "endTime": 53816, "taskId": 2, "workflowId": -1, "jobId": 0}, {"startTime": 53816, "endTime": 55330, "taskId": 5, "workflowId": -1, "jobId": 0}, {"startTime": 55330, "endTime": 56435, "taskId": 5, "workflowId": -1, "jobId": 0}, {"startTime": 56435, "endTime": 61289, "taskId": 5, "workflowId": -1, "jobId": 0}, {"startTime": 61289, "endTime": 61908, "taskId": 5, "workflowId": 3, "jobId": -1}, {"startTime": 61908, "endTime": 62711, "taskId": 7, "workflowId": 3, "jobId": -1}, {"startTime": 62711, "endTime": 63330, "taskId": 7, "workflowId": 3, "jobId": -1}, {"startTime": 63330, "endTime": 64588, "taskId": 16, "workflowId": 3, "jobId": -1}, {"startTime": 65650, "endTime": 67231, "taskId": 6, "workflowId": -1, "jobId": 1}, {"startTime": 67231, "endTime": 74220, "taskId": 1, "workflowId": -1, "jobId": 1}, {"startTime": 78029, "endTime": 86117, "taskId": 0, "workflowId": -1, "jobId": 1}, {"startTime": 87270, "endTime": 90432, "taskId": 6, "workflowId": -1, "jobId": 2}, {"startTime": 90432, "endTime": 97421, "taskId": 1, "workflowId": -1, "jobId": 2}, {"startTime": 101318, "endTime": 102131, "taskId": 3, "workflowId": -1, "jobId": 1}, {"startTime": 102131, "endTime": 102569, "taskId": 4, "workflowId": 1, "jobId": -1}, {"startTime": 102569, "endTime": 109299, "taskId": 3, "workflowId": -1, "jobId": 1}, {"startTime": 109299, "endTime": 109694, "taskId": 8, "workflowId": 1, "jobId": -1}, {"startTime": 110284, "endTime": 110764, "taskId": 17, "workflowId": 1, "jobId": -1}, {"startTime": 110764, "endTime": 112028, "taskId": 6, "workflowId": -1, "jobId": 3}, {"startTime": 112028, "endTime": 113633, "taskId": 0, "workflowId": -1, "jobId": 2}, {"startTime": 113633, "endTime": 120622, "taskId": 1, "workflowId": -1, "jobId": 3}, {"startTime": 130510, "endTime": 136834, "taskId": 6, "workflowId": -1, "jobId": 4}, {"startTime": 136834, "endTime": 143823, "taskId": 1, "workflowId": -1, "jobId": 4}, {"startTime": 146027, "endTime": 154115, "taskId": 0, "workflowId": -1, "jobId": 3}, {"startTime": 158606, "endTime": 160035, "taskId": 3, "workflowId": -1, "jobId": 2}, {"startTime": 160035, "endTime": 167024, "taskId": 1, "workflowId": -1, "jobId": 5}, {"startTime": 169143, "endTime": 170060, "taskId": 0, "workflowId": 0, "jobId": -1}, {"startTime": 170060, "endTime": 171386, "taskId": 5, "workflowId": 0, "jobId": -1}, {"startTime": 171386, "endTime": 172046, "taskId": 4, "workflowId": 0, "jobId": -1}, {"startTime": 173141, "endTime": 173667, "taskId": 7, "workflowId": 0, "jobId": -1}, {"startTime": 173667, "endTime": 175307, "taskId": 11, "workflowId": 0, "jobId": -1}, {"startTime": 175307, "endTime": 176018, "taskId": 13, "workflowId": 0, "jobId": -1}, {"startTime": 176768, "endTime": 178467, "taskId": 15, "workflowId": 0, "jobId": -1}, {"startTime": 178467, "endTime": 179180, "taskId": 16, "workflowId": 0, "jobId": -1}, {"startTime": 180026, "endTime": 183236, "taskId": 0, "workflowId": -1, "jobId": 4}, {"startTime": 183236, "endTime": 190225, "taskId": 1, "workflowId": -1, "jobId": 6}, {"startTime": 195370, "endTime": 203570, "taskId": 6, "workflowId": -1, "jobId": 7}, {"startTime": 206437, "endTime": 213426, "taskId": 1, "workflowId": -1, "jobId": 7}, {"startTime": 214025, "endTime": 222113, "taskId": 0, "workflowId": -1, "jobId": 5}, {"startTime": 223268, "endTime": 227579, "taskId": 2, "workflowId": -1, "jobId": 3}, {"startTime": 229638, "endTime": 236627, "taskId": 1, "workflowId": -1, "jobId": 8}, {"startTime": 238610, "endTime": 246810, "taskId": 6, "workflowId": -1, "jobId": 9}, {"startTime": 248024, "endTime": 252839, "taskId": 0, "workflowId": -1, "jobId": 6}, {"startTime": 252839, "endTime": 259828, "taskId": 1, "workflowId": -1, "jobId": 9}, {"startTime": 260230, "endTime": 268430, "taskId": 6, "workflowId": -1, "jobId": 10}, {"startTime": 273182, "endTime": 276040, "taskId": 3, "workflowId": -1, "jobId": 4}, {"startTime": 276040, "endTime": 283029, "taskId": 1, "workflowId": -1, "jobId": 10}, {"startTime": 283870, "endTime": 291755, "taskId": 5, "workflowId": -1, "jobId": 5}, {"startTime": 299241, "endTime": 306230, "taskId": 1, "workflowId": -1, "jobId": 11}, {"startTime": 316022, "endTime": 322442, "taskId": 0, "workflowId": -1, "jobId": 8}, {"startTime": 322442, "endTime": 329431, "taskId": 1, "workflowId": -1, "jobId": 12}, {"startTime": 330470, "endTime": 331838, "taskId": 3, "workflowId": -1, "jobId": 5}, {"startTime": 331838, "endTime": 339723, "taskId": 5, "workflowId": -1, "jobId": 6}, {"startTime": 342760, "endTime": 345643, "taskId": 2, "workflowId": -1, "jobId": 5}, {"startTime": 345643, "endTime": 352632, "taskId": 1, "workflowId": -1, "jobId": 13}, {"startTime": 368330, "endTime": 368844, "taskId": 6, "workflowId": -1, "jobId": 15}, {"startTime": 368844, "endTime": 375833, "taskId": 1, "workflowId": -1, "jobId": 14}, {"startTime": 379806, "endTime": 384020, "taskId": 5, "workflowId": -1, "jobId": 7}, {"startTime": 384020, "endTime": 392045, "taskId": 0, "workflowId": -1, "jobId": 10}, {"startTime": 392045, "endTime": 399034, "taskId": 1, "workflowId": -1, "jobId": 15}, {"startTime": 402506, "endTime": 406817, "taskId": 2, "workflowId": -1, "jobId": 6}, {"startTime": 410072, "endTime": 415246, "taskId": 4, "workflowId": -1, "jobId": 6}, {"startTime": 415246, "endTime": 422235, "taskId": 1, "workflowId": -1, "jobId": 16}, {"startTime": 427774, "endTime": 435659, "taskId": 5, "workflowId": -1, "jobId": 8}, {"startTime": 438447, "endTime": 445436, "taskId": 1, "workflowId": -1, "jobId": 17}, {"startTime": 452018, "endTime": 460106, "taskId": 0, "workflowId": -1, "jobId": 12}, {"startTime": 461648, "endTime": 468637, "taskId": 1, "workflowId": -1, "jobId": 18}, {"startTime": 476430, "endTime": 484630, "taskId": 6, "workflowId": -1, "jobId": 20}]}, {"frequency": 2.83, "activePower": 118, "idlePower": 56.7, "memory": 4, "allocations": [{"startTime": 41757, "endTime": 42215, "taskId": 2, "workflowId": 3, "jobId": -1}, {"startTime": 42215, "endTime": 43353, "taskId": 4, "workflowId": 3, "jobId": -1}, {"startTime": 43353, "endTime": 43580, "taskId": 5, "workflowId": 2, "jobId": -1}, {"startTime": 43580, "endTime": 44027, "taskId": 5, "workflowId": 2, "jobId": -1}, {"startTime": 44027, "endTime": 44030, "taskId": 4, "workflowId": 3, "jobId": -1}, {"startTime": 44030, "endTime": 44254, "taskId": 0, "workflowId": -1, "jobId": 0}, {"startTime": 44254, "endTime": 44948, "taskId": 0, "workflowId": -1, "jobId": 0}, {"startTime": 44948, "endTime": 52118, "taskId": 0, "workflowId": -1, "jobId": 0}, {"startTime": 52118, "endTime": 53544, "taskId": 4, "workflowId": -1, "jobId": 0}, {"startTime": 53544, "endTime": 60482, "taskId": 3, "workflowId": -1, "jobId": 0}, {"startTime": 60482, "endTime": 60625, "taskId": 14, "workflowId": 3, "jobId": -1}, {"startTime": 60625, "endTime": 63183, "taskId": 7, "workflowId": -1, "jobId": 0}, {"startTime": 63183, "endTime": 64357, "taskId": 18, "workflowId": 3, "jobId": -1}, {"startTime": 67231, "endTime": 73850, "taskId": 6, "workflowId": -1, "jobId": 1}, {"startTime": 90432, "endTime": 91998, "taskId": 6, "workflowId": -1, "jobId": 2}, {"startTime": 91998, "endTime": 99883, "taskId": 5, "workflowId": -1, "jobId": 1}, {"startTime": 102131, "endTime": 103044, "taskId": 3, "workflowId": 1, "jobId": -1}, {"startTime": 103044, "endTime": 104377, "taskId": 12, "workflowId": 1, "jobId": -1}, {"startTime": 104377, "endTime": 105037, "taskId": 7, "workflowId": 1, "jobId": -1}, {"startTime": 105037, "endTime": 105437, "taskId": 4, "workflowId": -1, "jobId": 1}, {"startTime": 105437, "endTime": 106437, "taskId": 4, "workflowId": -1, "jobId": 1}, {"startTime": 106437, "endTime": 106874, "taskId": 4, "workflowId": -1, "jobId": 1}, {"startTime": 106874, "endTime": 107258, "taskId": 4, "workflowId": -1, "jobId": 1}, {"startTime": 107258, "endTime": 110378, "taskId": 4, "workflowId": -1, "jobId": 1}, {"startTime": 110378, "endTime": 111963, "taskId": 15, "workflowId": 1, "jobId": -1}, {"startTime": 112028, "endTime": 113633, "taskId": 6, "workflowId": -1, "jobId": 3}, {"startTime": 113633, "endTime": 120116, "taskId": 0, "workflowId": -1, "jobId": 2}, {"startTime": 136834, "endTime": 138710, "taskId": 6, "workflowId": -1, "jobId": 4}, {"startTime": 139966, "endTime": 147851, "taskId": 5, "workflowId": -1, "jobId": 2}, {"startTime": 152130, "endTime": 160035, "taskId": 6, "workflowId": -1, "jobId": 5}, {"startTime": 160035, "endTime": 166149, "taskId": 3, "workflowId": -1, "jobId": 2}, {"startTime": 170060, "endTime": 171395, "taskId": 1, "workflowId": 0, "jobId": -1}, {"startTime": 171395, "endTime": 173141, "taskId": 6, "workflowId": 0, "jobId": -1}, {"startTime": 173141, "endTime": 173953, "taskId": 8, "workflowId": 0, "jobId": -1}, {"startTime": 173953, "endTime": 175307, "taskId": 6, "workflowId": -1, "jobId": 6}, {"startTime": 175307, "endTime": 176454, "taskId": 14, "workflowId": 0, "jobId": -1}, {"startTime": 178467, "endTime": 179435, "taskId": 17, "workflowId": 0, "jobId": -1}, {"startTime": 183236, "endTime": 188114, "taskId": 0, "workflowId": -1, "jobId": 4}, {"startTime": 215894, "endTime": 223437, "taskId": 3, "workflowId": -1, "jobId": 3}, {"startTime": 227051, "endTime": 232392, "taskId": 4, "workflowId": -1, "jobId": 3}, {"startTime": 235902, "endTime": 243787, "taskId": 5, "workflowId": -1, "jobId": 4}, {"startTime": 252839, "endTime": 256112, "taskId": 0, "workflowId": -1, "jobId": 6}, {"startTime": 276040, "endTime": 280725, "taskId": 3, "workflowId": -1, "jobId": 4}, {"startTime": 281850, "endTime": 282023, "taskId": 6, "workflowId": -1, "jobId": 11}, {"startTime": 282023, "endTime": 290111, "taskId": 0, "workflowId": -1, "jobId": 7}, {"startTime": 303470, "endTime": 311670, "taskId": 6, "workflowId": -1, "jobId": 12}, {"startTime": 322442, "endTime": 324110, "taskId": 0, "workflowId": -1, "jobId": 8}, {"startTime": 325090, "endTime": 331838, "taskId": 6, "workflowId": -1, "jobId": 13}, {"startTime": 331838, "endTime": 338013, "taskId": 3, "workflowId": -1, "jobId": 5}, {"startTime": 345643, "endTime": 347071, "taskId": 2, "workflowId": -1, "jobId": 5}, {"startTime": 349065, "endTime": 350021, "taskId": 4, "workflowId": -1, "jobId": 5}, {"startTime": 350021, "endTime": 358109, "taskId": 0, "workflowId": -1, "jobId": 9}, {"startTime": 368844, "endTime": 376530, "taskId": 6, "workflowId": -1, "jobId": 15}, {"startTime": 384020, "endTime": 387691, "taskId": 5, "workflowId": -1, "jobId": 7}, {"startTime": 387758, "endTime": 392045, "taskId": 3, "workflowId": -1, "jobId": 6}, {"startTime": 392045, "endTime": 392108, "taskId": 0, "workflowId": -1, "jobId": 10}, {"startTime": 392225, "endTime": 395087, "taskId": 7, "workflowId": -1, "jobId": 5}, {"startTime": 411570, "endTime": 415246, "taskId": 6, "workflowId": -1, "jobId": 17}, {"startTime": 415246, "endTime": 415413, "taskId": 4, "workflowId": -1, "jobId": 6}, {"startTime": 418019, "endTime": 426107, "taskId": 0, "workflowId": -1, "jobId": 11}, {"startTime": 433190, "endTime": 441390, "taskId": 6, "workflowId": -1, "jobId": 18}, {"startTime": 454810, "endTime": 463010, "taskId": 6, "workflowId": -1, "jobId": 19}]}, {"frequency": 2.83, "activePower": 118, "idlePower": 56.7, "memory": 4, "allocations": [{"startTime": 41757, "endTime": 42475, "taskId": 1, "workflowId": 3, "jobId": -1}, {"startTime": 42475, "endTime": 43353, "taskId": 6, "workflowId": 3, "jobId": -1}, {"startTime": 43353, "endTime": 44522, "taskId": 1, "workflowId": 2, "jobId": -1}, {"startTime": 44522, "endTime": 45931, "taskId": 3, "workflowId": 2, "jobId": -1}, {"startTime": 45931, "endTime": 46001, "taskId": 5, "workflowId": -1, "jobId": 0}, {"startTime": 46001, "endTime": 46656, "taskId": 7, "workflowId": 2, "jobId": -1}, {"startTime": 46656, "endTime": 48144, "taskId": 8, "workflowId": 2, "jobId": -1}, {"startTime": 48144, "endTime": 48368, "taskId": 11, "workflowId": 2, "jobId": -1}, {"startTime": 48368, "endTime": 49896, "taskId": 11, "workflowId": 2, "jobId": -1}, {"startTime": 49896, "endTime": 50337, "taskId": 13, "workflowId": 2, "jobId": -1}, {"startTime": 50337, "endTime": 51001, "taskId": 14, "workflowId": 2, "jobId": -1}, {"startTime": 51001, "endTime": 51318, "taskId": 14, "workflowId": 2, "jobId": -1}, {"startTime": 51318, "endTime": 51449, "taskId": 14, "workflowId": 2, "jobId": -1}, {"startTime": 51449, "endTime": 51516, "taskId": 14, "workflowId": 2, "jobId": -1}, {"startTime": 51516, "endTime": 51591, "taskId": 14, "workflowId": 2, "jobId": -1}, {"startTime": 51591, "endTime": 51690, "taskId": 12, "workflowId": 3, "jobId": -1}, {"startTime": 51690, "endTime": 52072, "taskId": 17, "workflowId": 2, "jobId": -1}, {"startTime": 52072, "endTime": 52099, "taskId": 12, "workflowId": 3, "jobId": -1}, {"startTime": 52099, "endTime": 52481, "taskId": 12, "workflowId": 3, "jobId": -1}, {"startTime": 52481, "endTime": 53306, "taskId": 13, "workflowId": 3, "jobId": -1}, {"startTime": 53474, "endTime": 53816, "taskId": 5, "workflowId": -1, "jobId": 0}, {"startTime": 53816, "endTime": 54168, "taskId": 2, "workflowId": -1, "jobId": 0}, {"startTime": 54168, "endTime": 54510, "taskId": 2, "workflowId": -1, "jobId": 0}, {"startTime": 54510, "endTime": 55330, "taskId": 2, "workflowId": -1, "jobId": 0}, {"startTime": 55330, "endTime": 57030, "taskId": 6, "workflowId": -1, "jobId": 0}, {"startTime": 57030, "endTime": 57372, "taskId": 6, "workflowId": -1, "jobId": 0}, {"startTime": 57372, "endTime": 63530, "taskId": 6, "workflowId": -1, "jobId": 0}, {"startTime": 63530, "endTime": 64680, "taskId": 15, "workflowId": 3, "jobId": -1}, {"startTime": 91998, "endTime": 95470, "taskId": 6, "workflowId": -1, "jobId": 2}, {"startTime": 102131, "endTime": 103647, "taskId": 2, "workflowId": 1, "jobId": -1}, {"startTime": 103647, "endTime": 105002, "taskId": 6, "workflowId": 1, "jobId": -1}, {"startTime": 105002, "endTime": 105037, "taskId": 11, "workflowId": 1, "jobId": -1}, {"startTime": 105037, "endTime": 105437, "taskId": 7, "workflowId": 1, "jobId": -1}, {"startTime": 105437, "endTime": 106248, "taskId": 11, "workflowId": 1, "jobId": -1}, {"startTime": 106248, "endTime": 106648, "taskId": 11, "workflowId": 1, "jobId": -1}, {"startTime": 106648, "endTime": 107624, "taskId": 10, "workflowId": 1, "jobId": -1}, {"startTime": 107624, "endTime": 107648, "taskId": 10, "workflowId": 1, "jobId": -1}, {"startTime": 107648, "endTime": 109024, "taskId": 13, "workflowId": 1, "jobId": -1}, {"startTime": 109024, "endTime": 110284, "taskId": 14, "workflowId": 1, "jobId": -1}, {"startTime": 110284, "endTime": 110869, "taskId": 16, "workflowId": 1, "jobId": -1}, {"startTime": 113633, "endTime": 118134, "taskId": 6, "workflowId": -1, "jobId": 3}, {"startTime": 160035, "endTime": 160330, "taskId": 6, "workflowId": -1, "jobId": 5}, {"startTime": 163522, "endTime": 167833, "taskId": 2, "workflowId": -1, "jobId": 2}, {"startTime": 170060, "endTime": 171522, "taskId": 2, "workflowId": 0, "jobId": -1}, {"startTime": 171522, "endTime": 172847, "taskId": 4, "workflowId": -1, "jobId": 2}, {"startTime": 173141, "endTime": 174566, "taskId": 9, "workflowId": 0, "jobId": -1}, {"startTime": 175307, "endTime": 176768, "taskId": 12, "workflowId": 0, "jobId": -1}, {"startTime": 183308, "endTime": 186170, "taskId": 7, "workflowId": -1, "jobId": 2}, {"startTime": 187934, "endTime": 195819, "taskId": 5, "workflowId": -1, "jobId": 3}, {"startTime": 216990, "endTime": 225190, "taskId": 6, "workflowId": -1, "jobId": 8}, {"startTime": 252947, "endTime": 255809, "taskId": 7, "workflowId": -1, "jobId": 3}, {"startTime": 282023, "endTime": 283014, "taskId": 6, "workflowId": -1, "jobId": 11}, {"startTime": 283014, "endTime": 287325, "taskId": 2, "workflowId": -1, "jobId": 4}, {"startTime": 288058, "endTime": 293399, "taskId": 4, "workflowId": -1, "jobId": 4}, {"startTime": 322586, "endTime": 325448, "taskId": 7, "workflowId": -1, "jobId": 4}, {"startTime": 331838, "endTime": 333290, "taskId": 6, "workflowId": -1, "jobId": 13}, {"startTime": 346710, "endTime": 350021, "taskId": 6, "workflowId": -1, "jobId": 14}, {"startTime": 350021, "endTime": 354406, "taskId": 4, "workflowId": -1, "jobId": 5}, {"startTime": 389950, "endTime": 392045, "taskId": 6, "workflowId": -1, "jobId": 16}, {"startTime": 392045, "endTime": 395301, "taskId": 3, "workflowId": -1, "jobId": 6}, {"startTime": 415246, "endTime": 419770, "taskId": 6, "workflowId": -1, "jobId": 17}]}, {"frequency": 2.83, "activePower": 118, "idlePower": 56.7, "memory": 4, "allocations": [{"startTime": 41757, "endTime": 42786, "taskId": 3, "workflowId": 3, "jobId": -1}, {"startTime": 42786, "endTime": 43353, "taskId": 5, "workflowId": 3, "jobId": -1}, {"startTime": 43353, "endTime": 45054, "taskId": 4, "workflowId": 2, "jobId": -1}, {"startTime": 45054, "endTime": 46001, "taskId": 6, "workflowId": 2, "jobId": -1}, {"startTime": 46001, "endTime": 46845, "taskId": 10, "workflowId": 2, "jobId": -1}, {"startTime": 46845, "endTime": 48505, "taskId": 9, "workflowId": 2, "jobId": -1}, {"startTime": 48505, "endTime": 48729, "taskId": 4, "workflowId": 3, "jobId": -1}, {"startTime": 48729, "endTime": 49083, "taskId": 9, "workflowId": 3, "jobId": -1}, {"startTime": 49083, "endTime": 49199, "taskId": 8, "workflowId": 3, "jobId": -1}, {"startTime": 49199, "endTime": 49893, "taskId": 6, "workflowId": 3, "jobId": -1}, {"startTime": 49893, "endTime": 49896, "taskId": 12, "workflowId": 3, "jobId": -1}, {"startTime": 49896, "endTime": 50404, "taskId": 12, "workflowId": 2, "jobId": -1}, {"startTime": 50404, "endTime": 50405, "taskId": 12, "workflowId": 2, "jobId": -1}, {"startTime": 50405, "endTime": 50913, "taskId": 15, "workflowId": 2, "jobId": -1}, {"startTime": 50913, "endTime": 51229, "taskId": 15, "workflowId": 2, "jobId": -1}, {"startTime": 51229, "endTime": 51446, "taskId": 15, "workflowId": 2, "jobId": -1}, {"startTime": 51446, "endTime": 51690, "taskId": 15, "workflowId": 2, "jobId": -1}, {"startTime": 51690, "endTime": 52061, "taskId": 16, "workflowId": 2, "jobId": -1}, {"startTime": 52061, "endTime": 52453, "taskId": 16, "workflowId": 2, "jobId": -1}, {"startTime": 52453, "endTime": 52939, "taskId": 5, "workflowId": 3, "jobId": -1}, {"startTime": 52939, "endTime": 53163, "taskId": 3, "workflowId": -1, "jobId": 0}, {"startTime": 53163, "endTime": 53544, "taskId": 3, "workflowId": -1, "jobId": 0}, {"startTime": 53544, "endTime": 53768, "taskId": 4, "workflowId": -1, "jobId": 0}, {"startTime": 53768, "endTime": 57459, "taskId": 4, "workflowId": -1, "jobId": 0}, {"startTime": 57459, "endTime": 59012, "taskId": 8, "workflowId": 3, "jobId": -1}, {"startTime": 59012, "endTime": 59631, "taskId": 11, "workflowId": 3, "jobId": -1}, {"startTime": 59631, "endTime": 60321, "taskId": 11, "workflowId": 3, "jobId": -1}, {"startTime": 60321, "endTime": 60625, "taskId": 7, "workflowId": -1, "jobId": 0}, {"startTime": 60625, "endTime": 61468, "taskId": 14, "workflowId": 3, "jobId": -1}, {"startTime": 61468, "endTime": 61730, "taskId": 14, "workflowId": 3, "jobId": -1}, {"startTime": 61730, "endTime": 62102, "taskId": 14, "workflowId": 3, "jobId": -1}, {"startTime": 62102, "endTime": 62177, "taskId": 11, "workflowId": 3, "jobId": -1}, {"startTime": 62177, "endTime": 63590, "taskId": 10, "workflowId": 3, "jobId": -1}, {"startTime": 63590, "endTime": 64648, "taskId": 17, "workflowId": 3, "jobId": -1}, {"startTime": 102131, "endTime": 103885, "taskId": 1, "workflowId": 1, "jobId": -1}, {"startTime": 103885, "endTime": 108196, "taskId": 2, "workflowId": -1, "jobId": 1}, {"startTime": 108196, "endTime": 109017, "taskId": 9, "workflowId": 1, "jobId": -1}, {"startTime": 109017, "endTime": 109454, "taskId": 5, "workflowId": 1, "jobId": -1}, {"startTime": 109454, "endTime": 110284, "taskId": 6, "workflowId": -1, "jobId": 3}, {"startTime": 110284, "endTime": 111217, "taskId": 18, "workflowId": 1, "jobId": -1}, {"startTime": 113669, "endTime": 116531, "taskId": 7, "workflowId": -1, "jobId": 1}, {"startTime": 166044, "endTime": 170060, "taskId": 4, "workflowId": -1, "jobId": 2}, {"startTime": 170060, "endTime": 171714, "taskId": 3, "workflowId": 0, "jobId": -1}, {"startTime": 173141, "endTime": 174860, "taskId": 10, "workflowId": 0, "jobId": -1}, {"startTime": 175307, "endTime": 182153, "taskId": 6, "workflowId": -1, "jobId": 6}, {"startTime": 283014, "endTime": 290050, "taskId": 6, "workflowId": -1, "jobId": 11}, {"startTime": 350021, "endTime": 354910, "taskId": 6, "workflowId": -1, "jobId": 14}, {"startTime": 392045, "endTime": 398150, "taskId": 6, "workflowId": -1, "jobId": 16}]}]