[{"frequency": 2.83, "activePower": 118, "idlePower": 56.7, "memory": 4, "allocations": [{"startTime": 44813, "endTime": 53058, "taskId": 3, "workflowId": -1, "jobId": 0}, {"startTime": 53058, "endTime": 58798, "taskId": 6, "workflowId": -1, "jobId": 0}, {"startTime": 58798, "endTime": 59819, "taskId": 0, "workflowId": 0, "jobId": -1}, {"startTime": 59819, "endTime": 60781, "taskId": 2, "workflowId": 0, "jobId": -1}, {"startTime": 60783, "endTime": 61206, "taskId": 6, "workflowId": 0, "jobId": -1}, {"startTime": 61206, "endTime": 61599, "taskId": 3, "workflowId": 0, "jobId": -1}, {"startTime": 61599, "endTime": 61992, "taskId": 3, "workflowId": 0, "jobId": -1}, {"startTime": 61992, "endTime": 62304, "taskId": 8, "workflowId": 0, "jobId": -1}, {"startTime": 62304, "endTime": 62575, "taskId": 8, "workflowId": 0, "jobId": -1}, {"startTime": 62575, "endTime": 62943, "taskId": 8, "workflowId": 0, "jobId": -1}, {"startTime": 62943, "endTime": 63526, "taskId": 7, "workflowId": 0, "jobId": -1}, {"startTime": 63526, "endTime": 63610, "taskId": 7, "workflowId": 0, "jobId": -1}, {"startTime": 63610, "endTime": 63637, "taskId": 7, "workflowId": 0, "jobId": -1}, {"startTime": 63637, "endTime": 64181, "taskId": 11, "workflowId": 0, "jobId": -1}, {"startTime": 64181, "endTime": 64520, "taskId": 19, "workflowId": 0, "jobId": -1}, {"startTime": 64520, "endTime": 64764, "taskId": 19, "workflowId": 0, "jobId": -1}, {"startTime": 64764, "endTime": 64796, "taskId": 19, "workflowId": 0, "jobId": -1}, {"startTime": 64796, "endTime": 64959, "taskId": 18, "workflowId": 0, "jobId": -1}, {"startTime": 64959, "endTime": 65210, "taskId": 18, "workflowId": 0, "jobId": -1}, {"startTime": 65210, "endTime": 65391, "taskId": 11, "workflowId": -1, "jobId": 0}, {"startTime": 65391, "endTime": 65528, "taskId": 26, "workflowId": 0, "jobId": -1}, {"startTime": 65528, "endTime": 65597, "taskId": 22, "workflowId": 0, "jobId": -1}, {"startTime": 65597, "endTime": 65949, "taskId": 22, "workflowId": 0, "jobId": -1}, {"startTime": 65949, "endTime": 66111, "taskId": 22, "workflowId": 0, "jobId": -1}, {"startTime": 66111, "endTime": 66315, "taskId": 28, "workflowId": 0, "jobId": -1}, {"startTime": 66315, "endTime": 66501, "taskId": 4, "workflowId": 1, "jobId": -1}, {"startTime": 66501, "endTime": 66846, "taskId": 4, "workflowId": 1, "jobId": -1}, {"startTime": 66846, "endTime": 67223, "taskId": 4, "workflowId": 1, "jobId": -1}, {"startTime": 67223, "endTime": 67349, "taskId": 30, "workflowId": 0, "jobId": -1}, {"startTime": 67349, "endTime": 67429, "taskId": 30, "workflowId": 0, "jobId": -1}, {"startTime": 67429, "endTime": 67671, "taskId": 30, "workflowId": 0, "jobId": -1}, {"startTime": 67671, "endTime": 67932, "taskId": 6, "workflowId": 1, "jobId": -1}, {"startTime": 67932, "endTime": 67950, "taskId": 6, "workflowId": 1, "jobId": -1}, {"startTime": 67950, "endTime": 68199, "taskId": 6, "workflowId": 1, "jobId": -1}, {"startTime": 68199, "endTime": 68406, "taskId": 9, "workflowId": 1, "jobId": -1}, {"startTime": 68406, "endTime": 68496, "taskId": 9, "workflowId": 1, "jobId": -1}, {"startTime": 68496, "endTime": 68518, "taskId": 9, "workflowId": 1, "jobId": -1}, {"startTime": 68518, "endTime": 68659, "taskId": 9, "workflowId": 1, "jobId": -1}, {"startTime": 68659, "endTime": 68671, "taskId": 11, "workflowId": 1, "jobId": -1}, {"startTime": 68671, "endTime": 68737, "taskId": 11, "workflowId": 1, "jobId": -1}, {"startTime": 68737, "endTime": 68826, "taskId": 11, "workflowId": 1, "jobId": -1}, {"startTime": 68826, "endTime": 69198, "taskId": 11, "workflowId": 1, "jobId": -1}, {"startTime": 69198, "endTime": 69338, "taskId": 11, "workflowId": 1, "jobId": -1}, {"startTime": 69338, "endTime": 69680, "taskId": 11, "workflowId": 1, "jobId": -1}, {"startTime": 69680, "endTime": 69739, "taskId": 11, "workflowId": 1, "jobId": -1}, {"startTime": 69739, "endTime": 69801, "taskId": 11, "workflowId": 1, "jobId": -1}, {"startTime": 69801, "endTime": 69802, "taskId": 5, "workflowId": 3, "jobId": -1}, {"startTime": 69802, "endTime": 69947, "taskId": 15, "workflowId": 1, "jobId": -1}, {"startTime": 69947, "endTime": 70114, "taskId": 15, "workflowId": 1, "jobId": -1}, {"startTime": 70114, "endTime": 70201, "taskId": 15, "workflowId": 1, "jobId": -1}, {"startTime": 70201, "endTime": 70251, "taskId": 14, "workflowId": 1, "jobId": -1}, {"startTime": 70251, "endTime": 70439, "taskId": 14, "workflowId": 1, "jobId": -1}, {"startTime": 70439, "endTime": 70668, "taskId": 14, "workflowId": 1, "jobId": -1}, {"startTime": 70668, "endTime": 71056, "taskId": 3, "workflowId": -1, "jobId": 1}, {"startTime": 71056, "endTime": 71222, "taskId": 3, "workflowId": -1, "jobId": 1}, {"startTime": 71222, "endTime": 71255, "taskId": 3, "workflowId": -1, "jobId": 1}, {"startTime": 71255, "endTime": 71566, "taskId": 3, "workflowId": -1, "jobId": 1}, {"startTime": 71566, "endTime": 72446, "taskId": 3, "workflowId": -1, "jobId": 1}, {"startTime": 72446, "endTime": 73228, "taskId": 3, "workflowId": -1, "jobId": 1}, {"startTime": 73228, "endTime": 74271, "taskId": 3, "workflowId": -1, "jobId": 1}, {"startTime": 74271, "endTime": 75847, "taskId": 3, "workflowId": -1, "jobId": 1}, {"startTime": 75847, "endTime": 76538, "taskId": 3, "workflowId": -1, "jobId": 1}, {"startTime": 76538, "endTime": 76544, "taskId": 3, "workflowId": -1, "jobId": 1}, {"startTime": 76544, "endTime": 78913, "taskId": 3, "workflowId": -1, "jobId": 1}, {"startTime": 78913, "endTime": 79302, "taskId": 4, "workflowId": -1, "jobId": 1}, {"startTime": 79302, "endTime": 79338, "taskId": 4, "workflowId": -1, "jobId": 1}, {"startTime": 79338, "endTime": 79386, "taskId": 4, "workflowId": -1, "jobId": 1}, {"startTime": 79386, "endTime": 79696, "taskId": 4, "workflowId": -1, "jobId": 1}, {"startTime": 79696, "endTime": 79734, "taskId": 4, "workflowId": -1, "jobId": 1}, {"startTime": 79734, "endTime": 79793, "taskId": 4, "workflowId": -1, "jobId": 1}, {"startTime": 79793, "endTime": 79883, "taskId": 4, "workflowId": -1, "jobId": 1}, {"startTime": 79883, "endTime": 79887, "taskId": 4, "workflowId": -1, "jobId": 1}, {"startTime": 79887, "endTime": 80509, "taskId": 4, "workflowId": -1, "jobId": 1}, {"startTime": 80509, "endTime": 80980, "taskId": 4, "workflowId": -1, "jobId": 1}, {"startTime": 80980, "endTime": 81087, "taskId": 4, "workflowId": -1, "jobId": 1}, {"startTime": 81087, "endTime": 81467, "taskId": 4, "workflowId": -1, "jobId": 1}, {"startTime": 81467, "endTime": 81677, "taskId": 4, "workflowId": -1, "jobId": 1}, {"startTime": 81677, "endTime": 81976, "taskId": 4, "workflowId": -1, "jobId": 1}, {"startTime": 81976, "endTime": 82556, "taskId": 4, "workflowId": -1, "jobId": 1}, {"startTime": 82556, "endTime": 84318, "taskId": 4, "workflowId": -1, "jobId": 1}, {"startTime": 84318, "endTime": 84674, "taskId": 4, "workflowId": -1, "jobId": 1}, {"startTime": 84674, "endTime": 84735, "taskId": 7, "workflowId": -1, "jobId": 1}, {"startTime": 84735, "endTime": 84781, "taskId": 7, "workflowId": -1, "jobId": 1}, {"startTime": 84781, "endTime": 85053, "taskId": 7, "workflowId": -1, "jobId": 1}, {"startTime": 85053, "endTime": 85093, "taskId": 7, "workflowId": -1, "jobId": 1}, {"startTime": 85093, "endTime": 85290, "taskId": 7, "workflowId": -1, "jobId": 1}, {"startTime": 85290, "endTime": 85546, "taskId": 7, "workflowId": -1, "jobId": 1}, {"startTime": 85546, "endTime": 85817, "taskId": 7, "workflowId": -1, "jobId": 1}, {"startTime": 85817, "endTime": 86146, "taskId": 7, "workflowId": -1, "jobId": 1}, {"startTime": 86146, "endTime": 86434, "taskId": 7, "workflowId": -1, "jobId": 1}, {"startTime": 86434, "endTime": 86442, "taskId": 7, "workflowId": -1, "jobId": 1}, {"startTime": 86442, "endTime": 86687, "taskId": 7, "workflowId": -1, "jobId": 1}, {"startTime": 86687, "endTime": 87076, "taskId": 7, "workflowId": -1, "jobId": 1}, {"startTime": 87076, "endTime": 87412, "taskId": 7, "workflowId": -1, "jobId": 1}, {"startTime": 87412, "endTime": 88228, "taskId": 7, "workflowId": -1, "jobId": 1}, {"startTime": 88228, "endTime": 89990, "taskId": 7, "workflowId": -1, "jobId": 1}, {"startTime": 89990, "endTime": 91319, "taskId": 7, "workflowId": -1, "jobId": 1}, {"startTime": 91319, "endTime": 91960, "taskId": 3, "workflowId": 2, "jobId": -1}, {"startTime": 91960, "endTime": 92502, "taskId": 8, "workflowId": -1, "jobId": 0}, {"startTime": 92502, "endTime": 96309, "taskId": 8, "workflowId": -1, "jobId": 0}, {"startTime": 96309, "endTime": 96507, "taskId": 9, "workflowId": 2, "jobId": -1}, {"startTime": 96507, "endTime": 96521, "taskId": 15, "workflowId": -1, "jobId": 0}, {"startTime": 96521, "endTime": 96782, "taskId": 3, "workflowId": -1, "jobId": 2}, {"startTime": 96782, "endTime": 96967, "taskId": 3, "workflowId": -1, "jobId": 2}, {"startTime": 96967, "endTime": 97044, "taskId": 3, "workflowId": -1, "jobId": 2}, {"startTime": 97044, "endTime": 97052, "taskId": 3, "workflowId": -1, "jobId": 2}, {"startTime": 97052, "endTime": 97629, "taskId": 3, "workflowId": -1, "jobId": 2}, {"startTime": 97629, "endTime": 100075, "taskId": 3, "workflowId": -1, "jobId": 2}, {"startTime": 100075, "endTime": 101544, "taskId": 3, "workflowId": -1, "jobId": 2}, {"startTime": 101544, "endTime": 104766, "taskId": 3, "workflowId": -1, "jobId": 2}, {"startTime": 104766, "endTime": 105182, "taskId": 22, "workflowId": 2, "jobId": -1}, {"startTime": 105182, "endTime": 105424, "taskId": 22, "workflowId": 2, "jobId": -1}, {"startTime": 105424, "endTime": 105515, "taskId": 22, "workflowId": 2, "jobId": -1}, {"startTime": 105515, "endTime": 105988, "taskId": 22, "workflowId": 2, "jobId": -1}, {"startTime": 105988, "endTime": 106004, "taskId": 22, "workflowId": 2, "jobId": -1}, {"startTime": 106004, "endTime": 106028, "taskId": 22, "workflowId": 2, "jobId": -1}, {"startTime": 106028, "endTime": 106081, "taskId": 22, "workflowId": 2, "jobId": -1}, {"startTime": 106081, "endTime": 106101, "taskId": 22, "workflowId": 2, "jobId": -1}, {"startTime": 106101, "endTime": 106739, "taskId": 8, "workflowId": 2, "jobId": -1}, {"startTime": 106739, "endTime": 108288, "taskId": 25, "workflowId": 2, "jobId": -1}, {"startTime": 108288, "endTime": 108399, "taskId": 30, "workflowId": 2, "jobId": -1}, {"startTime": 108399, "endTime": 108609, "taskId": 30, "workflowId": 2, "jobId": -1}, {"startTime": 108609, "endTime": 108724, "taskId": 30, "workflowId": 2, "jobId": -1}, {"startTime": 108724, "endTime": 108895, "taskId": 30, "workflowId": 2, "jobId": -1}, {"startTime": 108895, "endTime": 108916, "taskId": 30, "workflowId": 2, "jobId": -1}, {"startTime": 108916, "endTime": 108946, "taskId": 30, "workflowId": 2, "jobId": -1}, {"startTime": 108946, "endTime": 109065, "taskId": 30, "workflowId": 2, "jobId": -1}, {"startTime": 109065, "endTime": 109718, "taskId": 2, "workflowId": -1, "jobId": 2}, {"startTime": 109718, "endTime": 110507, "taskId": 2, "workflowId": -1, "jobId": 2}, {"startTime": 110507, "endTime": 110663, "taskId": 2, "workflowId": -1, "jobId": 2}, {"startTime": 110663, "endTime": 111042, "taskId": 2, "workflowId": -1, "jobId": 2}, {"startTime": 111042, "endTime": 113205, "taskId": 2, "workflowId": -1, "jobId": 2}, {"startTime": 113205, "endTime": 116879, "taskId": 2, "workflowId": -1, "jobId": 2}, {"startTime": 116879, "endTime": 116895, "taskId": 14, "workflowId": -1, "jobId": 1}, {"startTime": 116895, "endTime": 122376, "taskId": 0, "workflowId": -1, "jobId": 2}, {"startTime": 122376, "endTime": 123738, "taskId": 3, "workflowId": -1, "jobId": 3}, {"startTime": 123738, "endTime": 130621, "taskId": 3, "workflowId": -1, "jobId": 3}, {"startTime": 130621, "endTime": 130687, "taskId": 15, "workflowId": 3, "jobId": -1}, {"startTime": 130687, "endTime": 131660, "taskId": 13, "workflowId": -1, "jobId": 1}, {"startTime": 131660, "endTime": 139738, "taskId": 5, "workflowId": -1, "jobId": 3}, {"startTime": 139738, "endTime": 140940, "taskId": 26, "workflowId": 3, "jobId": -1}, {"startTime": 140940, "endTime": 141191, "taskId": 27, "workflowId": 3, "jobId": -1}, {"startTime": 141191, "endTime": 141391, "taskId": 2, "workflowId": -1, "jobId": 3}, {"startTime": 141391, "endTime": 149005, "taskId": 2, "workflowId": -1, "jobId": 3}, {"startTime": 149005, "endTime": 150079, "taskId": 31, "workflowId": 3, "jobId": -1}, {"startTime": 152441, "endTime": 152936, "taskId": 12, "workflowId": -1, "jobId": 4}, {"startTime": 152936, "endTime": 153597, "taskId": 0, "workflowId": -1, "jobId": 3}, {"startTime": 153597, "endTime": 162078, "taskId": 1, "workflowId": -1, "jobId": 4}, {"startTime": 163022, "endTime": 169667, "taskId": 7, "workflowId": -1, "jobId": 3}, {"startTime": 173317, "endTime": 174083, "taskId": 2, "workflowId": -1, "jobId": 4}, {"startTime": 174083, "endTime": 182328, "taskId": 3, "workflowId": -1, "jobId": 5}, {"startTime": 188977, "endTime": 189558, "taskId": 0, "workflowId": -1, "jobId": 4}, {"startTime": 189558, "endTime": 197636, "taskId": 5, "workflowId": -1, "jobId": 5}, {"startTime": 199937, "endTime": 208182, "taskId": 3, "workflowId": -1, "jobId": 6}, {"startTime": 208182, "endTime": 209106, "taskId": 11, "workflowId": -1, "jobId": 2}, {"startTime": 209106, "endTime": 213274, "taskId": 14, "workflowId": -1, "jobId": 4}, {"startTime": 213643, "endTime": 219404, "taskId": 4, "workflowId": -1, "jobId": 5}, {"startTime": 223061, "endTime": 225018, "taskId": 13, "workflowId": -1, "jobId": 4}, {"startTime": 225018, "endTime": 225791, "taskId": 0, "workflowId": -1, "jobId": 5}, {"startTime": 225791, "endTime": 234036, "taskId": 3, "workflowId": -1, "jobId": 7}, {"startTime": 235185, "endTime": 243666, "taskId": 1, "workflowId": -1, "jobId": 7}, {"startTime": 243666, "endTime": 247409, "taskId": 8, "workflowId": -1, "jobId": 4}, {"startTime": 247409, "endTime": 247456, "taskId": 4, "workflowId": -1, "jobId": 6}, {"startTime": 247456, "endTime": 255534, "taskId": 5, "workflowId": -1, "jobId": 7}, {"startTime": 260069, "endTime": 261059, "taskId": 12, "workflowId": -1, "jobId": 8}, {"startTime": 261059, "endTime": 262381, "taskId": 0, "workflowId": -1, "jobId": 6}, {"startTime": 262381, "endTime": 270862, "taskId": 1, "workflowId": -1, "jobId": 8}, {"startTime": 276405, "endTime": 277499, "taskId": 5, "workflowId": -1, "jobId": 8}, {"startTime": 277499, "endTime": 285744, "taskId": 3, "workflowId": -1, "jobId": 9}, {"startTime": 285744, "endTime": 288622, "taskId": 11, "workflowId": -1, "jobId": 3}, {"startTime": 289577, "endTime": 298058, "taskId": 1, "workflowId": -1, "jobId": 9}, {"startTime": 300880, "endTime": 301821, "taskId": 6, "workflowId": -1, "jobId": 7}, {"startTime": 301821, "endTime": 303353, "taskId": 2, "workflowId": -1, "jobId": 8}, {"startTime": 303353, "endTime": 311598, "taskId": 3, "workflowId": -1, "jobId": 10}, {"startTime": 312185, "endTime": 313883, "taskId": 13, "workflowId": -1, "jobId": 6}, {"startTime": 313883, "endTime": 314941, "taskId": 12, "workflowId": -1, "jobId": 10}, {"startTime": 314941, "endTime": 316773, "taskId": 4, "workflowId": -1, "jobId": 8}, {"startTime": 316773, "endTime": 325254, "taskId": 1, "workflowId": -1, "jobId": 10}, {"startTime": 329207, "endTime": 337452, "taskId": 3, "workflowId": -1, "jobId": 11}, {"startTime": 337452, "endTime": 337461, "taskId": 14, "workflowId": -1, "jobId": 7}, {"startTime": 337461, "endTime": 343969, "taskId": 6, "workflowId": -1, "jobId": 8}, {"startTime": 343969, "endTime": 352450, "taskId": 1, "workflowId": -1, "jobId": 11}, {"startTime": 355061, "endTime": 363306, "taskId": 3, "workflowId": -1, "jobId": 12}, {"startTime": 363306, "endTime": 363833, "taskId": 13, "workflowId": -1, "jobId": 7}, {"startTime": 363833, "endTime": 366073, "taskId": 11, "workflowId": -1, "jobId": 4}, {"startTime": 366073, "endTime": 373887, "taskId": 2, "workflowId": -1, "jobId": 10}, {"startTime": 374042, "endTime": 380915, "taskId": 6, "workflowId": -1, "jobId": 9}, {"startTime": 380915, "endTime": 389160, "taskId": 3, "workflowId": -1, "jobId": 13}, {"startTime": 390466, "endTime": 391117, "taskId": 8, "workflowId": -1, "jobId": 7}, {"startTime": 391117, "endTime": 392201, "taskId": 10, "workflowId": -1, "jobId": 14}, {"startTime": 392201, "endTime": 400279, "taskId": 5, "workflowId": -1, "jobId": 12}, {"startTime": 401309, "endTime": 405223, "taskId": 13, "workflowId": -1, "jobId": 8}, {"startTime": 405223, "endTime": 406769, "taskId": 0, "workflowId": -1, "jobId": 10}, {"startTime": 406769, "endTime": 415014, "taskId": 3, "workflowId": -1, "jobId": 14}, {"startTime": 415853, "endTime": 416239, "taskId": 10, "workflowId": -1, "jobId": 15}, {"startTime": 416239, "endTime": 422000, "taskId": 4, "workflowId": -1, "jobId": 11}, {"startTime": 425557, "endTime": 434038, "taskId": 1, "workflowId": -1, "jobId": 14}, {"startTime": 438843, "endTime": 441264, "taskId": 7, "workflowId": -1, "jobId": 10}, {"startTime": 441264, "endTime": 448107, "taskId": 0, "workflowId": -1, "jobId": 11}, {"startTime": 448418, "endTime": 450005, "taskId": 12, "workflowId": -1, "jobId": 15}, {"startTime": 450005, "endTime": 450099, "taskId": 4, "workflowId": -1, "jobId": 12}, {"startTime": 450099, "endTime": 458177, "taskId": 5, "workflowId": -1, "jobId": 14}, {"startTime": 458477, "endTime": 466722, "taskId": 3, "workflowId": -1, "jobId": 16}]}, {"frequency": 2.83, "activePower": 118, "idlePower": 56.7, "memory": 4, "allocations": [{"startTime": 44813, "endTime": 53294, "taskId": 1, "workflowId": -1, "jobId": 0}, {"startTime": 53294, "endTime": 58798, "taskId": 7, "workflowId": -1, "jobId": 0}, {"startTime": 58798, "endTime": 59939, "taskId": 6, "workflowId": -1, "jobId": 0}, {"startTime": 59939, "endTime": 61599, "taskId": 6, "workflowId": -1, "jobId": 0}, {"startTime": 61599, "endTime": 62921, "taskId": 4, "workflowId": 0, "jobId": -1}, {"startTime": 62921, "endTime": 63588, "taskId": 10, "workflowId": 0, "jobId": -1}, {"startTime": 63588, "endTime": 63615, "taskId": 10, "workflowId": 0, "jobId": -1}, {"startTime": 63615, "endTime": 63711, "taskId": 10, "workflowId": 0, "jobId": -1}, {"startTime": 63711, "endTime": 63741, "taskId": 10, "workflowId": 0, "jobId": -1}, {"startTime": 63741, "endTime": 63797, "taskId": 15, "workflowId": 0, "jobId": -1}, {"startTime": 63797, "endTime": 63915, "taskId": 21, "workflowId": 0, "jobId": -1}, {"startTime": 63915, "endTime": 64185, "taskId": 21, "workflowId": 0, "jobId": -1}, {"startTime": 64185, "endTime": 64193, "taskId": 21, "workflowId": 0, "jobId": -1}, {"startTime": 64193, "endTime": 64324, "taskId": 21, "workflowId": 0, "jobId": -1}, {"startTime": 64324, "endTime": 64358, "taskId": 21, "workflowId": 0, "jobId": -1}, {"startTime": 64358, "endTime": 64750, "taskId": 20, "workflowId": 0, "jobId": -1}, {"startTime": 64750, "endTime": 64777, "taskId": 17, "workflowId": 0, "jobId": -1}, {"startTime": 64777, "endTime": 64971, "taskId": 17, "workflowId": 0, "jobId": -1}, {"startTime": 64971, "endTime": 65166, "taskId": 17, "workflowId": 0, "jobId": -1}, {"startTime": 65166, "endTime": 65597, "taskId": 17, "workflowId": 0, "jobId": -1}, {"startTime": 65597, "endTime": 65784, "taskId": 17, "workflowId": 0, "jobId": -1}, {"startTime": 65784, "endTime": 65949, "taskId": 23, "workflowId": 0, "jobId": -1}, {"startTime": 65949, "endTime": 66315, "taskId": 23, "workflowId": 0, "jobId": -1}, {"startTime": 66315, "endTime": 66367, "taskId": 2, "workflowId": 1, "jobId": -1}, {"startTime": 66367, "endTime": 66519, "taskId": 2, "workflowId": 1, "jobId": -1}, {"startTime": 66519, "endTime": 66801, "taskId": 2, "workflowId": 1, "jobId": -1}, {"startTime": 66801, "endTime": 67008, "taskId": 2, "workflowId": 1, "jobId": -1}, {"startTime": 67008, "endTime": 67191, "taskId": 2, "workflowId": 1, "jobId": -1}, {"startTime": 67191, "endTime": 67670, "taskId": 2, "workflowId": 1, "jobId": -1}, {"startTime": 67670, "endTime": 67671, "taskId": 29, "workflowId": 0, "jobId": -1}, {"startTime": 67671, "endTime": 67877, "taskId": 30, "workflowId": 0, "jobId": -1}, {"startTime": 67877, "endTime": 67884, "taskId": 30, "workflowId": 0, "jobId": -1}, {"startTime": 67884, "endTime": 67950, "taskId": 30, "workflowId": 0, "jobId": -1}, {"startTime": 67981, "endTime": 68199, "taskId": 5, "workflowId": 1, "jobId": -1}, {"startTime": 68199, "endTime": 68518, "taskId": 7, "workflowId": 1, "jobId": -1}, {"startTime": 68518, "endTime": 68612, "taskId": 7, "workflowId": 1, "jobId": -1}, {"startTime": 68612, "endTime": 68737, "taskId": 7, "workflowId": 1, "jobId": -1}, {"startTime": 68737, "endTime": 68878, "taskId": 7, "workflowId": 1, "jobId": -1}, {"startTime": 68878, "endTime": 69064, "taskId": 7, "workflowId": 1, "jobId": -1}, {"startTime": 69064, "endTime": 69092, "taskId": 7, "workflowId": 1, "jobId": -1}, {"startTime": 69092, "endTime": 69198, "taskId": 12, "workflowId": 1, "jobId": -1}, {"startTime": 69198, "endTime": 69340, "taskId": 12, "workflowId": 1, "jobId": -1}, {"startTime": 69340, "endTime": 69525, "taskId": 12, "workflowId": 1, "jobId": -1}, {"startTime": 69525, "endTime": 69773, "taskId": 12, "workflowId": 1, "jobId": -1}, {"startTime": 69773, "endTime": 69915, "taskId": 12, "workflowId": 1, "jobId": -1}, {"startTime": 69915, "endTime": 70163, "taskId": 12, "workflowId": 1, "jobId": -1}, {"startTime": 70163, "endTime": 70200, "taskId": 12, "workflowId": 1, "jobId": -1}, {"startTime": 70200, "endTime": 70201, "taskId": 26, "workflowId": 0, "jobId": -1}, {"startTime": 70201, "endTime": 70590, "taskId": 15, "workflowId": 1, "jobId": -1}, {"startTime": 70590, "endTime": 70615, "taskId": 15, "workflowId": 1, "jobId": -1}, {"startTime": 70615, "endTime": 70668, "taskId": 15, "workflowId": 1, "jobId": -1}, {"startTime": 70668, "endTime": 70943, "taskId": 14, "workflowId": 1, "jobId": -1}, {"startTime": 70943, "endTime": 71056, "taskId": 14, "workflowId": 1, "jobId": -1}, {"startTime": 71056, "endTime": 71057, "taskId": 25, "workflowId": 0, "jobId": -1}, {"startTime": 71057, "endTime": 71091, "taskId": 18, "workflowId": 1, "jobId": -1}, {"startTime": 71091, "endTime": 71235, "taskId": 18, "workflowId": 1, "jobId": -1}, {"startTime": 71235, "endTime": 71239, "taskId": 20, "workflowId": 1, "jobId": -1}, {"startTime": 71239, "endTime": 71495, "taskId": 20, "workflowId": 1, "jobId": -1}, {"startTime": 71495, "endTime": 71628, "taskId": 20, "workflowId": 1, "jobId": -1}, {"startTime": 71628, "endTime": 71823, "taskId": 20, "workflowId": 1, "jobId": -1}, {"startTime": 71823, "endTime": 71895, "taskId": 20, "workflowId": 1, "jobId": -1}, {"startTime": 71895, "endTime": 71934, "taskId": 20, "workflowId": 1, "jobId": -1}, {"startTime": 71934, "endTime": 72009, "taskId": 25, "workflowId": 0, "jobId": -1}, {"startTime": 72009, "endTime": 72116, "taskId": 1, "workflowId": -1, "jobId": 1}, {"startTime": 72116, "endTime": 72174, "taskId": 1, "workflowId": -1, "jobId": 1}, {"startTime": 72174, "endTime": 72186, "taskId": 1, "workflowId": -1, "jobId": 1}, {"startTime": 72186, "endTime": 72205, "taskId": 1, "workflowId": -1, "jobId": 1}, {"startTime": 72205, "endTime": 73163, "taskId": 1, "workflowId": -1, "jobId": 1}, {"startTime": 73163, "endTime": 73545, "taskId": 1, "workflowId": -1, "jobId": 1}, {"startTime": 73545, "endTime": 73985, "taskId": 1, "workflowId": -1, "jobId": 1}, {"startTime": 73985, "endTime": 74068, "taskId": 1, "workflowId": -1, "jobId": 1}, {"startTime": 74068, "endTime": 74271, "taskId": 1, "workflowId": -1, "jobId": 1}, {"startTime": 74271, "endTime": 74321, "taskId": 1, "workflowId": -1, "jobId": 1}, {"startTime": 74321, "endTime": 74393, "taskId": 1, "workflowId": -1, "jobId": 1}, {"startTime": 74393, "endTime": 75585, "taskId": 1, "workflowId": -1, "jobId": 1}, {"startTime": 75585, "endTime": 76438, "taskId": 1, "workflowId": -1, "jobId": 1}, {"startTime": 76438, "endTime": 76544, "taskId": 1, "workflowId": -1, "jobId": 1}, {"startTime": 76544, "endTime": 78065, "taskId": 1, "workflowId": -1, "jobId": 1}, {"startTime": 78065, "endTime": 78466, "taskId": 1, "workflowId": -1, "jobId": 1}, {"startTime": 78466, "endTime": 80301, "taskId": 1, "workflowId": -1, "jobId": 1}, {"startTime": 80301, "endTime": 80490, "taskId": 1, "workflowId": -1, "jobId": 1}, {"startTime": 80490, "endTime": 80551, "taskId": 27, "workflowId": 1, "jobId": -1}, {"startTime": 80551, "endTime": 80830, "taskId": 27, "workflowId": 1, "jobId": -1}, {"startTime": 80830, "endTime": 80854, "taskId": 27, "workflowId": 1, "jobId": -1}, {"startTime": 80854, "endTime": 80915, "taskId": 0, "workflowId": -1, "jobId": 1}, {"startTime": 80915, "endTime": 81273, "taskId": 0, "workflowId": -1, "jobId": 1}, {"startTime": 81273, "endTime": 82085, "taskId": 0, "workflowId": -1, "jobId": 1}, {"startTime": 82085, "endTime": 82474, "taskId": 0, "workflowId": -1, "jobId": 1}, {"startTime": 82474, "endTime": 82556, "taskId": 0, "workflowId": -1, "jobId": 1}, {"startTime": 82556, "endTime": 82663, "taskId": 0, "workflowId": -1, "jobId": 1}, {"startTime": 82663, "endTime": 83043, "taskId": 0, "workflowId": -1, "jobId": 1}, {"startTime": 83043, "endTime": 83237, "taskId": 0, "workflowId": -1, "jobId": 1}, {"startTime": 83237, "endTime": 83552, "taskId": 0, "workflowId": -1, "jobId": 1}, {"startTime": 83552, "endTime": 84012, "taskId": 0, "workflowId": -1, "jobId": 1}, {"startTime": 84012, "endTime": 84132, "taskId": 0, "workflowId": -1, "jobId": 1}, {"startTime": 84132, "endTime": 84180, "taskId": 0, "workflowId": -1, "jobId": 1}, {"startTime": 84180, "endTime": 86434, "taskId": 0, "workflowId": -1, "jobId": 1}, {"startTime": 86434, "endTime": 87412, "taskId": 0, "workflowId": -1, "jobId": 1}, {"startTime": 87412, "endTime": 87697, "taskId": 0, "workflowId": -1, "jobId": 1}, {"startTime": 87697, "endTime": 87804, "taskId": 30, "workflowId": 1, "jobId": -1}, {"startTime": 87804, "endTime": 88184, "taskId": 30, "workflowId": 1, "jobId": -1}, {"startTime": 88184, "endTime": 88573, "taskId": 30, "workflowId": 1, "jobId": -1}, {"startTime": 88573, "endTime": 88624, "taskId": 30, "workflowId": 1, "jobId": -1}, {"startTime": 88624, "endTime": 89133, "taskId": 31, "workflowId": 1, "jobId": -1}, {"startTime": 89133, "endTime": 89620, "taskId": 31, "workflowId": 1, "jobId": -1}, {"startTime": 89620, "endTime": 89713, "taskId": 31, "workflowId": 1, "jobId": -1}, {"startTime": 89713, "endTime": 89725, "taskId": 31, "workflowId": 1, "jobId": -1}, {"startTime": 89725, "endTime": 89825, "taskId": 31, "workflowId": 1, "jobId": -1}, {"startTime": 89825, "endTime": 90194, "taskId": 26, "workflowId": 0, "jobId": -1}, {"startTime": 90194, "endTime": 90214, "taskId": 26, "workflowId": 0, "jobId": -1}, {"startTime": 90214, "endTime": 90667, "taskId": 10, "workflowId": -1, "jobId": 0}, {"startTime": 90667, "endTime": 90794, "taskId": 10, "workflowId": -1, "jobId": 0}, {"startTime": 90794, "endTime": 91648, "taskId": 5, "workflowId": 2, "jobId": -1}, {"startTime": 91648, "endTime": 92556, "taskId": 5, "workflowId": 2, "jobId": -1}, {"startTime": 92556, "endTime": 93164, "taskId": 10, "workflowId": 3, "jobId": -1}, {"startTime": 93164, "endTime": 93371, "taskId": 7, "workflowId": 2, "jobId": -1}, {"startTime": 93371, "endTime": 93960, "taskId": 7, "workflowId": 2, "jobId": -1}, {"startTime": 93960, "endTime": 94053, "taskId": 7, "workflowId": 2, "jobId": -1}, {"startTime": 94053, "endTime": 94285, "taskId": 7, "workflowId": 2, "jobId": -1}, {"startTime": 94285, "endTime": 94443, "taskId": 10, "workflowId": -1, "jobId": 2}, {"startTime": 94443, "endTime": 94457, "taskId": 10, "workflowId": -1, "jobId": 2}, {"startTime": 94457, "endTime": 96208, "taskId": 10, "workflowId": -1, "jobId": 2}, {"startTime": 96208, "endTime": 96366, "taskId": 7, "workflowId": 2, "jobId": -1}, {"startTime": 96366, "endTime": 96507, "taskId": 12, "workflowId": 2, "jobId": -1}, {"startTime": 96507, "endTime": 96839, "taskId": 11, "workflowId": 2, "jobId": -1}, {"startTime": 96839, "endTime": 96917, "taskId": 11, "workflowId": 2, "jobId": -1}, {"startTime": 96917, "endTime": 96967, "taskId": 11, "workflowId": 2, "jobId": -1}, {"startTime": 96967, "endTime": 97052, "taskId": 11, "workflowId": 2, "jobId": -1}, {"startTime": 97052, "endTime": 97440, "taskId": 9, "workflowId": -1, "jobId": 0}, {"startTime": 97440, "endTime": 97539, "taskId": 9, "workflowId": -1, "jobId": 0}, {"startTime": 97539, "endTime": 97629, "taskId": 9, "workflowId": -1, "jobId": 0}, {"startTime": 97629, "endTime": 98810, "taskId": 9, "workflowId": -1, "jobId": 0}, {"startTime": 98810, "endTime": 99005, "taskId": 9, "workflowId": -1, "jobId": 0}, {"startTime": 99005, "endTime": 99067, "taskId": 9, "workflowId": -1, "jobId": 0}, {"startTime": 99067, "endTime": 99098, "taskId": 9, "workflowId": -1, "jobId": 0}, {"startTime": 99098, "endTime": 99205, "taskId": 9, "workflowId": -1, "jobId": 0}, {"startTime": 99205, "endTime": 99215, "taskId": 1, "workflowId": -1, "jobId": 2}, {"startTime": 99215, "endTime": 99540, "taskId": 1, "workflowId": -1, "jobId": 2}, {"startTime": 99540, "endTime": 100075, "taskId": 1, "workflowId": -1, "jobId": 2}, {"startTime": 100075, "endTime": 100717, "taskId": 1, "workflowId": -1, "jobId": 2}, {"startTime": 100717, "endTime": 100733, "taskId": 1, "workflowId": -1, "jobId": 2}, {"startTime": 100733, "endTime": 101206, "taskId": 1, "workflowId": -1, "jobId": 2}, {"startTime": 101206, "endTime": 101944, "taskId": 1, "workflowId": -1, "jobId": 2}, {"startTime": 101944, "endTime": 102231, "taskId": 1, "workflowId": -1, "jobId": 2}, {"startTime": 102231, "endTime": 103493, "taskId": 1, "workflowId": -1, "jobId": 2}, {"startTime": 103493, "endTime": 103518, "taskId": 1, "workflowId": -1, "jobId": 2}, {"startTime": 103518, "endTime": 103566, "taskId": 1, "workflowId": -1, "jobId": 2}, {"startTime": 103566, "endTime": 104298, "taskId": 1, "workflowId": -1, "jobId": 2}, {"startTime": 104298, "endTime": 104569, "taskId": 1, "workflowId": -1, "jobId": 2}, {"startTime": 104569, "endTime": 104828, "taskId": 1, "workflowId": -1, "jobId": 2}, {"startTime": 104828, "endTime": 104956, "taskId": 1, "workflowId": -1, "jobId": 2}, {"startTime": 104956, "endTime": 107138, "taskId": 1, "workflowId": -1, "jobId": 2}, {"startTime": 107138, "endTime": 107686, "taskId": 1, "workflowId": -1, "jobId": 2}, {"startTime": 107686, "endTime": 107848, "taskId": 32, "workflowId": 2, "jobId": -1}, {"startTime": 107848, "endTime": 108344, "taskId": 17, "workflowId": 2, "jobId": -1}, {"startTime": 108344, "endTime": 108869, "taskId": 17, "workflowId": 2, "jobId": -1}, {"startTime": 108869, "endTime": 108916, "taskId": 17, "workflowId": 2, "jobId": -1}, {"startTime": 108916, "endTime": 108979, "taskId": 17, "workflowId": 2, "jobId": -1}, {"startTime": 108979, "endTime": 109065, "taskId": 32, "workflowId": 2, "jobId": -1}, {"startTime": 109065, "endTime": 109504, "taskId": 30, "workflowId": 2, "jobId": -1}, {"startTime": 109504, "endTime": 109718, "taskId": 30, "workflowId": 2, "jobId": -1}, {"startTime": 109718, "endTime": 109829, "taskId": 8, "workflowId": 2, "jobId": -1}, {"startTime": 109829, "endTime": 109977, "taskId": 16, "workflowId": 2, "jobId": -1}, {"startTime": 109977, "endTime": 109986, "taskId": 32, "workflowId": 2, "jobId": -1}, {"startTime": 109986, "endTime": 111414, "taskId": 32, "workflowId": 2, "jobId": -1}, {"startTime": 111414, "endTime": 112211, "taskId": 16, "workflowId": 2, "jobId": -1}, {"startTime": 112211, "endTime": 112346, "taskId": 5, "workflowId": 3, "jobId": -1}, {"startTime": 112346, "endTime": 112417, "taskId": 4, "workflowId": -1, "jobId": 2}, {"startTime": 112417, "endTime": 112628, "taskId": 4, "workflowId": -1, "jobId": 2}, {"startTime": 112628, "endTime": 112684, "taskId": 4, "workflowId": -1, "jobId": 2}, {"startTime": 112684, "endTime": 114003, "taskId": 4, "workflowId": -1, "jobId": 2}, {"startTime": 114003, "endTime": 118107, "taskId": 4, "workflowId": -1, "jobId": 2}, {"startTime": 118107, "endTime": 118359, "taskId": 12, "workflowId": -1, "jobId": 2}, {"startTime": 118359, "endTime": 119021, "taskId": 13, "workflowId": -1, "jobId": 1}, {"startTime": 119021, "endTime": 119215, "taskId": 10, "workflowId": -1, "jobId": 3}, {"startTime": 119215, "endTime": 120944, "taskId": 10, "workflowId": -1, "jobId": 3}, {"startTime": 120944, "endTime": 122376, "taskId": 15, "workflowId": 3, "jobId": -1}, {"startTime": 122376, "endTime": 122442, "taskId": 0, "workflowId": -1, "jobId": 2}, {"startTime": 122442, "endTime": 123367, "taskId": 0, "workflowId": -1, "jobId": 2}, {"startTime": 123367, "endTime": 123550, "taskId": 0, "workflowId": -1, "jobId": 2}, {"startTime": 123550, "endTime": 123738, "taskId": 0, "workflowId": -1, "jobId": 2}, {"startTime": 123738, "endTime": 123804, "taskId": 9, "workflowId": -1, "jobId": 1}, {"startTime": 123804, "endTime": 124912, "taskId": 9, "workflowId": -1, "jobId": 1}, {"startTime": 124912, "endTime": 124917, "taskId": 9, "workflowId": -1, "jobId": 1}, {"startTime": 124917, "endTime": 124983, "taskId": 9, "workflowId": -1, "jobId": 1}, {"startTime": 124983, "endTime": 126091, "taskId": 9, "workflowId": -1, "jobId": 1}, {"startTime": 126091, "endTime": 126401, "taskId": 9, "workflowId": -1, "jobId": 1}, {"startTime": 126401, "endTime": 128932, "taskId": 1, "workflowId": -1, "jobId": 3}, {"startTime": 128932, "endTime": 129777, "taskId": 1, "workflowId": -1, "jobId": 3}, {"startTime": 129777, "endTime": 130111, "taskId": 1, "workflowId": -1, "jobId": 3}, {"startTime": 130111, "endTime": 134882, "taskId": 1, "workflowId": -1, "jobId": 3}, {"startTime": 134882, "endTime": 136574, "taskId": 19, "workflowId": 3, "jobId": -1}, {"startTime": 136574, "endTime": 137500, "taskId": 21, "workflowId": 3, "jobId": -1}, {"startTime": 137500, "endTime": 137752, "taskId": 18, "workflowId": 3, "jobId": -1}, {"startTime": 137752, "endTime": 138678, "taskId": 18, "workflowId": 3, "jobId": -1}, {"startTime": 138678, "endTime": 139138, "taskId": 23, "workflowId": 3, "jobId": -1}, {"startTime": 139138, "endTime": 140308, "taskId": 24, "workflowId": 3, "jobId": -1}, {"startTime": 140308, "endTime": 140768, "taskId": 24, "workflowId": 3, "jobId": -1}, {"startTime": 140768, "endTime": 141191, "taskId": 25, "workflowId": 3, "jobId": -1}, {"startTime": 141191, "endTime": 141391, "taskId": 27, "workflowId": 3, "jobId": -1}, {"startTime": 141391, "endTime": 142500, "taskId": 25, "workflowId": 3, "jobId": -1}, {"startTime": 142500, "endTime": 142700, "taskId": 25, "workflowId": 3, "jobId": -1}, {"startTime": 142700, "endTime": 143320, "taskId": 29, "workflowId": 3, "jobId": -1}, {"startTime": 143320, "endTime": 143571, "taskId": 28, "workflowId": 3, "jobId": -1}, {"startTime": 143571, "endTime": 143582, "taskId": 8, "workflowId": -1, "jobId": 2}, {"startTime": 143582, "endTime": 143757, "taskId": 8, "workflowId": -1, "jobId": 2}, {"startTime": 143757, "endTime": 145680, "taskId": 10, "workflowId": -1, "jobId": 4}, {"startTime": 145680, "endTime": 146111, "taskId": 28, "workflowId": 3, "jobId": -1}, {"startTime": 146111, "endTime": 146782, "taskId": 4, "workflowId": -1, "jobId": 3}, {"startTime": 146782, "endTime": 148229, "taskId": 4, "workflowId": -1, "jobId": 3}, {"startTime": 148229, "endTime": 156474, "taskId": 3, "workflowId": -1, "jobId": 4}, {"startTime": 156474, "endTime": 156953, "taskId": 12, "workflowId": -1, "jobId": 4}, {"startTime": 160610, "endTime": 168688, "taskId": 5, "workflowId": -1, "jobId": 4}, {"startTime": 174083, "endTime": 181131, "taskId": 2, "workflowId": -1, "jobId": 4}, {"startTime": 181131, "endTime": 182280, "taskId": 12, "workflowId": -1, "jobId": 5}, {"startTime": 182280, "endTime": 188544, "taskId": 13, "workflowId": -1, "jobId": 3}, {"startTime": 189558, "endTime": 195820, "taskId": 0, "workflowId": -1, "jobId": 4}, {"startTime": 201497, "endTime": 202425, "taskId": 9, "workflowId": -1, "jobId": 2}, {"startTime": 202425, "endTime": 205443, "taskId": 7, "workflowId": -1, "jobId": 4}, {"startTime": 205443, "endTime": 207989, "taskId": 2, "workflowId": -1, "jobId": 5}, {"startTime": 207989, "endTime": 216470, "taskId": 1, "workflowId": -1, "jobId": 6}, {"startTime": 217965, "endTime": 218507, "taskId": 10, "workflowId": -1, "jobId": 7}, {"startTime": 218507, "endTime": 226585, "taskId": 5, "workflowId": -1, "jobId": 6}, {"startTime": 227718, "endTime": 236259, "taskId": 6, "workflowId": -1, "jobId": 5}, {"startTime": 237569, "endTime": 245383, "taskId": 2, "workflowId": -1, "jobId": 6}, {"startTime": 247409, "endTime": 247456, "taskId": 8, "workflowId": -1, "jobId": 4}, {"startTime": 247456, "endTime": 251645, "taskId": 4, "workflowId": -1, "jobId": 6}, {"startTime": 251645, "endTime": 259890, "taskId": 3, "workflowId": -1, "jobId": 8}, {"startTime": 261059, "endTime": 262381, "taskId": 12, "workflowId": -1, "jobId": 8}, {"startTime": 262381, "endTime": 267902, "taskId": 0, "workflowId": -1, "jobId": 6}, {"startTime": 267902, "endTime": 269695, "taskId": 13, "workflowId": -1, "jobId": 5}, {"startTime": 269695, "endTime": 277509, "taskId": 2, "workflowId": -1, "jobId": 7}, {"startTime": 279839, "endTime": 281175, "taskId": 9, "workflowId": -1, "jobId": 3}, {"startTime": 281175, "endTime": 286936, "taskId": 4, "workflowId": -1, "jobId": 7}, {"startTime": 286936, "endTime": 286976, "taskId": 15, "workflowId": -1, "jobId": 3}, {"startTime": 286976, "endTime": 289570, "taskId": 12, "workflowId": -1, "jobId": 9}, {"startTime": 290837, "endTime": 291708, "taskId": 14, "workflowId": -1, "jobId": 6}, {"startTime": 291708, "endTime": 292173, "taskId": 8, "workflowId": -1, "jobId": 5}, {"startTime": 292173, "endTime": 294096, "taskId": 10, "workflowId": -1, "jobId": 10}, {"startTime": 294096, "endTime": 294909, "taskId": 15, "workflowId": -1, "jobId": 3}, {"startTime": 297100, "endTime": 303943, "taskId": 0, "workflowId": -1, "jobId": 7}, {"startTime": 305354, "endTime": 313432, "taskId": 5, "workflowId": -1, "jobId": 9}, {"startTime": 313883, "endTime": 314941, "taskId": 13, "workflowId": -1, "jobId": 6}, {"startTime": 314941, "endTime": 316477, "taskId": 12, "workflowId": -1, "jobId": 10}, {"startTime": 316773, "endTime": 320702, "taskId": 4, "workflowId": -1, "jobId": 8}, {"startTime": 331841, "endTime": 333141, "taskId": 14, "workflowId": -1, "jobId": 7}, {"startTime": 333141, "endTime": 333947, "taskId": 0, "workflowId": -1, "jobId": 8}, {"startTime": 333947, "endTime": 334303, "taskId": 2, "workflowId": -1, "jobId": 9}, {"startTime": 334303, "endTime": 342381, "taskId": 5, "workflowId": -1, "jobId": 10}, {"startTime": 342381, "endTime": 343969, "taskId": 12, "workflowId": -1, "jobId": 11}, {"startTime": 343969, "endTime": 346002, "taskId": 6, "workflowId": -1, "jobId": 8}, {"startTime": 348707, "endTime": 354468, "taskId": 4, "workflowId": -1, "jobId": 9}, {"startTime": 356747, "endTime": 358181, "taskId": 13, "workflowId": -1, "jobId": 7}, {"startTime": 358181, "endTime": 360037, "taskId": 9, "workflowId": -1, "jobId": 4}, {"startTime": 360037, "endTime": 363252, "taskId": 7, "workflowId": -1, "jobId": 8}, {"startTime": 363252, "endTime": 371330, "taskId": 5, "workflowId": -1, "jobId": 11}, {"startTime": 371330, "endTime": 372419, "taskId": 15, "workflowId": -1, "jobId": 4}, {"startTime": 372845, "endTime": 377013, "taskId": 14, "workflowId": -1, "jobId": 8}, {"startTime": 380915, "endTime": 382583, "taskId": 6, "workflowId": -1, "jobId": 9}, {"startTime": 391117, "endTime": 392201, "taskId": 8, "workflowId": -1, "jobId": 7}, {"startTime": 392201, "endTime": 393040, "taskId": 10, "workflowId": -1, "jobId": 14}, {"startTime": 394604, "endTime": 397198, "taskId": 12, "workflowId": -1, "jobId": 13}, {"startTime": 398200, "endTime": 398361, "taskId": 2, "workflowId": -1, "jobId": 11}, {"startTime": 398361, "endTime": 406842, "taskId": 1, "workflowId": -1, "jobId": 13}, {"startTime": 410623, "endTime": 419164, "taskId": 6, "workflowId": -1, "jobId": 10}, {"startTime": 421150, "endTime": 429228, "taskId": 5, "workflowId": -1, "jobId": 13}, {"startTime": 430325, "endTime": 432623, "taskId": 2, "workflowId": -1, "jobId": 12}, {"startTime": 432623, "endTime": 440868, "taskId": 3, "workflowId": -1, "jobId": 15}, {"startTime": 441264, "endTime": 445488, "taskId": 7, "workflowId": -1, "jobId": 10}, {"startTime": 445871, "endTime": 447204, "taskId": 13, "workflowId": -1, "jobId": 9}, {"startTime": 447204, "endTime": 450099, "taskId": 6, "workflowId": -1, "jobId": 11}, {"startTime": 450099, "endTime": 452753, "taskId": 4, "workflowId": -1, "jobId": 12}, {"startTime": 452753, "endTime": 461234, "taskId": 1, "workflowId": -1, "jobId": 15}, {"startTime": 462451, "endTime": 470265, "taskId": 2, "workflowId": -1, "jobId": 13}]}, {"frequency": 2.83, "activePower": 118, "idlePower": 56.7, "memory": 4, "allocations": [{"startTime": 44813, "endTime": 52891, "taskId": 5, "workflowId": -1, "jobId": 0}, {"startTime": 52891, "endTime": 59734, "taskId": 0, "workflowId": -1, "jobId": 0}, {"startTime": 59734, "endTime": 59819, "taskId": 10, "workflowId": -1, "jobId": 0}, {"startTime": 59819, "endTime": 61205, "taskId": 1, "workflowId": 0, "jobId": -1}, {"startTime": 61205, "endTime": 61206, "taskId": 10, "workflowId": -1, "jobId": 0}, {"startTime": 61206, "endTime": 61247, "taskId": 6, "workflowId": 0, "jobId": -1}, {"startTime": 61247, "endTime": 61789, "taskId": 6, "workflowId": 0, "jobId": -1}, {"startTime": 61789, "endTime": 62304, "taskId": 6, "workflowId": 0, "jobId": -1}, {"startTime": 62304, "endTime": 62305, "taskId": 7, "workflowId": 0, "jobId": -1}, {"startTime": 62305, "endTime": 63000, "taskId": 13, "workflowId": 0, "jobId": -1}, {"startTime": 63000, "endTime": 63094, "taskId": 13, "workflowId": 0, "jobId": -1}, {"startTime": 63094, "endTime": 63129, "taskId": 13, "workflowId": 0, "jobId": -1}, {"startTime": 63129, "endTime": 63673, "taskId": 14, "workflowId": 0, "jobId": -1}, {"startTime": 63673, "endTime": 63796, "taskId": 14, "workflowId": 0, "jobId": -1}, {"startTime": 63796, "endTime": 63797, "taskId": 16, "workflowId": 0, "jobId": -1}, {"startTime": 63797, "endTime": 63919, "taskId": 15, "workflowId": 0, "jobId": -1}, {"startTime": 63919, "endTime": 64084, "taskId": 15, "workflowId": 0, "jobId": -1}, {"startTime": 64084, "endTime": 64410, "taskId": 15, "workflowId": 0, "jobId": -1}, {"startTime": 64410, "endTime": 64776, "taskId": 15, "workflowId": 0, "jobId": -1}, {"startTime": 64776, "endTime": 65389, "taskId": 16, "workflowId": 0, "jobId": -1}, {"startTime": 65389, "endTime": 65566, "taskId": 29, "workflowId": 0, "jobId": -1}, {"startTime": 65566, "endTime": 66111, "taskId": 29, "workflowId": 0, "jobId": -1}, {"startTime": 66111, "endTime": 66179, "taskId": 30, "workflowId": 0, "jobId": -1}, {"startTime": 66179, "endTime": 66315, "taskId": 30, "workflowId": 0, "jobId": -1}, {"startTime": 66315, "endTime": 66318, "taskId": 23, "workflowId": 0, "jobId": -1}, {"startTime": 66318, "endTime": 66801, "taskId": 23, "workflowId": 0, "jobId": -1}, {"startTime": 66801, "endTime": 66901, "taskId": 1, "workflowId": 1, "jobId": -1}, {"startTime": 66901, "endTime": 66962, "taskId": 1, "workflowId": 1, "jobId": -1}, {"startTime": 66962, "endTime": 67042, "taskId": 1, "workflowId": 1, "jobId": -1}, {"startTime": 67042, "endTime": 67194, "taskId": 1, "workflowId": 1, "jobId": -1}, {"startTime": 67194, "endTime": 67432, "taskId": 1, "workflowId": 1, "jobId": -1}, {"startTime": 67432, "endTime": 67794, "taskId": 1, "workflowId": 1, "jobId": -1}, {"startTime": 67794, "endTime": 68000, "taskId": 29, "workflowId": 0, "jobId": -1}, {"startTime": 68000, "endTime": 68199, "taskId": 11, "workflowId": -1, "jobId": 0}, {"startTime": 68199, "endTime": 68435, "taskId": 10, "workflowId": 1, "jobId": -1}, {"startTime": 68435, "endTime": 68737, "taskId": 10, "workflowId": 1, "jobId": -1}, {"startTime": 68737, "endTime": 68825, "taskId": 10, "workflowId": 1, "jobId": -1}, {"startTime": 68825, "endTime": 69064, "taskId": 10, "workflowId": 1, "jobId": -1}, {"startTime": 69064, "endTime": 69299, "taskId": 10, "workflowId": 1, "jobId": -1}, {"startTime": 69299, "endTime": 69304, "taskId": 10, "workflowId": 1, "jobId": -1}, {"startTime": 69304, "endTime": 69552, "taskId": 8, "workflowId": 1, "jobId": -1}, {"startTime": 69552, "endTime": 69727, "taskId": 5, "workflowId": 1, "jobId": -1}, {"startTime": 69727, "endTime": 69882, "taskId": 5, "workflowId": 1, "jobId": -1}, {"startTime": 69882, "endTime": 69975, "taskId": 5, "workflowId": 1, "jobId": -1}, {"startTime": 69975, "endTime": 70114, "taskId": 25, "workflowId": 0, "jobId": -1}, {"startTime": 70114, "endTime": 70201, "taskId": 25, "workflowId": 0, "jobId": -1}, {"startTime": 70201, "endTime": 70521, "taskId": 13, "workflowId": 1, "jobId": -1}, {"startTime": 70521, "endTime": 70529, "taskId": 13, "workflowId": 1, "jobId": -1}, {"startTime": 70529, "endTime": 70668, "taskId": 13, "workflowId": 1, "jobId": -1}, {"startTime": 70668, "endTime": 70851, "taskId": 15, "workflowId": 1, "jobId": -1}, {"startTime": 70851, "endTime": 71091, "taskId": 15, "workflowId": 1, "jobId": -1}, {"startTime": 71091, "endTime": 71235, "taskId": 19, "workflowId": 1, "jobId": -1}, {"startTime": 71235, "endTime": 71471, "taskId": 19, "workflowId": 1, "jobId": -1}, {"startTime": 71471, "endTime": 71731, "taskId": 19, "workflowId": 1, "jobId": -1}, {"startTime": 71731, "endTime": 72009, "taskId": 19, "workflowId": 1, "jobId": -1}, {"startTime": 72009, "endTime": 72053, "taskId": 18, "workflowId": 1, "jobId": -1}, {"startTime": 72053, "endTime": 72204, "taskId": 18, "workflowId": 1, "jobId": -1}, {"startTime": 72204, "endTime": 72218, "taskId": 18, "workflowId": 1, "jobId": -1}, {"startTime": 72218, "endTime": 72333, "taskId": 18, "workflowId": 1, "jobId": -1}, {"startTime": 72333, "endTime": 72347, "taskId": 18, "workflowId": 1, "jobId": -1}, {"startTime": 72347, "endTime": 72413, "taskId": 18, "workflowId": 1, "jobId": -1}, {"startTime": 72413, "endTime": 72455, "taskId": 18, "workflowId": 1, "jobId": -1}, {"startTime": 72455, "endTime": 72607, "taskId": 18, "workflowId": 1, "jobId": -1}, {"startTime": 72607, "endTime": 72881, "taskId": 18, "workflowId": 1, "jobId": -1}, {"startTime": 72881, "endTime": 72964, "taskId": 18, "workflowId": 1, "jobId": -1}, {"startTime": 72964, "endTime": 72998, "taskId": 18, "workflowId": 1, "jobId": -1}, {"startTime": 72998, "endTime": 73390, "taskId": 23, "workflowId": 1, "jobId": -1}, {"startTime": 73390, "endTime": 73424, "taskId": 23, "workflowId": 1, "jobId": -1}, {"startTime": 73424, "endTime": 73487, "taskId": 23, "workflowId": 1, "jobId": -1}, {"startTime": 73487, "endTime": 73545, "taskId": 23, "workflowId": 1, "jobId": -1}, {"startTime": 73545, "endTime": 73715, "taskId": 23, "workflowId": 1, "jobId": -1}, {"startTime": 73715, "endTime": 73762, "taskId": 23, "workflowId": 1, "jobId": -1}, {"startTime": 73762, "endTime": 73933, "taskId": 5, "workflowId": -1, "jobId": 1}, {"startTime": 73933, "endTime": 73962, "taskId": 5, "workflowId": -1, "jobId": 1}, {"startTime": 73962, "endTime": 74150, "taskId": 5, "workflowId": -1, "jobId": 1}, {"startTime": 74150, "endTime": 74393, "taskId": 5, "workflowId": -1, "jobId": 1}, {"startTime": 74393, "endTime": 74509, "taskId": 5, "workflowId": -1, "jobId": 1}, {"startTime": 74509, "endTime": 74539, "taskId": 5, "workflowId": -1, "jobId": 1}, {"startTime": 74539, "endTime": 74616, "taskId": 5, "workflowId": -1, "jobId": 1}, {"startTime": 74616, "endTime": 74705, "taskId": 5, "workflowId": -1, "jobId": 1}, {"startTime": 74705, "endTime": 74813, "taskId": 5, "workflowId": -1, "jobId": 1}, {"startTime": 74813, "endTime": 74996, "taskId": 5, "workflowId": -1, "jobId": 1}, {"startTime": 74996, "endTime": 75385, "taskId": 5, "workflowId": -1, "jobId": 1}, {"startTime": 75385, "endTime": 76057, "taskId": 5, "workflowId": -1, "jobId": 1}, {"startTime": 76057, "endTime": 79162, "taskId": 5, "workflowId": -1, "jobId": 1}, {"startTime": 79162, "endTime": 79734, "taskId": 5, "workflowId": -1, "jobId": 1}, {"startTime": 79734, "endTime": 79887, "taskId": 5, "workflowId": -1, "jobId": 1}, {"startTime": 79887, "endTime": 80207, "taskId": 5, "workflowId": -1, "jobId": 1}, {"startTime": 80207, "endTime": 80779, "taskId": 5, "workflowId": -1, "jobId": 1}, {"startTime": 80779, "endTime": 81364, "taskId": 5, "workflowId": -1, "jobId": 1}, {"startTime": 81364, "endTime": 81840, "taskId": 5, "workflowId": -1, "jobId": 1}, {"startTime": 81840, "endTime": 81901, "taskId": 6, "workflowId": -1, "jobId": 1}, {"startTime": 81901, "endTime": 82229, "taskId": 6, "workflowId": -1, "jobId": 1}, {"startTime": 82229, "endTime": 82259, "taskId": 6, "workflowId": -1, "jobId": 1}, {"startTime": 82259, "endTime": 82720, "taskId": 6, "workflowId": -1, "jobId": 1}, {"startTime": 82720, "endTime": 82759, "taskId": 6, "workflowId": -1, "jobId": 1}, {"startTime": 82759, "endTime": 83372, "taskId": 6, "workflowId": -1, "jobId": 1}, {"startTime": 83372, "endTime": 83435, "taskId": 6, "workflowId": -1, "jobId": 1}, {"startTime": 83435, "endTime": 83542, "taskId": 6, "workflowId": -1, "jobId": 1}, {"startTime": 83542, "endTime": 83824, "taskId": 6, "workflowId": -1, "jobId": 1}, {"startTime": 83824, "endTime": 84152, "taskId": 6, "workflowId": -1, "jobId": 1}, {"startTime": 84152, "endTime": 84465, "taskId": 6, "workflowId": -1, "jobId": 1}, {"startTime": 84465, "endTime": 84976, "taskId": 6, "workflowId": -1, "jobId": 1}, {"startTime": 84976, "endTime": 85136, "taskId": 6, "workflowId": -1, "jobId": 1}, {"startTime": 85136, "endTime": 85716, "taskId": 6, "workflowId": -1, "jobId": 1}, {"startTime": 85716, "endTime": 85858, "taskId": 6, "workflowId": -1, "jobId": 1}, {"startTime": 85858, "endTime": 86649, "taskId": 6, "workflowId": -1, "jobId": 1}, {"startTime": 86649, "endTime": 86676, "taskId": 6, "workflowId": -1, "jobId": 1}, {"startTime": 86676, "endTime": 86738, "taskId": 6, "workflowId": -1, "jobId": 1}, {"startTime": 86738, "endTime": 87473, "taskId": 6, "workflowId": -1, "jobId": 1}, {"startTime": 87473, "endTime": 88382, "taskId": 6, "workflowId": -1, "jobId": 1}, {"startTime": 88382, "endTime": 89179, "taskId": 6, "workflowId": -1, "jobId": 1}, {"startTime": 89179, "endTime": 89468, "taskId": 6, "workflowId": -1, "jobId": 1}, {"startTime": 89468, "endTime": 90381, "taskId": 6, "workflowId": -1, "jobId": 1}, {"startTime": 90381, "endTime": 91609, "taskId": 10, "workflowId": -1, "jobId": 1}, {"startTime": 91609, "endTime": 92143, "taskId": 10, "workflowId": -1, "jobId": 1}, {"startTime": 92143, "endTime": 92259, "taskId": 10, "workflowId": -1, "jobId": 1}, {"startTime": 92259, "endTime": 92304, "taskId": 10, "workflowId": -1, "jobId": 1}, {"startTime": 92304, "endTime": 92732, "taskId": 12, "workflowId": -1, "jobId": 1}, {"startTime": 92732, "endTime": 93164, "taskId": 1, "workflowId": 2, "jobId": -1}, {"startTime": 93164, "endTime": 93371, "taskId": 9, "workflowId": 2, "jobId": -1}, {"startTime": 93371, "endTime": 93380, "taskId": 9, "workflowId": 2, "jobId": -1}, {"startTime": 93380, "endTime": 93853, "taskId": 9, "workflowId": 2, "jobId": -1}, {"startTime": 93853, "endTime": 94288, "taskId": 9, "workflowId": 2, "jobId": -1}, {"startTime": 94288, "endTime": 94420, "taskId": 9, "workflowId": 2, "jobId": -1}, {"startTime": 94420, "endTime": 96917, "taskId": 11, "workflowId": -1, "jobId": 0}, {"startTime": 96917, "endTime": 96994, "taskId": 10, "workflowId": 3, "jobId": -1}, {"startTime": 96994, "endTime": 97052, "taskId": 9, "workflowId": 3, "jobId": -1}, {"startTime": 97052, "endTime": 97163, "taskId": 8, "workflowId": -1, "jobId": 1}, {"startTime": 97163, "endTime": 97289, "taskId": 8, "workflowId": -1, "jobId": 1}, {"startTime": 97289, "endTime": 98117, "taskId": 8, "workflowId": -1, "jobId": 1}, {"startTime": 98117, "endTime": 98455, "taskId": 8, "workflowId": -1, "jobId": 1}, {"startTime": 98455, "endTime": 99205, "taskId": 8, "workflowId": -1, "jobId": 1}, {"startTime": 99205, "endTime": 100075, "taskId": 9, "workflowId": -1, "jobId": 0}, {"startTime": 100075, "endTime": 100970, "taskId": 14, "workflowId": 2, "jobId": -1}, {"startTime": 100970, "endTime": 101402, "taskId": 20, "workflowId": 2, "jobId": -1}, {"startTime": 101402, "endTime": 101612, "taskId": 20, "workflowId": 2, "jobId": -1}, {"startTime": 101612, "endTime": 102347, "taskId": 21, "workflowId": 2, "jobId": -1}, {"startTime": 102347, "endTime": 102361, "taskId": 21, "workflowId": 2, "jobId": -1}, {"startTime": 102361, "endTime": 102402, "taskId": 21, "workflowId": 2, "jobId": -1}, {"startTime": 102402, "endTime": 102613, "taskId": 17, "workflowId": 2, "jobId": -1}, {"startTime": 102613, "endTime": 102664, "taskId": 19, "workflowId": 2, "jobId": -1}, {"startTime": 102664, "endTime": 102711, "taskId": 19, "workflowId": 2, "jobId": -1}, {"startTime": 102711, "endTime": 103159, "taskId": 5, "workflowId": -1, "jobId": 2}, {"startTime": 103159, "endTime": 103817, "taskId": 5, "workflowId": -1, "jobId": 2}, {"startTime": 103817, "endTime": 103878, "taskId": 5, "workflowId": -1, "jobId": 2}, {"startTime": 103878, "endTime": 104233, "taskId": 5, "workflowId": -1, "jobId": 2}, {"startTime": 104233, "endTime": 104343, "taskId": 5, "workflowId": -1, "jobId": 2}, {"startTime": 104343, "endTime": 104365, "taskId": 5, "workflowId": -1, "jobId": 2}, {"startTime": 104365, "endTime": 104569, "taskId": 5, "workflowId": -1, "jobId": 2}, {"startTime": 104569, "endTime": 105143, "taskId": 5, "workflowId": -1, "jobId": 2}, {"startTime": 105143, "endTime": 105182, "taskId": 5, "workflowId": -1, "jobId": 2}, {"startTime": 105182, "endTime": 105870, "taskId": 5, "workflowId": -1, "jobId": 2}, {"startTime": 105870, "endTime": 106127, "taskId": 5, "workflowId": -1, "jobId": 2}, {"startTime": 106127, "endTime": 106501, "taskId": 5, "workflowId": -1, "jobId": 2}, {"startTime": 106501, "endTime": 106957, "taskId": 5, "workflowId": -1, "jobId": 2}, {"startTime": 106957, "endTime": 107071, "taskId": 5, "workflowId": -1, "jobId": 2}, {"startTime": 107071, "endTime": 107692, "taskId": 5, "workflowId": -1, "jobId": 2}, {"startTime": 107692, "endTime": 110789, "taskId": 5, "workflowId": -1, "jobId": 2}, {"startTime": 110789, "endTime": 111042, "taskId": 10, "workflowId": 2, "jobId": -1}, {"startTime": 111042, "endTime": 111314, "taskId": 10, "workflowId": 2, "jobId": -1}, {"startTime": 111314, "endTime": 111447, "taskId": 10, "workflowId": 2, "jobId": -1}, {"startTime": 111447, "endTime": 111787, "taskId": 26, "workflowId": 2, "jobId": -1}, {"startTime": 111787, "endTime": 111972, "taskId": 26, "workflowId": 2, "jobId": -1}, {"startTime": 111972, "endTime": 113234, "taskId": 9, "workflowId": 3, "jobId": -1}, {"startTime": 113234, "endTime": 113572, "taskId": 5, "workflowId": 3, "jobId": -1}, {"startTime": 113572, "endTime": 114820, "taskId": 15, "workflowId": -1, "jobId": 0}, {"startTime": 114820, "endTime": 117975, "taskId": 15, "workflowId": -1, "jobId": 0}, {"startTime": 117975, "endTime": 120182, "taskId": 6, "workflowId": -1, "jobId": 2}, {"startTime": 120182, "endTime": 126516, "taskId": 6, "workflowId": -1, "jobId": 2}, {"startTime": 126516, "endTime": 127695, "taskId": 9, "workflowId": -1, "jobId": 1}, {"startTime": 127695, "endTime": 127761, "taskId": 9, "workflowId": -1, "jobId": 1}, {"startTime": 127761, "endTime": 128869, "taskId": 9, "workflowId": -1, "jobId": 1}, {"startTime": 128869, "endTime": 129047, "taskId": 9, "workflowId": -1, "jobId": 1}, {"startTime": 129047, "endTime": 129394, "taskId": 11, "workflowId": -1, "jobId": 1}, {"startTime": 129394, "endTime": 129460, "taskId": 11, "workflowId": -1, "jobId": 1}, {"startTime": 129460, "endTime": 131925, "taskId": 11, "workflowId": -1, "jobId": 1}, {"startTime": 131925, "endTime": 132553, "taskId": 14, "workflowId": 3, "jobId": -1}, {"startTime": 132553, "endTime": 133185, "taskId": 16, "workflowId": 3, "jobId": -1}, {"startTime": 133185, "endTime": 133813, "taskId": 16, "workflowId": 3, "jobId": -1}, {"startTime": 133813, "endTime": 134519, "taskId": 17, "workflowId": 3, "jobId": -1}, {"startTime": 134519, "endTime": 134877, "taskId": 17, "workflowId": 3, "jobId": -1}, {"startTime": 134877, "endTime": 135427, "taskId": 17, "workflowId": 3, "jobId": -1}, {"startTime": 135427, "endTime": 136055, "taskId": 12, "workflowId": -1, "jobId": 3}, {"startTime": 136055, "endTime": 138021, "taskId": 12, "workflowId": -1, "jobId": 3}, {"startTime": 138021, "endTime": 139501, "taskId": 20, "workflowId": 3, "jobId": -1}, {"startTime": 139501, "endTime": 143757, "taskId": 13, "workflowId": -1, "jobId": 2}, {"startTime": 143757, "endTime": 147921, "taskId": 8, "workflowId": -1, "jobId": 2}, {"startTime": 147921, "endTime": 148229, "taskId": 31, "workflowId": 3, "jobId": -1}, {"startTime": 148229, "endTime": 151872, "taskId": 4, "workflowId": -1, "jobId": 3}, {"startTime": 152936, "endTime": 153597, "taskId": 12, "workflowId": -1, "jobId": 4}, {"startTime": 153597, "endTime": 159779, "taskId": 0, "workflowId": -1, "jobId": 3}, {"startTime": 167825, "endTime": 168493, "taskId": 14, "workflowId": -1, "jobId": 3}, {"startTime": 168493, "endTime": 170416, "taskId": 10, "workflowId": -1, "jobId": 5}, {"startTime": 178499, "endTime": 179348, "taskId": 13, "workflowId": -1, "jobId": 3}, {"startTime": 179348, "endTime": 179877, "taskId": 12, "workflowId": -1, "jobId": 5}, {"startTime": 179877, "endTime": 180793, "taskId": 4, "workflowId": -1, "jobId": 4}, {"startTime": 180793, "endTime": 189274, "taskId": 1, "workflowId": -1, "jobId": 5}, {"startTime": 191137, "endTime": 199678, "taskId": 6, "workflowId": -1, "jobId": 4}, {"startTime": 202425, "endTime": 205443, "taskId": 9, "workflowId": -1, "jobId": 2}, {"startTime": 205443, "endTime": 207155, "taskId": 7, "workflowId": -1, "jobId": 4}, {"startTime": 207155, "endTime": 207989, "taskId": 7, "workflowId": -1, "jobId": 4}, {"startTime": 207989, "endTime": 213257, "taskId": 2, "workflowId": -1, "jobId": 5}, {"startTime": 218507, "endTime": 219888, "taskId": 10, "workflowId": -1, "jobId": 7}, {"startTime": 225018, "endTime": 225791, "taskId": 13, "workflowId": -1, "jobId": 4}, {"startTime": 225791, "endTime": 231861, "taskId": 0, "workflowId": -1, "jobId": 5}, {"startTime": 233162, "endTime": 235756, "taskId": 12, "workflowId": -1, "jobId": 7}, {"startTime": 241828, "endTime": 248473, "taskId": 7, "workflowId": -1, "jobId": 5}, {"startTime": 249833, "endTime": 251645, "taskId": 14, "workflowId": -1, "jobId": 5}, {"startTime": 251645, "endTime": 253170, "taskId": 4, "workflowId": -1, "jobId": 6}, {"startTime": 262381, "endTime": 262663, "taskId": 12, "workflowId": -1, "jobId": 8}, {"startTime": 264299, "endTime": 272840, "taskId": 6, "workflowId": -1, "jobId": 6}, {"startTime": 277499, "endTime": 284483, "taskId": 5, "workflowId": -1, "jobId": 8}, {"startTime": 284483, "endTime": 288749, "taskId": 9, "workflowId": -1, "jobId": 3}, {"startTime": 291708, "endTime": 292173, "taskId": 14, "workflowId": -1, "jobId": 6}, {"startTime": 292173, "endTime": 296058, "taskId": 8, "workflowId": -1, "jobId": 5}, {"startTime": 301821, "endTime": 303353, "taskId": 6, "workflowId": -1, "jobId": 7}, {"startTime": 303353, "endTime": 309635, "taskId": 2, "workflowId": -1, "jobId": 8}, {"startTime": 314941, "endTime": 316909, "taskId": 13, "workflowId": -1, "jobId": 6}, {"startTime": 316909, "endTime": 318832, "taskId": 10, "workflowId": -1, "jobId": 11}, {"startTime": 320634, "endTime": 327279, "taskId": 7, "workflowId": -1, "jobId": 7}, {"startTime": 333141, "endTime": 333947, "taskId": 14, "workflowId": -1, "jobId": 7}, {"startTime": 333947, "endTime": 334303, "taskId": 0, "workflowId": -1, "jobId": 8}, {"startTime": 334303, "endTime": 341761, "taskId": 2, "workflowId": -1, "jobId": 9}, {"startTime": 341761, "endTime": 345553, "taskId": 8, "workflowId": -1, "jobId": 6}, {"startTime": 358181, "endTime": 360037, "taskId": 13, "workflowId": -1, "jobId": 7}, {"startTime": 360037, "endTime": 363252, "taskId": 9, "workflowId": -1, "jobId": 4}, {"startTime": 363252, "endTime": 366682, "taskId": 7, "workflowId": -1, "jobId": 8}, {"startTime": 366682, "endTime": 367012, "taskId": 11, "workflowId": -1, "jobId": 4}, {"startTime": 367012, "endTime": 367697, "taskId": 15, "workflowId": -1, "jobId": 4}, {"startTime": 367697, "endTime": 369182, "taskId": 12, "workflowId": -1, "jobId": 12}, {"startTime": 369182, "endTime": 371165, "taskId": 0, "workflowId": -1, "jobId": 9}, {"startTime": 371165, "endTime": 379646, "taskId": 1, "workflowId": -1, "jobId": 12}, {"startTime": 382473, "endTime": 388234, "taskId": 4, "workflowId": -1, "jobId": 10}, {"startTime": 392201, "endTime": 394816, "taskId": 8, "workflowId": -1, "jobId": 7}, {"startTime": 398361, "endTime": 406014, "taskId": 2, "workflowId": -1, "jobId": 11}, {"startTime": 406014, "endTime": 406769, "taskId": 13, "workflowId": -1, "jobId": 8}, {"startTime": 406769, "endTime": 412066, "taskId": 0, "workflowId": -1, "jobId": 10}, {"startTime": 413849, "endTime": 416239, "taskId": 14, "workflowId": -1, "jobId": 9}, {"startTime": 416239, "endTime": 417776, "taskId": 10, "workflowId": -1, "jobId": 15}, {"startTime": 421511, "endTime": 424105, "taskId": 12, "workflowId": -1, "jobId": 14}, {"startTime": 432623, "endTime": 438139, "taskId": 2, "workflowId": -1, "jobId": 12}, {"startTime": 439845, "endTime": 440589, "taskId": 8, "workflowId": -1, "jobId": 8}, {"startTime": 440589, "endTime": 442512, "taskId": 10, "workflowId": -1, "jobId": 16}, {"startTime": 447204, "endTime": 450005, "taskId": 13, "workflowId": -1, "jobId": 9}, {"startTime": 450005, "endTime": 450099, "taskId": 12, "workflowId": -1, "jobId": 15}, {"startTime": 450099, "endTime": 452753, "taskId": 6, "workflowId": -1, "jobId": 11}, {"startTime": 452753, "endTime": 455766, "taskId": 4, "workflowId": -1, "jobId": 12}, {"startTime": 455766, "endTime": 459934, "taskId": 14, "workflowId": -1, "jobId": 10}, {"startTime": 465325, "endTime": 467248, "taskId": 10, "workflowId": -1, "jobId": 17}]}, {"frequency": 2.83, "activePower": 118, "idlePower": 56.7, "memory": 4, "allocations": [{"startTime": 44813, "endTime": 52627, "taskId": 2, "workflowId": -1, "jobId": 0}, {"startTime": 52627, "endTime": 58388, "taskId": 4, "workflowId": -1, "jobId": 0}, {"startTime": 58388, "endTime": 58798, "taskId": 10, "workflowId": -1, "jobId": 0}, {"startTime": 58798, "endTime": 59939, "taskId": 7, "workflowId": -1, "jobId": 0}, {"startTime": 59939, "endTime": 60311, "taskId": 10, "workflowId": -1, "jobId": 0}, {"startTime": 60311, "endTime": 60783, "taskId": 10, "workflowId": -1, "jobId": 0}, {"startTime": 60783, "endTime": 61367, "taskId": 5, "workflowId": 0, "jobId": -1}, {"startTime": 61367, "endTime": 62383, "taskId": 5, "workflowId": 0, "jobId": -1}, {"startTime": 62383, "endTime": 62384, "taskId": 7, "workflowId": 0, "jobId": -1}, {"startTime": 62384, "endTime": 62966, "taskId": 12, "workflowId": 0, "jobId": -1}, {"startTime": 62966, "endTime": 63078, "taskId": 12, "workflowId": 0, "jobId": -1}, {"startTime": 63078, "endTime": 63189, "taskId": 12, "workflowId": 0, "jobId": -1}, {"startTime": 63189, "endTime": 63299, "taskId": 12, "workflowId": 0, "jobId": -1}, {"startTime": 63299, "endTime": 63882, "taskId": 9, "workflowId": 0, "jobId": -1}, {"startTime": 63882, "endTime": 64750, "taskId": 9, "workflowId": 0, "jobId": -1}, {"startTime": 64750, "endTime": 64876, "taskId": 20, "workflowId": 0, "jobId": -1}, {"startTime": 64876, "endTime": 65166, "taskId": 20, "workflowId": 0, "jobId": -1}, {"startTime": 65166, "endTime": 65333, "taskId": 27, "workflowId": 0, "jobId": -1}, {"startTime": 65333, "endTime": 65528, "taskId": 22, "workflowId": 0, "jobId": -1}, {"startTime": 65528, "endTime": 65597, "taskId": 27, "workflowId": 0, "jobId": -1}, {"startTime": 65597, "endTime": 65944, "taskId": 27, "workflowId": 0, "jobId": -1}, {"startTime": 65944, "endTime": 66734, "taskId": 27, "workflowId": 0, "jobId": -1}, {"startTime": 66734, "endTime": 66863, "taskId": 27, "workflowId": 0, "jobId": -1}, {"startTime": 66863, "endTime": 66979, "taskId": 28, "workflowId": 0, "jobId": -1}, {"startTime": 66979, "endTime": 67053, "taskId": 28, "workflowId": 0, "jobId": -1}, {"startTime": 67053, "endTime": 67598, "taskId": 28, "workflowId": 0, "jobId": -1}, {"startTime": 67598, "endTime": 67636, "taskId": 28, "workflowId": 0, "jobId": -1}, {"startTime": 67636, "endTime": 67653, "taskId": 28, "workflowId": 0, "jobId": -1}, {"startTime": 67653, "endTime": 67897, "taskId": 28, "workflowId": 0, "jobId": -1}, {"startTime": 67897, "endTime": 68199, "taskId": 24, "workflowId": 0, "jobId": -1}, {"startTime": 68199, "endTime": 68632, "taskId": 8, "workflowId": 1, "jobId": -1}, {"startTime": 68632, "endTime": 68659, "taskId": 8, "workflowId": 1, "jobId": -1}, {"startTime": 68659, "endTime": 68773, "taskId": 31, "workflowId": 0, "jobId": -1}, {"startTime": 68773, "endTime": 68907, "taskId": 31, "workflowId": 0, "jobId": -1}, {"startTime": 68907, "endTime": 69022, "taskId": 31, "workflowId": 0, "jobId": -1}, {"startTime": 69022, "endTime": 69330, "taskId": 31, "workflowId": 0, "jobId": -1}, {"startTime": 69330, "endTime": 69573, "taskId": 31, "workflowId": 0, "jobId": -1}, {"startTime": 69573, "endTime": 69602, "taskId": 31, "workflowId": 0, "jobId": -1}, {"startTime": 69602, "endTime": 69876, "taskId": 24, "workflowId": 0, "jobId": -1}, {"startTime": 69876, "endTime": 70035, "taskId": 24, "workflowId": 0, "jobId": -1}, {"startTime": 70035, "endTime": 70189, "taskId": 3, "workflowId": 1, "jobId": -1}, {"startTime": 70189, "endTime": 70201, "taskId": 3, "workflowId": 1, "jobId": -1}, {"startTime": 70201, "endTime": 70208, "taskId": 25, "workflowId": 0, "jobId": -1}, {"startTime": 70208, "endTime": 70247, "taskId": 25, "workflowId": 0, "jobId": -1}, {"startTime": 70247, "endTime": 70425, "taskId": 25, "workflowId": 0, "jobId": -1}, {"startTime": 70425, "endTime": 70581, "taskId": 25, "workflowId": 0, "jobId": -1}, {"startTime": 70581, "endTime": 70668, "taskId": 25, "workflowId": 0, "jobId": -1}, {"startTime": 70668, "endTime": 70851, "taskId": 13, "workflowId": 1, "jobId": -1}, {"startTime": 70851, "endTime": 71231, "taskId": 13, "workflowId": 1, "jobId": -1}, {"startTime": 71231, "endTime": 71235, "taskId": 13, "workflowId": 1, "jobId": -1}, {"startTime": 71235, "endTime": 71305, "taskId": 17, "workflowId": 1, "jobId": -1}, {"startTime": 71305, "endTime": 71417, "taskId": 17, "workflowId": 1, "jobId": -1}, {"startTime": 71417, "endTime": 71629, "taskId": 17, "workflowId": 1, "jobId": -1}, {"startTime": 71629, "endTime": 71745, "taskId": 17, "workflowId": 1, "jobId": -1}, {"startTime": 71745, "endTime": 71797, "taskId": 17, "workflowId": 1, "jobId": -1}, {"startTime": 71797, "endTime": 71813, "taskId": 17, "workflowId": 1, "jobId": -1}, {"startTime": 71813, "endTime": 71935, "taskId": 17, "workflowId": 1, "jobId": -1}, {"startTime": 71935, "endTime": 72009, "taskId": 21, "workflowId": 1, "jobId": -1}, {"startTime": 72009, "endTime": 72286, "taskId": 19, "workflowId": 1, "jobId": -1}, {"startTime": 72286, "endTime": 72307, "taskId": 19, "workflowId": 1, "jobId": -1}, {"startTime": 72307, "endTime": 72361, "taskId": 19, "workflowId": 1, "jobId": -1}, {"startTime": 72361, "endTime": 72454, "taskId": 19, "workflowId": 1, "jobId": -1}, {"startTime": 72454, "endTime": 72521, "taskId": 17, "workflowId": 1, "jobId": -1}, {"startTime": 72521, "endTime": 73094, "taskId": 21, "workflowId": 1, "jobId": -1}, {"startTime": 73094, "endTime": 73095, "taskId": 22, "workflowId": 1, "jobId": -1}, {"startTime": 73095, "endTime": 73134, "taskId": 25, "workflowId": 1, "jobId": -1}, {"startTime": 73134, "endTime": 73384, "taskId": 25, "workflowId": 1, "jobId": -1}, {"startTime": 73384, "endTime": 73453, "taskId": 25, "workflowId": 1, "jobId": -1}, {"startTime": 73453, "endTime": 73514, "taskId": 25, "workflowId": 1, "jobId": -1}, {"startTime": 73514, "endTime": 73560, "taskId": 25, "workflowId": 1, "jobId": -1}, {"startTime": 73560, "endTime": 73603, "taskId": 25, "workflowId": 1, "jobId": -1}, {"startTime": 73603, "endTime": 73762, "taskId": 25, "workflowId": 1, "jobId": -1}, {"startTime": 73762, "endTime": 73823, "taskId": 23, "workflowId": 1, "jobId": -1}, {"startTime": 73823, "endTime": 73903, "taskId": 23, "workflowId": 1, "jobId": -1}, {"startTime": 73903, "endTime": 73940, "taskId": 23, "workflowId": 1, "jobId": -1}, {"startTime": 73940, "endTime": 74035, "taskId": 23, "workflowId": 1, "jobId": -1}, {"startTime": 74035, "endTime": 74150, "taskId": 23, "workflowId": 1, "jobId": -1}, {"startTime": 74150, "endTime": 74309, "taskId": 25, "workflowId": 1, "jobId": -1}, {"startTime": 74309, "endTime": 74449, "taskId": 25, "workflowId": 1, "jobId": -1}, {"startTime": 74449, "endTime": 74484, "taskId": 25, "workflowId": 1, "jobId": -1}, {"startTime": 74484, "endTime": 74696, "taskId": 25, "workflowId": 1, "jobId": -1}, {"startTime": 74696, "endTime": 74705, "taskId": 22, "workflowId": 1, "jobId": -1}, {"startTime": 74705, "endTime": 74996, "taskId": 22, "workflowId": 1, "jobId": -1}, {"startTime": 74996, "endTime": 75030, "taskId": 22, "workflowId": 1, "jobId": -1}, {"startTime": 75030, "endTime": 75539, "taskId": 22, "workflowId": 1, "jobId": -1}, {"startTime": 75539, "endTime": 75746, "taskId": 22, "workflowId": 1, "jobId": -1}, {"startTime": 75746, "endTime": 75754, "taskId": 22, "workflowId": 1, "jobId": -1}, {"startTime": 75754, "endTime": 75795, "taskId": 22, "workflowId": 1, "jobId": -1}, {"startTime": 75795, "endTime": 76303, "taskId": 22, "workflowId": 1, "jobId": -1}, {"startTime": 76303, "endTime": 76335, "taskId": 24, "workflowId": 1, "jobId": -1}, {"startTime": 76335, "endTime": 76662, "taskId": 24, "workflowId": 1, "jobId": -1}, {"startTime": 76662, "endTime": 76769, "taskId": 24, "workflowId": 1, "jobId": -1}, {"startTime": 76769, "endTime": 76776, "taskId": 24, "workflowId": 1, "jobId": -1}, {"startTime": 76776, "endTime": 76777, "taskId": 17, "workflowId": 1, "jobId": -1}, {"startTime": 76777, "endTime": 76939, "taskId": 27, "workflowId": 1, "jobId": -1}, {"startTime": 76939, "endTime": 77135, "taskId": 2, "workflowId": -1, "jobId": 1}, {"startTime": 77135, "endTime": 77149, "taskId": 2, "workflowId": -1, "jobId": 1}, {"startTime": 77149, "endTime": 77242, "taskId": 2, "workflowId": -1, "jobId": 1}, {"startTime": 77242, "endTime": 77364, "taskId": 2, "workflowId": -1, "jobId": 1}, {"startTime": 77364, "endTime": 77622, "taskId": 2, "workflowId": -1, "jobId": 1}, {"startTime": 77622, "endTime": 77658, "taskId": 2, "workflowId": -1, "jobId": 1}, {"startTime": 77658, "endTime": 77669, "taskId": 2, "workflowId": -1, "jobId": 1}, {"startTime": 77669, "endTime": 77722, "taskId": 2, "workflowId": -1, "jobId": 1}, {"startTime": 77722, "endTime": 77829, "taskId": 2, "workflowId": -1, "jobId": 1}, {"startTime": 77829, "endTime": 78047, "taskId": 2, "workflowId": -1, "jobId": 1}, {"startTime": 78047, "endTime": 78131, "taskId": 2, "workflowId": -1, "jobId": 1}, {"startTime": 78131, "endTime": 79331, "taskId": 2, "workflowId": -1, "jobId": 1}, {"startTime": 79331, "endTime": 79493, "taskId": 2, "workflowId": -1, "jobId": 1}, {"startTime": 79493, "endTime": 79592, "taskId": 2, "workflowId": -1, "jobId": 1}, {"startTime": 79592, "endTime": 79734, "taskId": 2, "workflowId": -1, "jobId": 1}, {"startTime": 79734, "endTime": 79793, "taskId": 2, "workflowId": -1, "jobId": 1}, {"startTime": 79793, "endTime": 79887, "taskId": 2, "workflowId": -1, "jobId": 1}, {"startTime": 79887, "endTime": 80002, "taskId": 2, "workflowId": -1, "jobId": 1}, {"startTime": 80002, "endTime": 80391, "taskId": 2, "workflowId": -1, "jobId": 1}, {"startTime": 80391, "endTime": 80551, "taskId": 2, "workflowId": -1, "jobId": 1}, {"startTime": 80551, "endTime": 80971, "taskId": 2, "workflowId": -1, "jobId": 1}, {"startTime": 80971, "endTime": 81444, "taskId": 2, "workflowId": -1, "jobId": 1}, {"startTime": 81444, "endTime": 82384, "taskId": 2, "workflowId": -1, "jobId": 1}, {"startTime": 82384, "endTime": 82520, "taskId": 2, "workflowId": -1, "jobId": 1}, {"startTime": 82520, "endTime": 82993, "taskId": 2, "workflowId": -1, "jobId": 1}, {"startTime": 82993, "endTime": 83048, "taskId": 2, "workflowId": -1, "jobId": 1}, {"startTime": 83048, "endTime": 84753, "taskId": 2, "workflowId": -1, "jobId": 1}, {"startTime": 84753, "endTime": 84814, "taskId": 27, "workflowId": 1, "jobId": -1}, {"startTime": 84814, "endTime": 85133, "taskId": 17, "workflowId": 1, "jobId": -1}, {"startTime": 85133, "endTime": 85172, "taskId": 17, "workflowId": 1, "jobId": -1}, {"startTime": 85172, "endTime": 85522, "taskId": 28, "workflowId": 1, "jobId": -1}, {"startTime": 85522, "endTime": 86804, "taskId": 26, "workflowId": 1, "jobId": -1}, {"startTime": 86804, "endTime": 87031, "taskId": 28, "workflowId": 1, "jobId": -1}, {"startTime": 87031, "endTime": 87611, "taskId": 28, "workflowId": 1, "jobId": -1}, {"startTime": 87611, "endTime": 87620, "taskId": 28, "workflowId": 1, "jobId": -1}, {"startTime": 87620, "endTime": 88047, "taskId": 28, "workflowId": 1, "jobId": -1}, {"startTime": 88047, "endTime": 88048, "taskId": 32, "workflowId": 1, "jobId": -1}, {"startTime": 88048, "endTime": 88447, "taskId": 29, "workflowId": 1, "jobId": -1}, {"startTime": 88447, "endTime": 88554, "taskId": 29, "workflowId": 1, "jobId": -1}, {"startTime": 88554, "endTime": 88556, "taskId": 29, "workflowId": 1, "jobId": -1}, {"startTime": 88556, "endTime": 88850, "taskId": 29, "workflowId": 1, "jobId": -1}, {"startTime": 88850, "endTime": 88934, "taskId": 32, "workflowId": 1, "jobId": -1}, {"startTime": 88934, "endTime": 89136, "taskId": 32, "workflowId": 1, "jobId": -1}, {"startTime": 89136, "endTime": 89173, "taskId": 32, "workflowId": 1, "jobId": -1}, {"startTime": 89173, "endTime": 89249, "taskId": 32, "workflowId": 1, "jobId": -1}, {"startTime": 89249, "endTime": 89323, "taskId": 25, "workflowId": 0, "jobId": -1}, {"startTime": 89323, "endTime": 89356, "taskId": 25, "workflowId": 0, "jobId": -1}, {"startTime": 89356, "endTime": 89736, "taskId": 3, "workflowId": 1, "jobId": -1}, {"startTime": 89736, "endTime": 90245, "taskId": 16, "workflowId": 1, "jobId": -1}, {"startTime": 90245, "endTime": 90475, "taskId": 2, "workflowId": 2, "jobId": -1}, {"startTime": 90475, "endTime": 91397, "taskId": 2, "workflowId": 2, "jobId": -1}, {"startTime": 91397, "endTime": 91960, "taskId": 6, "workflowId": 2, "jobId": -1}, {"startTime": 91960, "endTime": 93164, "taskId": 6, "workflowId": 2, "jobId": -1}, {"startTime": 93164, "endTime": 93960, "taskId": 1, "workflowId": 2, "jobId": -1}, {"startTime": 93960, "endTime": 93969, "taskId": 3, "workflowId": 2, "jobId": -1}, {"startTime": 93969, "endTime": 94192, "taskId": 10, "workflowId": 3, "jobId": -1}, {"startTime": 94192, "endTime": 94269, "taskId": 8, "workflowId": 2, "jobId": -1}, {"startTime": 94269, "endTime": 94420, "taskId": 8, "workflowId": 2, "jobId": -1}, {"startTime": 94420, "endTime": 95528, "taskId": 9, "workflowId": -1, "jobId": 0}, {"startTime": 95528, "endTime": 96848, "taskId": 9, "workflowId": -1, "jobId": 0}, {"startTime": 96848, "endTime": 97052, "taskId": 9, "workflowId": -1, "jobId": 0}, {"startTime": 97052, "endTime": 97289, "taskId": 11, "workflowId": 2, "jobId": -1}, {"startTime": 97289, "endTime": 97539, "taskId": 11, "workflowId": 2, "jobId": -1}, {"startTime": 97539, "endTime": 97801, "taskId": 12, "workflowId": 2, "jobId": -1}, {"startTime": 97801, "endTime": 98135, "taskId": 12, "workflowId": 2, "jobId": -1}, {"startTime": 98135, "endTime": 98274, "taskId": 12, "workflowId": 2, "jobId": -1}, {"startTime": 98274, "endTime": 98608, "taskId": 12, "workflowId": 2, "jobId": -1}, {"startTime": 98608, "endTime": 98720, "taskId": 12, "workflowId": 2, "jobId": -1}, {"startTime": 98720, "endTime": 99122, "taskId": 13, "workflowId": 2, "jobId": -1}, {"startTime": 99122, "endTime": 99205, "taskId": 14, "workflowId": 2, "jobId": -1}, {"startTime": 99205, "endTime": 99469, "taskId": 8, "workflowId": -1, "jobId": 1}, {"startTime": 99469, "endTime": 99842, "taskId": 8, "workflowId": -1, "jobId": 1}, {"startTime": 99842, "endTime": 99931, "taskId": 8, "workflowId": -1, "jobId": 1}, {"startTime": 99931, "endTime": 100100, "taskId": 8, "workflowId": -1, "jobId": 1}, {"startTime": 100100, "endTime": 100127, "taskId": 8, "workflowId": -1, "jobId": 1}, {"startTime": 100127, "endTime": 100355, "taskId": 8, "workflowId": -1, "jobId": 1}, {"startTime": 100355, "endTime": 100639, "taskId": 8, "workflowId": -1, "jobId": 1}, {"startTime": 100639, "endTime": 100876, "taskId": 8, "workflowId": -1, "jobId": 1}, {"startTime": 100876, "endTime": 101301, "taskId": 8, "workflowId": -1, "jobId": 1}, {"startTime": 101301, "endTime": 101402, "taskId": 8, "workflowId": -1, "jobId": 1}, {"startTime": 101402, "endTime": 101507, "taskId": 15, "workflowId": 2, "jobId": -1}, {"startTime": 101507, "endTime": 102062, "taskId": 15, "workflowId": 2, "jobId": -1}, {"startTime": 102062, "endTime": 102613, "taskId": 15, "workflowId": 2, "jobId": -1}, {"startTime": 102613, "endTime": 102711, "taskId": 18, "workflowId": 2, "jobId": -1}, {"startTime": 102711, "endTime": 102741, "taskId": 19, "workflowId": 2, "jobId": -1}, {"startTime": 102741, "endTime": 102965, "taskId": 19, "workflowId": 2, "jobId": -1}, {"startTime": 102965, "endTime": 103159, "taskId": 19, "workflowId": 2, "jobId": -1}, {"startTime": 103159, "endTime": 103518, "taskId": 23, "workflowId": 2, "jobId": -1}, {"startTime": 103518, "endTime": 103558, "taskId": 18, "workflowId": 2, "jobId": -1}, {"startTime": 103558, "endTime": 103767, "taskId": 18, "workflowId": 2, "jobId": -1}, {"startTime": 103767, "endTime": 104634, "taskId": 18, "workflowId": 2, "jobId": -1}, {"startTime": 104634, "endTime": 104792, "taskId": 23, "workflowId": 2, "jobId": -1}, {"startTime": 104792, "endTime": 104799, "taskId": 23, "workflowId": 2, "jobId": -1}, {"startTime": 104799, "endTime": 105086, "taskId": 23, "workflowId": 2, "jobId": -1}, {"startTime": 105086, "endTime": 105092, "taskId": 23, "workflowId": 2, "jobId": -1}, {"startTime": 105092, "endTime": 105194, "taskId": 23, "workflowId": 2, "jobId": -1}, {"startTime": 105194, "endTime": 105272, "taskId": 23, "workflowId": 2, "jobId": -1}, {"startTime": 105272, "endTime": 105353, "taskId": 23, "workflowId": 2, "jobId": -1}, {"startTime": 105353, "endTime": 105421, "taskId": 23, "workflowId": 2, "jobId": -1}, {"startTime": 105421, "endTime": 105825, "taskId": 24, "workflowId": 2, "jobId": -1}, {"startTime": 105825, "endTime": 106004, "taskId": 25, "workflowId": 2, "jobId": -1}, {"startTime": 106004, "endTime": 106533, "taskId": 24, "workflowId": 2, "jobId": -1}, {"startTime": 106533, "endTime": 107319, "taskId": 27, "workflowId": 2, "jobId": -1}, {"startTime": 107319, "endTime": 107429, "taskId": 27, "workflowId": 2, "jobId": -1}, {"startTime": 107429, "endTime": 107640, "taskId": 27, "workflowId": 2, "jobId": -1}, {"startTime": 107640, "endTime": 107664, "taskId": 28, "workflowId": 2, "jobId": -1}, {"startTime": 107664, "endTime": 107848, "taskId": 17, "workflowId": 2, "jobId": -1}, {"startTime": 107848, "endTime": 108029, "taskId": 28, "workflowId": 2, "jobId": -1}, {"startTime": 108029, "endTime": 108462, "taskId": 28, "workflowId": 2, "jobId": -1}, {"startTime": 108462, "endTime": 108609, "taskId": 28, "workflowId": 2, "jobId": -1}, {"startTime": 108609, "endTime": 108916, "taskId": 28, "workflowId": 2, "jobId": -1}, {"startTime": 108916, "endTime": 109162, "taskId": 28, "workflowId": 2, "jobId": -1}, {"startTime": 109162, "endTime": 109273, "taskId": 29, "workflowId": 2, "jobId": -1}, {"startTime": 109273, "endTime": 109290, "taskId": 29, "workflowId": 2, "jobId": -1}, {"startTime": 109290, "endTime": 109389, "taskId": 29, "workflowId": 2, "jobId": -1}, {"startTime": 109389, "endTime": 109456, "taskId": 29, "workflowId": 2, "jobId": -1}, {"startTime": 109456, "endTime": 109931, "taskId": 29, "workflowId": 2, "jobId": -1}, {"startTime": 109931, "endTime": 110456, "taskId": 29, "workflowId": 2, "jobId": -1}, {"startTime": 110456, "endTime": 110768, "taskId": 29, "workflowId": 2, "jobId": -1}, {"startTime": 110768, "endTime": 110876, "taskId": 31, "workflowId": 2, "jobId": -1}, {"startTime": 110876, "endTime": 111042, "taskId": 31, "workflowId": 2, "jobId": -1}, {"startTime": 111042, "endTime": 111718, "taskId": 31, "workflowId": 2, "jobId": -1}, {"startTime": 111718, "endTime": 111736, "taskId": 31, "workflowId": 2, "jobId": -1}, {"startTime": 111736, "endTime": 113039, "taskId": 12, "workflowId": -1, "jobId": 1}, {"startTime": 113039, "endTime": 113899, "taskId": 12, "workflowId": -1, "jobId": 1}, {"startTime": 113899, "endTime": 115485, "taskId": 7, "workflowId": 3, "jobId": -1}, {"startTime": 115485, "endTime": 115633, "taskId": 15, "workflowId": 3, "jobId": -1}, {"startTime": 115633, "endTime": 117975, "taskId": 12, "workflowId": -1, "jobId": 2}, {"startTime": 117975, "endTime": 118227, "taskId": 15, "workflowId": -1, "jobId": 0}, {"startTime": 118227, "endTime": 119725, "taskId": 15, "workflowId": -1, "jobId": 0}, {"startTime": 119725, "endTime": 120182, "taskId": 15, "workflowId": -1, "jobId": 0}, {"startTime": 120182, "endTime": 120833, "taskId": 14, "workflowId": -1, "jobId": 1}, {"startTime": 120833, "endTime": 121680, "taskId": 14, "workflowId": -1, "jobId": 1}, {"startTime": 121680, "endTime": 122788, "taskId": 14, "workflowId": -1, "jobId": 1}, {"startTime": 122788, "endTime": 123155, "taskId": 14, "workflowId": -1, "jobId": 1}, {"startTime": 123155, "endTime": 123619, "taskId": 9, "workflowId": -1, "jobId": 1}, {"startTime": 123619, "endTime": 124334, "taskId": 7, "workflowId": -1, "jobId": 2}, {"startTime": 124334, "endTime": 130264, "taskId": 7, "workflowId": -1, "jobId": 2}, {"startTime": 130264, "endTime": 131443, "taskId": 14, "workflowId": -1, "jobId": 1}, {"startTime": 131443, "endTime": 131660, "taskId": 14, "workflowId": 3, "jobId": -1}, {"startTime": 131660, "endTime": 132288, "taskId": 13, "workflowId": -1, "jobId": 1}, {"startTime": 132288, "endTime": 133902, "taskId": 13, "workflowId": -1, "jobId": 1}, {"startTime": 133902, "endTime": 137667, "taskId": 13, "workflowId": -1, "jobId": 1}, {"startTime": 137667, "endTime": 138636, "taskId": 22, "workflowId": 3, "jobId": -1}, {"startTime": 138636, "endTime": 139147, "taskId": 14, "workflowId": -1, "jobId": 2}, {"startTime": 139147, "endTime": 142804, "taskId": 14, "workflowId": -1, "jobId": 2}, {"startTime": 142804, "endTime": 143686, "taskId": 30, "workflowId": 3, "jobId": -1}, {"startTime": 143686, "endTime": 143757, "taskId": 28, "workflowId": 3, "jobId": -1}, {"startTime": 143757, "endTime": 144859, "taskId": 13, "workflowId": -1, "jobId": 2}, {"startTime": 144859, "endTime": 147143, "taskId": 13, "workflowId": -1, "jobId": 2}, {"startTime": 147143, "endTime": 147814, "taskId": 28, "workflowId": 3, "jobId": -1}, {"startTime": 147814, "endTime": 152964, "taskId": 15, "workflowId": -1, "jobId": 1}, {"startTime": 153597, "endTime": 154556, "taskId": 12, "workflowId": -1, "jobId": 4}, {"startTime": 154556, "endTime": 163097, "taskId": 6, "workflowId": -1, "jobId": 3}, {"startTime": 168493, "endTime": 171993, "taskId": 14, "workflowId": -1, "jobId": 3}, {"startTime": 179348, "endTime": 179877, "taskId": 13, "workflowId": -1, "jobId": 3}, {"startTime": 179877, "endTime": 180793, "taskId": 12, "workflowId": -1, "jobId": 5}, {"startTime": 180793, "endTime": 185638, "taskId": 4, "workflowId": -1, "jobId": 4}, {"startTime": 192950, "endTime": 193229, "taskId": 8, "workflowId": -1, "jobId": 3}, {"startTime": 193229, "endTime": 195152, "taskId": 10, "workflowId": -1, "jobId": 6}, {"startTime": 195152, "endTime": 199223, "taskId": 8, "workflowId": -1, "jobId": 3}, {"startTime": 203933, "endTime": 204323, "taskId": 15, "workflowId": -1, "jobId": 2}, {"startTime": 204323, "endTime": 205443, "taskId": 11, "workflowId": -1, "jobId": 2}, {"startTime": 205443, "endTime": 207155, "taskId": 9, "workflowId": -1, "jobId": 2}, {"startTime": 207155, "endTime": 207989, "taskId": 11, "workflowId": -1, "jobId": 2}, {"startTime": 207989, "endTime": 208913, "taskId": 7, "workflowId": -1, "jobId": 4}, {"startTime": 208913, "endTime": 209070, "taskId": 7, "workflowId": -1, "jobId": 4}, {"startTime": 209070, "endTime": 211664, "taskId": 12, "workflowId": -1, "jobId": 6}, {"startTime": 211664, "endTime": 216424, "taskId": 15, "workflowId": -1, "jobId": 2}, {"startTime": 225791, "endTime": 230703, "taskId": 13, "workflowId": -1, "jobId": 4}, {"startTime": 242329, "endTime": 242701, "taskId": 8, "workflowId": -1, "jobId": 4}, {"startTime": 242701, "endTime": 244624, "taskId": 10, "workflowId": -1, "jobId": 8}, {"startTime": 247456, "endTime": 247644, "taskId": 8, "workflowId": -1, "jobId": 4}, {"startTime": 251645, "endTime": 254001, "taskId": 14, "workflowId": -1, "jobId": 5}, {"startTime": 267437, "endTime": 269360, "taskId": 10, "workflowId": -1, "jobId": 9}, {"startTime": 269695, "endTime": 275544, "taskId": 13, "workflowId": -1, "jobId": 5}, {"startTime": 281175, "endTime": 281231, "taskId": 9, "workflowId": -1, "jobId": 3}, {"startTime": 281231, "endTime": 287876, "taskId": 7, "workflowId": -1, "jobId": 6}, {"startTime": 287876, "endTime": 292173, "taskId": 15, "workflowId": -1, "jobId": 3}, {"startTime": 292173, "endTime": 295005, "taskId": 14, "workflowId": -1, "jobId": 6}, {"startTime": 303353, "endTime": 309421, "taskId": 6, "workflowId": -1, "jobId": 7}, {"startTime": 316909, "endTime": 319827, "taskId": 13, "workflowId": -1, "jobId": 6}, {"startTime": 333947, "endTime": 334303, "taskId": 14, "workflowId": -1, "jobId": 7}, {"startTime": 334303, "endTime": 339984, "taskId": 0, "workflowId": -1, "jobId": 8}, {"startTime": 339984, "endTime": 340790, "taskId": 14, "workflowId": -1, "jobId": 7}, {"startTime": 340790, "endTime": 341087, "taskId": 12, "workflowId": -1, "jobId": 11}, {"startTime": 341087, "endTime": 341645, "taskId": 8, "workflowId": -1, "jobId": 6}, {"startTime": 341645, "endTime": 343568, "taskId": 10, "workflowId": -1, "jobId": 12}, {"startTime": 343568, "endTime": 343969, "taskId": 14, "workflowId": -1, "jobId": 7}, {"startTime": 343969, "endTime": 344678, "taskId": 12, "workflowId": -1, "jobId": 11}, {"startTime": 344678, "endTime": 345168, "taskId": 14, "workflowId": -1, "jobId": 7}, {"startTime": 360037, "endTime": 363252, "taskId": 13, "workflowId": -1, "jobId": 7}, {"startTime": 363252, "endTime": 363839, "taskId": 9, "workflowId": -1, "jobId": 4}, {"startTime": 363839, "endTime": 364449, "taskId": 13, "workflowId": -1, "jobId": 7}, {"startTime": 364449, "endTime": 366073, "taskId": 15, "workflowId": -1, "jobId": 4}, {"startTime": 366073, "endTime": 366381, "taskId": 11, "workflowId": -1, "jobId": 4}, {"startTime": 366381, "endTime": 368304, "taskId": 10, "workflowId": -1, "jobId": 13}, {"startTime": 368304, "endTime": 369182, "taskId": 15, "workflowId": -1, "jobId": 4}, {"startTime": 369182, "endTime": 370291, "taskId": 12, "workflowId": -1, "jobId": 12}, {"startTime": 370291, "endTime": 371165, "taskId": 15, "workflowId": -1, "jobId": 4}, {"startTime": 371165, "endTime": 376025, "taskId": 0, "workflowId": -1, "jobId": 9}, {"startTime": 399440, "endTime": 406085, "taskId": 7, "workflowId": -1, "jobId": 9}, {"startTime": 406769, "endTime": 409742, "taskId": 13, "workflowId": -1, "jobId": 8}, {"startTime": 416240, "endTime": 418018, "taskId": 14, "workflowId": -1, "jobId": 9}, {"startTime": 440589, "endTime": 444195, "taskId": 8, "workflowId": -1, "jobId": 8}, {"startTime": 450006, "endTime": 450100, "taskId": 13, "workflowId": -1, "jobId": 9}, {"startTime": 450100, "endTime": 451013, "taskId": 12, "workflowId": -1, "jobId": 15}, {"startTime": 451013, "endTime": 452753, "taskId": 13, "workflowId": -1, "jobId": 9}, {"startTime": 452753, "endTime": 455745, "taskId": 6, "workflowId": -1, "jobId": 11}, {"startTime": 455745, "endTime": 457419, "taskId": 13, "workflowId": -1, "jobId": 9}]}]