[{"frequency": 2.83, "activePower": 118, "idlePower": 56.7, "memory": 4, "allocations": [{"startTime": 43882, "endTime": 44860, "taskId": 0, "workflowId": 0, "jobId": -1}, {"startTime": 44860, "endTime": 45655, "taskId": 3, "workflowId": 0, "jobId": -1}, {"startTime": 45655, "endTime": 46240, "taskId": 6, "workflowId": 0, "jobId": -1}, {"startTime": 46240, "endTime": 51583, "taskId": 1, "workflowId": -1, "jobId": 0}, {"startTime": 51583, "endTime": 52322, "taskId": 12, "workflowId": 0, "jobId": -1}, {"startTime": 52322, "endTime": 57577, "taskId": 5, "workflowId": -1, "jobId": 0}, {"startTime": 57577, "endTime": 58316, "taskId": 5, "workflowId": -1, "jobId": 0}, {"startTime": 58316, "endTime": 58736, "taskId": 7, "workflowId": -1, "jobId": 0}, {"startTime": 58736, "endTime": 59163, "taskId": 18, "workflowId": 0, "jobId": -1}, {"startTime": 59163, "endTime": 59574, "taskId": 20, "workflowId": 0, "jobId": -1}, {"startTime": 59853, "endTime": 60119, "taskId": 7, "workflowId": -1, "jobId": 0}, {"startTime": 60119, "endTime": 61424, "taskId": 22, "workflowId": 0, "jobId": -1}, {"startTime": 61424, "endTime": 61824, "taskId": 23, "workflowId": 0, "jobId": -1}, {"startTime": 61824, "endTime": 62665, "taskId": 7, "workflowId": -1, "jobId": 0}, {"startTime": 62740, "endTime": 67266, "taskId": 6, "workflowId": -1, "jobId": 0}, {"startTime": 69353, "endTime": 74819, "taskId": 4, "workflowId": -1, "jobId": 1}, {"startTime": 75631, "endTime": 81834, "taskId": 2, "workflowId": -1, "jobId": 1}, {"startTime": 85635, "endTime": 87333, "taskId": 0, "workflowId": 1, "jobId": -1}, {"startTime": 87334, "endTime": 88375, "taskId": 1, "workflowId": 1, "jobId": -1}, {"startTime": 88376, "endTime": 88986, "taskId": 4, "workflowId": 1, "jobId": -1}, {"startTime": 88986, "endTime": 90115, "taskId": 10, "workflowId": 1, "jobId": -1}, {"startTime": 90115, "endTime": 90843, "taskId": 6, "workflowId": 1, "jobId": -1}, {"startTime": 90843, "endTime": 91976, "taskId": 11, "workflowId": 1, "jobId": -1}, {"startTime": 91976, "endTime": 92361, "taskId": 14, "workflowId": 1, "jobId": -1}, {"startTime": 92361, "endTime": 92595, "taskId": 22, "workflowId": 1, "jobId": -1}, {"startTime": 92595, "endTime": 93548, "taskId": 4, "workflowId": -1, "jobId": 2}, {"startTime": 93548, "endTime": 98061, "taskId": 4, "workflowId": -1, "jobId": 2}, {"startTime": 98061, "endTime": 99374, "taskId": 5, "workflowId": 3, "jobId": -1}, {"startTime": 99374, "endTime": 100236, "taskId": 6, "workflowId": 3, "jobId": -1}, {"startTime": 100236, "endTime": 100703, "taskId": 11, "workflowId": 3, "jobId": -1}, {"startTime": 100703, "endTime": 101853, "taskId": 13, "workflowId": 3, "jobId": -1}, {"startTime": 101853, "endTime": 102193, "taskId": 12, "workflowId": 3, "jobId": -1}, {"startTime": 102193, "endTime": 102961, "taskId": 1, "workflowId": -1, "jobId": 2}, {"startTime": 102961, "endTime": 107536, "taskId": 1, "workflowId": -1, "jobId": 2}, {"startTime": 107536, "endTime": 108556, "taskId": 21, "workflowId": 3, "jobId": -1}, {"startTime": 109128, "endTime": 110252, "taskId": 22, "workflowId": 3, "jobId": -1}, {"startTime": 110252, "endTime": 110769, "taskId": 24, "workflowId": 3, "jobId": -1}, {"startTime": 110769, "endTime": 115837, "taskId": 3, "workflowId": -1, "jobId": 2}, {"startTime": 115837, "endTime": 121303, "taskId": 4, "workflowId": -1, "jobId": 3}, {"startTime": 122353, "endTime": 129482, "taskId": 0, "workflowId": -1, "jobId": 3}, {"startTime": 130234, "endTime": 135577, "taskId": 1, "workflowId": -1, "jobId": 3}, {"startTime": 139079, "endTime": 144545, "taskId": 4, "workflowId": -1, "jobId": 4}, {"startTime": 147767, "endTime": 154896, "taskId": 0, "workflowId": -1, "jobId": 4}, {"startTime": 158275, "endTime": 162321, "taskId": 1, "workflowId": -1, "jobId": 4}, {"startTime": 162321, "endTime": 167787, "taskId": 4, "workflowId": -1, "jobId": 5}, {"startTime": 167787, "endTime": 168680, "taskId": 5, "workflowId": 2, "jobId": -1}, {"startTime": 168680, "endTime": 172078, "taskId": 8, "workflowId": -1, "jobId": 2}, {"startTime": 172078, "endTime": 173181, "taskId": 14, "workflowId": 2, "jobId": -1}, {"startTime": 173181, "endTime": 173419, "taskId": 0, "workflowId": -1, "jobId": 5}, {"startTime": 173419, "endTime": 174052, "taskId": 0, "workflowId": -1, "jobId": 5}, {"startTime": 174052, "endTime": 180310, "taskId": 0, "workflowId": -1, "jobId": 5}, {"startTime": 183121, "endTime": 185397, "taskId": 7, "workflowId": -1, "jobId": 2}, {"startTime": 185563, "endTime": 191029, "taskId": 4, "workflowId": -1, "jobId": 6}, {"startTime": 192706, "endTime": 193711, "taskId": 9, "workflowId": -1, "jobId": 3}, {"startTime": 193711, "endTime": 199914, "taskId": 2, "workflowId": -1, "jobId": 5}, {"startTime": 206939, "endTime": 207756, "taskId": 6, "workflowId": -1, "jobId": 4}, {"startTime": 207756, "endTime": 208805, "taskId": 3, "workflowId": -1, "jobId": 5}, {"startTime": 208805, "endTime": 214271, "taskId": 4, "workflowId": -1, "jobId": 7}, {"startTime": 214357, "endTime": 219700, "taskId": 1, "workflowId": -1, "jobId": 6}, {"startTime": 221426, "endTime": 223231, "taskId": 5, "workflowId": -1, "jobId": 5}, {"startTime": 223231, "endTime": 224009, "taskId": 2, "workflowId": -1, "jobId": 6}, {"startTime": 224009, "endTime": 231138, "taskId": 0, "workflowId": -1, "jobId": 7}, {"startTime": 232047, "endTime": 237513, "taskId": 4, "workflowId": -1, "jobId": 8}, {"startTime": 240085, "endTime": 242398, "taskId": 3, "workflowId": -1, "jobId": 6}, {"startTime": 242398, "endTime": 247741, "taskId": 1, "workflowId": -1, "jobId": 7}, {"startTime": 249423, "endTime": 256552, "taskId": 0, "workflowId": -1, "jobId": 8}, {"startTime": 270439, "endTime": 275782, "taskId": 1, "workflowId": -1, "jobId": 8}, {"startTime": 276191, "endTime": 278531, "taskId": 8, "workflowId": -1, "jobId": 4}, {"startTime": 278531, "endTime": 283997, "taskId": 4, "workflowId": -1, "jobId": 10}, {"startTime": 287353, "endTime": 291552, "taskId": 6, "workflowId": -1, "jobId": 6}, {"startTime": 291552, "endTime": 297546, "taskId": 5, "workflowId": -1, "jobId": 7}, {"startTime": 298480, "endTime": 300251, "taskId": 1, "workflowId": -1, "jobId": 9}, {"startTime": 300251, "endTime": 301773, "taskId": 0, "workflowId": -1, "jobId": 10}, {"startTime": 301773, "endTime": 307239, "taskId": 4, "workflowId": -1, "jobId": 11}, {"startTime": 307239, "endTime": 311791, "taskId": 11, "workflowId": -1, "jobId": 4}, {"startTime": 311791, "endTime": 317994, "taskId": 2, "workflowId": -1, "jobId": 9}, {"startTime": 320131, "endTime": 322407, "taskId": 7, "workflowId": -1, "jobId": 4}, {"startTime": 325015, "endTime": 330481, "taskId": 4, "workflowId": -1, "jobId": 12}, {"startTime": 330481, "endTime": 337072, "taskId": 6, "workflowId": -1, "jobId": 7}, {"startTime": 337072, "endTime": 344624, "taskId": 3, "workflowId": -1, "jobId": 9}, {"startTime": 348257, "endTime": 353723, "taskId": 4, "workflowId": -1, "jobId": 13}, {"startTime": 354562, "endTime": 359905, "taskId": 1, "workflowId": -1, "jobId": 11}, {"startTime": 361678, "endTime": 367672, "taskId": 5, "workflowId": -1, "jobId": 9}, {"startTime": 367767, "endTime": 369401, "taskId": 6, "workflowId": -1, "jobId": 8}, {"startTime": 369401, "endTime": 370831, "taskId": 3, "workflowId": -1, "jobId": 10}, {"startTime": 370831, "endTime": 371499, "taskId": 2, "workflowId": -1, "jobId": 11}, {"startTime": 371499, "endTime": 376965, "taskId": 4, "workflowId": -1, "jobId": 14}, {"startTime": 376965, "endTime": 382603, "taskId": 11, "workflowId": -1, "jobId": 5}, {"startTime": 382603, "endTime": 387946, "taskId": 1, "workflowId": -1, "jobId": 12}, {"startTime": 388166, "endTime": 388636, "taskId": 9, "workflowId": -1, "jobId": 7}, {"startTime": 388636, "endTime": 390912, "taskId": 7, "workflowId": -1, "jobId": 5}, {"startTime": 391231, "endTime": 394741, "taskId": 8, "workflowId": -1, "jobId": 6}, {"startTime": 394741, "endTime": 400207, "taskId": 4, "workflowId": -1, "jobId": 15}, {"startTime": 400351, "endTime": 401907, "taskId": 2, "workflowId": -1, "jobId": 12}, {"startTime": 401907, "endTime": 409036, "taskId": 0, "workflowId": -1, "jobId": 14}, {"startTime": 410644, "endTime": 415987, "taskId": 1, "workflowId": -1, "jobId": 13}, {"startTime": 417983, "endTime": 423449, "taskId": 4, "workflowId": -1, "jobId": 16}, {"startTime": 427321, "endTime": 434450, "taskId": 0, "workflowId": -1, "jobId": 15}, {"startTime": 435859, "endTime": 438343, "taskId": 10, "workflowId": -1, "jobId": 12}, {"startTime": 438685, "endTime": 441225, "taskId": 1, "workflowId": -1, "jobId": 14}, {"startTime": 441225, "endTime": 446691, "taskId": 4, "workflowId": -1, "jobId": 17}, {"startTime": 448181, "endTime": 452735, "taskId": 6, "workflowId": -1, "jobId": 10}, {"startTime": 452735, "endTime": 459864, "taskId": 0, "workflowId": -1, "jobId": 16}, {"startTime": 464467, "endTime": 469933, "taskId": 4, "workflowId": -1, "jobId": 18}]}, {"frequency": 2.83, "activePower": 118, "idlePower": 56.7, "memory": 4, "allocations": [{"startTime": 44860, "endTime": 45963, "taskId": 1, "workflowId": 0, "jobId": -1}, {"startTime": 45963, "endTime": 46950, "taskId": 7, "workflowId": 0, "jobId": -1}, {"startTime": 46950, "endTime": 53153, "taskId": 2, "workflowId": -1, "jobId": 0}, {"startTime": 53153, "endTime": 54068, "taskId": 9, "workflowId": 0, "jobId": -1}, {"startTime": 54068, "endTime": 54655, "taskId": 9, "workflowId": 0, "jobId": -1}, {"startTime": 54655, "endTime": 56286, "taskId": 10, "workflowId": 0, "jobId": -1}, {"startTime": 56286, "endTime": 56852, "taskId": 11, "workflowId": 0, "jobId": -1}, {"startTime": 56852, "endTime": 57483, "taskId": 16, "workflowId": 0, "jobId": -1}, {"startTime": 57483, "endTime": 58363, "taskId": 17, "workflowId": 0, "jobId": -1}, {"startTime": 58363, "endTime": 59110, "taskId": 17, "workflowId": 0, "jobId": -1}, {"startTime": 59110, "endTime": 59163, "taskId": 8, "workflowId": -1, "jobId": 0}, {"startTime": 59163, "endTime": 60119, "taskId": 19, "workflowId": 0, "jobId": -1}, {"startTime": 60119, "endTime": 61424, "taskId": 8, "workflowId": -1, "jobId": 0}, {"startTime": 61424, "endTime": 62304, "taskId": 24, "workflowId": 0, "jobId": -1}, {"startTime": 62304, "endTime": 64754, "taskId": 10, "workflowId": -1, "jobId": 0}, {"startTime": 64754, "endTime": 71526, "taskId": 11, "workflowId": -1, "jobId": 0}, {"startTime": 71526, "endTime": 78655, "taskId": 0, "workflowId": -1, "jobId": 1}, {"startTime": 78655, "endTime": 81139, "taskId": 10, "workflowId": -1, "jobId": 1}, {"startTime": 81174, "endTime": 87168, "taskId": 5, "workflowId": -1, "jobId": 1}, {"startTime": 87334, "endTime": 89039, "taskId": 2, "workflowId": 1, "jobId": -1}, {"startTime": 89039, "endTime": 90797, "taskId": 5, "workflowId": 1, "jobId": -1}, {"startTime": 90797, "endTime": 90798, "taskId": 17, "workflowId": 1, "jobId": -1}, {"startTime": 90798, "endTime": 91343, "taskId": 12, "workflowId": 1, "jobId": -1}, {"startTime": 91343, "endTime": 91936, "taskId": 12, "workflowId": 1, "jobId": -1}, {"startTime": 91936, "endTime": 92461, "taskId": 15, "workflowId": 1, "jobId": -1}, {"startTime": 92461, "endTime": 92595, "taskId": 19, "workflowId": 1, "jobId": -1}, {"startTime": 92595, "endTime": 93548, "taskId": 22, "workflowId": 1, "jobId": -1}, {"startTime": 93548, "endTime": 93570, "taskId": 20, "workflowId": 1, "jobId": -1}, {"startTime": 93570, "endTime": 94037, "taskId": 24, "workflowId": 1, "jobId": -1}, {"startTime": 94037, "endTime": 94884, "taskId": 24, "workflowId": 1, "jobId": -1}, {"startTime": 94884, "endTime": 95033, "taskId": 6, "workflowId": -1, "jobId": 1}, {"startTime": 95033, "endTime": 96939, "taskId": 6, "workflowId": -1, "jobId": 1}, {"startTime": 96939, "endTime": 104068, "taskId": 0, "workflowId": -1, "jobId": 2}, {"startTime": 104068, "endTime": 105151, "taskId": 14, "workflowId": 3, "jobId": -1}, {"startTime": 105151, "endTime": 111354, "taskId": 2, "workflowId": -1, "jobId": 2}, {"startTime": 111354, "endTime": 114616, "taskId": 11, "workflowId": -1, "jobId": 1}, {"startTime": 114616, "endTime": 115837, "taskId": 7, "workflowId": -1, "jobId": 1}, {"startTime": 115837, "endTime": 118321, "taskId": 3, "workflowId": -1, "jobId": 2}, {"startTime": 126525, "endTime": 133523, "taskId": 6, "workflowId": -1, "jobId": 2}, {"startTime": 134671, "endTime": 140874, "taskId": 2, "workflowId": -1, "jobId": 3}, {"startTime": 143098, "endTime": 150650, "taskId": 3, "workflowId": -1, "jobId": 3}, {"startTime": 151300, "endTime": 157294, "taskId": 5, "workflowId": -1, "jobId": 3}, {"startTime": 161151, "endTime": 162321, "taskId": 8, "workflowId": -1, "jobId": 2}, {"startTime": 162321, "endTime": 163618, "taskId": 1, "workflowId": -1, "jobId": 4}, {"startTime": 164191, "endTime": 170394, "taskId": 2, "workflowId": -1, "jobId": 4}, {"startTime": 170394, "endTime": 171256, "taskId": 10, "workflowId": 2, "jobId": -1}, {"startTime": 171256, "endTime": 172029, "taskId": 9, "workflowId": 2, "jobId": -1}, {"startTime": 172029, "endTime": 172622, "taskId": 9, "workflowId": 2, "jobId": -1}, {"startTime": 172622, "endTime": 173181, "taskId": 12, "workflowId": 2, "jobId": -1}, {"startTime": 173181, "endTime": 173419, "taskId": 14, "workflowId": 2, "jobId": -1}, {"startTime": 173419, "endTime": 174015, "taskId": 11, "workflowId": 2, "jobId": -1}, {"startTime": 174015, "endTime": 174782, "taskId": 11, "workflowId": 2, "jobId": -1}, {"startTime": 174782, "endTime": 175384, "taskId": 15, "workflowId": 2, "jobId": -1}, {"startTime": 175384, "endTime": 175427, "taskId": 21, "workflowId": 2, "jobId": -1}, {"startTime": 175427, "endTime": 176942, "taskId": 3, "workflowId": -1, "jobId": 4}, {"startTime": 176942, "endTime": 182979, "taskId": 3, "workflowId": -1, "jobId": 4}, {"startTime": 186316, "endTime": 191659, "taskId": 1, "workflowId": -1, "jobId": 5}, {"startTime": 193711, "endTime": 196086, "taskId": 9, "workflowId": -1, "jobId": 3}, {"startTime": 198595, "endTime": 205724, "taskId": 0, "workflowId": -1, "jobId": 6}, {"startTime": 207756, "endTime": 208805, "taskId": 6, "workflowId": -1, "jobId": 4}, {"startTime": 208805, "endTime": 215308, "taskId": 3, "workflowId": -1, "jobId": 5}, {"startTime": 218671, "endTime": 223231, "taskId": 8, "workflowId": -1, "jobId": 3}, {"startTime": 223231, "endTime": 224009, "taskId": 5, "workflowId": -1, "jobId": 5}, {"startTime": 224009, "endTime": 229434, "taskId": 2, "workflowId": -1, "jobId": 6}, {"startTime": 240985, "endTime": 242398, "taskId": 10, "workflowId": -1, "jobId": 6}, {"startTime": 242398, "endTime": 247637, "taskId": 3, "workflowId": -1, "jobId": 6}, {"startTime": 251626, "endTime": 252751, "taskId": 7, "workflowId": -1, "jobId": 3}, {"startTime": 252751, "endTime": 255289, "taskId": 2, "workflowId": -1, "jobId": 7}, {"startTime": 255289, "endTime": 260755, "taskId": 4, "workflowId": -1, "jobId": 9}, {"startTime": 272414, "endTime": 274837, "taskId": 3, "workflowId": -1, "jobId": 7}, {"startTime": 274837, "endTime": 281966, "taskId": 0, "workflowId": -1, "jobId": 9}, {"startTime": 282271, "endTime": 288474, "taskId": 2, "workflowId": -1, "jobId": 8}, {"startTime": 290436, "endTime": 291552, "taskId": 9, "workflowId": -1, "jobId": 5}, {"startTime": 291552, "endTime": 294351, "taskId": 6, "workflowId": -1, "jobId": 6}, {"startTime": 300251, "endTime": 301773, "taskId": 1, "workflowId": -1, "jobId": 9}, {"startTime": 301773, "endTime": 307380, "taskId": 0, "workflowId": -1, "jobId": 10}, {"startTime": 311791, "endTime": 314578, "taskId": 11, "workflowId": -1, "jobId": 4}, {"startTime": 325665, "endTime": 332794, "taskId": 0, "workflowId": -1, "jobId": 11}, {"startTime": 333711, "endTime": 337072, "taskId": 8, "workflowId": -1, "jobId": 5}, {"startTime": 337072, "endTime": 337479, "taskId": 6, "workflowId": -1, "jobId": 7}, {"startTime": 338422, "endTime": 340906, "taskId": 10, "workflowId": -1, "jobId": 9}, {"startTime": 341311, "endTime": 347514, "taskId": 2, "workflowId": -1, "jobId": 10}, {"startTime": 351079, "endTime": 358208, "taskId": 0, "workflowId": -1, "jobId": 12}, {"startTime": 369401, "endTime": 370831, "taskId": 6, "workflowId": -1, "jobId": 8}, {"startTime": 370831, "endTime": 371499, "taskId": 3, "workflowId": -1, "jobId": 10}, {"startTime": 371499, "endTime": 377034, "taskId": 2, "workflowId": -1, "jobId": 11}, {"startTime": 382603, "endTime": 384304, "taskId": 11, "workflowId": -1, "jobId": 5}, {"startTime": 388636, "endTime": 391546, "taskId": 9, "workflowId": -1, "jobId": 7}, {"startTime": 394741, "endTime": 396741, "taskId": 8, "workflowId": -1, "jobId": 6}, {"startTime": 396741, "endTime": 401907, "taskId": 5, "workflowId": -1, "jobId": 10}, {"startTime": 401907, "endTime": 406554, "taskId": 2, "workflowId": -1, "jobId": 12}, {"startTime": 407974, "endTime": 414972, "taskId": 6, "workflowId": -1, "jobId": 9}, {"startTime": 429871, "endTime": 436074, "taskId": 2, "workflowId": -1, "jobId": 13}, {"startTime": 437031, "endTime": 440411, "taskId": 9, "workflowId": -1, "jobId": 8}, {"startTime": 441225, "endTime": 444028, "taskId": 1, "workflowId": -1, "jobId": 14}, {"startTime": 452735, "endTime": 455179, "taskId": 6, "workflowId": -1, "jobId": 10}, {"startTime": 459391, "endTime": 465594, "taskId": 2, "workflowId": -1, "jobId": 14}, {"startTime": 466388, "endTime": 466726, "taskId": 3, "workflowId": -1, "jobId": 13}, {"startTime": 466726, "endTime": 472069, "taskId": 1, "workflowId": -1, "jobId": 15}]}, {"frequency": 2.83, "activePower": 118, "idlePower": 56.7, "memory": 4, "allocations": [{"startTime": 44860, "endTime": 46008, "taskId": 4, "workflowId": 0, "jobId": -1}, {"startTime": 46008, "endTime": 46111, "taskId": 5, "workflowId": 0, "jobId": -1}, {"startTime": 46111, "endTime": 51577, "taskId": 4, "workflowId": -1, "jobId": 0}, {"startTime": 51577, "endTime": 59129, "taskId": 3, "workflowId": -1, "jobId": 0}, {"startTime": 59129, "endTime": 59163, "taskId": 10, "workflowId": -1, "jobId": 0}, {"startTime": 59163, "endTime": 60675, "taskId": 21, "workflowId": 0, "jobId": -1}, {"startTime": 60675, "endTime": 61424, "taskId": 7, "workflowId": -1, "jobId": 0}, {"startTime": 61424, "endTime": 61613, "taskId": 8, "workflowId": -1, "jobId": 0}, {"startTime": 61613, "endTime": 62265, "taskId": 8, "workflowId": -1, "jobId": 0}, {"startTime": 62265, "endTime": 62740, "taskId": 8, "workflowId": -1, "jobId": 0}, {"startTime": 62740, "endTime": 65190, "taskId": 8, "workflowId": -1, "jobId": 0}, {"startTime": 65190, "endTime": 68720, "taskId": 8, "workflowId": -1, "jobId": 0}, {"startTime": 71526, "endTime": 72093, "taskId": 11, "workflowId": -1, "jobId": 0}, {"startTime": 74152, "endTime": 79495, "taskId": 1, "workflowId": -1, "jobId": 1}, {"startTime": 86319, "endTime": 88376, "taskId": 6, "workflowId": -1, "jobId": 1}, {"startTime": 88376, "endTime": 89972, "taskId": 3, "workflowId": 1, "jobId": -1}, {"startTime": 89972, "endTime": 91001, "taskId": 8, "workflowId": 1, "jobId": -1}, {"startTime": 91001, "endTime": 91546, "taskId": 13, "workflowId": 1, "jobId": -1}, {"startTime": 91546, "endTime": 91597, "taskId": 13, "workflowId": 1, "jobId": -1}, {"startTime": 91597, "endTime": 92142, "taskId": 17, "workflowId": 1, "jobId": -1}, {"startTime": 92142, "endTime": 93570, "taskId": 16, "workflowId": 1, "jobId": -1}, {"startTime": 93570, "endTime": 94239, "taskId": 20, "workflowId": 1, "jobId": -1}, {"startTime": 94239, "endTime": 95033, "taskId": 20, "workflowId": 1, "jobId": -1}, {"startTime": 95033, "endTime": 95580, "taskId": 0, "workflowId": 3, "jobId": -1}, {"startTime": 95580, "endTime": 96269, "taskId": 4, "workflowId": 3, "jobId": -1}, {"startTime": 96269, "endTime": 96939, "taskId": 2, "workflowId": 3, "jobId": -1}, {"startTime": 96939, "endTime": 97260, "taskId": 6, "workflowId": -1, "jobId": 1}, {"startTime": 97260, "endTime": 99215, "taskId": 6, "workflowId": -1, "jobId": 1}, {"startTime": 99215, "endTime": 100273, "taskId": 10, "workflowId": 3, "jobId": -1}, {"startTime": 100273, "endTime": 101920, "taskId": 9, "workflowId": 3, "jobId": -1}, {"startTime": 101920, "endTime": 102193, "taskId": 16, "workflowId": 3, "jobId": -1}, {"startTime": 102193, "endTime": 102961, "taskId": 12, "workflowId": 3, "jobId": -1}, {"startTime": 102961, "endTime": 103631, "taskId": 17, "workflowId": 3, "jobId": -1}, {"startTime": 103631, "endTime": 103857, "taskId": 8, "workflowId": -1, "jobId": 1}, {"startTime": 103857, "endTime": 112285, "taskId": 8, "workflowId": -1, "jobId": 1}, {"startTime": 112285, "endTime": 113157, "taskId": 23, "workflowId": 3, "jobId": -1}, {"startTime": 114616, "endTime": 115837, "taskId": 11, "workflowId": -1, "jobId": 1}, {"startTime": 115837, "endTime": 116237, "taskId": 7, "workflowId": -1, "jobId": 1}, {"startTime": 116237, "endTime": 122231, "taskId": 5, "workflowId": -1, "jobId": 2}, {"startTime": 143548, "endTime": 146032, "taskId": 10, "workflowId": -1, "jobId": 3}, {"startTime": 162321, "endTime": 166051, "taskId": 8, "workflowId": -1, "jobId": 2}, {"startTime": 166051, "endTime": 166407, "taskId": 0, "workflowId": 2, "jobId": -1}, {"startTime": 166407, "endTime": 167020, "taskId": 1, "workflowId": 2, "jobId": -1}, {"startTime": 167020, "endTime": 167698, "taskId": 3, "workflowId": 2, "jobId": -1}, {"startTime": 167698, "endTime": 168578, "taskId": 6, "workflowId": 2, "jobId": -1}, {"startTime": 168578, "endTime": 169900, "taskId": 4, "workflowId": 2, "jobId": -1}, {"startTime": 169900, "endTime": 170921, "taskId": 8, "workflowId": 2, "jobId": -1}, {"startTime": 170921, "endTime": 172262, "taskId": 7, "workflowId": 2, "jobId": -1}, {"startTime": 172262, "endTime": 172556, "taskId": 7, "workflowId": 2, "jobId": -1}, {"startTime": 172556, "endTime": 173412, "taskId": 13, "workflowId": 2, "jobId": -1}, {"startTime": 173412, "endTime": 174246, "taskId": 12, "workflowId": 2, "jobId": -1}, {"startTime": 174246, "endTime": 174879, "taskId": 18, "workflowId": 2, "jobId": -1}, {"startTime": 174879, "endTime": 175836, "taskId": 17, "workflowId": 2, "jobId": -1}, {"startTime": 175836, "endTime": 177351, "taskId": 21, "workflowId": 2, "jobId": -1}, {"startTime": 177351, "endTime": 178968, "taskId": 22, "workflowId": 2, "jobId": -1}, {"startTime": 178968, "endTime": 180224, "taskId": 20, "workflowId": 2, "jobId": -1}, {"startTime": 180224, "endTime": 186363, "taskId": 11, "workflowId": -1, "jobId": 2}, {"startTime": 186363, "endTime": 192357, "taskId": 5, "workflowId": -1, "jobId": 4}, {"startTime": 208506, "endTime": 208805, "taskId": 10, "workflowId": -1, "jobId": 5}, {"startTime": 208805, "endTime": 213937, "taskId": 6, "workflowId": -1, "jobId": 4}, {"startTime": 223231, "endTime": 224009, "taskId": 8, "workflowId": -1, "jobId": 3}, {"startTime": 224009, "endTime": 227420, "taskId": 5, "workflowId": -1, "jobId": 5}, {"startTime": 241571, "endTime": 242398, "taskId": 9, "workflowId": -1, "jobId": 4}, {"startTime": 242398, "endTime": 243469, "taskId": 10, "workflowId": -1, "jobId": 6}, {"startTime": 243469, "endTime": 247146, "taskId": 11, "workflowId": -1, "jobId": 3}, {"startTime": 247146, "endTime": 254144, "taskId": 6, "workflowId": -1, "jobId": 5}, {"startTime": 255289, "endTime": 258954, "taskId": 2, "workflowId": -1, "jobId": 7}, {"startTime": 273464, "endTime": 274837, "taskId": 10, "workflowId": -1, "jobId": 7}, {"startTime": 274837, "endTime": 279966, "taskId": 3, "workflowId": -1, "jobId": 7}, {"startTime": 291552, "endTime": 293816, "taskId": 9, "workflowId": -1, "jobId": 5}, {"startTime": 301773, "endTime": 303823, "taskId": 1, "workflowId": -1, "jobId": 9}, {"startTime": 304743, "endTime": 312295, "taskId": 3, "workflowId": -1, "jobId": 8}, {"startTime": 326521, "endTime": 331864, "taskId": 1, "workflowId": -1, "jobId": 10}, {"startTime": 337072, "endTime": 342365, "taskId": 8, "workflowId": -1, "jobId": 5}, {"startTime": 370831, "endTime": 371499, "taskId": 6, "workflowId": -1, "jobId": 8}, {"startTime": 371499, "endTime": 376953, "taskId": 3, "workflowId": -1, "jobId": 10}, {"startTime": 376953, "endTime": 377111, "taskId": 10, "workflowId": -1, "jobId": 10}, {"startTime": 396741, "endTime": 399885, "taskId": 8, "workflowId": -1, "jobId": 6}, {"startTime": 401730, "endTime": 401907, "taskId": 3, "workflowId": -1, "jobId": 11}, {"startTime": 401907, "endTime": 402735, "taskId": 5, "workflowId": -1, "jobId": 10}, {"startTime": 403380, "endTime": 405864, "taskId": 10, "workflowId": -1, "jobId": 11}, {"startTime": 431804, "endTime": 434059, "taskId": 5, "workflowId": -1, "jobId": 11}, {"startTime": 434059, "endTime": 441611, "taskId": 3, "workflowId": -1, "jobId": 12}, {"startTime": 466726, "endTime": 473940, "taskId": 3, "workflowId": -1, "jobId": 13}]}, {"frequency": 2.83, "activePower": 118, "idlePower": 56.7, "memory": 4, "allocations": [{"startTime": 44860, "endTime": 46141, "taskId": 2, "workflowId": 0, "jobId": -1}, {"startTime": 46141, "endTime": 53270, "taskId": 0, "workflowId": -1, "jobId": 0}, {"startTime": 53270, "endTime": 54827, "taskId": 8, "workflowId": 0, "jobId": -1}, {"startTime": 54827, "endTime": 55742, "taskId": 5, "workflowId": 0, "jobId": -1}, {"startTime": 55742, "endTime": 56493, "taskId": 13, "workflowId": 0, "jobId": -1}, {"startTime": 56494, "endTime": 57225, "taskId": 15, "workflowId": 0, "jobId": -1}, {"startTime": 57225, "endTime": 58736, "taskId": 14, "workflowId": 0, "jobId": -1}, {"startTime": 59163, "endTime": 60268, "taskId": 9, "workflowId": -1, "jobId": 0}, {"startTime": 60268, "endTime": 62740, "taskId": 6, "workflowId": -1, "jobId": 0}, {"startTime": 62740, "endTime": 65015, "taskId": 9, "workflowId": -1, "jobId": 0}, {"startTime": 78440, "endTime": 85992, "taskId": 3, "workflowId": -1, "jobId": 1}, {"startTime": 88376, "endTime": 88986, "taskId": 6, "workflowId": -1, "jobId": 1}, {"startTime": 88986, "endTime": 90000, "taskId": 9, "workflowId": 1, "jobId": -1}, {"startTime": 90000, "endTime": 91692, "taskId": 7, "workflowId": 1, "jobId": -1}, {"startTime": 91692, "endTime": 92597, "taskId": 18, "workflowId": 1, "jobId": -1}, {"startTime": 92597, "endTime": 94039, "taskId": 19, "workflowId": 1, "jobId": -1}, {"startTime": 94039, "endTime": 94082, "taskId": 21, "workflowId": 1, "jobId": -1}, {"startTime": 94082, "endTime": 94708, "taskId": 21, "workflowId": 1, "jobId": -1}, {"startTime": 94708, "endTime": 95829, "taskId": 23, "workflowId": 1, "jobId": -1}, {"startTime": 95829, "endTime": 96554, "taskId": 3, "workflowId": 3, "jobId": -1}, {"startTime": 96554, "endTime": 96939, "taskId": 1, "workflowId": 3, "jobId": -1}, {"startTime": 96939, "endTime": 97260, "taskId": 2, "workflowId": 3, "jobId": -1}, {"startTime": 97260, "endTime": 97636, "taskId": 1, "workflowId": 3, "jobId": -1}, {"startTime": 97636, "endTime": 97957, "taskId": 1, "workflowId": 3, "jobId": -1}, {"startTime": 97957, "endTime": 98349, "taskId": 7, "workflowId": 3, "jobId": -1}, {"startTime": 98349, "endTime": 99172, "taskId": 8, "workflowId": 3, "jobId": -1}, {"startTime": 99172, "endTime": 102552, "taskId": 9, "workflowId": -1, "jobId": 1}, {"startTime": 102552, "endTime": 103631, "taskId": 16, "workflowId": 3, "jobId": -1}, {"startTime": 103631, "endTime": 103748, "taskId": 17, "workflowId": 3, "jobId": -1}, {"startTime": 103748, "endTime": 103857, "taskId": 17, "workflowId": 3, "jobId": -1}, {"startTime": 103857, "endTime": 103974, "taskId": 16, "workflowId": 3, "jobId": -1}, {"startTime": 103974, "endTime": 105666, "taskId": 15, "workflowId": 3, "jobId": -1}, {"startTime": 105666, "endTime": 106289, "taskId": 14, "workflowId": 3, "jobId": -1}, {"startTime": 106289, "endTime": 107218, "taskId": 18, "workflowId": 3, "jobId": -1}, {"startTime": 107218, "endTime": 107885, "taskId": 20, "workflowId": 3, "jobId": -1}, {"startTime": 107885, "endTime": 109128, "taskId": 19, "workflowId": 3, "jobId": -1}, {"startTime": 110252, "endTime": 110770, "taskId": 23, "workflowId": 3, "jobId": -1}, {"startTime": 110770, "endTime": 111025, "taskId": 24, "workflowId": 3, "jobId": -1}, {"startTime": 111025, "endTime": 111069, "taskId": 23, "workflowId": 3, "jobId": -1}, {"startTime": 111069, "endTime": 113553, "taskId": 10, "workflowId": -1, "jobId": 2}, {"startTime": 115837, "endTime": 116237, "taskId": 11, "workflowId": -1, "jobId": 1}, {"startTime": 116237, "endTime": 116892, "taskId": 7, "workflowId": -1, "jobId": 1}, {"startTime": 116892, "endTime": 119348, "taskId": 11, "workflowId": -1, "jobId": 1}, {"startTime": 143841, "endTime": 147221, "taskId": 9, "workflowId": -1, "jobId": 2}, {"startTime": 166051, "endTime": 166407, "taskId": 8, "workflowId": -1, "jobId": 2}, {"startTime": 166407, "endTime": 167262, "taskId": 2, "workflowId": 2, "jobId": -1}, {"startTime": 167262, "endTime": 174260, "taskId": 6, "workflowId": -1, "jobId": 3}, {"startTime": 174260, "endTime": 174938, "taskId": 16, "workflowId": 2, "jobId": -1}, {"startTime": 174938, "endTime": 176261, "taskId": 24, "workflowId": 2, "jobId": -1}, {"startTime": 176261, "endTime": 176496, "taskId": 19, "workflowId": 2, "jobId": -1}, {"startTime": 176496, "endTime": 177776, "taskId": 19, "workflowId": 2, "jobId": -1}, {"startTime": 177776, "endTime": 179017, "taskId": 23, "workflowId": 2, "jobId": -1}, {"startTime": 179017, "endTime": 181501, "taskId": 10, "workflowId": -1, "jobId": 4}, {"startTime": 186363, "endTime": 187563, "taskId": 11, "workflowId": -1, "jobId": 2}, {"startTime": 208805, "endTime": 210990, "taskId": 10, "workflowId": -1, "jobId": 5}, {"startTime": 224009, "endTime": 227325, "taskId": 8, "workflowId": -1, "jobId": 3}, {"startTime": 241642, "endTime": 242398, "taskId": 11, "workflowId": -1, "jobId": 3}, {"startTime": 242398, "endTime": 244951, "taskId": 9, "workflowId": -1, "jobId": 4}, {"startTime": 247146, "endTime": 250052, "taskId": 11, "workflowId": -1, "jobId": 3}, {"startTime": 252751, "endTime": 253902, "taskId": 7, "workflowId": -1, "jobId": 3}, {"startTime": 256489, "endTime": 262483, "taskId": 5, "workflowId": -1, "jobId": 6}, {"startTime": 274837, "endTime": 275948, "taskId": 10, "workflowId": -1, "jobId": 7}, {"startTime": 278531, "endTime": 284845, "taskId": 8, "workflowId": -1, "jobId": 4}, {"startTime": 305943, "endTime": 308427, "taskId": 10, "workflowId": -1, "jobId": 8}, {"startTime": 326615, "endTime": 332609, "taskId": 5, "workflowId": -1, "jobId": 8}, {"startTime": 339301, "endTime": 342681, "taskId": 9, "workflowId": -1, "jobId": 6}, {"startTime": 370901, "endTime": 371499, "taskId": 10, "workflowId": -1, "jobId": 10}, {"startTime": 371499, "endTime": 374765, "taskId": 6, "workflowId": -1, "jobId": 8}, {"startTime": 374765, "endTime": 376493, "taskId": 10, "workflowId": -1, "jobId": 10}, {"startTime": 376493, "endTime": 376651, "taskId": 0, "workflowId": -1, "jobId": 13}, {"startTime": 376651, "endTime": 383622, "taskId": 0, "workflowId": -1, "jobId": 13}, {"startTime": 401907, "endTime": 409282, "taskId": 3, "workflowId": -1, "jobId": 11}, {"startTime": 434059, "endTime": 437798, "taskId": 5, "workflowId": -1, "jobId": 11}]}]