[{"frequency": 2.83, "activePower": 95.4, "idlePower": 49.6, "memory": 2, "allocations": [{"startTime": 54520, "endTime": 55746, "taskId": 6, "workflowId": 2, "jobId": -1}, {"startTime": 69483, "endTime": 70774, "taskId": 14, "workflowId": 2, "jobId": -1}, {"startTime": 74666, "endTime": 75549, "taskId": 18, "workflowId": 2, "jobId": -1}, {"startTime": 78512, "endTime": 79905, "taskId": 15, "workflowId": 3, "jobId": -1}, {"startTime": 160117, "endTime": 161715, "taskId": 0, "workflowId": 1, "jobId": -1}, {"startTime": 161715, "endTime": 162243, "taskId": 1, "workflowId": 1, "jobId": -1}, {"startTime": 162243, "endTime": 162972, "taskId": 4, "workflowId": 1, "jobId": -1}, {"startTime": 162972, "endTime": 163989, "taskId": 5, "workflowId": 1, "jobId": -1}, {"startTime": 163989, "endTime": 164199, "taskId": 7, "workflowId": 1, "jobId": -1}, {"startTime": 164199, "endTime": 165034, "taskId": 8, "workflowId": 1, "jobId": -1}, {"startTime": 165034, "endTime": 165289, "taskId": 9, "workflowId": 1, "jobId": -1}, {"startTime": 165289, "endTime": 166604, "taskId": 9, "workflowId": 1, "jobId": -1}, {"startTime": 166604, "endTime": 168341, "taskId": 11, "workflowId": 1, "jobId": -1}, {"startTime": 168341, "endTime": 169074, "taskId": 14, "workflowId": 1, "jobId": -1}, {"startTime": 169074, "endTime": 170699, "taskId": 12, "workflowId": 1, "jobId": -1}, {"startTime": 170699, "endTime": 171363, "taskId": 15, "workflowId": 1, "jobId": -1}, {"startTime": 171363, "endTime": 172410, "taskId": 17, "workflowId": 1, "jobId": -1}, {"startTime": 215694, "endTime": 216651, "taskId": 0, "workflowId": 0, "jobId": -1}, {"startTime": 216651, "endTime": 217591, "taskId": 3, "workflowId": 0, "jobId": -1}, {"startTime": 217591, "endTime": 218770, "taskId": 5, "workflowId": 0, "jobId": -1}, {"startTime": 218770, "endTime": 219668, "taskId": 6, "workflowId": 0, "jobId": -1}, {"startTime": 219668, "endTime": 220755, "taskId": 7, "workflowId": 0, "jobId": -1}, {"startTime": 220755, "endTime": 222442, "taskId": 8, "workflowId": 0, "jobId": -1}, {"startTime": 222442, "endTime": 223297, "taskId": 12, "workflowId": 0, "jobId": -1}, {"startTime": 223297, "endTime": 224051, "taskId": 14, "workflowId": 0, "jobId": -1}, {"startTime": 224051, "endTime": 224663, "taskId": 13, "workflowId": 0, "jobId": -1}, {"startTime": 225107, "endTime": 226468, "taskId": 16, "workflowId": 0, "jobId": -1}]}, {"frequency": 2.83, "activePower": 95.4, "idlePower": 49.6, "memory": 2, "allocations": [{"startTime": 39233, "endTime": 47646, "taskId": 1, "workflowId": -1, "jobId": 0}, {"startTime": 47646, "endTime": 53512, "taskId": 2, "workflowId": -1, "jobId": 0}, {"startTime": 68480, "endTime": 76893, "taskId": 1, "workflowId": -1, "jobId": 1}, {"startTime": 76893, "endTime": 82759, "taskId": 2, "workflowId": -1, "jobId": 1}, {"startTime": 82759, "endTime": 89639, "taskId": 6, "workflowId": -1, "jobId": 1}, {"startTime": 97727, "endTime": 106140, "taskId": 1, "workflowId": -1, "jobId": 2}, {"startTime": 106140, "endTime": 112006, "taskId": 2, "workflowId": -1, "jobId": 2}, {"startTime": 116565, "endTime": 122352, "taskId": 0, "workflowId": -1, "jobId": 2}, {"startTime": 126974, "endTime": 135387, "taskId": 1, "workflowId": -1, "jobId": 3}, {"startTime": 136079, "endTime": 141945, "taskId": 2, "workflowId": -1, "jobId": 3}, {"startTime": 149843, "endTime": 153295, "taskId": 5, "workflowId": -1, "jobId": 3}, {"startTime": 155231, "endTime": 156221, "taskId": 0, "workflowId": -1, "jobId": 3}, {"startTime": 156221, "endTime": 164634, "taskId": 1, "workflowId": -1, "jobId": 4}, {"startTime": 168361, "endTime": 174227, "taskId": 2, "workflowId": -1, "jobId": 4}, {"startTime": 185468, "endTime": 193881, "taskId": 1, "workflowId": -1, "jobId": 5}, {"startTime": 193897, "endTime": 194403, "taskId": 0, "workflowId": -1, "jobId": 4}, {"startTime": 194403, "endTime": 203131, "taskId": 3, "workflowId": -1, "jobId": 5}, {"startTime": 203131, "endTime": 205693, "taskId": 4, "workflowId": -1, "jobId": 2}, {"startTime": 214715, "endTime": 223128, "taskId": 1, "workflowId": -1, "jobId": 6}, {"startTime": 225437, "endTime": 234165, "taskId": 3, "workflowId": -1, "jobId": 6}, {"startTime": 234165, "endTime": 239590, "taskId": 0, "workflowId": -1, "jobId": 5}, {"startTime": 243962, "endTime": 252375, "taskId": 1, "workflowId": -1, "jobId": 7}, {"startTime": 256471, "endTime": 265199, "taskId": 3, "workflowId": -1, "jobId": 7}, {"startTime": 265207, "endTime": 271073, "taskId": 2, "workflowId": -1, "jobId": 7}, {"startTime": 271229, "endTime": 273209, "taskId": 0, "workflowId": -1, "jobId": 6}, {"startTime": 273209, "endTime": 281622, "taskId": 1, "workflowId": -1, "jobId": 8}, {"startTime": 287505, "endTime": 296233, "taskId": 3, "workflowId": -1, "jobId": 8}, {"startTime": 297489, "endTime": 303355, "taskId": 2, "workflowId": -1, "jobId": 8}, {"startTime": 309895, "endTime": 315682, "taskId": 0, "workflowId": -1, "jobId": 7}, {"startTime": 318539, "endTime": 327267, "taskId": 3, "workflowId": -1, "jobId": 9}, {"startTime": 329771, "endTime": 331703, "taskId": 2, "workflowId": -1, "jobId": 9}, {"startTime": 331703, "endTime": 340116, "taskId": 1, "workflowId": -1, "jobId": 10}, {"startTime": 346681, "endTime": 348561, "taskId": 4, "workflowId": -1, "jobId": 4}, {"startTime": 348561, "endTime": 349573, "taskId": 0, "workflowId": -1, "jobId": 8}, {"startTime": 349573, "endTime": 358301, "taskId": 3, "workflowId": -1, "jobId": 10}, {"startTime": 360950, "endTime": 369363, "taskId": 1, "workflowId": -1, "jobId": 11}, {"startTime": 380607, "endTime": 389335, "taskId": 3, "workflowId": -1, "jobId": 11}, {"startTime": 390197, "endTime": 398610, "taskId": 1, "workflowId": -1, "jobId": 12}, {"startTime": 411641, "endTime": 420369, "taskId": 3, "workflowId": -1, "jobId": 12}, {"startTime": 425893, "endTime": 426617, "taskId": 0, "workflowId": -1, "jobId": 10}, {"startTime": 426617, "endTime": 432483, "taskId": 2, "workflowId": -1, "jobId": 12}, {"startTime": 438645, "endTime": 442675, "taskId": 6, "workflowId": -1, "jobId": 13}, {"startTime": 442675, "endTime": 451403, "taskId": 3, "workflowId": -1, "jobId": 13}, {"startTime": 451403, "endTime": 451999, "taskId": 6, "workflowId": -1, "jobId": 13}, {"startTime": 458899, "endTime": 464765, "taskId": 2, "workflowId": -1, "jobId": 13}]}, {"frequency": 2.83, "activePower": 95.4, "idlePower": 49.6, "memory": 2, "allocations": [{"startTime": 54525, "endTime": 55351, "taskId": 5, "workflowId": 2, "jobId": -1}, {"startTime": 78516, "endTime": 79291, "taskId": 12, "workflowId": 3, "jobId": -1}, {"startTime": 161715, "endTime": 162317, "taskId": 2, "workflowId": 1, "jobId": -1}, {"startTime": 162317, "endTime": 162812, "taskId": 6, "workflowId": 1, "jobId": -1}, {"startTime": 162812, "endTime": 164199, "taskId": 3, "workflowId": 1, "jobId": -1}, {"startTime": 164199, "endTime": 165289, "taskId": 7, "workflowId": 1, "jobId": -1}, {"startTime": 165289, "endTime": 166747, "taskId": 10, "workflowId": 1, "jobId": -1}, {"startTime": 168341, "endTime": 169584, "taskId": 13, "workflowId": 1, "jobId": -1}, {"startTime": 171363, "endTime": 172622, "taskId": 16, "workflowId": 1, "jobId": -1}, {"startTime": 216651, "endTime": 217629, "taskId": 1, "workflowId": 0, "jobId": -1}, {"startTime": 217629, "endTime": 219042, "taskId": 2, "workflowId": 0, "jobId": -1}, {"startTime": 219042, "endTime": 220248, "taskId": 4, "workflowId": 0, "jobId": -1}, {"startTime": 220248, "endTime": 221690, "taskId": 10, "workflowId": 0, "jobId": -1}, {"startTime": 221690, "endTime": 222353, "taskId": 11, "workflowId": 0, "jobId": -1}, {"startTime": 222353, "endTime": 224051, "taskId": 9, "workflowId": 0, "jobId": -1}, {"startTime": 224051, "endTime": 224161, "taskId": 14, "workflowId": 0, "jobId": -1}, {"startTime": 224161, "endTime": 225107, "taskId": 15, "workflowId": 0, "jobId": -1}, {"startTime": 225107, "endTime": 226838, "taskId": 17, "workflowId": 0, "jobId": -1}]}, {"frequency": 2.83, "activePower": 95.4, "idlePower": 49.6, "memory": 2, "allocations": [{"startTime": 39233, "endTime": 47961, "taskId": 3, "workflowId": -1, "jobId": 0}, {"startTime": 47961, "endTime": 53748, "taskId": 0, "workflowId": -1, "jobId": 0}, {"startTime": 69957, "endTime": 70267, "taskId": 6, "workflowId": -1, "jobId": 1}, {"startTime": 70267, "endTime": 78995, "taskId": 3, "workflowId": -1, "jobId": 1}, {"startTime": 78995, "endTime": 84782, "taskId": 0, "workflowId": -1, "jobId": 1}, {"startTime": 101301, "endTime": 110029, "taskId": 3, "workflowId": -1, "jobId": 2}, {"startTime": 110029, "endTime": 118346, "taskId": 7, "workflowId": -1, "jobId": 2}, {"startTime": 132335, "endTime": 141063, "taskId": 3, "workflowId": -1, "jobId": 3}, {"startTime": 141063, "endTime": 149380, "taskId": 7, "workflowId": -1, "jobId": 3}, {"startTime": 156221, "endTime": 161018, "taskId": 0, "workflowId": -1, "jobId": 3}, {"startTime": 163369, "endTime": 172097, "taskId": 3, "workflowId": -1, "jobId": 4}, {"startTime": 192957, "endTime": 194403, "taskId": 4, "workflowId": -1, "jobId": 2}, {"startTime": 194403, "endTime": 199684, "taskId": 0, "workflowId": -1, "jobId": 4}, {"startTime": 199684, "endTime": 200643, "taskId": 4, "workflowId": -1, "jobId": 2}, {"startTime": 200643, "endTime": 206509, "taskId": 2, "workflowId": -1, "jobId": 5}, {"startTime": 232563, "endTime": 232925, "taskId": 0, "workflowId": -1, "jobId": 5}, {"startTime": 232925, "endTime": 238791, "taskId": 2, "workflowId": -1, "jobId": 6}, {"startTime": 238791, "endTime": 247108, "taskId": 7, "workflowId": -1, "jobId": 6}, {"startTime": 269819, "endTime": 273209, "taskId": 4, "workflowId": -1, "jobId": 3}, {"startTime": 273209, "endTime": 277016, "taskId": 0, "workflowId": -1, "jobId": 6}, {"startTime": 277016, "endTime": 278593, "taskId": 4, "workflowId": -1, "jobId": 3}, {"startTime": 302456, "endTime": 310869, "taskId": 1, "workflowId": -1, "jobId": 9}, {"startTime": 331703, "endTime": 335637, "taskId": 2, "workflowId": -1, "jobId": 9}, {"startTime": 348561, "endTime": 349573, "taskId": 4, "workflowId": -1, "jobId": 4}, {"startTime": 349573, "endTime": 354348, "taskId": 0, "workflowId": -1, "jobId": 8}, {"startTime": 354348, "endTime": 356423, "taskId": 4, "workflowId": -1, "jobId": 4}, {"startTime": 362053, "endTime": 367919, "taskId": 2, "workflowId": -1, "jobId": 10}, {"startTime": 387227, "endTime": 393014, "taskId": 0, "workflowId": -1, "jobId": 9}, {"startTime": 394335, "endTime": 400201, "taskId": 2, "workflowId": -1, "jobId": 11}, {"startTime": 419444, "endTime": 427857, "taskId": 1, "workflowId": -1, "jobId": 13}, {"startTime": 427857, "endTime": 432920, "taskId": 0, "workflowId": -1, "jobId": 10}, {"startTime": 442675, "endTime": 444803, "taskId": 6, "workflowId": -1, "jobId": 13}, {"startTime": 444803, "endTime": 448255, "taskId": 5, "workflowId": -1, "jobId": 11}, {"startTime": 448255, "endTime": 448691, "taskId": 6, "workflowId": -1, "jobId": 13}, {"startTime": 448691, "endTime": 457104, "taskId": 1, "workflowId": -1, "jobId": 14}]}]